BL-8120_59_S59_L002_R1_001-Barcode	BL-8120_59_S59_L002_R1_001-Count	BL-8120_59_S59_L002_R1_001-SaturationPerc
"GAGCTCACTCGTTGGTATAC"	377066	16.32
"GAGCTCGATGTCCCTCAGAA"	327474	30.50
"GAGCTCGATGTGCCAACGCG"	243999	41.06
"GAGCTCAGGGGCGACGTTGC"	201677	49.79
"GAGCTCGTACCTGTTCGTCT"	176130	57.41
"GAGCTCGTGTATCAGATGAA"	172288	64.87
"GAGCTCTTCCGAACGGCATA"	153107	71.50
"GAGCTCAATATCTGTGGCTG"	139408	77.54
"GAGCTCGAGTTCTACAGTGA"	136818	83.46
"GAGCTCTGCGGCGCCGCATA"	118474	88.59
"GAGCTCCATATCATGAACTG"	83764	92.21
"GAGCTCCCTCATTGAAAATC"	53774	94.54
"GAGCTCCCAGTAAATTTATG"	30430	95.86
"GAGCTCTTTACTCATCTGGA"	23228	96.86
"GAGCTCCTTTGAATGTAAAG"	13426	97.44
"GAGCTCATAACACAAGGTAG"	5017	97.66
"GAGCTCATCGAGAGTTGTTG"	3506	97.81
"GAGCTCGCATGTACTTGCAG"	3209	97.95
"GAGCTCATGATGCCGTGTTA"	2163	98.05
"GAGCTCCTACGTTCATCTTA"	2090	98.14
"GAGCTCTATTGGCATTTGAA"	1513	98.20
"GAGCTCGCGATCTGTTAATG"	1129	98.25
"GAGCTCCCACATCTACAATA"	916	98.29
"GAGCTCAGTAGTGCGTCGCG"	813	98.33
"GAGCTCCGTTAGTTTTACGC"	757	98.36
"GAGCTCAAACGTAGGTATAC"	734	98.39
"GAGCTCATTTACCTATGTGT"	721	98.42
"GAGCTCACTCGTTGTAATAA"	676	98.45
"GAGCTCCTAATAATGGACAG"	653	98.48
"GAGCTCGATCTAACTAATAA"	629	98.51
"GAGCTCGAAGACCCTCATAA"	627	98.53
"GAGCTCAATAACAGAGGCTG"	531	98.56
"GAGCTCACTCTATGGTAAAC"	502	98.58
"GAGCTCTCCAGCAGTGCTGC"	477	98.60
"GAGCTCAAGCACAAACCGTA"	471	98.62
"GAGCTCCACATAGGGTAATC"	441	98.64
"GAGCTCACTAGTTGTTAAAC"	433	98.66
"GAGCTCGAACCTTTTCGTCA"	430	98.68
"GAGCTCTGTAGATGAAATTG"	418	98.69
"GAGCTCGAGAATAAGAATAA"	416	98.71
"GAGCTCTTAACCCGTTGTTA"	412	98.73
"GAGCTCGATGAACATCAGAA"	400	98.75
"GAGCTCGATGTCCAACATAA"	374	98.76
"GAGCTCGATGAGCAAACTCG"	369	98.78
"GAGCTCGGCTGGTGTATAAG"	363	98.79
"GAGCTCACATGTTAAGTGAG"	363	98.81
"GAGCTCAGACAAAGGGTTTG"	359	98.83
"GAGCTCGATCTGACAACTCG"	349	98.84
"GAGCTCAAAATCTGTTGATG"	329	98.85
"GAGCTCGAGTAACAGAAGAA"	327	98.87
"GAGCTCACTCTTAGGAATAC"	326	98.88
"GAGCTCGTGAATCATATTAA"	324	98.90
"GAGCTCTGTGAATACTTTTG"	322	98.91
"GAGCTCCCGCGGCCTACTTT"	319	98.92
"GAGCTCATATTAGAGAATGG"	317	98.94
"GAGCTCGATTCATCTTAGTC"	316	98.95
"GAGCTCACTCGATACTATAC"	290	98.96
"GAGCTCAAAGTCGGTTCTCG"	290	98.98
"GAGCTCGAAGTGACAACGAG"	277	98.99
"GAGCTCGATTTACCTCACAA"	276	99.00
"GAGCTCGAGTTAAACAGAGA"	272	99.01
"GAGCTCGGGATAGTTTATTG"	270	99.02
"GAGCTCGAAACTGATCGACT"	263	99.04
"GAGCTCATACGTGTATCGTG"	256	99.05
"GAGCTCAATTCGACGGCTTG"	255	99.06
"GAGCTCAGAGGTTAATAGTA"	251	99.07
"GAGCTCGTACCTCAACGTCT"	249	99.08
"GAGCTCCAGAATAAAAGTGA"	247	99.09
"GAGCTCGTGGAGGGACATTG"	246	99.10
"GAGCTCACACGATGTTATAC"	243	99.11
"GAGCTCAATAACTGTGGAAG"	242	99.12
"GAGCTCGGAAGTGCAGAAAA"	240	99.13
"GAGCTCGTGTACTAGTGCTA"	239	99.14
"GAGCTCACTCGTAGGTAAAA"	237	99.15
"GAGCTCTAGCAGTATGTCGT"	236	99.16
"GAGCTCAAAACAAAATATAC"	236	99.17
"GAGCTCTAGTAGGGTCATTT"	233	99.18
"GAGCTCCACCATGCGTTACT"	233	99.19
"GAGCTCAGGAAAAAATTATT"	231	99.20
"GAGCTCAGACAGATCCATAC"	225	99.21
"GAGCTCGATTACAATAAGAA"	224	99.22
"GAGCTCATTGTAGTCTGCCG"	224	99.23
"GAGCTCAAACCTTTTAATAA"	224	99.24
"GAGCTCTTCCGAAATGCAAA"	223	99.25
"GAGCTCGGTTCGTTTTGGGA"	223	99.26
"GAGCTCAGGGGCGACGTATA"	223	99.27
"GAGCTCTTGGCCTAGGTGCC"	221	99.28
"GAGCTCGATTTTCCAACGAG"	219	99.29
"GAGCTCTGGTTAGGGCGTAG"	214	99.30
"GAGCTCACACGTTTGTATAA"	211	99.31
"GAGCTCAGTGCAAAAAACTT"	209	99.32
"GAGCTCAGGGGAGACTATGC"	209	99.33
"GAGCTCTCCATCGGATCTCG"	205	99.34
"GAGCTCGTACTTACAACTGA"	205	99.34
"GAGCTCGAGCTACGTAAAAA"	205	99.35
"GAGCTCGTACATGTTAGTAT"	204	99.36
"GAGCTCTTTACCCGGCTACA"	202	99.37
"GAGCTCTACCGAACGTCAAA"	200	99.38
"GAGCTCGAATTCACTCAGAA"	200	99.39
"GAGCTCTAGTATTGTTACCG"	199	99.40
"GAGCTCGAGTATCATATCAA"	197	99.41
"GAGCTCGTACCTGTTCTACA"	196	99.41
"GAGCTCCTGGATTGAAAATC"	196	99.42
"GAGCTCGCCATGGTTTTTAT"	191	99.43
"GAGCTCAAAATCAGTGTCTG"	191	99.44
"GAGCTCATAAAAAGTATATT"	185	99.45
"GAGCTCGTAACTGTTAGTCA"	184	99.46
"GAGCTCGATGTGCAAAAGAG"	183	99.46
"GAGCTCGAACAACATCATAA"	183	99.47
"GAGCTCTACAGAACTGCATA"	181	99.48
"GAGCTCTGTTCACGGATAGT"	179	99.49
"GAGCTCTATGGCGGAACTGC"	179	99.49
"GAGCTCGATATATACAGTGA"	179	99.50
"GAGCTCTAAAGCGAGGTAAA"	178	99.51
"GAGCTCCATATAAAGAACAG"	178	99.52
"GAGCTCATGTGCCCTCGCCC"	178	99.53
"GAGCTCACTAGATGGTATAA"	175	99.53
"GAGCTCTAACCGCTAGGGAA"	173	99.54
"GAGCTCGGGGATACAAAACG"	173	99.55
"GAGCTCGTAACAGATCGTCT"	169	99.56
"GAGCTCAATATATGTATTGA"	166	99.56
"GAGCTCATACGTTGTGTCAT"	164	99.57
"GAGCTCGATTTCCCTAATAA"	162	99.58
"GAGCTCGAGTACTACAGATA"	162	99.58
"GAGCTCACTGCGATACTAGT"	161	99.59
"GAGCTCCTGTTTCAAGTGTG"	160	99.60
"GAGCTCACAAGTACTTAAAC"	158	99.60
"GAGCTCACACGTTGGAAAAC"	155	99.61
"GAGCTCTGAGGAGCCGCAAA"	154	99.62
"GAGCTCCTACGTTTATTTGT"	153	99.62
"GAGCTCAATATTACGTATAA"	152	99.63
"GAGCTCTTACAGGTGATTGC"	150	99.64
"GAGCTCACTCGAAGGAAAAC"	150	99.64
"GAGCTCTGCTGGCGGATTTT"	149	99.65
"GAGCTCGTACAAGGAACGGC"	149	99.66
"GAGCTCATGACTGTTATGGT"	149	99.66
"GAGCTCGCTATACGTCCACT"	148	99.67
"GAGCTCGAACCAGTTCGTAT"	148	99.68
"GAGCTCGATGTCCATAACAA"	147	99.68
"GAGCTCGATGACCAAAAGAA"	147	99.69
"GAGCTCCTCCTACCAATCAT"	147	99.70
"GAGCTCTAAGTCACTCATAA"	145	99.70
"GAGCTCGATTACTAAAGTGA"	145	99.71
"GAGCTCAATAACATGAAATG"	145	99.71
"GAGCTCAGTACAGCCTTGGA"	141	99.72
"GAGCTCTGCGGCGCACCAAA"	140	99.73
"GAGCTCAGTGTGTCGGAATG"	140	99.73
"GAGCTCCATCGCTAATTATG"	139	99.74
"GAGCTCAATATATGTTAAAC"	139	99.74
"GAGCTCGAAGTCCCAACTCG"	137	99.75
"GAGCTCTGGGTAGGGGGACA"	136	99.76
"GAGCTCTAGTCGGTTAGTTA"	136	99.76
"GAGCTCGAGATCTAAAGAGA"	135	99.77
"GAGCTCACAGATTATGTGCG"	135	99.77
"GAGCTCGAAGTACCTAAGAA"	133	99.78
"GAGCTCATAACACAACGTCT"	132	99.79
"GAGCTCACACGACATTACAT"	132	99.79
"GAGCTCTTAAGCTAGGTGGC"	131	99.80
"GAGCTCCCAAATCAGGTGTA"	131	99.80
"GAGCTCAAAATCTGAGGCAG"	130	99.81
"GAGCTCAATCGTTTGAATAA"	129	99.81
"GAGCTCAATCGCATCTCATA"	129	99.82
"GAGCTCGAGAACAACAGTGA"	127	99.82
"GAGCTCAAAAAAAAAGGAAG"	127	99.83
"GAGCTCGTGGTGGTTACCCC"	126	99.84
"GAGCTCGTACCTGATCGAAT"	124	99.84
"GAGCTCGATGTTACAAAGCG"	124	99.85
"GAGCTCATCTACTGTTAGGT"	124	99.85
"GAGCTCAGTGTGTAGGGCTC"	124	99.86
"GAGCTCAGGCGCTACGATGC"	123	99.86
"GAGCTCTAAGTCCCACAGAA"	122	99.87
"GAGCTCGAATTAACTAACAA"	121	99.87
"GAGCTCATCCACGGCTTTAG"	121	99.88
"GAGCTCCCTCAAAGAAAATA"	120	99.88
"GAGCTCTTTCTGGCGATAGA"	118	99.89
"GAGCTCGTGAAACAGATCAA"	117	99.89
"GAGCTCGAGTTCAAAAGTTA"	116	99.90
"GAGCTCATTAGGCTCTCTAG"	116	99.90
"GAGCTCATCAATTAGCTCCC"	114	99.91
"GAGCTCAAGACCACTTGACA"	113	99.91
"GAGCTCGATGTGCCAAATCT"	111	99.92
"GAGCTCAATATAAGTTGCTG"	111	99.92
"GAGCTCGTGAATCACAAGAA"	110	99.93
"GAGCTCGATGTGCCCACTAG"	110	99.93
"GAGCTCGAACGAATTTTATA"	109	99.94
"GAGCTCGTCATTGCTTTTGA"	108	99.94
"GAGCTCGGAATTAATTAGAT"	107	99.95
"GAGCTCATGGGCGAAGTTGA"	106	99.95
"GAGCTCACTCCAAAAAAAAA"	106	99.96
"GAGCTCTATGTCACGAGTTA"	105	99.96
"GAGCTCGAACCTGTACGACT"	105	99.96
"GAGCTCGATGACACTCACAA"	104	99.97
"GAGCTCAGGGTCGACGAAGC"	104	99.97
"GAGCTCACCGTCCAGCATTT"	103	99.98
"GAGCTCAAACATTGTTATAC"	103	99.98
"GAGCTCCCTCTCCGCACGTA"	102	99.99
"GAGCTCAATCGTTTGTAAAC"	102	99.99
"GAGCTCTTCATAACGTCATA"	100	100.00
"GAGCTCGCAAATAATCTGGC"	100	100.00
