BL-8120_76_S76_L002_R1_001-Barcode	BL-8120_76_S76_L002_R1_001-Count	BL-8120_76_S76_L002_R1_001-SaturationPerc
"GAGCTCGCATGTACTTGCAG"	1092606	40.47
"GAGCTCGTACCTGTTCGTCT"	529682	60.08
"GAGCTCACTCGTTGGTATAC"	238794	68.93
"GAGCTCCACATAGGGTAATC"	130657	73.77
"GAGCTCGGGATAGTTTATTG"	110126	77.85
"GAGCTCAAATCGTTTTTGTC"	81581	80.87
"GAGCTCCCAAATCAGGTGTA"	68731	83.41
"GAGCTCAGTTGGATTTTGCC"	66623	85.88
"GAGCTCCAGCCCGGGAGAAA"	43708	87.50
"GAGCTCTTCCGAACGGCATA"	29129	88.58
"GAGCTCTGCGGCGCCGCATA"	26442	89.56
"GAGCTCCCGTGTCTTAACGA"	26011	90.52
"GAGCTCACCTTCTTATTGGC"	24845	91.44
"GAGCTCGATCGTGGGAAATT"	20615	92.21
"GAGCTCGGGTGGTTTGTGGG"	20601	92.97
"GAGCTCCTGGCTCCAAGCAT"	16242	93.57
"GAGCTCCTAGTAACGAATCA"	12681	94.04
"GAGCTCCCGTCTTCAGTGTT"	12234	94.49
"GAGCTCTTTCAGTTCCGATC"	12201	94.94
"GAGCTCATAACACAAGGTAG"	11978	95.39
"GAGCTCCGCCATTTGAATTT"	11428	95.81
"GAGCTCATCGAGAGTTGTTG"	8739	96.14
"GAGCTCTCGTGAAATTGCAG"	8182	96.44
"GAGCTCTTATCCACAGGAAA"	6042	96.66
"GAGCTCATGATGCCGTGTTA"	5469	96.86
"GAGCTCCCTTCAGGTTCCTC"	3688	97.00
"GAGCTCGCGATCTGTTAATG"	3460	97.13
"GAGCTCATTTACCTATGTGT"	2327	97.22
"GAGCTCTCCAGCAGTGCTGC"	2048	97.29
"GAGCTCAGTAGTGCGTCGCG"	2033	97.37
"GAGCTCGCAAGTACTTGAAC"	1949	97.44
"GAGCTCGCATGTAATAGAAG"	1781	97.51
"GAGCTCGCATGAACAAGCAG"	1613	97.56
"GAGCTCGAACCTTTTCGTCA"	1300	97.61
"GAGCTCAAGCACAAACCGTA"	1290	97.66
"GAGCTCGAAACTAATAGAAT"	1272	97.71
"GAGCTCTATTGGCATTTGAA"	1221	97.75
"GAGCTCACATGTTAAGTGAG"	1143	97.80
"GAGCTCGAATGTAAATGCAG"	864	97.83
"GAGCTCGCATTAACTTGAAG"	832	97.86
"GAGCTCGGCTGGTGTATAAG"	733	97.89
"GAGCTCCTAATAATGGACAG"	728	97.91
"GAGCTCGCAAGTACTATCAG"	719	97.94
"GAGCTCAGACAAAGGGTTTG"	698	97.96
"GAGCTCAATATATGTATTGA"	693	97.99
"GAGCTCGTACCAGATCGACT"	680	98.02
"GAGCTCGAAACTGATCGACT"	656	98.04
"GAGCTCGCATGTACTTTAAT"	645	98.06
"GAGCTCTAGTAGGGTCATTT"	642	98.09
"GAGCTCGTACCTCAACGTCT"	634	98.11
"GAGCTCGTACATGTTAGTAT"	631	98.13
"GAGCTCGCATGAAATTTCAG"	621	98.16
"GAGCTCACTAGTAGGTAAAC"	602	98.18
"GAGCTCTTGGCCTAGGTGCC"	590	98.20
"GAGCTCGCTATACGTCCACT"	590	98.22
"GAGCTCAATTCGACGGCTTG"	570	98.24
"GAGCTCAGAGGTTAATAGTA"	548	98.26
"GAGCTCCAGAATAAAAGTGA"	547	98.29
"GAGCTCGAATCTACTTGAAG"	540	98.31
"GAGCTCGAACCTGTACGACT"	532	98.32
"GAGCTCCACCATGCGTTACT"	521	98.34
"GAGCTCGTACTTACAACTGA"	520	98.36
"GAGCTCAAAACACAATGAAG"	502	98.38
"GAGCTCGATTCATCTTAGTC"	498	98.40
"GAGCTCATACGTGTATCGTG"	496	98.42
"GAGCTCAGACAGATCCATAC"	496	98.44
"GAGCTCGAGCTACGTAAAAA"	491	98.46
"GAGCTCTCCATCGGATCTCG"	489	98.47
"GAGCTCGCCATGGTTTTTAT"	481	98.49
"GAGCTCGTACCTGTTCTACA"	478	98.51
"GAGCTCCCTCATTGAAAATC"	474	98.53
"GAGCTCTATGGCGGAACTGC"	471	98.54
"GAGCTCGAAACTGTTAGTCT"	443	98.56
"GAGCTCTTAAGCTAGGTGGC"	439	98.58
"GAGCTCACACGACATTACAT"	434	98.59
"GAGCTCCGTTAGTTTTACGC"	431	98.61
"GAGCTCACTCGTTGTAATAA"	430	98.62
"GAGCTCCTGGATTGAAAATC"	418	98.64
"GAGCTCCTACGTTTATTTGT"	416	98.66
"GAGCTCAAACGTAGGTATAC"	416	98.67
"GAGCTCTAGTATGTGCGTCA"	410	98.69
"GAGCTCAAACCTTTTAATAA"	406	98.70
"GAGCTCTGCTGGCGGATTTT"	402	98.72
"GAGCTCCCAAGAACTTGCAG"	394	98.73
"GAGCTCATGACTGTTATGGT"	390	98.75
"GAGCTCAAATCGTTTATTTA"	382	98.76
"GAGCTCTTAACCCGTTGTTA"	379	98.77
"GAGCTCTGTTCACGGATAGT"	375	98.79
"GAGCTCGTAACAGTACGTCT"	367	98.80
"GAGCTCATTGTAGTCTGCCG"	362	98.81
"GAGCTCCTCCTACCAATCAT"	354	98.83
"GAGCTCTCAAGTACATGCAG"	351	98.84
"GAGCTCATAACACAACGTCT"	349	98.85
"GAGCTCGGATGTTCTGGATA"	348	98.87
"GAGCTCTGGGTAGGGGGACA"	342	98.88
"GAGCTCACAGATTATGTGCG"	341	98.89
"GAGCTCGGAATTAATTAGAT"	339	98.90
"GAGCTCGCAAGTAAAAGCAG"	338	98.92
"GAGCTCGCATCTAATTGCAA"	336	98.93
"GAGCTCATCTACTGTTAGGT"	336	98.94
"GAGCTCTAGTCGGTTAGTTA"	330	98.95
"GAGCTCGTGTACTAGTGCTA"	319	98.97
"GAGCTCGTACCTGATAGTCA"	319	98.98
"GAGCTCATCCACGGCTTTAG"	316	98.99
"GAGCTCTAAAGCGAGGTAAA"	315	99.00
"GAGCTCTTACAGGTGATTGC"	312	99.01
"GAGCTCGTAACTGATCGTAT"	290	99.02
"GAGCTCGAAAGTACTAGAAG"	288	99.03
"GAGCTCGGCGTGTCTCGGTT"	286	99.04
"GAGCTCAAAACGTTTTATTC"	286	99.05
"GAGCTCGCGAATGTTGTGCG"	285	99.07
"GAGCTCGTACAAGGAACGGC"	277	99.08
"GAGCTCACAAGTACTTAAAG"	273	99.09
"GAGCTCATACGTTGTGTCAT"	271	99.10
"GAGCTCGCATCTACTAGCAT"	270	99.11
"GAGCTCTTCAAGCGCATCGT"	259	99.12
"GAGCTCATTAGGCTCTCTAG"	259	99.12
"GAGCTCTAACCAGTTCGTCT"	257	99.13
"GAGCTCGCATTAACATTCAG"	257	99.14
"GAGCTCCCAAGGCGGTTGTT"	257	99.15
"GAGCTCACTCGAAGGAATAC"	257	99.16
"GAGCTCAAAGTCGGTTCTCG"	256	99.17
"GAGCTCGATGTCCCTCAGAA"	255	99.18
"GAGCTCCACATAGGTAAATA"	254	99.19
"GAGCTCAGTGTGTCGGAATG"	249	99.20
"GAGCTCAGTGCAAAAAACTT"	249	99.21
"GAGCTCCGTGCCTATTTTGC"	248	99.22
"GAGCTCGAACCTGTTAGTAA"	243	99.23
"GAGCTCGAATCAACATGCAG"	240	99.24
"GAGCTCACACGATGTTATAC"	237	99.25
"GAGCTCTGTTTTAGTGCGAG"	235	99.25
"GAGCTCTGGTTAGGGCGTAG"	235	99.26
"GAGCTCGGTTCGTTTTGGGA"	235	99.27
"GAGCTCTCATGAACTTCCAG"	234	99.28
"GAGCTCGAATGAACTAGCAC"	233	99.29
"GAGCTCCCTCTCCGCACGTA"	232	99.30
"GAGCTCCTGTTTCAAGTGTG"	225	99.31
"GAGCTCCCGCGAATGGTAAA"	222	99.31
"GAGCTCTTTACCCGGCTACA"	221	99.32
"GAGCTCGCAAGTAATTGCAT"	219	99.33
"GAGCTCGGGGATACAAAACG"	214	99.34
"GAGCTCAAATCGATATTTTC"	214	99.35
"GAGCTCTTTCTGGCGATAGA"	212	99.35
"GAGCTCGGGAAAGTTAATAG"	212	99.36
"GAGCTCGCAATAAATTAAAG"	212	99.37
"GAGCTCATCAATTAGCTCCC"	211	99.38
"GAGCTCCGTCAACCATTTAT"	209	99.39
"GAGCTCGATAGTTAATTAAA"	208	99.39
"GAGCTCCGATTGCAAAATTT"	207	99.40
"GAGCTCCACAAAGGGAAAAA"	207	99.41
"GAGCTCAAAACAAAATATAC"	207	99.42
"GAGCTCAAATCTAATTTGTC"	204	99.42
"GAGCTCACTCGATGGTAAAA"	201	99.43
"GAGCTCGACATATTCAGCAT"	200	99.44
"GAGCTCAATCGCATCTCATA"	198	99.45
"GAGCTCGATTGCTATCGCTT"	196	99.45
"GAGCTCGTACATGATCGTAA"	195	99.46
"GAGCTCAGTGTGTAGGGCTC"	195	99.47
"GAGCTCACTAGTATTTATAC"	188	99.47
"GAGCTCAACGATCAGAAAAG"	188	99.48
"GAGCTCGATATTTACGGGAT"	182	99.49
"GAGCTCACACGTTGGAAAAC"	182	99.49
"GAGCTCGCATGAAAATGCAT"	181	99.50
"GAGCTCGAACAAGTTAGTCT"	178	99.51
"GAGCTCACTGCGATACTAGT"	178	99.51
"GAGCTCGGTCTTTAATTGAA"	177	99.52
"GAGCTCCGCCTACACGAGAC"	177	99.53
"GAGCTCTCATGTACTATAAG"	176	99.53
"GAGCTCGCATATACAAAAAG"	176	99.54
"GAGCTCTTATTCACGATAGT"	175	99.55
"GAGCTCGCATTTACATGCAC"	173	99.55
"GAGCTCGCATTTAATTCCAG"	171	99.56
"GAGCTCTTACCTGTTCGTAA"	170	99.57
"GAGCTCGTAAGTCCATTTTT"	170	99.57
"GAGCTCTACTCGTAGATTAA"	169	99.58
"GAGCTCAACATTCTGGTATT"	168	99.59
"GAGCTCGCGCCGAATCATTC"	167	99.59
"GAGCTCATGTGCCCTCGCCC"	164	99.60
"GAGCTCCAAAAACAGGTGAA"	162	99.60
"GAGCTCGTTTCCTCAGCCCG"	160	99.61
"GAGCTCATATTAGAGAATGG"	160	99.62
"GAGCTCTTTCACTAGCTAAG"	159	99.62
"GAGCTCCCACTAAATCTCTA"	159	99.63
"GAGCTCGCAATTACTTGCAA"	157	99.63
"GAGCTCAACAAAGGGTAAAC"	154	99.64
"GAGCTCGAAGTTGAGCTCCC"	152	99.64
"GAGCTCCATCGCTAATTATG"	152	99.65
"GAGCTCGTGGTGGTTACCCC"	151	99.66
"GAGCTCGAACGAATTTTATA"	151	99.66
"GAGCTCACATGTAATTTCAC"	150	99.67
"GAGCTCTATCATATAACGAT"	148	99.67
"GAGCTCGCAAGAACATGAAG"	148	99.68
"GAGCTCGCGATAGATTAATG"	147	99.68
"GAGCTCCACATAGTGAAAAC"	147	99.69
"GAGCTCTATGTCACGAGTTA"	146	99.69
"GAGCTCGTACATGATCTTCT"	146	99.70
"GAGCTCCACAAAGTGTAATA"	146	99.70
"GAGCTCGTACCAGTACGACA"	145	99.71
"GAGCTCGTGCCGGGTATATG"	144	99.72
"GAGCTCGCAAATAATCTGGC"	143	99.72
"GAGCTCCCAAAACAGTAGTA"	143	99.73
"GAGCTCAAAATATGGTAATC"	140	99.73
"GAGCTCTAACCGCTAGGGAA"	136	99.74
"GAGCTCGAACCTGTTCATAT"	135	99.74
"GAGCTCTAAGAAAGCTTCTA"	133	99.75
"GAGCTCGCATGTACATACAA"	133	99.75
"GAGCTCGTAACTTTTAGTCA"	132	99.76
"GAGCTCGAATTTACTTTCAG"	132	99.76
"GAGCTCGGAAGTGCAGAAAA"	131	99.77
"GAGCTCGTACATGTACGTCA"	130	99.77
"GAGCTCGCATCTACAATCAG"	130	99.78
"GAGCTCGTAACTTTTCTTCT"	129	99.78
"GAGCTCTCACTTTAGTATTA"	128	99.78
"GAGCTCATATTCATAGTAAC"	128	99.79
"GAGCTCTAATAACTGGTCAG"	127	99.79
"GAGCTCGGTATATTACGCGG"	127	99.80
"GAGCTCGTACCAGTTAGAAT"	126	99.80
"GAGCTCTCCATTTAATCTCA"	123	99.81
"GAGCTCGCATCTAAATGAAG"	123	99.81
"GAGCTCCTCACCTTGCTTTA"	123	99.82
"GAGCTCAATCTTATGACAAG"	123	99.82
"GAGCTCGTGGAGGGACATTG"	122	99.83
"GAGCTCCTCAAAAAATATCG"	121	99.83
"GAGCTCGAATAAAATTGCAA"	119	99.84
"GAGCTCATCCGTATTACTCT"	119	99.84
"GAGCTCTCTCATAGTACTTG"	118	99.84
"GAGCTCAAGACCACTTGACA"	118	99.85
"GAGCTCATAAATCATAGTAA"	117	99.85
"GAGCTCAATCTATGGTATAC"	117	99.86
"GAGCTCCAAAAGCTGGTGGC"	116	99.86
"GAGCTCATATCCAAATTTAA"	116	99.87
"GAGCTCAGATGGATTTTTAC"	116	99.87
"GAGCTCGTACCAGTTCCTCA"	114	99.87
"GAGCTCAACTAGAGTTGATG"	112	99.88
"GAGCTCGTTTCGGCTTGACA"	111	99.88
"GAGCTCACGATTAGAAAATG"	111	99.89
"GAGCTCAAAACGTTATTGTA"	111	99.89
"GAGCTCGTTGCAGCACGGAG"	110	99.89
"GAGCTCTGTCGATTCCGTTG"	109	99.90
"GAGCTCGGGATAGAATATTT"	109	99.90
"GAGCTCGCGTCTTTTAAGAA"	109	99.91
"GAGCTCTCTGTATTCTCTGA"	108	99.91
"GAGCTCGTGATAGATTATTA"	108	99.91
"GAGCTCGTACCTTTTAGACT"	108	99.92
"GAGCTCATCCTCAGGAATGG"	108	99.92
"GAGCTCTGTAGATGAAATTG"	107	99.93
"GAGCTCTCATGAACTAGCAT"	107	99.93
"GAGCTCGTACCAGTTATTCT"	107	99.93
"GAGCTCCTCTACGAGGTGCA"	107	99.94
"GAGCTCACACGTTTGTATAA"	107	99.94
"GAGCTCGCATCAAATAGCAG"	106	99.95
"GAGCTCGAATGAAATTGAAG"	106	99.95
"GAGCTCTTGGGGGTTGCTAA"	105	99.95
"GAGCTCGTGGACAGTTTGTC"	105	99.96
"GAGCTCGTGATAGTTTAAAG"	105	99.96
"GAGCTCATAATTATTTATGT"	104	99.97
"GAGCTCTAGCCGTTAGATCA"	103	99.97
"GAGCTCGTCCAGACCACGTT"	102	99.97
"GAGCTCGTCATTGCTTTTGA"	102	99.98
"GAGCTCGTACATGAACGACT"	102	99.98
"GAGCTCGACCTATTGTCCCA"	101	99.99
"GAGCTCAGTTGGATTATTCA"	101	99.99
"GAGCTCACAAGTTGTTAAAC"	101	99.99
"GAGCTCAATATTAGGTATAA"	101	100.00
"GAGCTCTGACTGGAGAAAGG"	100	100.00
