BL-8120_66_S66_L002_R1_001-Barcode	BL-8120_66_S66_L002_R1_001-Count	BL-8120_66_S66_L002_R1_001-SaturationPerc
"GAGCTCACTCGTTGGTATAC"	294814	8.66
"GAGCTCGTTGCAGCACGGAG"	273874	16.70
"GAGCTCGTCCAGACCACGTT"	182024	22.05
"GAGCTCGTACCTGTTCGTCT"	165810	26.91
"GAGCTCATTTCTGGAAGACT"	67613	28.90
"GAGCTCAAGCACAAACCGTA"	48493	30.32
"GAGCTCGTCTAAGCTGGGGT"	46468	31.69
"GAGCTCGGCTTGCGTTAACA"	40448	32.88
"GAGCTCGGTACTTGTACGCC"	31020	33.79
"GAGCTCAACGGATTGAGTCT"	30974	34.70
"GAGCTCCAGCCCGGGAGAAA"	29585	35.57
"GAGCTCGTGCGTGGATAATC"	25940	36.33
"GAGCTCAATATCTGTGGCTG"	23786	37.03
"GAGCTCGGGCATATTGAACG"	22797	37.70
"GAGCTCGACAATCAAGTCAA"	19733	38.27
"GAGCTCGCATTCTCCGTCTG"	19044	38.83
"GAGCTCCGTGAATCATCCTG"	18766	39.39
"GAGCTCGTGGTGGTTACCCC"	18252	39.92
"GAGCTCGTCGCGCCGTCGGA"	15821	40.39
"GAGCTCGCTGAGTCGTGAGG"	15716	40.85
"GAGCTCACATGGGCGCGCCG"	13246	41.24
"GAGCTCATAGCTACGCTGTG"	12296	41.60
"GAGCTCGTGCTCTAAGAATG"	11134	41.92
"GAGCTCAGATTGCCTATATG"	10854	42.24
"GAGCTCGATCGTGGGAAATT"	10754	42.56
"GAGCTCCGCGCAATGTGGGA"	10525	42.87
"GAGCTCATCTACTGTTAGGT"	10100	43.16
"GAGCTCATTGTCATGCGATT"	10011	43.46
"GAGCTCACCTGGGTTCACCG"	9984	43.75
"GAGCTCGGCTGGATCTGCCT"	9839	44.04
"GAGCTCTTGGGTTTGGCTTG"	9809	44.33
"GAGCTCGTATTGTGTCTTAA"	9515	44.61
"GAGCTCTGCGGCGCCGCATA"	9509	44.89
"GAGCTCAGACTAGTAATGTT"	9341	45.16
"GAGCTCGGGATTTTAAGCAA"	8960	45.42
"GAGCTCGACCTCACAGTCAC"	8893	45.69
"GAGCTCACCTGCTGCCGACC"	8679	45.94
"GAGCTCGCATGTACTTGCAG"	8604	46.19
"GAGCTCGGATGACTGTCCAC"	8190	46.43
"GAGCTCCACATAGGGTAATC"	7871	46.67
"GAGCTCGCAGGTATGCTGTG"	7684	46.89
"GAGCTCACTGGACCTTCTCA"	7665	47.12
"GAGCTCAGATACTAATAAGG"	7621	47.34
"GAGCTCAATGCAGCCCTGGC"	7611	47.56
"GAGCTCCGTGCTAGCAGGGT"	7186	47.77
"GAGCTCGCGGGGGTCGATTA"	6939	47.98
"GAGCTCGGAACCGCGTGTCG"	6477	48.17
"GAGCTCCCTCATTGAAAATC"	6462	48.36
"GAGCTCGTATTTTGGTTCTA"	6248	48.54
"GAGCTCGTGAAGTTGTGGGG"	6187	48.72
"GAGCTCGTTATGCTAAGTTT"	6178	48.90
"GAGCTCAGGCCGGTGGGGTG"	6042	49.08
"GAGCTCATGAATGCCCTCAA"	6028	49.26
"GAGCTCAGGATCACCAATTG"	6004	49.44
"GAGCTCGCTACTGACCGAGC"	5814	49.61
"GAGCTCATCAGGCACCACTA"	5657	49.77
"GAGCTCTAAGGCACCAGTAC"	5631	49.94
"GAGCTCAGAGCAACGTTACC"	5594	50.10
"GAGCTCCAGGACTTTGGTTT"	5590	50.27
"GAGCTCAAAAGCGTAAACGT"	5575	50.43
"GAGCTCGTGCGGGGGTACAC"	5561	50.59
"GAGCTCGAGTCTTATGGTCG"	5557	50.76
"GAGCTCACGGAGGAAAATTT"	5549	50.92
"GAGCTCTGCGTAGTGGGGCC"	5481	51.08
"GAGCTCCCTTCACCTATTTA"	5480	51.24
"GAGCTCGCAATCTGGTTTAT"	5401	51.40
"GAGCTCTATATGGTGCTAAA"	5337	51.56
"GAGCTCTCTGCATTCAGAAC"	5287	51.71
"GAGCTCATAGTGGTTTAGCC"	5238	51.87
"GAGCTCGGCAGACCAGTGTG"	5173	52.02
"GAGCTCGGGATTATGAGGAG"	5167	52.17
"GAGCTCACGGCATTATTTGA"	5162	52.32
"GAGCTCACAATCCATATGCT"	5145	52.47
"GAGCTCGTGCCGGGTATATG"	5050	52.62
"GAGCTCGAAGAATTGCGAGG"	4977	52.77
"GAGCTCCACAGAGGGTACAT"	4927	52.91
"GAGCTCCCTTCAGGTTCCTC"	4916	53.06
"GAGCTCGGGGGAGAGTTATG"	4864	53.20
"GAGCTCGGGGGGCCGGTCAA"	4856	53.34
"GAGCTCGTTCTGATTCTGAG"	4820	53.48
"GAGCTCAGGGCGTGCCTCAG"	4709	53.62
"GAGCTCGATGTGCCAACGCG"	4703	53.76
"GAGCTCACAGCCTTAAGGGT"	4651	53.90
"GAGCTCTGATAGCGGATTGT"	4627	54.03
"GAGCTCAGTGGCGGGCGTAA"	4621	54.17
"GAGCTCAGTGGAGTAGTGGG"	4581	54.30
"GAGCTCGTGAGAGGGCGGTA"	4539	54.43
"GAGCTCGGTGGCAAAGGTCG"	4523	54.57
"GAGCTCGCGGGGGGACGGGA"	4507	54.70
"GAGCTCGACTCGGCACTCAA"	4486	54.83
"GAGCTCACGTATTGACGTGT"	4450	54.96
"GAGCTCGTTCATGGGTACGC"	4448	55.09
"GAGCTCGGGCAGACCTGTTC"	4412	55.22
"GAGCTCGCGTGCCCCCCGCA"	4401	55.35
"GAGCTCGAAGTGCCGCCCTG"	4375	55.48
"GAGCTCACGTGTGGCAAGTG"	4357	55.61
"GAGCTCGCCGGGGATGTTCT"	4325	55.74
"GAGCTCGTGCTTACGTGTTG"	4324	55.86
"GAGCTCACGGCGGGTCAGCG"	4304	55.99
"GAGCTCGTGGACAGAGATAG"	4302	56.11
"GAGCTCAGGCGGCCAACGGG"	4267	56.24
"GAGCTCGGGGGGGTGGTTTA"	4262	56.37
"GAGCTCGCATGCCAGGGTGG"	4238	56.49
"GAGCTCGTCCACCTAGCCTG"	4227	56.61
"GAGCTCCTAGACTGCTATAG"	4187	56.74
"GAGCTCAGTGTACGGGGGTC"	4177	56.86
"GAGCTCGGTTCTGTTGCTTT"	4167	56.98
"GAGCTCATAACACAAGGTAG"	4165	57.10
"GAGCTCGCAGGTGACCGGCT"	4162	57.23
"GAGCTCAGGGGGACCTGTGC"	4145	57.35
"GAGCTCATGCAGTGTAGTCC"	4128	57.47
"GAGCTCTGACAAGAATGTGT"	4125	57.59
"GAGCTCGGGAGATGGAGTAC"	4120	57.71
"GAGCTCGGCGTGGTAATAAC"	4091	57.83
"GAGCTCGGACGCGTTAATAC"	4077	57.95
"GAGCTCAGCCATCGAAGCCC"	4077	58.07
"GAGCTCACCCCATTACCACT"	4070	58.19
"GAGCTCAAGTGTGCAGGCAC"	4070	58.31
"GAGCTCGGCTACGTTCCGAC"	4054	58.43
"GAGCTCGGAGGGGACCCGCG"	4036	58.55
"GAGCTCGAGTGGACCATGTT"	4026	58.67
"GAGCTCAGATGGGACAGCGG"	4019	58.78
"GAGCTCGGTTCAGCAGGTCG"	4012	58.90
"GAGCTCGGCGCCGGATGGTA"	4000	59.02
"GAGCTCGAATAGGGGTGCAT"	3993	59.14
"GAGCTCCAGTGTGCGATCAA"	3988	59.25
"GAGCTCGTGCCATGTTTCTG"	3972	59.37
"GAGCTCGGGCTGAAGGCCAG"	3964	59.49
"GAGCTCGGAGTACGCTCGGC"	3915	59.60
"GAGCTCACTCACTGCCTGCA"	3899	59.72
"GAGCTCAGTGAATACTGGTG"	3892	59.83
"GAGCTCGCGACGTAGACCCT"	3891	59.94
"GAGCTCGTAGTAGGGACAGC"	3883	60.06
"GAGCTCGGGAGTGGCATGGA"	3875	60.17
"GAGCTCGCTGACTGACGGGG"	3874	60.29
"GAGCTCGTCATATGGCGGTT"	3867	60.40
"GAGCTCGGCGCGCGAACGGA"	3867	60.51
"GAGCTCACCAGCAATGCTGA"	3865	60.63
"GAGCTCAGCGGCATCTGTCC"	3857	60.74
"GAGCTCGTGTGTGGTGGATG"	3852	60.85
"GAGCTCGCCAATGCTATCCT"	3842	60.97
"GAGCTCGAGCTATCAGTTCG"	3837	61.08
"GAGCTCGCCATCCCAAGGTG"	3834	61.19
"GAGCTCGCAGGGACCGGAGT"	3824	61.30
"GAGCTCGGGTGGGTTAGCTA"	3814	61.42
"GAGCTCGCCTCAAAAGTGGC"	3803	61.53
"GAGCTCAAGGTGAGCCGTCG"	3803	61.64
"GAGCTCACCCTATCAGCTAT"	3789	61.75
"GAGCTCGACATCGGCTCTTC"	3788	61.86
"GAGCTCAAGGTGTGGCTATC"	3787	61.97
"GAGCTCACCCTACACAGAGT"	3735	62.08
"GAGCTCGAATATGGTGAGTG"	3731	62.19
"GAGCTCGTTATTTTGCTAAG"	3728	62.30
"GAGCTCGGGGTTCCTCACTC"	3726	62.41
"GAGCTCAGCCGTAACGTCAA"	3716	62.52
"GAGCTCGTGCAAGTCTTATG"	3697	62.63
"GAGCTCGACAAAGGACGGAT"	3690	62.74
"GAGCTCGGATGTACATCATC"	3688	62.85
"GAGCTCGAATCGGACCTATC"	3679	62.95
"GAGCTCGCATGTGTAGTGTT"	3678	63.06
"GAGCTCAGCGGGGTTTACTA"	3674	63.17
"GAGCTCGAGGCATGCAAGCT"	3669	63.28
"GAGCTCCTGGGAGTCTAAAG"	3662	63.38
"GAGCTCAGGGTGGCTTAGGC"	3661	63.49
"GAGCTCAGTCGAGATAGGAC"	3636	63.60
"GAGCTCGGGGAAACGCTCGA"	3631	63.71
"GAGCTCGGCAGGGTTATGGA"	3628	63.81
"GAGCTCGCATGGTCCGACTG"	3624	63.92
"GAGCTCATAAACAGAATATT"	3606	64.02
"GAGCTCAGTCCAATTAAGCA"	3544	64.13
"GAGCTCTTGCACGCAGGCTC"	3541	64.23
"GAGCTCGTCGAGTTATTTAA"	3537	64.34
"GAGCTCGCGGCGTTCACTGG"	3537	64.44
"GAGCTCAAGGTAAGGGTGTA"	3532	64.54
"GAGCTCGATGTAGAACTTGC"	3529	64.65
"GAGCTCAGGCTATATGACTC"	3522	64.75
"GAGCTCAGAGATAGGTTGCA"	3510	64.85
"GAGCTCGCCCTCGGTGAGTG"	3509	64.96
"GAGCTCGGTGGGTCTCGCAA"	3506	65.06
"GAGCTCCGGGCGTTTCGGGT"	3489	65.16
"GAGCTCGGGTGACTAGTTTC"	3484	65.26
"GAGCTCACCGCTGAAAGTTG"	3456	65.37
"GAGCTCAGGGTAAGAAACAG"	3452	65.47
"GAGCTCAAACGGATATTCCC"	3448	65.57
"GAGCTCGCCTGTTTCAGTGC"	3432	65.67
"GAGCTCACCGTAATAGTGAC"	3425	65.77
"GAGCTCATATTAGGCGTCCA"	3422	65.87
"GAGCTCGGACGCTAGTTTGG"	3411	65.97
"GAGCTCAGGATTGCTGTCTC"	3411	66.07
"GAGCTCGGCCCCCGCTAAAA"	3405	66.17
"GAGCTCAGTTTTTTATAGGC"	3404	66.27
"GAGCTCCTCCAGGGAGCGTT"	3400	66.37
"GAGCTCCTCACGCTGTTAAG"	3397	66.47
"GAGCTCGACTGCTTTACTGC"	3383	66.57
"GAGCTCGAAACATAGTCGTC"	3371	66.67
"GAGCTCGGGTGGCCTAAATA"	3369	66.77
"GAGCTCGATGACATTATTGC"	3367	66.87
"GAGCTCGAGGTACTCAGCTA"	3357	66.97
"GAGCTCAATGACCCATATCG"	3357	67.06
"GAGCTCTGGGCGGAGTAGCT"	3346	67.16
"GAGCTCGAGTATCGTAATTG"	3345	67.26
"GAGCTCGTTTCGTTAACCTG"	3335	67.36
"GAGCTCGTATTACTTTGCAA"	3311	67.46
"GAGCTCAGTGTTCGTGCTTA"	3303	67.55
"GAGCTCGGGTTTTATCTTGG"	3301	67.65
"GAGCTCAAAGCAGATCGCAC"	3299	67.75
"GAGCTCGCATAGAAACATTA"	3294	67.84
"GAGCTCACAGGCTGATCATA"	3285	67.94
"GAGCTCGTCGAGGGTACATT"	3277	68.04
"GAGCTCGTGTGATAAATTGT"	3266	68.13
"GAGCTCATTGCCGGTGCGAA"	3260	68.23
"GAGCTCGGTCATTGGAGTAG"	3254	68.32
"GAGCTCAGTCGTAGCTGATA"	3253	68.42
"GAGCTCGATGAAGTCTCTCT"	3245	68.51
"GAGCTCGATGTTGACAGATC"	3240	68.61
"GAGCTCACCTGCTGGTCTGT"	3233	68.70
"GAGCTCGCTATGAGGGTGGA"	3232	68.80
"GAGCTCAGCACCCCTACAGT"	3224	68.89
"GAGCTCGGATGCGTTCTGAA"	3222	68.99
"GAGCTCAACCCTTGTTATAC"	3219	69.08
"GAGCTCGCTCGGCTCAGGTC"	3207	69.18
"GAGCTCGTACGCATATAGTC"	3202	69.27
"GAGCTCATTCCACGACTGTC"	3193	69.36
"GAGCTCGTCTTTATTGTTCT"	3172	69.46
"GAGCTCGTGTAGTGTTAAGA"	3161	69.55
"GAGCTCAACGTGTTTAGACA"	3157	69.64
"GAGCTCGGGGGTTATAGTGT"	3135	69.74
"GAGCTCTAGACTTGGTTGCT"	3125	69.83
"GAGCTCATAGGACAACACTA"	3119	69.92
"GAGCTCTGCTTCCGACTTTA"	3111	70.01
"GAGCTCATCGAGAGTTGTTG"	3110	70.10
"GAGCTCGGTTAAGTGTATGT"	3106	70.19
"GAGCTCACTCCTGCATAAGG"	3106	70.28
"GAGCTCGAGATGTTAGACTA"	3103	70.37
"GAGCTCACAATAGGTAGTTG"	3099	70.47
"GAGCTCGTGGGGCAAGTCTG"	3078	70.56
"GAGCTCAGGGTTCAGTTGGC"	3076	70.65
"GAGCTCAGCTGTCTAAGTTA"	3071	70.74
"GAGCTCGCGAGAATTGAACT"	3066	70.83
"GAGCTCCCGGGGTGTTGCCA"	3063	70.92
"GAGCTCTGTCATGTTACTTT"	3050	71.01
"GAGCTCGTCGGCCCAGGTAA"	3047	71.10
"GAGCTCAAGGGGCCTTTGTG"	3040	71.18
"GAGCTCAGCTCTAGGGTCGT"	3027	71.27
"GAGCTCGCGATGTGTCATTA"	3020	71.36
"GAGCTCAGGAGGTTATTCCA"	3020	71.45
"GAGCTCCACGGGCGGGGATA"	3018	71.54
"GAGCTCTATATGATCGAACG"	3017	71.63
"GAGCTCAGGTCGTTGCCTAG"	3016	71.72
"GAGCTCAGTCAGAATTACGA"	3012	71.81
"GAGCTCTATGGGAATCTCCG"	3010	71.89
"GAGCTCGGACGTCCTTGACA"	2993	71.98
"GAGCTCCCAGAAGCGCAGCA"	2993	72.07
"GAGCTCGCATTTGTTCCGCA"	2992	72.16
"GAGCTCTAATGTAGTGTTAC"	2989	72.25
"GAGCTCGGGGACACGTCAAG"	2975	72.33
"GAGCTCACCTGCGCGGGCAA"	2961	72.42
"GAGCTCGTGTCGCATTTAGA"	2948	72.51
"GAGCTCAACGCCCTGGTTAT"	2940	72.59
"GAGCTCACGGAAATGAGAGT"	2933	72.68
"GAGCTCAGTTCAGAGAGTTC"	2928	72.76
"GAGCTCAAACGATGTTCAGT"	2928	72.85
"GAGCTCGAGGACCTAGTATT"	2918	72.94
"GAGCTCACCGCGTCCATGGG"	2915	73.02
"GAGCTCGTCGGGACCATCCA"	2914	73.11
"GAGCTCCCTCGGGGTTTCGG"	2905	73.19
"GAGCTCGTATCGTGCTTTGG"	2895	73.28
"GAGCTCATGTGCTCGATCTT"	2890	73.36
"GAGCTCACTTGTGTAGAATG"	2887	73.45
"GAGCTCGCTTGGAATCACTA"	2876	73.53
"GAGCTCAAGACGGTCATGCA"	2869	73.62
"GAGCTCACTCAATCGATCTA"	2864	73.70
"GAGCTCGGATCGAATCGAGG"	2859	73.78
"GAGCTCTGACGGGGTCAGAT"	2849	73.87
"GAGCTCGTGCATCTTGGGTT"	2830	73.95
"GAGCTCGCATCTATTAATCC"	2823	74.03
"GAGCTCAGGTCTTGGCTGGT"	2821	74.12
"GAGCTCAATGTGGCGCCAAT"	2821	74.20
"GAGCTCGGGGTATCTGTGGT"	2818	74.28
"GAGCTCGATTGGCCGGCGGA"	2818	74.36
"GAGCTCACGACGCCTAATCA"	2816	74.45
"GAGCTCAATCTCACGTAATG"	2804	74.53
"GAGCTCATCGTTGGGATTAG"	2803	74.61
"GAGCTCGTAAATGGGCCTTA"	2801	74.69
"GAGCTCGGGGGTTTGCGCAA"	2797	74.78
"GAGCTCTTCCGAACGGCATA"	2790	74.86
"GAGCTCAGTAGACCAGGATA"	2788	74.94
"GAGCTCGCCTTTGTTTAGCG"	2785	75.02
"GAGCTCAGAATAGAGATCGC"	2784	75.10
"GAGCTCAATCTGTGAGCTCA"	2783	75.19
"GAGCTCGCTCTCAAAAATCG"	2780	75.27
"GAGCTCGGGATAATGGAAGA"	2773	75.35
"GAGCTCAAGGGCATGGGGAT"	2766	75.43
"GAGCTCAAGTCGGCCATAAA"	2761	75.51
"GAGCTCTCTCGCACCAGTAT"	2754	75.59
"GAGCTCAGTGATCTCGTGAG"	2750	75.67
"GAGCTCTGTACTTTGGCCTC"	2740	75.75
"GAGCTCGGTATGGCGGATTT"	2736	75.83
"GAGCTCAATCCAAGTATTGT"	2716	75.91
"GAGCTCGCAGGTTATGAGTT"	2704	75.99
"GAGCTCCATGCAACAGTCCG"	2701	76.07
"GAGCTCAAATCGCAAGCCTC"	2697	76.15
"GAGCTCAGGTTTGAGAGGGA"	2688	76.23
"GAGCTCAATGTCCCTGATCC"	2684	76.31
"GAGCTCACGTGTTAGTATAA"	2679	76.39
"GAGCTCGTTGCTTTACGCGA"	2671	76.47
"GAGCTCGCCTCGTGTAGATT"	2669	76.54
"GAGCTCGGGTAATGAACTAT"	2664	76.62
"GAGCTCTGTACCGCAGCCAT"	2662	76.70
"GAGCTCAAGTGTTGAGGATA"	2653	76.78
"GAGCTCGCAAAATTGAATGG"	2640	76.86
"GAGCTCAACGCCTTAAGTGC"	2640	76.93
"GAGCTCGGGGTTCGGTTGTA"	2630	77.01
"GAGCTCGGTGATTCCATTTA"	2626	77.09
"GAGCTCGCTTGAGGTCCTTT"	2620	77.17
"GAGCTCTACGGGAAAGCGGG"	2619	77.24
"GAGCTCGCAGAGCGTGTTGG"	2616	77.32
"GAGCTCGCTTTAAGGATGCG"	2611	77.40
"GAGCTCGCTAACCTGAAATA"	2608	77.47
"GAGCTCCACGTATGCCGCCA"	2606	77.55
"GAGCTCCGTGTGGGACCGAG"	2599	77.62
"GAGCTCCGAGTGTTGTTCCT"	2595	77.70
"GAGCTCGGCGTTTATTGCGG"	2571	77.78
"GAGCTCGAGCTCCTCTTCTC"	2569	77.85
"GAGCTCGATGTCCCTCAGAA"	2556	77.93
"GAGCTCGCGGCAAAGTCGTT"	2554	78.00
"GAGCTCGTAAAGCCGCGCGG"	2537	78.08
"GAGCTCGTTTTTCAAGTGTG"	2536	78.15
"GAGCTCAGCCTTAATCGGCG"	2526	78.23
"GAGCTCAGCTTCCCCATATG"	2511	78.30
"GAGCTCTGTCCGTCTCCCCA"	2503	78.37
"GAGCTCGAGTTTCGCTCTCA"	2501	78.45
"GAGCTCTGAAGGACATTCGT"	2500	78.52
"GAGCTCGGCTTGTGAGTAGA"	2499	78.59
"GAGCTCAGCTACTGAATTTA"	2491	78.67
"GAGCTCTGGGCCCAGTTATA"	2489	78.74
"GAGCTCGTAACATACGGAGT"	2473	78.81
"GAGCTCACGTCTTAAGAACC"	2464	78.88
"GAGCTCATTCTGGTGGAGGG"	2454	78.96
"GAGCTCCCCCGGGGATCCAG"	2451	79.03
"GAGCTCGTTGGTATATGCTC"	2450	79.10
"GAGCTCGTTGGACAAAACGT"	2444	79.17
"GAGCTCTGTTGTCCTATGGG"	2439	79.24
"GAGCTCAGTTGGCTTTGAAC"	2429	79.31
"GAGCTCGGGGGTAATAAAAG"	2428	79.39
"GAGCTCTTGATGTCTTATAG"	2425	79.46
"GAGCTCCGGGGATGTCCGTA"	2417	79.53
"GAGCTCGCGCAGTCATTGGC"	2415	79.60
"GAGCTCGTAAAGACCTATCC"	2413	79.67
"GAGCTCACTGTGTCTGAAAG"	2412	79.74
"GAGCTCGCATTGACGTCCCC"	2411	79.81
"GAGCTCAGTGGTATTCTGAG"	2410	79.88
"GAGCTCGCGGCGCGTTGAGA"	2400	79.95
"GAGCTCCGGGTGGTTTAATG"	2392	80.02
"GAGCTCATTCTTGCGTGTTA"	2379	80.09
"GAGCTCGTAATCTGTGATCG"	2366	80.16
"GAGCTCAATAAGGGTTATGG"	2357	80.23
"GAGCTCAAAAGGTATGCGCT"	2347	80.30
"GAGCTCCCGGTTAGTACTAT"	2345	80.37
"GAGCTCTGCTATATTCGTCG"	2333	80.44
"GAGCTCATTGGAACCTCACA"	2331	80.51
"GAGCTCAGAAAAATGGTGCT"	2328	80.57
"GAGCTCGGATCCTTTGGCCT"	2327	80.64
"GAGCTCCGCGTTAAAATCAT"	2319	80.71
"GAGCTCGTCCGGAATTAACT"	2313	80.78
"GAGCTCAAGCAGTTTTAGCT"	2313	80.85
"GAGCTCGTCAAATTGGGCTA"	2309	80.91
"GAGCTCAACGTTTCGAGTAC"	2308	80.98
"GAGCTCCGGTCTGATCGCAT"	2303	81.05
"GAGCTCACAGTAAATATTGT"	2283	81.12
"GAGCTCTCCATCTACGAAGG"	2277	81.18
"GAGCTCCGAGTGTCCCGTTC"	2277	81.25
"GAGCTCGGCTTTTAAGGGTA"	2271	81.32
"GAGCTCTCAGGTGTATTGTT"	2269	81.38
"GAGCTCGCGTTTAATTCGTA"	2264	81.45
"GAGCTCTGGGGGGTTAGGGA"	2246	81.52
"GAGCTCCAGTGGCCCTCACT"	2237	81.58
"GAGCTCCGACAGACGTTTCA"	2226	81.65
"GAGCTCTAGAGGACGGATCG"	2219	81.71
"GAGCTCAAGAGGTATTGGTT"	2214	81.78
"GAGCTCTGGGTAGGCTGTAA"	2211	81.84
"GAGCTCTCGTTCGGATATAT"	2210	81.91
"GAGCTCGTTTAACGACAGTG"	2206	81.97
"GAGCTCATCATTCGTGTGCT"	2191	82.04
"GAGCTCATGGTCTTAAATCG"	2184	82.10
"GAGCTCATTTCTGCATTACT"	2171	82.16
"GAGCTCGCTCATATCTTGGT"	2169	82.23
"GAGCTCCGGTTTGAGTCCGT"	2167	82.29
"GAGCTCAAAAAGACACCGAG"	2164	82.36
"GAGCTCCGGTGATTGCACTA"	2162	82.42
"GAGCTCACTGCAACGCGCCT"	2162	82.48
"GAGCTCACCTTGACTCGTAA"	2151	82.55
"GAGCTCCACAAAATCATTTT"	2145	82.61
"GAGCTCGTTTGGTGCATATG"	2136	82.67
"GAGCTCCGGAGGTATAGCTC"	2134	82.73
"GAGCTCATGTTACTAGTGTT"	2131	82.80
"GAGCTCTGAACAGGCTTTCC"	2127	82.86
"GAGCTCTAGTGGCTGGTTAC"	2125	82.92
"GAGCTCCGTTGCGTGTAATG"	2115	82.98
"GAGCTCGATACTTGTCGTAT"	2112	83.05
"GAGCTCATATGCCCTTCGGA"	2112	83.11
"GAGCTCAATTGGTAATTAGC"	2109	83.17
"GAGCTCATTGTCGAATTGCT"	2107	83.23
"GAGCTCCGTACCGGTCCAGT"	2106	83.29
"GAGCTCTGTGTATGGGTGGT"	2104	83.36
"GAGCTCGTTCGATTCAGCAA"	2104	83.42
"GAGCTCCACGACTCGTGTAT"	2100	83.48
"GAGCTCTACCGATGGGTATT"	2099	83.54
"GAGCTCTGGGTTATAAATAC"	2097	83.60
"GAGCTCTATCGCGGGATTGT"	2094	83.66
"GAGCTCCCGGCGTGTTAACT"	2094	83.72
"GAGCTCTGAAGGAACACTGG"	2075	83.79
"GAGCTCCAGCAACGATATAC"	2073	83.85
"GAGCTCGTGAGTTTGAAGAA"	2072	83.91
"GAGCTCATACCTTATTGTCA"	2069	83.97
"GAGCTCCGAGGATTGTACCG"	2064	84.03
"GAGCTCGCTGCTTGTTTTTT"	2062	84.09
"GAGCTCATGTTATGTCATTT"	2045	84.15
"GAGCTCTAGACTGGGCAATC"	2044	84.21
"GAGCTCTGCACGTCTTATGT"	2041	84.27
"GAGCTCGAAGTCATTCAATT"	2030	84.33
"GAGCTCCGATAACCTTCCTA"	2028	84.39
"GAGCTCGTCTGTTGTTGGAT"	2025	84.45
"GAGCTCATCCTTCGAGTGGT"	2023	84.51
"GAGCTCAGTCTTAATAAACG"	2023	84.57
"GAGCTCGTCTTCAGGTCTGG"	2020	84.63
"GAGCTCTATTTACGTGTGAT"	2017	84.69
"GAGCTCGATATTTGCGCAAA"	2010	84.74
"GAGCTCACAGGCTTCGGAGA"	2009	84.80
"GAGCTCAGTCCTTATGGTGG"	2007	84.86
"GAGCTCGTTCCTAGGGTTTT"	2002	84.92
"GAGCTCTTGTTGTGGATTCT"	2000	84.98
"GAGCTCTATGCTAGTAGTCA"	1997	85.04
"GAGCTCTGGTCAATCCCTTA"	1962	85.10
"GAGCTCTTTGTTCGGCCTGT"	1961	85.15
"GAGCTCATTCAAACGAAGGT"	1959	85.21
"GAGCTCCCGAGGAAGTCTCG"	1952	85.27
"GAGCTCTGCGCTCATGTAGG"	1951	85.33
"GAGCTCCCAGTTTGCTCTAT"	1948	85.38
"GAGCTCGGGGTAGCGTTGAT"	1946	85.44
"GAGCTCATCAGTTTACCACG"	1939	85.50
"GAGCTCATCGGGTGGATTGT"	1935	85.55
"GAGCTCCTAGCGAGAGTACG"	1934	85.61
"GAGCTCTGGACTCAGCTAGT"	1918	85.67
"GAGCTCTAGTCGGCTTGCTG"	1917	85.72
"GAGCTCCAGTAGTAACAGCA"	1912	85.78
"GAGCTCGCTCCTGGGGCTGG"	1909	85.84
"GAGCTCGCAGCTTCTTGTTT"	1908	85.89
"GAGCTCGTGTGGTCCGACGG"	1901	85.95
"GAGCTCAGAGGGCTAGCCGG"	1896	86.00
"GAGCTCTGGTGGGCTAAATT"	1889	86.06
"GAGCTCACTCCGAGTCATGC"	1889	86.11
"GAGCTCATAGACTCTCGCGG"	1885	86.17
"GAGCTCTGGGTCGTTGAGTT"	1883	86.22
"GAGCTCGAGCGATGATTGGG"	1879	86.28
"GAGCTCTGCCTAATTTTGTG"	1875	86.34
"GAGCTCTAGCTATGGTGAGC"	1870	86.39
"GAGCTCTGCAGTTACGCTGG"	1856	86.44
"GAGCTCGCTTCTCGCTTAGT"	1854	86.50
"GAGCTCGGGAGGTCTAAGAA"	1853	86.55
"GAGCTCGTTGGTGTCAAAAT"	1841	86.61
"GAGCTCCACTGATCAGCAAG"	1841	86.66
"GAGCTCTTGGCATGGTGAAG"	1840	86.72
"GAGCTCTTGGCACGGAATGG"	1840	86.77
"GAGCTCTGGTACAGTAAGGG"	1834	86.82
"GAGCTCACTATCTGATTTTG"	1833	86.88
"GAGCTCATCAGCTATATTTT"	1831	86.93
"GAGCTCTCGGAATGGTGCTG"	1828	86.98
"GAGCTCTATGTGGTGATTCC"	1828	87.04
"GAGCTCCCCACCGAATGACG"	1828	87.09
"GAGCTCAGTCCGACGTTAGA"	1828	87.15
"GAGCTCTCGCCAGAAGTGTG"	1823	87.20
"GAGCTCCAAGTGGTCGCATC"	1822	87.25
"GAGCTCTGCTCCTCACGCGG"	1816	87.31
"GAGCTCGAAGCTCTTAGGCT"	1813	87.36
"GAGCTCCAATGGACTTTTGT"	1813	87.41
"GAGCTCACGTGCGTGAGGGT"	1811	87.47
"GAGCTCTGGGCGTCTTGGGT"	1809	87.52
"GAGCTCAGGGGAGTAATTAG"	1805	87.57
"GAGCTCGCATCCAGATCTTT"	1803	87.62
"GAGCTCACATTCAGCTTAAA"	1799	87.68
"GAGCTCCGTTTGAGGGTCAC"	1795	87.73
"GAGCTCGGAGCGCAAAAGGG"	1790	87.78
"GAGCTCATTACAATCGCAGA"	1788	87.84
"GAGCTCATCCTTTAAACGTC"	1788	87.89
"GAGCTCTGCCATTCGTTAGA"	1787	87.94
"GAGCTCGTTAGTGGCAGGTG"	1787	87.99
"GAGCTCCACGGCGTTGCTGA"	1786	88.05
"GAGCTCGGTTCTTCACCTGA"	1784	88.10
"GAGCTCCTTTGAATGTAAAG"	1778	88.15
"GAGCTCTTATGATGGCACTA"	1773	88.20
"GAGCTCTCACACACGCCTTA"	1765	88.25
"GAGCTCTTGCTTGATAATTC"	1763	88.31
"GAGCTCGTTTTGGATGTACC"	1751	88.36
"GAGCTCGTTAATGTCCCTAG"	1751	88.41
"GAGCTCAATTGTCTCCTGTG"	1742	88.46
"GAGCTCGATGAGCCGTTCGA"	1741	88.51
"GAGCTCATTGTATTGAGCAA"	1735	88.56
"GAGCTCGCGGCTCGTGAAAT"	1729	88.61
"GAGCTCCTAATGCTGTGATT"	1729	88.66
"GAGCTCACATTTCACCTTGT"	1727	88.71
"GAGCTCCGTCAAGACGATAA"	1720	88.76
"GAGCTCAATGGCCACACATA"	1711	88.81
"GAGCTCCGGAATCAATTCGG"	1710	88.86
"GAGCTCATTCGTTAAAAACC"	1705	88.92
"GAGCTCGTGATCAGTTTGTC"	1690	88.96
"GAGCTCCGACGTTTAGACCG"	1684	89.01
"GAGCTCGCTTTATTTACCCA"	1683	89.06
"GAGCTCTGCACCTTCAGGAT"	1673	89.11
"GAGCTCCGTCTCAACGCTGC"	1671	89.16
"GAGCTCAATATTCTAGCGCG"	1671	89.21
"GAGCTCTATGGTACATGTGC"	1653	89.26
"GAGCTCCGGGATCACTATTT"	1641	89.31
"GAGCTCTGTTATATGACACA"	1640	89.36
"GAGCTCCGCGAGATGGTAGA"	1640	89.40
"GAGCTCCTCCGGGTACGACT"	1619	89.45
"GAGCTCCATGTCAACCTATG"	1617	89.50
"GAGCTCCTAGCGGGTTCCCT"	1609	89.55
"GAGCTCACTTATTACTGATC"	1609	89.59
"GAGCTCTGTTGATATACCGA"	1605	89.64
"GAGCTCAGGATATTAAAGGT"	1605	89.69
"GAGCTCCCGGCACCAACTTT"	1603	89.73
"GAGCTCTAAGGGCTGGTGAA"	1602	89.78
"GAGCTCGTCAGCTTTACTTT"	1598	89.83
"GAGCTCCGATGTTATACGCA"	1597	89.88
"GAGCTCAAATCTGCATTTCA"	1596	89.92
"GAGCTCGTATTCTATGAGCT"	1593	89.97
"GAGCTCCAGTGTTCCCGCCC"	1580	90.02
"GAGCTCCATCCCGCTTTTGT"	1577	90.06
"GAGCTCCATTGTTGGTTGAA"	1576	90.11
"GAGCTCTCAGTCGGACATGT"	1560	90.15
"GAGCTCTTGCACAGGTTTCA"	1558	90.20
"GAGCTCATATAAGTAAGGGA"	1552	90.25
"GAGCTCGGCGTGATTTCAAT"	1551	90.29
"GAGCTCTCGTGGTACAACGG"	1548	90.34
"GAGCTCCGCGGGTCCGGGAG"	1545	90.38
"GAGCTCTCATGTACTAACAG"	1542	90.43
"GAGCTCATCAAATTCCGTCT"	1537	90.47
"GAGCTCCGCTACAGTGGTCT"	1528	90.52
"GAGCTCCCGAGTGCTAGCTT"	1520	90.56
"GAGCTCTCGGGTGATCATTC"	1512	90.61
"GAGCTCATCCGGCCTTTTAG"	1512	90.65
"GAGCTCATGATGCCGTGTTA"	1510	90.69
"GAGCTCGGAAAGTATAAAAT"	1507	90.74
"GAGCTCCCACTCCTCTTAGG"	1499	90.78
"GAGCTCTCGGAATGCAGAGG"	1495	90.83
"GAGCTCTAGTTGGGTTTCCA"	1490	90.87
"GAGCTCTCCCATCCATTAGC"	1479	90.91
"GAGCTCTGTATAAGGGAGGA"	1477	90.96
"GAGCTCATACTCTACATATA"	1475	91.00
"GAGCTCTTACGCGACTCGGG"	1470	91.04
"GAGCTCGGGCCAAATTTATA"	1469	91.09
"GAGCTCCAGCTTGATAAACA"	1458	91.13
"GAGCTCTTCCAACGGTGACC"	1456	91.17
"GAGCTCGCTTATTTTGTAGG"	1456	91.22
"GAGCTCTATGTTGGCCTTTG"	1448	91.26
"GAGCTCTATAGGGAAATACC"	1448	91.30
"GAGCTCCACTGATTTGTCTT"	1447	91.34
"GAGCTCTAGGCTCGTGGCCT"	1445	91.39
"GAGCTCGTCTGGTCCACTTA"	1435	91.43
"GAGCTCCATTTGGATGTCCC"	1435	91.47
"GAGCTCTACTTGGTTCACTA"	1432	91.51
"GAGCTCCTATTTTACACATG"	1429	91.55
"GAGCTCCCAAGTGGTTAATC"	1429	91.60
"GAGCTCAAGGCATTCTGCTG"	1429	91.64
"GAGCTCGTTCTTCAATGTAT"	1422	91.68
"GAGCTCCGCGTAATTTCTCG"	1418	91.72
"GAGCTCTAACACGATATATT"	1415	91.76
"GAGCTCATTAGATGTTGTGT"	1413	91.80
"GAGCTCCGCGAGTCTCACTT"	1410	91.85
"GAGCTCAACGCTTGGAACGT"	1403	91.89
"GAGCTCTTGCTATGGCGCAT"	1392	91.93
"GAGCTCTATACCCACAGAAT"	1387	91.97
"GAGCTCGTATGATGTATTTG"	1379	92.01
"GAGCTCCCAACTAACCTTCG"	1376	92.05
"GAGCTCCCTAGGGCGCTGGG"	1369	92.09
"GAGCTCCGCAATAGGCTGGT"	1368	92.13
"GAGCTCAAGTTCCTGGAATT"	1367	92.17
"GAGCTCTTGAGGGAATACCT"	1362	92.21
"GAGCTCATAGTTATTCCGGC"	1358	92.25
"GAGCTCTGGGTTTACTGTCG"	1355	92.29
"GAGCTCCTTGGCAGGCACGT"	1355	92.33
"GAGCTCTGGGGTACTTATTT"	1354	92.37
"GAGCTCTCTCACGTATGCAC"	1354	92.41
"GAGCTCTCCTTACACGTGTC"	1352	92.45
"GAGCTCTACTGGCTTTTTGC"	1352	92.49
"GAGCTCATAGGTTCCCATGA"	1335	92.53
"GAGCTCCAAGGTTGTGGGGC"	1333	92.57
"GAGCTCTTGTGGTGTTGTAG"	1327	92.61
"GAGCTCTCGCATACGGTGTT"	1327	92.64
"GAGCTCGTTTAGTTCATACT"	1325	92.68
"GAGCTCAGTATATCTTGTTT"	1323	92.72
"GAGCTCCTCCGGCAATTGGC"	1322	92.76
"GAGCTCGAGTAAATAATACT"	1319	92.80
"GAGCTCTGCATTATACCAAT"	1313	92.84
"GAGCTCCGAGCATCGGTCTG"	1295	92.88
"GAGCTCGGGAATCTGGGTTC"	1292	92.91
"GAGCTCCCTGCAGCTTTTTC"	1289	92.95
"GAGCTCATAGTATACATATT"	1273	92.99
"GAGCTCTTACCGGAACTTTG"	1270	93.03
"GAGCTCGTTTATGTGATTTT"	1266	93.06
"GAGCTCTGACTTAACTTGCA"	1264	93.10
"GAGCTCTTATTACCCCCTGG"	1263	93.14
"GAGCTCTATACCTGTCGCGA"	1262	93.18
"GAGCTCATTTTAGTACCTAC"	1261	93.21
"GAGCTCTAGAGTATCGTGGG"	1252	93.25
"GAGCTCTCCTGTGTTTCCTC"	1244	93.29
"GAGCTCTGTTGACCCTAATG"	1238	93.32
"GAGCTCACATTCTGTGTTAG"	1238	93.36
"GAGCTCTTCTTTCGTGCCAG"	1234	93.39
"GAGCTCACTTTGTTCGCATG"	1233	93.43
"GAGCTCTGTGATTTCTCACG"	1232	93.47
"GAGCTCTGATCTATCGGGTT"	1225	93.50
"GAGCTCCGTTTGGGTTTTAG"	1225	93.54
"GAGCTCTAGCTCATTTGCTC"	1224	93.57
"GAGCTCTACATATTGCTGTA"	1224	93.61
"GAGCTCCAATTCGACCAAAC"	1224	93.65
"GAGCTCATAGCTCGATTTTT"	1224	93.68
"GAGCTCCTTAGAGGGACGCA"	1214	93.72
"GAGCTCAAGACTTTCAGAGT"	1213	93.75
"GAGCTCAAATTTCGGAGGTT"	1213	93.79
"GAGCTCACTATTTCATTAGC"	1203	93.82
"GAGCTCTTAGCGTAACTAAC"	1187	93.86
"GAGCTCTGCAGATTAATGAT"	1187	93.89
"GAGCTCCGTCGATTTAAGGT"	1187	93.93
"GAGCTCTTATACGGGGGAGC"	1180	93.96
"GAGCTCCCAGTCATCATCTA"	1179	94.00
"GAGCTCTTCCGAATGGGTTG"	1176	94.03
"GAGCTCTGTCCTGGCTACAA"	1172	94.07
"GAGCTCCCTAGGGCGAGGCT"	1168	94.10
"GAGCTCTTGGGGGTTGCTAA"	1164	94.14
"GAGCTCTGTCGTTTTCCCTC"	1160	94.17
"GAGCTCTCTCGAGATGTATG"	1159	94.20
"GAGCTCCCATTGACTACAAC"	1159	94.24
"GAGCTCGTGAGATTCTTTGG"	1157	94.27
"GAGCTCCCCGTTTCGCCAAA"	1157	94.31
"GAGCTCAAATCGTTTTTGTC"	1148	94.34
"GAGCTCCGTCTTCACCTAGG"	1142	94.37
"GAGCTCTAGACATTGTCAGA"	1139	94.41
"GAGCTCTGTCGTAATAACTT"	1136	94.44
"GAGCTCGTCCAGGCTTCGTC"	1134	94.47
"GAGCTCCCATGGCATCGCTT"	1128	94.51
"GAGCTCTCGGGATTCCGTGG"	1127	94.54
"GAGCTCCATCTGATTAAAAC"	1124	94.57
"GAGCTCTGCTTCGCCCGCAT"	1120	94.61
"GAGCTCACGATTATAAGGGT"	1118	94.64
"GAGCTCTTGCAAGGTTGTAA"	1112	94.67
"GAGCTCTTCGCCTGTGGAAG"	1107	94.70
"GAGCTCTGAATACAGTCATA"	1106	94.74
"GAGCTCCGGGATCTTTAGAG"	1104	94.77
"GAGCTCGGAGTGTCCAAAAA"	1102	94.80
"GAGCTCTCTGTTAAGTGATT"	1101	94.83
"GAGCTCTTTTCGGGGTTGAG"	1097	94.87
"GAGCTCTAAATTAGTGTCCG"	1068	94.90
"GAGCTCCAATCACATGGAAA"	1068	94.93
"GAGCTCTTACAGCCTAGTGA"	1057	94.96
"GAGCTCATGTATTTTAAGGA"	1057	94.99
"GAGCTCTCAAGTGGACGGGA"	1054	95.02
"GAGCTCTTCGCTGGCTTACT"	1053	95.05
"GAGCTCTTGTTGAGTCGCGG"	1051	95.08
"GAGCTCCTACTAACATTGTC"	1048	95.11
"GAGCTCCGGATAATGCACGA"	1047	95.14
"GAGCTCACTATAAATTATAG"	1033	95.17
"GAGCTCCTGTTCCAAGACTT"	1031	95.21
"GAGCTCCTGGTTCCGTTCTT"	1027	95.24
"GAGCTCCCGTCACCTTAAAT"	1024	95.27
"GAGCTCCTGCCTACGGCGGG"	1023	95.30
"GAGCTCTTAGAGAGCAATAC"	1022	95.33
"GAGCTCTACGAGCTTGGCAG"	1002	95.35
"GAGCTCCTTGTTGGGCGTTG"	999	95.38
"GAGCTCGCAATTTCCGGGTA"	996	95.41
"GAGCTCTTGTACAATTGGTA"	984	95.44
"GAGCTCTTAAGTGGAATCGG"	982	95.47
"GAGCTCCAGTCAAGTTGTCT"	979	95.50
"GAGCTCTATACTGTATGTTT"	978	95.53
"GAGCTCTTTTCGTGCAAGAC"	977	95.56
"GAGCTCTCTTTCATGGTACT"	974	95.59
"GAGCTCCTACTTTTGGATAC"	972	95.61
"GAGCTCTTCTGGGGTTGACT"	968	95.64
"GAGCTCTACAATCTATTCCA"	968	95.67
"GAGCTCGGTTTTTCCGAATT"	966	95.70
"GAGCTCCTCCTCCTGGTATA"	963	95.73
"GAGCTCCCTATTGGTTACAA"	963	95.76
"GAGCTCCAATAAGCTTTCTG"	962	95.78
"GAGCTCCGCAAATTAGAATA"	961	95.81
"GAGCTCTCGCTGCATCAAAA"	956	95.84
"GAGCTCTTAGTAGCACTGTC"	954	95.87
"GAGCTCCCTTATAGGTGCGA"	954	95.90
"GAGCTCTTGGGTGTTCTTTC"	951	95.92
"GAGCTCTACATTTGACCCTA"	942	95.95
"GAGCTCTAACAGTTTTGTGT"	941	95.98
"GAGCTCTAGTGTTATTGATG"	934	96.01
"GAGCTCTATTTGAGAAGACT"	933	96.03
"GAGCTCCTGTTCTACATCCC"	931	96.06
"GAGCTCTTAGCGCCTTGGTT"	929	96.09
"GAGCTCGCGATCTGTTAATG"	929	96.12
"GAGCTCTTAACGATCCAGTA"	920	96.14
"GAGCTCCTGTGCTCTCAGGT"	919	96.17
"GAGCTCATCTTTATCAAGGT"	917	96.20
"GAGCTCCCGAGTCTCTAGTG"	913	96.22
"GAGCTCATTACTTCTTTGTA"	911	96.25
"GAGCTCCCGGAAGCACGATG"	901	96.28
"GAGCTCTCTGTAGTTCGTTG"	897	96.30
"GAGCTCTTTGTGCAGGTAGT"	893	96.33
"GAGCTCTCACTCTTCGGCAT"	893	96.36
"GAGCTCTTGGTCGATTCCTT"	885	96.38
"GAGCTCTATTCGGGCAGTGT"	883	96.41
"GAGCTCTGAACTTGGGGTCC"	879	96.43
"GAGCTCTTCAAGGCTTATGG"	878	96.46
"GAGCTCATTAGTAAGTAAGG"	874	96.49
"GAGCTCCGAATCTTCATTCT"	871	96.51
"GAGCTCTGTCGAGCTTAACT"	865	96.54
"GAGCTCTAAAGTGATTGGAT"	863	96.56
"GAGCTCTTAAGGATGCCGAG"	861	96.59
"GAGCTCCGCGACTGACATAC"	861	96.61
"GAGCTCCCGCCATCTTATAT"	860	96.64
"GAGCTCTTCCTATCAATGTG"	850	96.66
"GAGCTCTATAATCCCGTTAC"	850	96.69
"GAGCTCAACGTCTTAAGGAA"	849	96.71
"GAGCTCTCTTGGGCAATGAC"	844	96.74
"GAGCTCCAATCGACCACGCT"	842	96.76
"GAGCTCTCTGTTCAGTTAGT"	831	96.79
"GAGCTCTATGGCTCGCGGTA"	830	96.81
"GAGCTCTATACGTAAATATT"	828	96.84
"GAGCTCTAATGTAATTCATG"	826	96.86
"GAGCTCTAGGACGTTTCGCT"	825	96.88
"GAGCTCTCTTGAAGTCACGA"	821	96.91
"GAGCTCAATCTCTTTTGCAT"	821	96.93
"GAGCTCGGCGGCCTTTGGGC"	813	96.96
"GAGCTCTCGTCTGCGTACGC"	812	96.98
"GAGCTCTTATGCAACGATAA"	810	97.00
"GAGCTCTTCCATAGCATTAA"	809	97.03
"GAGCTCACGCAAAATTTTAT"	808	97.05
"GAGCTCCTGCTCTTCACCAT"	801	97.07
"GAGCTCTATTACTCTAAGTG"	797	97.10
"GAGCTCTCTTGTATAGTTAA"	796	97.12
"GAGCTCAAGGCTTTATGAGC"	793	97.14
"GAGCTCTCTTATGTGGGTTG"	791	97.17
"GAGCTCTTTCAGTTCCGATC"	790	97.19
"GAGCTCCCAGCTCTTTCTAG"	790	97.21
"GAGCTCTTTAGGCAGGAGTC"	786	97.24
"GAGCTCTCATTCCTGGACTT"	785	97.26
"GAGCTCTTCGTAGGTGGGTC"	784	97.28
"GAGCTCCTGTACGTTGGAAA"	784	97.31
"GAGCTCTTGACATATGAATT"	782	97.33
"GAGCTCTTATCTACCGTGCA"	781	97.35
"GAGCTCGGATCTCTTTTGAA"	776	97.38
"GAGCTCAGCTTTAAGAGGAA"	773	97.40
"GAGCTCTCGTGTTCAATTTA"	768	97.42
"GAGCTCTCAAAGACCATTAT"	762	97.44
"GAGCTCACCTTCTTATTGGC"	756	97.46
"GAGCTCTCTCTGTTATACTC"	755	97.49
"GAGCTCCATTTGATATGATT"	749	97.51
"GAGCTCCTATTGGTCCGGGT"	748	97.53
"GAGCTCCGGTCTGTTTATTA"	743	97.55
"GAGCTCATTAAATGATTGGG"	741	97.57
"GAGCTCTTATGGTCGTGAAC"	740	97.60
"GAGCTCCCACTCTCTACTGA"	739	97.62
"GAGCTCGAAGCCGACAGTTT"	737	97.64
"GAGCTCTCCCTGAGAAATTT"	734	97.66
"GAGCTCCCTAGAGGTTCGGA"	733	97.68
"GAGCTCTATTCAGCTTTTCA"	730	97.70
"GAGCTCCAGAATTGAAAATT"	725	97.73
"GAGCTCTCGGTTCTATCGAA"	719	97.75
"GAGCTCTCATATGCTAGATT"	716	97.77
"GAGCTCATTAGAATTGAACA"	715	97.79
"GAGCTCCAGTCTTTTCTGGC"	703	97.81
"GAGCTCTTTGGGAAGTTTGA"	697	97.83
"GAGCTCATCTACTTTGGAGA"	696	97.85
"GAGCTCTTTGAGATGCCTTT"	693	97.87
"GAGCTCGCTAATATATTAAA"	687	97.89
"GAGCTCTAGTATCTCTGTAG"	685	97.91
"GAGCTCTTAACAATGTCGAT"	683	97.93
"GAGCTCTTAGATCAAAAGCA"	682	97.95
"GAGCTCTCTTGTCGCTATAG"	682	97.97
"GAGCTCTGTTTTTGCGGGTT"	676	97.99
"GAGCTCCTTTCCACGTCGAC"	676	98.01
"GAGCTCCAACAATTGCTGCT"	675	98.03
"GAGCTCTCCCCTTTAGAGGC"	672	98.05
"GAGCTCCGCCGTATGAGCCG"	668	98.07
"GAGCTCCTATTTTTGTCTAG"	667	98.09
"GAGCTCCTAGTCCGGCCTAA"	667	98.11
"GAGCTCCATAATGACTCCAT"	660	98.13
"GAGCTCTAATCTCATTGCTA"	658	98.15
"GAGCTCGATTAGTTTCGAAA"	653	98.17
"GAGCTCTTGCTGTCGCCTTT"	652	98.19
"GAGCTCTCATATCTGGGAAA"	635	98.20
"GAGCTCCTTAGTTAGGTTTG"	633	98.22
"GAGCTCCTGTTGGACATTCT"	628	98.24
"GAGCTCTCGTATACTGAGCA"	627	98.26
"GAGCTCGTTTCAAATTCGGG"	624	98.28
"GAGCTCGCCTTTTTCATGGT"	612	98.30
"GAGCTCTGAACAAAATAAGA"	611	98.31
"GAGCTCGTTTTATTTAAAGG"	604	98.33
"GAGCTCCCATTTTGATGTAG"	594	98.35
"GAGCTCCATTTCGGACACTT"	592	98.37
"GAGCTCCCTTGAATTTTCAT"	591	98.38
"GAGCTCCCTAAAATTCAAGG"	583	98.40
"GAGCTCTATTTATGTCGGAT"	580	98.42
"GAGCTCCTTCTAATACACTG"	578	98.44
"GAGCTCTTTAGGCACCATAT"	577	98.45
"GAGCTCTCTAAAAACAATCT"	573	98.47
"GAGCTCCTTTACACCATCTA"	573	98.49
"GAGCTCCCTTATTCCCCCCG"	565	98.50
"GAGCTCTTTGTGTCAAGCTT"	554	98.52
"GAGCTCTTTCACCTCAGGTA"	552	98.54
"GAGCTCTTCAAATGTAGTTT"	550	98.55
"GAGCTCTCTCCCCTGGTAAT"	550	98.57
"GAGCTCCTAAAGTATTGTAA"	541	98.58
"GAGCTCTGTTTCAGCGAATT"	537	98.60
"GAGCTCCCATACTAATGATC"	537	98.61
"GAGCTCTTGAAATTAACGAT"	536	98.63
"GAGCTCTTATAAACAGTTCG"	535	98.65
"GAGCTCTTTTAGCGTAACGG"	528	98.66
"GAGCTCTAATTGATTTATGT"	520	98.68
"GAGCTCTATTATCTTGTGGA"	517	98.69
"GAGCTCTTATCTGATTCCAA"	511	98.71
"GAGCTCTACTTTTTGCCTTA"	497	98.72
"GAGCTCCCATAATTTCGTGT"	497	98.74
"GAGCTCCTTTTCCGGGTCAG"	496	98.75
"GAGCTCCTAATAATGGACAG"	496	98.77
"GAGCTCGGGGCCGAGAATTG"	495	98.78
"GAGCTCTAGATTATGGGTTT"	494	98.79
"GAGCTCCCTTTTATCAGTGC"	493	98.81
"GAGCTCTATCTTAATTGGTT"	487	98.82
"GAGCTCCCTTGTTTCAAATA"	482	98.84
"GAGCTCTTTATCAGACCTAT"	479	98.85
"GAGCTCTTATAAATCACACA"	478	98.87
"GAGCTCCTTTTCGCCGGGGT"	477	98.88
"GAGCTCAGTAGTGCGTCGCG"	477	98.89
"GAGCTCATCAACTTTTAAGG"	474	98.91
"GAGCTCCTTGATTCAGCAGT"	466	98.92
"GAGCTCTTAGACCTGATAAC"	463	98.93
"GAGCTCCTCCGTCTGTCGAG"	462	98.95
"GAGCTCTTTAGCATTACGAT"	461	98.96
"GAGCTCTTTCAGCCTATTAA"	456	98.98
"GAGCTCAGGGGGCTTTCCGG"	455	98.99
"GAGCTCCTTTACTTGGTCGA"	451	99.00
"GAGCTCGTTCTTGTCTTTAG"	449	99.02
"GAGCTCACTCGTTGTAATAA"	443	99.03
"GAGCTCTATCTCTTCATTGA"	439	99.04
"GAGCTCCAATTTCTAAACAT"	435	99.05
"GAGCTCTTTCTACATCCCTC"	433	99.07
"GAGCTCTTGATTTTGATGAC"	424	99.08
"GAGCTCGTTTTTAATCGTGG"	422	99.09
"GAGCTCTATTTATTCCGTAT"	420	99.10
"GAGCTCTTGGTCTTTGTTTT"	408	99.12
"GAGCTCTTATTAACATAATG"	408	99.13
"GAGCTCAAACGTAGGTATAC"	406	99.14
"GAGCTCTTTACTCCTAGGCT"	405	99.15
"GAGCTCTTGCATTTTACAAT"	404	99.16
"GAGCTCTTTCGTCATCATCT"	399	99.18
"GAGCTCAGTGCAAAAAACTT"	392	99.19
"GAGCTCCAAATCCTCTTTGT"	390	99.20
"GAGCTCCTAGCTTTTTGCGT"	387	99.21
"GAGCTCTTTCTCTAGTACAC"	385	99.22
"GAGCTCTCAGTTTATATTTT"	385	99.23
"GAGCTCAGCCTCTATGCATG"	382	99.24
"GAGCTCCTATGAGTTTGAAA"	380	99.25
"GAGCTCTTGTAGGTTATGAT"	379	99.27
"GAGCTCTTTCCTTACGTGTC"	378	99.28
"GAGCTCTTCATGTTATTGTT"	365	99.29
"GAGCTCTTTCTGGTTTGAAG"	364	99.30
"GAGCTCCTAATGTTTTCCCA"	364	99.31
"GAGCTCCACTGCGCGCCCGG"	364	99.32
"GAGCTCTTTTCTACAGCGTA"	362	99.33
"GAGCTCTTTACTGTTTTAAG"	354	99.34
"GAGCTCGGGATAGTTTATTG"	347	99.35
"GAGCTCCCTTTTTAAAAGTC"	341	99.36
"GAGCTCTTGTAACTTAGTGA"	338	99.37
"GAGCTCATTTACCTATGTGT"	337	99.38
"GAGCTCCTTATCATAAATGG"	330	99.39
"GAGCTCTTTCAGTTCCTTAT"	327	99.40
"GAGCTCGGCTGGTGTATAAG"	327	99.41
"GAGCTCGAACCTTTTCGTCA"	327	99.42
"GAGCTCTTTTTCTTCTTTAC"	326	99.43
"GAGCTCCGCTCATTTTCTGC"	326	99.44
"GAGCTCACTCGATGGAAAAC"	325	99.45
"GAGCTCTTGTTTCCTTATTA"	324	99.46
"GAGCTCTTTCCTTAATTGCT"	320	99.47
"GAGCTCTACATTTCTGTGCT"	320	99.48
"GAGCTCGTGTACTAGTGCTA"	318	99.49
"GAGCTCTTTCCTTACATTAC"	315	99.49
"GAGCTCAAAGTCGGTTCTCG"	315	99.50
"GAGCTCCTTGGTTTTCTAAT"	307	99.51
"GAGCTCTTATCTTAATTCCC"	302	99.52
"GAGCTCTTTTGGGTGCCGAA"	300	99.53
"GAGCTCGACCAGACCACTTA"	294	99.54
"GAGCTCTCTTCTCTTAGTCT"	288	99.55
"GAGCTCGATGCATCACGTAG"	286	99.56
"GAGCTCTCTTATTAACATTT"	282	99.56
"GAGCTCCTTTTTGATGTGTA"	282	99.57
"GAGCTCCTATATATTAGTCT"	279	99.58
"GAGCTCGGGGATACAAAACG"	273	99.59
"GAGCTCTAAAGAAGATCTTT"	272	99.60
"GAGCTCGGTTCGTTTTGGGA"	270	99.60
"GAGCTCACTAGTTGTTAAAC"	270	99.61
"GAGCTCTTCGAGTTTGGGGG"	266	99.62
"GAGCTCTCCAGCAGTGCTGC"	251	99.63
"GAGCTCTATCTGTTTTTTGT"	250	99.64
"GAGCTCTCCATCGGATCTCG"	249	99.64
"GAGCTCTTGTTTCTTTTCAA"	241	99.65
"GAGCTCGTACCAGAACGTAT"	239	99.66
"GAGCTCTTCCTTTCTTTTTC"	238	99.66
"GAGCTCATGTGCCCTCGCCC"	238	99.67
"GAGCTCACTCGAAGGTATAA"	232	99.68
"GAGCTCTTATTCTTTGGATG"	231	99.68
"GAGCTCTAATTTCTTCGATA"	229	99.69
"GAGCTCACTGCGATACTAGT"	222	99.70
"GAGCTCCATCGCTAATTATG"	210	99.70
"GAGCTCCTATATGTAATAAG"	208	99.71
"GAGCTCTTTTAATAAAGGGT"	207	99.72
"GAGCTCGTCCATACCACTAT"	204	99.72
"GAGCTCGTACCTGAACGACT"	201	99.73
"GAGCTCAAACCTTTTAATAA"	192	99.73
"GAGCTCTTAACTTAATTAGC"	191	99.74
"GAGCTCTAACCGCTAGGGAA"	190	99.74
"GAGCTCGAAACTGATCGACT"	177	99.75
"GAGCTCATATTAGAGAATGG"	175	99.75
"GAGCTCCAATAAATGTGTCT"	173	99.76
"GAGCTCGAGTTTACGATTCG"	171	99.76
"GAGCTCACCGTCCAGCATTT"	169	99.77
"GAGCTCTTTCTGGCGATAGA"	167	99.77
"GAGCTCATTTTTTTTCTTAG"	167	99.78
"GAGCTCTGCTGGCGGATTTT"	166	99.78
"GAGCTCTTTCTTAGCTTAAA"	164	99.79
"GAGCTCCTATCTTATTTTTT"	163	99.79
"GAGCTCAATACTTGAAGACA"	161	99.80
"GAGCTCCTTTATCAATAGTT"	160	99.80
"GAGCTCCTCCTACCAATCAT"	159	99.81
"GAGCTCAAAACAAAATATAC"	158	99.81
"GAGCTCTTTTTTTTCGTTGT"	156	99.82
"GAGCTCTTTTTCTCAGCGGA"	155	99.82
"GAGCTCTTTTTTCGTCACTA"	154	99.83
"GAGCTCGTCAAGACCACGAA"	153	99.83
"GAGCTCTAGTAGGGTCATTT"	149	99.84
"GAGCTCTTTCTTCACTTGCG"	148	99.84
"GAGCTCGACAATACCACGTT"	146	99.84
"GAGCTCGAAGTTGAGCTCCC"	144	99.85
"GAGCTCGTCAAGACAACTTT"	143	99.85
"GAGCTCGACGGATTCGGGCT"	141	99.86
"GAGCTCACGATTAGAAAATG"	140	99.86
"GAGCTCGTCATTGCTTTTGA"	139	99.86
"GAGCTCACACGATGTTATAC"	138	99.87
"GAGCTCGTACCTGTTCTACA"	136	99.87
"GAGCTCGTTTCGGCTTGACA"	135	99.88
"GAGCTCTAGCCGTTAGATCA"	133	99.88
"GAGCTCATACGTGTATCGTG"	132	99.88
"GAGCTCAAGCCTGAACACCC"	132	99.89
"GAGCTCTAAAGCGAGGTAAA"	130	99.89
"GAGCTCAAGACCACTTGACA"	130	99.90
"GAGCTCATTAGCACAGGGTC"	128	99.90
"GAGCTCGTACCTGTTAGAAT"	127	99.90
"GAGCTCAAGCAAAAACCTAA"	127	99.91
"GAGCTCGCAAATAATCTGGC"	126	99.91
"GAGCTCACATGTTAAGTGAG"	126	99.91
"GAGCTCGTACCAGATCGTCA"	123	99.92
"GAGCTCACTCGTATGTAAAC"	123	99.92
"GAGCTCTCTCATAGTACTTG"	122	99.93
"GAGCTCGAATCAACAAGCAG"	120	99.93
"GAGCTCTGCAAGCCTGTCAA"	118	99.93
"GAGCTCTTTTATTAGATTTT"	117	99.94
"GAGCTCGTCCAGAAAACTAT"	116	99.94
"GAGCTCGTAGCAGCAAGTAG"	116	99.94
"GAGCTCGATGAAGCAAGGAG"	116	99.95
"GAGCTCGAAGCAGCACTGAG"	116	99.95
"GAGCTCCACCATGCGTTACT"	115	99.95
"GAGCTCGTATCAAAATTAGT"	114	99.96
"GAGCTCACCGCATTGTTCGA"	114	99.96
"GAGCTCGTATAACGGTTCTA"	113	99.96
"GAGCTCGCTATGACGGGGAA"	113	99.97
"GAGCTCACACGTTTGAATAC"	110	99.97
"GAGCTCTGTTCACGGATAGT"	109	99.97
"GAGCTCGATTCAGCACGCAG"	106	99.98
"GAGCTCAACGTATGTTTGGG"	105	99.98
"GAGCTCGGTGCTAGGCTCTA"	104	99.98
"GAGCTCGAGACTTAACAGTG"	104	99.99
"GAGCTCTTACAACGATGTTC"	103	99.99
"GAGCTCCCGCGAATGGTAAA"	103	99.99
"GAGCTCCAGCGGTATACTGG"	103	99.99
"GAGCTCATAACTGTAAGACT"	101	100.00
"GAGCTCAATTACTGAGAAGT"	100	100.00
