BL-8036_52_S52_L001_R1_001-Barcode	BL-8036_52_S52_L001_R1_001-Count	BL-8036_52_S52_L001_R1_001-SaturationPerc
"GAGCTCGGACCCGGCACTGG"	156803	3.10
"GAGCTCGATGTGCCAACGCG"	59979	4.28
"GAGCTCGCCCCCTCTGGGGT"	57942	5.43
"GAGCTCGTGCCGGGTATATG"	46416	6.35
"GAGCTCAGGCTGTAGCCGGT"	45784	7.25
"GAGCTCCAGCCACGCTTCCG"	43355	8.11
"GAGCTCAGGGACGTCGGCTG"	42573	8.95
"GAGCTCTGCGTAGTGGGGCC"	35030	9.64
"GAGCTCAAGGCTAGGCGGTC"	32349	10.28
"GAGCTCCGGGTGTGGTGTCG"	29740	10.87
"GAGCTCGAGTAATGGATCAG"	29054	11.44
"GAGCTCACTGTCGGGTGTAT"	29036	12.02
"GAGCTCAATGAGCCGTCCGC"	28610	12.58
"GAGCTCACTTTGGATTGGAG"	26732	13.11
"GAGCTCTACGACGCACGCTG"	26175	13.63
"GAGCTCGAGCAGATGGGTCG"	25517	14.13
"GAGCTCAGCCATCGAAGCCC"	24678	14.62
"GAGCTCGTGGGTTCGTGATT"	24401	15.10
"GAGCTCGTGCCATGTTTCTG"	24124	15.58
"GAGCTCGATGCCATAAGGAC"	23715	16.05
"GAGCTCATCATTCGTGTGCT"	23559	16.51
"GAGCTCGGAACATGCGTGTT"	22826	16.96
"GAGCTCCAGCCTGACTGCAG"	22352	17.41
"GAGCTCCGGGAGTGCAGTCG"	22197	17.84
"GAGCTCCATGACTGTGGTTG"	21879	18.28
"GAGCTCGTATCGTGCTTTGG"	21799	18.71
"GAGCTCACCTGGGTTCACCG"	20745	19.12
"GAGCTCGAGATGTTAGCATT"	20418	19.52
"GAGCTCAACGGATTGAGTCT"	20370	19.92
"GAGCTCCGGGGATGTCCGTA"	20258	20.32
"GAGCTCGATGAAGTCTCTCT"	19917	20.72
"GAGCTCACGCGTGATTTGCC"	19823	21.11
"GAGCTCAACTTGACATTGTA"	18848	21.48
"GAGCTCTGCAAATTGAAGTG"	18639	21.85
"GAGCTCAGGGCGGCACATGG"	17972	22.21
"GAGCTCGCGATATCGATTAC"	17859	22.56
"GAGCTCATCACCGCTCAAAC"	17843	22.91
"GAGCTCTGCGGATTGCCCCG"	17825	23.26
"GAGCTCGCGGGGGTCGATTA"	17642	23.61
"GAGCTCACAGCCTTAAGGGT"	17058	23.95
"GAGCTCGGTGGGTCTCGCAA"	16986	24.28
"GAGCTCGGGACAGCAGATAT"	16671	24.61
"GAGCTCGAAAATCGTGCGTA"	16666	24.94
"GAGCTCGTCGAGAGCCAGCC"	16534	25.27
"GAGCTCAGTCCTTATGGTGG"	16386	25.59
"GAGCTCGTTCATACGACGTT"	16385	25.92
"GAGCTCATGTCTGTTAGTGG"	16361	26.24
"GAGCTCTAGCGGCGATGGGG"	16299	26.56
"GAGCTCGCGAATAACAAATA"	16261	26.88
"GAGCTCGGAACCGCGTGTCG"	16246	27.21
"GAGCTCATGAATGCCCTCAA"	15924	27.52
"GAGCTCGGGGGTAGCTTAAG"	15683	27.83
"GAGCTCTGTATGCGGGTCGA"	15658	28.14
"GAGCTCGCGGAGTAATCAAC"	15629	28.45
"GAGCTCACCTGCTGGTCTGT"	15547	28.76
"GAGCTCTACCCGCCATATGC"	15111	29.05
"GAGCTCGACCATTAGTTTGG"	14996	29.35
"GAGCTCGCTGGAGTGTCTTA"	14874	29.64
"GAGCTCCAAAGGGTAGTGGG"	14705	29.94
"GAGCTCATTGCGTACATTGG"	14463	30.22
"GAGCTCGTAGAAGTGGTCTG"	14424	30.51
"GAGCTCACGGTTTAGGCTAT"	14195	30.79
"GAGCTCGTGCGTGGATAATC"	14173	31.07
"GAGCTCAGACCGCGTATGGT"	14137	31.35
"GAGCTCGAAGGGTGCATCCT"	13620	31.62
"GAGCTCAGTTAAAGCGTATA"	13453	31.88
"GAGCTCACAGTGTGCCTTCA"	13350	32.15
"GAGCTCGTGCTATTCGGCCA"	13191	32.41
"GAGCTCGCGCGACTTAATCT"	13140	32.67
"GAGCTCAGTCTGAACTCATC"	13099	32.92
"GAGCTCCGGTCCGCTTGTTG"	13053	33.18
"GAGCTCATTGCCTAATCCCT"	12942	33.44
"GAGCTCGCGTTGTCGTCATA"	12713	33.69
"GAGCTCGCGTCGGTCCAGTA"	12570	33.94
"GAGCTCAGTTGGATTTTGCC"	12569	34.19
"GAGCTCGCGAGGGCCTTACA"	12541	34.43
"GAGCTCATTGGGACTATTTA"	12509	34.68
"GAGCTCTACTGGCCGATGCC"	12306	34.92
"GAGCTCGTCAAATTGGGCTA"	12297	35.17
"GAGCTCGTTGCAGCACGGAG"	12143	35.41
"GAGCTCGAGTGACCGTTTAC"	12132	35.65
"GAGCTCGTACCTGTTCGTCT"	11976	35.88
"GAGCTCATAAACGGAAACTG"	11606	36.11
"GAGCTCCGTGCATCGTCAAA"	11545	36.34
"GAGCTCCAGCCCGGGAGAAA"	11464	36.57
"GAGCTCCGTTGGCGCGGTTA"	11456	36.79
"GAGCTCAGTCGTAGCTGATA"	11448	37.02
"GAGCTCGGGTCAATTCGAGT"	11446	37.25
"GAGCTCCCACGCGCGGTGCA"	11377	37.47
"GAGCTCGGTGTGTTGCATTA"	11370	37.70
"GAGCTCACGGCATTATTTGA"	11283	37.92
"GAGCTCAGCCCTGCTTTCCG"	10969	38.14
"GAGCTCATGTTACGAGGTGG"	10940	38.35
"GAGCTCCGCCGATCTGTCTC"	10925	38.57
"GAGCTCTCGTCTGCGTACGC"	10725	38.78
"GAGCTCATATTTGGTTGTCG"	10567	38.99
"GAGCTCAGCATGTCATTGTG"	10532	39.20
"GAGCTCACTCGAATCGGGAG"	10449	39.40
"GAGCTCTGCCGACTGGGTGC"	10416	39.61
"GAGCTCGTCATATGGCGGTT"	10403	39.82
"GAGCTCGTGTACTAGTGCTA"	10222	40.02
"GAGCTCTGGCCCATGGTGTT"	10117	40.22
"GAGCTCAACGGCTTACTTAA"	10045	40.42
"GAGCTCATGATTGCGTGATG"	9991	40.61
"GAGCTCTATATGGTGCTAAA"	9939	40.81
"GAGCTCGCTTGCACCTAGTT"	9929	41.01
"GAGCTCGCTCATATCTTGGT"	9875	41.20
"GAGCTCAGCCGGACGTGTCG"	9825	41.40
"GAGCTCCAAGTAAATCGTGG"	9802	41.59
"GAGCTCGTCGTGACATGAGA"	9798	41.78
"GAGCTCCGGACAGGTTTTAG"	9775	41.98
"GAGCTCGTGGAATATTTGGC"	9749	42.17
"GAGCTCGGTCGTAGGAATCA"	9749	42.36
"GAGCTCGACTGGGTACGGTG"	9741	42.55
"GAGCTCAAGCTGAGGTGATA"	9740	42.75
"GAGCTCCTAGCGGGTTCCCT"	9661	42.94
"GAGCTCAGCTATCAAGGGGA"	9585	43.13
"GAGCTCATGCCCCTAGATGA"	9553	43.32
"GAGCTCATGGCCATCCGAGA"	9528	43.50
"GAGCTCACCCTATCAGCTAT"	9451	43.69
"GAGCTCGGCGGGGACATACG"	9395	43.88
"GAGCTCAGATCAGCCTAGCA"	9355	44.06
"GAGCTCGCGTCGTCCGCTTT"	9315	44.24
"GAGCTCTAACCGCTGTACAG"	9126	44.43
"GAGCTCCGGCCGTGTATTCT"	9080	44.60
"GAGCTCATAGTGGTTTAGCC"	8994	44.78
"GAGCTCAGATACCATGGTCT"	8757	44.96
"GAGCTCACGATTCGCTCGCT"	8722	45.13
"GAGCTCGTACCTAATGCCGA"	8628	45.30
"GAGCTCTGCCCATATCCACG"	8597	45.47
"GAGCTCAGCTGGTGGTGCTC"	8572	45.64
"GAGCTCGTCAGCGGGGTGTG"	8560	45.81
"GAGCTCAAAAGCGTAAACGT"	8512	45.97
"GAGCTCAGGCAAGATTAAGG"	8511	46.14
"GAGCTCTACCGCGTTATGCA"	8510	46.31
"GAGCTCTTGAACCACTTAAT"	8464	46.48
"GAGCTCGGCAGCACGGACCT"	8456	46.65
"GAGCTCATACTGTCTCTCTA"	8422	46.81
"GAGCTCGGACGCGGGTTGAG"	8410	46.98
"GAGCTCAGGGCACCCGTTCG"	8381	47.14
"GAGCTCGAACACTGGACGTG"	8373	47.31
"GAGCTCGAAGGGTGGGGGTC"	8362	47.47
"GAGCTCGACCTCACAGTCAC"	8348	47.64
"GAGCTCGACGCGTGCGGTAT"	8323	47.80
"GAGCTCACGGAGGAAAATTT"	8121	47.96
"GAGCTCTTCCGGGAGGTTGA"	8074	48.12
"GAGCTCTCCAACCGTGTGCG"	8055	48.28
"GAGCTCTCGCCAGAAGTGTG"	8041	48.44
"GAGCTCAACGGCAGTAGTGG"	7970	48.60
"GAGCTCAAGGCTAGACAGGC"	7942	48.76
"GAGCTCGACAAACTACAAGG"	7927	48.91
"GAGCTCGTAGGGGAATAGCT"	7911	49.07
"GAGCTCTAGTGCACCATTGA"	7893	49.23
"GAGCTCACCGCTATATAGCA"	7888	49.38
"GAGCTCACCTGTAGCTCTTA"	7881	49.54
"GAGCTCAGGGCACTCGCCAG"	7865	49.69
"GAGCTCCCCGTACGTAGCTT"	7807	49.85
"GAGCTCGGGTGGACAGCAAG"	7779	50.00
"GAGCTCGCAATCCTCTCTGC"	7776	50.15
"GAGCTCGTACCGCCAGACCG"	7659	50.31
"GAGCTCGGGATTTTAAGCAA"	7651	50.46
"GAGCTCGCGGATCGAGCCTG"	7631	50.61
"GAGCTCGGGGGGGTGGTTTA"	7601	50.76
"GAGCTCTGTTCTGCGCGCGG"	7590	50.91
"GAGCTCGGCGCGGTGCGACT"	7558	51.06
"GAGCTCGTATCCAGTGTGAA"	7496	51.21
"GAGCTCGTCCCATGCTGCTC"	7492	51.35
"GAGCTCGCACTCGTCGGGGG"	7377	51.50
"GAGCTCGGTAGGCAGACTCA"	7371	51.65
"GAGCTCATGGGAGGGCCGAG"	7362	51.79
"GAGCTCGGTAGCGGGTTAGC"	7311	51.94
"GAGCTCGTTGCGTGTGCGTC"	7301	52.08
"GAGCTCACCCATGTTATGTT"	7267	52.22
"GAGCTCACCTGCTGCCGACC"	7223	52.37
"GAGCTCATACCAGTGGGTCC"	7216	52.51
"GAGCTCAGATGGGACAGCGG"	7169	52.65
"GAGCTCTCCACGGTTAAGGT"	7072	52.79
"GAGCTCTGTTGGCAGGGTCT"	7055	52.93
"GAGCTCCCCCACACTTGCCC"	7001	53.07
"GAGCTCGAGCTGGCATGTAT"	6980	53.21
"GAGCTCGCATTGACGTCCCC"	6926	53.34
"GAGCTCGTGTCAGGGTTGGC"	6838	53.48
"GAGCTCTAGGTGAGACCGTG"	6833	53.61
"GAGCTCATTAGTTCGGAAGG"	6772	53.75
"GAGCTCTATTTACGTGTGAT"	6761	53.88
"GAGCTCACATGTACGGTGTG"	6759	54.01
"GAGCTCAGTGGGTCATTAAT"	6744	54.15
"GAGCTCGGCGGCTAGACGTA"	6717	54.28
"GAGCTCGGGTGCCGTTCCAA"	6714	54.41
"GAGCTCGGGCCAAATTTATA"	6707	54.54
"GAGCTCGTGTCCGATAGCCG"	6687	54.68
"GAGCTCCTACTCCTGGTCCA"	6685	54.81
"GAGCTCTGGGATACAAGCAT"	6684	54.94
"GAGCTCCGCGAGTCTCACTT"	6638	55.07
"GAGCTCTTGGAACCGGCGCC"	6628	55.20
"GAGCTCAGGAGGTTATTCCA"	6584	55.33
"GAGCTCGGCTATGCACGCAA"	6560	55.46
"GAGCTCATGGGGTAGCGGCT"	6530	55.59
"GAGCTCTGGCAGGAGTTAGT"	6499	55.72
"GAGCTCGGCTGCCTAATCGT"	6471	55.85
"GAGCTCGCGGTACAGCGTTT"	6470	55.98
"GAGCTCGTGCCCTACGTCAT"	6467	56.10
"GAGCTCTGCGACCATTCCTT"	6438	56.23
"GAGCTCCTACCGCGACCGCC"	6431	56.36
"GAGCTCAAAGCACTTTACCT"	6427	56.49
"GAGCTCAGTGTCTGGGGGTG"	6416	56.61
"GAGCTCCTTGCGCGGTGCCG"	6371	56.74
"GAGCTCGTACAGCACGTGAG"	6358	56.86
"GAGCTCGATTGCGTAGAGCG"	6332	56.99
"GAGCTCATACCTTATTGTCA"	6332	57.11
"GAGCTCCTCGAAGTGTAGGG"	6317	57.24
"GAGCTCAGACACCAACTGCC"	6310	57.36
"GAGCTCGGGACTGCTTCTCT"	6247	57.49
"GAGCTCTGATAGCGGATTGT"	6235	57.61
"GAGCTCATGACCGTCGGGTA"	6228	57.73
"GAGCTCGCTACCGACTGTTG"	6179	57.86
"GAGCTCGGTCCGACTTAACC"	6176	57.98
"GAGCTCCGCAGTATGAGGGT"	6163	58.10
"GAGCTCGACTTGCTAGCTTG"	6149	58.22
"GAGCTCTGCAACGAATCCAA"	6128	58.34
"GAGCTCAGTCTGCCTTCGTG"	6122	58.46
"GAGCTCTCGGGTGGGTGAGA"	6104	58.58
"GAGCTCCTACTCAATCAGTG"	6100	58.70
"GAGCTCTGCAGAGTTTCAGC"	6072	58.82
"GAGCTCGCTGGTCGCATGTG"	6072	58.94
"GAGCTCTTCGCTGATAGTTC"	6062	59.06
"GAGCTCCATTATAGGATGTG"	6032	59.18
"GAGCTCGGCATATCTCAAAT"	6023	59.30
"GAGCTCGTGTGTACTGTTGG"	5996	59.42
"GAGCTCTGCTACCTTCAATA"	5977	59.54
"GAGCTCCGGGCGCGTCCTAC"	5968	59.66
"GAGCTCTAATGGGCGACGGG"	5965	59.77
"GAGCTCGAAAGGGGGCTGAA"	5949	59.89
"GAGCTCGACCCATTTCCCTT"	5927	60.01
"GAGCTCAAAAGGTATGCGCT"	5923	60.13
"GAGCTCGTGGATGAACTCTG"	5918	60.24
"GAGCTCAGCGCCGGGCGATT"	5897	60.36
"GAGCTCGGCGTGGTAATAAC"	5867	60.48
"GAGCTCGATTCTAGTAACGC"	5851	60.59
"GAGCTCGTAGAGTGCCGGCA"	5813	60.71
"GAGCTCGAAGGGCGGCGATG"	5806	60.82
"GAGCTCCAAATCGGAATCCA"	5779	60.94
"GAGCTCGCAGTTGGATGTGT"	5750	61.05
"GAGCTCCCGGCGTGTTAACT"	5729	61.16
"GAGCTCGGCTAAAAAAGCGT"	5725	61.28
"GAGCTCACGGGCACGAAACT"	5719	61.39
"GAGCTCTCGGAATGCAGAGG"	5705	61.50
"GAGCTCGATTGGGCTTAGCG"	5705	61.61
"GAGCTCATAGGCAGAGCAGC"	5697	61.73
"GAGCTCGGCTACGTTCCGAC"	5693	61.84
"GAGCTCCCCGGGGTTAGGGG"	5678	61.95
"GAGCTCAGGGATGACGGCGC"	5676	62.06
"GAGCTCTCTGCATTCAGAAC"	5673	62.18
"GAGCTCGGGATCACCTTCGC"	5593	62.29
"GAGCTCTACCTCCTGACTTA"	5577	62.40
"GAGCTCGCGCAGACGTCTGC"	5567	62.51
"GAGCTCGGGGAATGTACAGG"	5561	62.62
"GAGCTCGTGTTGTAAGGAGG"	5559	62.73
"GAGCTCGCGGCAAAGTCGTT"	5555	62.84
"GAGCTCGGCAGGGTTATGGA"	5553	62.95
"GAGCTCGGTTAGGTTGACCC"	5518	63.05
"GAGCTCACCTCCAGTGTTGT"	5516	63.16
"GAGCTCCGTCTCAACGCTGC"	5499	63.27
"GAGCTCTCGCTGCTTAAATG"	5494	63.38
"GAGCTCCGGGCGTTTCGGGT"	5490	63.49
"GAGCTCACGCCGGTTCCATG"	5474	63.60
"GAGCTCGTGATCAGTTTGTC"	5472	63.71
"GAGCTCGCTATAGGGTGCCA"	5467	63.81
"GAGCTCGACACCGCTAGATT"	5452	63.92
"GAGCTCGGCCAGTAGACAAA"	5451	64.03
"GAGCTCTTGTTGGCTTAGAG"	5438	64.14
"GAGCTCACGGCTGTAGCGCT"	5425	64.24
"GAGCTCGCCTTGTAGGCAAC"	5420	64.35
"GAGCTCTGAACTCCTAGCGC"	5406	64.46
"GAGCTCCGACATCTACGAGT"	5387	64.56
"GAGCTCGGATCAAGTGTTGC"	5345	64.67
"GAGCTCCCTGGGGTACAGTG"	5341	64.78
"GAGCTCATTCACAGGTGGTG"	5313	64.88
"GAGCTCTCACTGGTAGGGTG"	5301	64.99
"GAGCTCGGGCATATTGAACG"	5298	65.09
"GAGCTCACCAAAGCCGACGG"	5293	65.19
"GAGCTCGATTCGCGTTGCGG"	5279	65.30
"GAGCTCTTCGTGATGTCTGG"	5273	65.40
"GAGCTCGTCAGTCGGTGAGG"	5258	65.51
"GAGCTCTGTTGTCCTATGGG"	5236	65.61
"GAGCTCGGAGGGTCGAGTAA"	5231	65.71
"GAGCTCGGACGGCCTATTTA"	5215	65.82
"GAGCTCTGCCTGGGAAAGTG"	5176	65.92
"GAGCTCGAGAGCTGATCGAC"	5171	66.02
"GAGCTCGAACTTGGCTTGTG"	5167	66.12
"GAGCTCACGGTATGCTACAT"	5163	66.23
"GAGCTCTTGGGGGTTGCTAA"	5142	66.33
"GAGCTCGGTACTTGTACGCC"	5126	66.43
"GAGCTCGACCAAACCCGCTC"	5119	66.53
"GAGCTCGTCGAAGAAGGGCG"	5088	66.63
"GAGCTCGGATGTACATCATC"	5068	66.73
"GAGCTCATCGTAGATCTGGT"	5047	66.83
"GAGCTCTGGCTACGTGCGGG"	5025	66.93
"GAGCTCGGCTGGTAATAATG"	5013	67.03
"GAGCTCACTATAAGACGATG"	5009	67.13
"GAGCTCACTCAACGTGCTTT"	4993	67.23
"GAGCTCACCCCAATAGACGT"	4971	67.32
"GAGCTCAGAGCAACGTTACC"	4962	67.42
"GAGCTCCGGGCGCATTAGCC"	4954	67.52
"GAGCTCCAGCTGAGTAATAT"	4952	67.62
"GAGCTCAGCAATGTGAGCAT"	4939	67.72
"GAGCTCGCTCGGCTCAGGTC"	4938	67.81
"GAGCTCGGCTTGCGTTAACA"	4921	67.91
"GAGCTCTCGTCTGGGGGTAA"	4893	68.01
"GAGCTCACAATTGACAATTG"	4869	68.10
"GAGCTCCGTCCGCGTGTTAC"	4867	68.20
"GAGCTCGACATAGTTCTGCG"	4863	68.30
"GAGCTCTGTCAGGGGGGTTG"	4856	68.39
"GAGCTCACTCGTCGCGATGT"	4854	68.49
"GAGCTCAATGTGAGTTTTAG"	4850	68.58
"GAGCTCTGGAGTTATATATG"	4839	68.68
"GAGCTCGATAAACCTTGTAT"	4832	68.77
"GAGCTCTGCTGGTAGCGAAA"	4828	68.87
"GAGCTCGACTCAACGTTCTA"	4826	68.97
"GAGCTCATTCTGACCTAAGC"	4824	69.06
"GAGCTCATCACGGAAAGTGT"	4822	69.16
"GAGCTCATGGAACACTGCGT"	4805	69.25
"GAGCTCACATTAGTACTATT"	4792	69.35
"GAGCTCTGCAAGTGATATAG"	4783	69.44
"GAGCTCGGTTTGCGCGGGGG"	4781	69.53
"GAGCTCCTCCGTTACCGGGA"	4777	69.63
"GAGCTCGTGCTAACGCATAC"	4735	69.72
"GAGCTCGTGGGTTTGTGGTC"	4730	69.82
"GAGCTCAATTAGGTAGCATT"	4717	69.91
"GAGCTCCAGTGGGGCTGTCT"	4712	70.00
"GAGCTCGGGTTTGTATGCTG"	4710	70.10
"GAGCTCGGCCAGCTTCGAGC"	4680	70.19
"GAGCTCGTTGATGTGTGCCT"	4655	70.28
"GAGCTCATGAGACGAGGTCT"	4653	70.37
"GAGCTCTTGGACATCCTTCG"	4644	70.46
"GAGCTCTGGGCGCGTTAGGG"	4627	70.56
"GAGCTCGACGACCTATCAGA"	4619	70.65
"GAGCTCAATGTGGTACCGGT"	4619	70.74
"GAGCTCCAGACTGGGCTGAC"	4618	70.83
"GAGCTCACTGTAATATGACC"	4599	70.92
"GAGCTCAACACATTCACCGT"	4596	71.01
"GAGCTCGTACAGACTATATA"	4589	71.10
"GAGCTCTCGCGCCTTTTCTC"	4574	71.19
"GAGCTCCAACTGTACGACTA"	4571	71.28
"GAGCTCATAACACAAGGTAG"	4542	71.37
"GAGCTCACCCAGTTTCATGC"	4535	71.46
"GAGCTCTGAACGGGCTATGG"	4524	71.55
"GAGCTCTTCATTAGGACACC"	4498	71.64
"GAGCTCATGCTAGGCAATGA"	4455	71.73
"GAGCTCGAAATCGGTACTTA"	4445	71.82
"GAGCTCAGCTGTCTAAGTTA"	4445	71.90
"GAGCTCTGAACCAACCCGCC"	4420	71.99
"GAGCTCCGCGACCTGCGATT"	4420	72.08
"GAGCTCGCTAATCCACGTCC"	4405	72.17
"GAGCTCGATAAGACGACAGG"	4404	72.25
"GAGCTCAAGTTCATGGGGTT"	4400	72.34
"GAGCTCGCTACTAGCATGAC"	4399	72.43
"GAGCTCTTCTAGGCGATCCT"	4390	72.51
"GAGCTCTGCCAATGAGGTCA"	4384	72.60
"GAGCTCACACCCTAGGAGTT"	4382	72.69
"GAGCTCGCTGGCATCAGAGC"	4368	72.77
"GAGCTCATGATGCATGATTC"	4350	72.86
"GAGCTCTGCACAACGGATCT"	4340	72.94
"GAGCTCTACTGTTGATGCTC"	4328	73.03
"GAGCTCCACTGCGCGCCCGG"	4325	73.12
"GAGCTCGGAAACAGGATCAG"	4322	73.20
"GAGCTCCATGGGGGGTGAGT"	4319	73.29
"GAGCTCTTAATACGGGGGGG"	4318	73.37
"GAGCTCGTCCTCAATAATTG"	4279	73.46
"GAGCTCAGGGTTCAGTTGGC"	4273	73.54
"GAGCTCGTAATCGACAATCA"	4272	73.62
"GAGCTCGGGGAATCAGTTGA"	4259	73.71
"GAGCTCGCTGGTAATGTATC"	4245	73.79
"GAGCTCATTTTCTGGTTATT"	4240	73.88
"GAGCTCCACGAGGGTTGACG"	4238	73.96
"GAGCTCTATCATTGCTCATA"	4235	74.04
"GAGCTCGATCGTGGGAAATT"	4225	74.13
"GAGCTCGCCTTAAGCTGCTT"	4202	74.21
"GAGCTCGCCCGTGTTAAATT"	4201	74.29
"GAGCTCAAGTATGTGCTGGT"	4197	74.38
"GAGCTCGAAGGTGTCCTATT"	4194	74.46
"GAGCTCATTATGCCCCGCAG"	4192	74.54
"GAGCTCCGGGCGCCAGCGGT"	4188	74.63
"GAGCTCTGTCATGTTACTTT"	4182	74.71
"GAGCTCGCCTACTTGTCGTG"	4172	74.79
"GAGCTCTTGACACATTCACA"	4171	74.87
"GAGCTCAGTTCGTTAAGGGT"	4169	74.96
"GAGCTCGGGAATTGATCGAC"	4158	75.04
"GAGCTCGCAAAACTTGCCGG"	4153	75.12
"GAGCTCAATTCAATATGGCA"	4140	75.20
"GAGCTCTACGGTTGGTCGCG"	4135	75.28
"GAGCTCGGTGGTGATGTAAA"	4124	75.36
"GAGCTCACTCCAGTATACGC"	4124	75.45
"GAGCTCACGTATACCCCTTG"	4109	75.53
"GAGCTCATGTCCCAATTCCA"	4108	75.61
"GAGCTCTCGCCTGTTGAACT"	4102	75.69
"GAGCTCTGATTGGGGTGCCT"	4099	75.77
"GAGCTCATTGGTAAGGGTCG"	4098	75.85
"GAGCTCAACGCTCGTTCGTA"	4097	75.93
"GAGCTCTCCCACGAGCTGTG"	4086	76.01
"GAGCTCGGAGATTCGGGTCC"	4083	76.09
"GAGCTCGGACGGGGACTTGT"	4082	76.17
"GAGCTCGCTGGGATATATGG"	4077	76.25
"GAGCTCGATCCAGGTAAGTT"	4077	76.34
"GAGCTCAACGATCCTGGGTC"	4076	76.42
"GAGCTCGGTCCCATCCTGTT"	4074	76.50
"GAGCTCATTTCTGCATTACT"	4051	76.58
"GAGCTCGAAACATAGTCGTC"	4038	76.66
"GAGCTCACGTCTTTGATCTG"	4038	76.74
"GAGCTCGGGGAAAAGCGATA"	4035	76.82
"GAGCTCCGTAGTGATGGGAT"	4028	76.90
"GAGCTCAGAAAAATGGTGCT"	4014	76.97
"GAGCTCTCCTTCAAGTTTGG"	3996	77.05
"GAGCTCGGTTAGCCCTGAGT"	3993	77.13
"GAGCTCTATTTATGTCGGAT"	3987	77.21
"GAGCTCTCGCATACGGTGTT"	3984	77.29
"GAGCTCGTATTCTATGAGCT"	3979	77.37
"GAGCTCATGCCTTTTTTGAC"	3960	77.45
"GAGCTCTCTGTGCGTTTTCG"	3951	77.53
"GAGCTCGGTCGCTCGCGAGC"	3944	77.60
"GAGCTCTGTCCGGAGTTCTG"	3941	77.68
"GAGCTCGACTAAATGGGTTA"	3940	77.76
"GAGCTCGATGATTTTCGATA"	3937	77.84
"GAGCTCGAAGGGCTGTAATT"	3932	77.91
"GAGCTCACTCGTTGGTATAC"	3912	77.99
"GAGCTCTGGAATTGGTTAGG"	3911	78.07
"GAGCTCGCCTTATGTAGCTA"	3903	78.15
"GAGCTCCGGCAGGCGCAGCT"	3894	78.22
"GAGCTCTCCCAGTGGTACGG"	3882	78.30
"GAGCTCTAGCGGCGTATTAC"	3876	78.38
"GAGCTCGTATGGCAGAATTA"	3874	78.45
"GAGCTCTAACCCGGACATCA"	3856	78.53
"GAGCTCGGTAGAAGCGCTAT"	3853	78.61
"GAGCTCGCTGTGCCTCATAA"	3853	78.68
"GAGCTCACGGTAGTCATACT"	3823	78.76
"GAGCTCGGGTTACATTATCG"	3816	78.83
"GAGCTCTGCGAAGGAGCATT"	3815	78.91
"GAGCTCCGAGGGGTTAGTGG"	3805	78.98
"GAGCTCAAATGGTAGCTGGG"	3804	79.06
"GAGCTCATGCCTCTCAGTCT"	3793	79.13
"GAGCTCCGGTGAGTAGCAAG"	3789	79.21
"GAGCTCTGGATGTGGGACAA"	3788	79.28
"GAGCTCTATTGGCATTTGAA"	3788	79.36
"GAGCTCGGATAATTGAGGTT"	3782	79.43
"GAGCTCCGCTTTGCTAGTTA"	3779	79.51
"GAGCTCCTAGACTGCTATAG"	3777	79.58
"GAGCTCCGTGGGTTCAATTC"	3750	79.66
"GAGCTCAAATGCCGCGGAGT"	3750	79.73
"GAGCTCAGTCGTAAGCTTAG"	3732	79.80
"GAGCTCCGGCTTCCGCTCAT"	3725	79.88
"GAGCTCTTGGGATGTTGAAG"	3679	79.95
"GAGCTCGGGTACATTTTTAT"	3676	80.02
"GAGCTCAGAATCTTTCTGGC"	3674	80.10
"GAGCTCTGGCTAAACCGGCG"	3665	80.17
"GAGCTCAATGGTTACCATAT"	3661	80.24
"GAGCTCCGCGACGGGTCGAG"	3630	80.31
"GAGCTCCCGCCGGACGTGCT"	3620	80.38
"GAGCTCATCGAGAGTTGTTG"	3619	80.46
"GAGCTCCGAGCCGTACGATA"	3552	80.53
"GAGCTCGCGCTTACTGGTTG"	3549	80.60
"GAGCTCGCTAGTCATCGTGC"	3532	80.67
"GAGCTCATGTTACTAGTGTT"	3511	80.73
"GAGCTCGTGGCTCATCCTGG"	3505	80.80
"GAGCTCTCAAACGAGTTTGG"	3504	80.87
"GAGCTCCTTGATTCAGCAGT"	3495	80.94
"GAGCTCAAGTGAGCCTAGTT"	3488	81.01
"GAGCTCTGCAGGCCCCGCAG"	3483	81.08
"GAGCTCTGGACGTATTCTAT"	3469	81.15
"GAGCTCTCATGGGTTTGCGC"	3465	81.22
"GAGCTCGGCTCAAAGCCAAA"	3442	81.29
"GAGCTCTATACGACTGATGT"	3437	81.35
"GAGCTCCGTCGGCTGGTTGT"	3432	81.42
"GAGCTCATAGGTAGTCCACT"	3424	81.49
"GAGCTCTTGGCGCGGATCCA"	3420	81.56
"GAGCTCAGATTCCGCAGGCG"	3411	81.62
"GAGCTCTTGGAAGGCTGTGA"	3409	81.69
"GAGCTCTGTCCTGGCTACAA"	3399	81.76
"GAGCTCCCCACCAGTATCCT"	3381	81.82
"GAGCTCCAGGCGGTATATGT"	3371	81.89
"GAGCTCTATGTGCGGTGAGT"	3368	81.96
"GAGCTCCGACAGGCTCCGGG"	3356	82.02
"GAGCTCCTGACCAGCGGCTT"	3352	82.09
"GAGCTCTAGGCAAAGCGGTA"	3332	82.16
"GAGCTCACTTGTGTAGAATG"	3305	82.22
"GAGCTCCGAGGAATGCCCTA"	3303	82.29
"GAGCTCAGCACCTTTGCGAT"	3292	82.35
"GAGCTCCACGTGCTCAAGTC"	3287	82.42
"GAGCTCAAGTGCTCAGACAT"	3286	82.48
"GAGCTCATGCTCATAGTGAT"	3282	82.55
"GAGCTCCCCACCGAATGACG"	3260	82.61
"GAGCTCTTCCCGCGGTAGTG"	3245	82.68
"GAGCTCAGCGGCATCTGTCC"	3217	82.74
"GAGCTCAGTATGACTCCTAG"	3215	82.80
"GAGCTCGTTTGGGGCTGGGA"	3184	82.87
"GAGCTCATGGTATAGCCGTT"	3156	82.93
"GAGCTCCGAGTGCGTAGCCA"	3154	82.99
"GAGCTCGTTGGATGGTTGTT"	3134	83.05
"GAGCTCGTTTAACATTTGCA"	3132	83.11
"GAGCTCATTTAGGAGTTTGT"	3131	83.18
"GAGCTCGTCGTCTGCTGTTA"	3104	83.24
"GAGCTCGGTAGTAGATCTAT"	3104	83.30
"GAGCTCCTGCCTAAGGGCCT"	3103	83.36
"GAGCTCTATTACAAAGGCGT"	3101	83.42
"GAGCTCGTGAACTTATCACA"	3101	83.48
"GAGCTCAATTGAAAAGCACG"	3086	83.54
"GAGCTCAGAGCCTCTGTCAG"	3080	83.60
"GAGCTCTGGGGATTAGGCGG"	3077	83.67
"GAGCTCTCCTGGGCCGTCTT"	3059	83.73
"GAGCTCGTCCTGTTGAGTTA"	3045	83.79
"GAGCTCCTGCTGCGAATACG"	3043	83.85
"GAGCTCATTACACCTCTGTG"	3038	83.91
"GAGCTCACACTCAGAAATTC"	3023	83.97
"GAGCTCAAATCACTGCTATG"	3019	84.03
"GAGCTCTCACACACGCCTTA"	3011	84.08
"GAGCTCCCGGTTAGTACTAT"	2988	84.14
"GAGCTCTGGTTACACGATGC"	2985	84.20
"GAGCTCGATTTCTTGCTTTT"	2967	84.26
"GAGCTCGCATGTACTTGCAG"	2965	84.32
"GAGCTCAGGACAAAATCGTA"	2961	84.38
"GAGCTCTGTCATGTTTTGGT"	2960	84.44
"GAGCTCTAGCTCATTTGCTC"	2952	84.50
"GAGCTCAACGATACGTTAAA"	2951	84.55
"GAGCTCTGTTGTACCGGGCC"	2930	84.61
"GAGCTCAACTAAATCGTCAC"	2913	84.67
"GAGCTCTAAGGCGGTTGTGT"	2908	84.73
"GAGCTCCGGAGGCACGTTAG"	2902	84.78
"GAGCTCTGATTGCACTCATG"	2896	84.84
"GAGCTCATGCAACTCATATA"	2878	84.90
"GAGCTCCGGGTGTCAAAGCC"	2868	84.95
"GAGCTCTTTGCTCGTATTGG"	2860	85.01
"GAGCTCAGTGGTATTCTGAG"	2858	85.07
"GAGCTCCACGAATAAGGGGC"	2855	85.12
"GAGCTCTGACCACTTGTAGG"	2849	85.18
"GAGCTCTAGTAGGCAGAGTG"	2846	85.24
"GAGCTCCCCTATATTCCGTT"	2832	85.29
"GAGCTCATTCTAGACGTGGG"	2831	85.35
"GAGCTCTACTTACCTCGGGT"	2829	85.40
"GAGCTCTTCTACGGGGGTTG"	2826	85.46
"GAGCTCCGCATGCGTACAGG"	2825	85.52
"GAGCTCGTGTAGTGTTAAGA"	2821	85.57
"GAGCTCTTATTACCCCCTGG"	2815	85.63
"GAGCTCTCTCCCCTGGTAAT"	2814	85.68
"GAGCTCTGACTTGGCAAGTA"	2808	85.74
"GAGCTCCAGCCCTACACATG"	2808	85.79
"GAGCTCACTGATGTGAAGAT"	2804	85.85
"GAGCTCGTGGATTAATTTGG"	2782	85.90
"GAGCTCCGTTGGATACTTAG"	2781	85.96
"GAGCTCTCGACGGAGAACAA"	2768	86.01
"GAGCTCCCAACCATGATCGC"	2762	86.07
"GAGCTCTCACTCGGTACGTT"	2748	86.12
"GAGCTCCAAGTGGTCGCATC"	2716	86.18
"GAGCTCGCTCAGTCTTGGAT"	2713	86.23
"GAGCTCTGTAGACGGTGGAG"	2703	86.28
"GAGCTCATTTCCTGCGGTTG"	2698	86.34
"GAGCTCCATGCTACGATGGT"	2690	86.39
"GAGCTCTTCATGGGCCATGC"	2676	86.44
"GAGCTCTATGCCTTCCCCCG"	2672	86.50
"GAGCTCTTAGGGCCATGGAG"	2656	86.55
"GAGCTCGCCTAATAGAGAGT"	2646	86.60
"GAGCTCTCACATGTACACTT"	2642	86.65
"GAGCTCCCCGTATGAACGTA"	2604	86.70
"GAGCTCTAGTCAGTTGCGGC"	2601	86.76
"GAGCTCTATCTTAATTGGTT"	2595	86.81
"GAGCTCCGTAATGAGTTGTG"	2595	86.86
"GAGCTCTCCTGTATGGGGGT"	2585	86.91
"GAGCTCCCCGTTTCGCCAAA"	2582	86.96
"GAGCTCTACTTTTTGCCTTA"	2573	87.01
"GAGCTCCGGCTTGAACTGTA"	2568	87.06
"GAGCTCCATTGGTTGTCCCG"	2566	87.11
"GAGCTCGAGTTATACATTGT"	2563	87.16
"GAGCTCCCACGGGTCAATGT"	2560	87.21
"GAGCTCCGGTTTGCTTTCCG"	2547	87.26
"GAGCTCCGCCATTTGAATTT"	2537	87.31
"GAGCTCTCTTGTATAGTTAA"	2534	87.36
"GAGCTCTTGCTTGATAATTC"	2514	87.41
"GAGCTCTGTTGCGTGACCGG"	2512	87.46
"GAGCTCAGAAGAGCAAATGA"	2490	87.51
"GAGCTCAGACTAGTAATGTT"	2481	87.56
"GAGCTCATTCGTGAGCTGTG"	2473	87.61
"GAGCTCAGTTTGGTGAAAGA"	2469	87.66
"GAGCTCTTTAGGGGCAACTT"	2467	87.71
"GAGCTCACATTTCAAATTTG"	2459	87.76
"GAGCTCCGCTTTCCTCATAG"	2454	87.81
"GAGCTCAGAGATCCGGATTC"	2454	87.85
"GAGCTCCAACCCTAGGTTTG"	2446	87.90
"GAGCTCCGCTACAGTGGTCT"	2441	87.95
"GAGCTCCCGTGATGCCTGGC"	2432	88.00
"GAGCTCCCGCACACCCTAGG"	2426	88.05
"GAGCTCCGTTAAATACGTTA"	2418	88.09
"GAGCTCTGTTGATAGACTTT"	2414	88.14
"GAGCTCTCCGCCTGGTAGGG"	2413	88.19
"GAGCTCTTTGAAAGGTTTCC"	2402	88.24
"GAGCTCTTGACCAAGGGCAA"	2402	88.28
"GAGCTCTGGGAGGAGGAGTC"	2372	88.33
"GAGCTCTACTGGATGAAACC"	2371	88.38
"GAGCTCATCTACATGGTAGC"	2357	88.43
"GAGCTCTAGTACATGCAGTA"	2355	88.47
"GAGCTCTCCGGATGCTGAGC"	2349	88.52
"GAGCTCAATGGTCTTAGTTT"	2348	88.56
"GAGCTCTAGGCATAACCCGT"	2346	88.61
"GAGCTCCGTATAATGCATCT"	2338	88.66
"GAGCTCATTCATTCACGCGT"	2336	88.70
"GAGCTCATGATTGTAAAGAA"	2336	88.75
"GAGCTCCGCGTTACGCTCTC"	2331	88.80
"GAGCTCATTTGAGATTACAT"	2325	88.84
"GAGCTCTGTTGGTATGCATC"	2322	88.89
"GAGCTCAGATATAAGTTTCG"	2317	88.93
"GAGCTCACACAGGAATTAAA"	2316	88.98
"GAGCTCGCACACCGTGTGAA"	2315	89.02
"GAGCTCTAGTGCATACCTAT"	2309	89.07
"GAGCTCCTGGGTCACGCGGG"	2303	89.12
"GAGCTCATGATGCCGTGTTA"	2302	89.16
"GAGCTCGGTTCATTATCGTA"	2297	89.21
"GAGCTCCTGTCCGTCCAGGT"	2285	89.25
"GAGCTCCGGTATGGAAGTAA"	2283	89.30
"GAGCTCTGATTCAAGTCCCA"	2277	89.34
"GAGCTCCACAAAATCATTTT"	2276	89.39
"GAGCTCCAATACCCTACTGT"	2273	89.43
"GAGCTCTTCACCCTCCTGAT"	2237	89.48
"GAGCTCTGGACTAGAAGGTT"	2232	89.52
"GAGCTCACGTCTTAAGAACC"	2216	89.56
"GAGCTCTAGGAGTTAGAGAG"	2215	89.61
"GAGCTCAGGACAGTTATAAT"	2206	89.65
"GAGCTCTCAATTGTAGGCGT"	2204	89.70
"GAGCTCAGGGAACTTGTAGT"	2198	89.74
"GAGCTCACTTCTTGGGGTTG"	2184	89.78
"GAGCTCCAATCCGTTCATGG"	2171	89.82
"GAGCTCGGGTTGTGCCTCAC"	2170	89.87
"GAGCTCAGCTGTGCTGGTTT"	2167	89.91
"GAGCTCTACAGTATCCGTCG"	2165	89.95
"GAGCTCGCTTTTGTGAACCG"	2163	90.00
"GAGCTCGTCACTGGTCAAAA"	2162	90.04
"GAGCTCAGCTAAGTAAGATA"	2152	90.08
"GAGCTCACGCATTTCTCTGC"	2152	90.12
"GAGCTCATAGCTCGATTTTT"	2149	90.17
"GAGCTCTAATTGATTTATGT"	2141	90.21
"GAGCTCCAGGGCTATTCTCA"	2141	90.25
"GAGCTCCATTGATGGTTGTC"	2138	90.29
"GAGCTCTAGACTTGGTTGCT"	2135	90.34
"GAGCTCTGCGGCCCTAGAAA"	2125	90.38
"GAGCTCCTGGCTCCAAGCAT"	2125	90.42
"GAGCTCCCGGTGTAAAGTTG"	2123	90.46
"GAGCTCATAGTTCTTACGAC"	2120	90.50
"GAGCTCCTAGCACGGGAGCT"	2113	90.54
"GAGCTCCACTAGGTGGTTTT"	2111	90.59
"GAGCTCCCGAGTCCAGAGGG"	2103	90.63
"GAGCTCGTTGGTTAACATAG"	2102	90.67
"GAGCTCTAGGCTCGTGGCCT"	2101	90.71
"GAGCTCCACGGTATTTGCAT"	2100	90.75
"GAGCTCGGGAAGATAACTTT"	2096	90.79
"GAGCTCTCTCCACGTCGTTG"	2092	90.84
"GAGCTCCGCATTCGCCGGTG"	2092	90.88
"GAGCTCGCGATCTGTTAATG"	2079	90.92
"GAGCTCTACGTATCGTCGGA"	2075	90.96
"GAGCTCTCAGGTGTATCACC"	2061	91.00
"GAGCTCTGTGTCCTCTTACG"	2059	91.04
"GAGCTCCTAAGTGAGAGGTT"	2041	91.08
"GAGCTCCTCCAGCCCCTTGT"	2040	91.12
"GAGCTCTGTCACGTTCTATT"	2036	91.16
"GAGCTCTACTTACACGTAGG"	2031	91.20
"GAGCTCTTCTCGTACTTATC"	2023	91.24
"GAGCTCTGGGTAACCTATAT"	2022	91.28
"GAGCTCCTATCTGGGACTGG"	2010	91.32
"GAGCTCTGCTTGTTAAGTCC"	2006	91.36
"GAGCTCGTATTAGACATAGG"	2004	91.40
"GAGCTCCGAGTTGTCCATCT"	1999	91.44
"GAGCTCGTTAACTCGTAGGT"	1990	91.48
"GAGCTCTTTTTGTGTGGGTG"	1985	91.52
"GAGCTCAGGTTGCTTAGTTT"	1981	91.56
"GAGCTCTTTATTCTGTGAGG"	1961	91.60
"GAGCTCGGTAAATATACCAA"	1957	91.63
"GAGCTCCTGATGTAGCTGCG"	1953	91.67
"GAGCTCTTTGTGAGCCCGGG"	1943	91.71
"GAGCTCATCTAATGGAAATG"	1936	91.75
"GAGCTCTTGAGCACCGATTG"	1931	91.79
"GAGCTCTGGTTTAAAGGTTT"	1931	91.83
"GAGCTCCCGTTGTGAGTGAT"	1931	91.86
"GAGCTCATGCTAAATCAGAA"	1925	91.90
"GAGCTCGTAACTCCCTTTCA"	1923	91.94
"GAGCTCTTGATCGTGGCATA"	1910	91.98
"GAGCTCGGTAGTGAGTTTAT"	1903	92.02
"GAGCTCATGTCACAGGCTTT"	1898	92.05
"GAGCTCTTGCATAGCGTGGC"	1892	92.09
"GAGCTCACTTTGTTCGCATG"	1883	92.13
"GAGCTCTTGGGGAACCAGTC"	1877	92.17
"GAGCTCCTAAGAAAACGGCC"	1859	92.20
"GAGCTCCGTCGGATCTCGAT"	1848	92.24
"GAGCTCGTTTAAACACCCTA"	1844	92.27
"GAGCTCAGTTGCTAATATAC"	1831	92.31
"GAGCTCAAGGGCTTCGTAGG"	1830	92.35
"GAGCTCTCCGGTGTTAAGGG"	1828	92.38
"GAGCTCCATCCGATCTAGGT"	1820	92.42
"GAGCTCACATAGGAATTAGT"	1815	92.46
"GAGCTCCTCCAGGGAGCGTT"	1807	92.49
"GAGCTCTTATTAACATAATG"	1792	92.53
"GAGCTCCGGATTACTGTGTT"	1786	92.56
"GAGCTCTGTGAAGGTGATCA"	1784	92.60
"GAGCTCGTGAAATTATGTTC"	1776	92.63
"GAGCTCTCTCTGGCCTACAG"	1772	92.67
"GAGCTCAGTCTTCACGGATT"	1772	92.70
"GAGCTCTATAACAGGTGGAC"	1769	92.74
"GAGCTCACTATCTGATTTTG"	1769	92.77
"GAGCTCGGTGTATCTTGTTT"	1763	92.81
"GAGCTCCCGACTGAAATGAT"	1742	92.84
"GAGCTCTCGCCTAGATGAGT"	1741	92.88
"GAGCTCCTCATCCATACCAG"	1739	92.91
"GAGCTCCCGTGGCATTTCAC"	1739	92.94
"GAGCTCTGCTTCCGACTTTA"	1732	92.98
"GAGCTCCAGCTTACTGTACT"	1730	93.01
"GAGCTCCCTACGAGATTTGG"	1727	93.05
"GAGCTCCAAGTGCTCCGCTA"	1727	93.08
"GAGCTCTATAGGAGGCATAC"	1724	93.11
"GAGCTCCGTTGTGTACTAGA"	1715	93.15
"GAGCTCCTGAGAGTAGTTTG"	1708	93.18
"GAGCTCCAGTGAGATCTAAG"	1707	93.22
"GAGCTCAATGTATGTCTATT"	1700	93.25
"GAGCTCTGGGTAATAGCATA"	1698	93.28
"GAGCTCTAGGTTGGATTCAG"	1698	93.32
"GAGCTCTCTAGGCTGCCCTT"	1692	93.35
"GAGCTCCGCCCTTGTATTTC"	1686	93.38
"GAGCTCCGAGGTCGATGGGC"	1684	93.42
"GAGCTCTCCTCATTGGGGCT"	1673	93.45
"GAGCTCTGGAAACTCGCTAG"	1670	93.48
"GAGCTCCTGTTGGACATTCT"	1664	93.52
"GAGCTCTCCTGGGTCAATAT"	1654	93.55
"GAGCTCACCTTCTTATTGGC"	1650	93.58
"GAGCTCCCTTGGGTGATGTT"	1626	93.61
"GAGCTCGATTTTTGCTGGGT"	1605	93.65
"GAGCTCCGCGCGGAGCGGTT"	1604	93.68
"GAGCTCATACTGTTTATTAT"	1604	93.71
"GAGCTCTCACCAACTTGTAT"	1599	93.74
"GAGCTCCTTGTTGGGCGTTG"	1598	93.77
"GAGCTCTACAGAATAACGGG"	1597	93.80
"GAGCTCTGGGGTTAGGCTGT"	1596	93.83
"GAGCTCTACGTGTTGTATGA"	1584	93.87
"GAGCTCCGAGTCTCTCTGCT"	1572	93.90
"GAGCTCGTATTCCTCGAAGA"	1570	93.93
"GAGCTCTAGTCTGGCGTTGG"	1567	93.96
"GAGCTCTAGCGTAGTGTTGT"	1567	93.99
"GAGCTCATAGTTATTCCGGC"	1566	94.02
"GAGCTCTCGGACTATCTCTT"	1558	94.05
"GAGCTCTTAGCAAGTGATGG"	1550	94.08
"GAGCTCGTATTACTTTGCAA"	1544	94.11
"GAGCTCTTTGTGTAGTAGGA"	1533	94.14
"GAGCTCTAACAGGCTATGAT"	1533	94.17
"GAGCTCCCAAAATTTCAGCG"	1532	94.20
"GAGCTCTTATCTACATGATG"	1529	94.23
"GAGCTCCGCGTTTGTTCAGG"	1526	94.26
"GAGCTCTAGAGTATCGTGGG"	1499	94.29
"GAGCTCGATTCTAAGATTAA"	1497	94.32
"GAGCTCCGTCTTCACCTAGG"	1496	94.35
"GAGCTCGATCCTATAAGTTT"	1495	94.38
"GAGCTCTGATTTATTGCCAA"	1489	94.41
"GAGCTCCAATTGCGATTTGA"	1479	94.44
"GAGCTCTACGTGATGGTTTC"	1478	94.47
"GAGCTCAGATTCTTGGTTGG"	1475	94.50
"GAGCTCAGTGTGTCGGAATG"	1472	94.53
"GAGCTCCGTTTGGGTTTTAG"	1469	94.56
"GAGCTCTTGTCTAACTTTAA"	1465	94.59
"GAGCTCATATGTCCAGGATT"	1459	94.62
"GAGCTCTGTAGTATCATGTG"	1457	94.64
"GAGCTCTCGCATTGTCGGGT"	1447	94.67
"GAGCTCTATTTTCCCGGTAA"	1440	94.70
"GAGCTCGGGAGTTGATGAAA"	1439	94.73
"GAGCTCCTCGATTGGTCTTG"	1437	94.76
"GAGCTCAAGTATGAGTAATT"	1431	94.79
"GAGCTCTACAGGAATGCAAA"	1429	94.81
"GAGCTCTGTAGCTTCGGGCT"	1426	94.84
"GAGCTCTTTACCCGGCTACA"	1425	94.87
"GAGCTCTTTTTTGTCTCAGC"	1419	94.90
"GAGCTCCGCTTCAGGTAGTA"	1418	94.93
"GAGCTCGTAGCTCATAAGTA"	1415	94.96
"GAGCTCCAAGGCTCCCGATA"	1413	94.98
"GAGCTCGTCTTAATATAAGG"	1410	95.01
"GAGCTCCGCCGGAATTTTAC"	1407	95.04
"GAGCTCCCATTTTGATGTAG"	1407	95.07
"GAGCTCTCGTTGAAGAAGTC"	1406	95.09
"GAGCTCATGGGTATTTTAAC"	1399	95.12
"GAGCTCTCCTATGCATCAGA"	1397	95.15
"GAGCTCCAGCTCCAAGGTAT"	1394	95.18
"GAGCTCTCCCTGCTTTTTGG"	1390	95.20
"GAGCTCCAATATCCGTTACG"	1387	95.23
"GAGCTCAGACTTCTCGAGAG"	1385	95.26
"GAGCTCTCCGTCTCAGAGCT"	1381	95.29
"GAGCTCCCTTCAGGTTCCTC"	1378	95.31
"GAGCTCTGTGAGGGTTTTGT"	1374	95.34
"GAGCTCTCGTGAACGCAATA"	1372	95.37
"GAGCTCTTTCAGTTCCGATC"	1369	95.40
"GAGCTCCTAGTATTCATGCA"	1361	95.42
"GAGCTCGTTTGTAAAAGGTA"	1359	95.45
"GAGCTCCTATACGTGTTGGG"	1349	95.48
"GAGCTCCCAGGGTTATCTGT"	1348	95.50
"GAGCTCGCTATTTGGAGCAA"	1343	95.53
"GAGCTCTGGTTAGGGCGTAG"	1332	95.56
"GAGCTCCTATGGGCGTTGAG"	1330	95.58
"GAGCTCCCACTCTCTACTGA"	1327	95.61
"GAGCTCGAGATTTGTTACAC"	1324	95.63
"GAGCTCATATTTCTGTTTTT"	1324	95.66
"GAGCTCTCGTACTGAAAAGG"	1322	95.69
"GAGCTCAACGTTTCCTCTCC"	1317	95.71
"GAGCTCCGTCCTGTTAATTG"	1315	95.74
"GAGCTCTACAGATTCTTCGG"	1289	95.76
"GAGCTCGTATGAATGGTTAT"	1289	95.79
"GAGCTCGATAATTTGTTATC"	1286	95.81
"GAGCTCCTGTGGAGCGCAGC"	1278	95.84
"GAGCTCAAGATCATCTTAGT"	1277	95.87
"GAGCTCCCGTGTCTTAACGA"	1273	95.89
"GAGCTCCCCTTAAAGACTTG"	1271	95.92
"GAGCTCCCTTGAATTTTCAT"	1266	95.94
"GAGCTCTCGCCTCATACTAT"	1251	95.97
"GAGCTCTTAGCAGTGAGGAT"	1249	95.99
"GAGCTCAAGGCTTTATGAGC"	1248	96.01
"GAGCTCTTGATTTCCCATCA"	1235	96.04
"GAGCTCAATTCACCGTACAG"	1231	96.06
"GAGCTCTCCATCTACGAAGG"	1227	96.09
"GAGCTCCGGGATCTCATTAT"	1217	96.11
"GAGCTCTTGGGTACAACTTA"	1212	96.14
"GAGCTCTTCGGTGTTACCGA"	1210	96.16
"GAGCTCCTCACACCATCATT"	1206	96.18
"GAGCTCGTATTTTGGTTCTA"	1204	96.21
"GAGCTCAGTAGTGCGTCGCG"	1201	96.23
"GAGCTCGGTGTTGTATGGGC"	1197	96.25
"GAGCTCACGCTTTTATGTCA"	1194	96.28
"GAGCTCTCTTTAAAGGGAAT"	1192	96.30
"GAGCTCTTCGGTTTTAGGGG"	1188	96.32
"GAGCTCACTCTTCTCTGATA"	1186	96.35
"GAGCTCTCCAAATCCCCTAG"	1181	96.37
"GAGCTCATTCTTTTCGGCTT"	1181	96.40
"GAGCTCATAATATGGCTCTT"	1173	96.42
"GAGCTCATTTTTGGGTTGTA"	1160	96.44
"GAGCTCAGCGGTTTAGCTTA"	1157	96.46
"GAGCTCTTTTCTAACGGACG"	1156	96.49
"GAGCTCATTCAATATAAGGG"	1155	96.51
"GAGCTCCAGCATTAAAGTAG"	1150	96.53
"GAGCTCTTATCGCTGTACGT"	1148	96.56
"GAGCTCCGTACTTCTGAATA"	1143	96.58
"GAGCTCTACCTAATCAAGGT"	1138	96.60
"GAGCTCTGTCATAATGGACC"	1133	96.62
"GAGCTCCCAAACCCTATTGT"	1131	96.64
"GAGCTCTTCTCATGTACGCC"	1128	96.67
"GAGCTCACTGTTTACATTTT"	1127	96.69
"GAGCTCAGTTGTTTCCCTTG"	1121	96.71
"GAGCTCTTGGGCTTTGGCGT"	1119	96.73
"GAGCTCTATATGGAAGTCGA"	1114	96.76
"GAGCTCGTTGGGAGCAGGGT"	1105	96.78
"GAGCTCTTAGTCGTCAACCG"	1097	96.80
"GAGCTCTGCAACGGTTTTAA"	1092	96.82
"GAGCTCTACTGTTATAGTCA"	1092	96.84
"GAGCTCTCAGACACTTAACT"	1090	96.86
"GAGCTCATCTACTTTGGAGA"	1087	96.89
"GAGCTCTAGAACTTAGTACC"	1084	96.91
"GAGCTCTATATTCGCCTGGG"	1080	96.93
"GAGCTCTTACCCTCCTATCA"	1069	96.95
"GAGCTCCGCTCAAGAGTAGG"	1068	96.97
"GAGCTCCGTTAGTTTTACGC"	1065	96.99
"GAGCTCCGGTTTCGGATGGA"	1064	97.01
"GAGCTCGCTTTCAGTTATAA"	1060	97.03
"GAGCTCTCATTCCTCGTGGG"	1059	97.05
"GAGCTCAATTAGAGTATCTT"	1056	97.08
"GAGCTCTAACAATGATGTAA"	1053	97.10
"GAGCTCACATTTGAAGATTT"	1049	97.12
"GAGCTCTCTCCATTCACTTG"	1047	97.14
"GAGCTCTCTGAACGTAAAGG"	1046	97.16
"GAGCTCTCTAGGTCATCGCT"	1044	97.18
"GAGCTCTTCACCCCTCTTGT"	1032	97.20
"GAGCTCTAGTCTAAAGGAAC"	1028	97.22
"GAGCTCCTGGAGCTTTCCTC"	1026	97.24
"GAGCTCTCTGGATGTTAATG"	1025	97.26
"GAGCTCCAGTAATCCTCTCT"	1021	97.28
"GAGCTCTCTTCCAAAGCCTC"	1019	97.30
"GAGCTCTTCCATGATCGGGT"	1018	97.32
"GAGCTCCCGCCATCTTATAT"	1017	97.34
"GAGCTCTTCTTTTGACGTAC"	1016	97.36
"GAGCTCCCGGGAGTTGCGAA"	1014	97.38
"GAGCTCTATGTTACTTTGAC"	1013	97.40
"GAGCTCCAGTCTTGTTTCTA"	1013	97.42
"GAGCTCCAATCACATGGAAA"	1013	97.44
"GAGCTCCTCGGTTGATTTTG"	1010	97.46
"GAGCTCTAAACTCCGCTCTA"	1009	97.48
"GAGCTCCTACTAACATTGTC"	1007	97.50
"GAGCTCATGCTATATAGTAG"	1006	97.52
"GAGCTCGTTTTTCAAGTGTG"	984	97.54
"GAGCTCTTACACCCCTGGGG"	974	97.56
"GAGCTCTTTGGCTAATGTCC"	973	97.58
"GAGCTCTTCGTTGTAAGCCG"	966	97.60
"GAGCTCCGGTCTTTTAGGAC"	963	97.62
"GAGCTCACTTATCTCTCGAA"	954	97.64
"GAGCTCTTGAGACTAACATA"	950	97.65
"GAGCTCTTACATGATGGCTT"	947	97.67
"GAGCTCTTGTGGAGGTTAGG"	942	97.69
"GAGCTCAATTCCTTTTTCTA"	933	97.71
"GAGCTCTAAAGTGTCTCTGG"	926	97.73
"GAGCTCAACCTCTATATAGA"	922	97.75
"GAGCTCTCGCATCTTTGCAT"	921	97.76
"GAGCTCATTTACCTATGTGT"	915	97.78
"GAGCTCGATATTTTTAGCGA"	910	97.80
"GAGCTCCTAGTCCTCAAGCA"	910	97.82
"GAGCTCGCATCCAGATCTTT"	905	97.84
"GAGCTCTCTTGAACGAGTTC"	904	97.85
"GAGCTCGTACACAGAAACGA"	897	97.87
"GAGCTCTTTGTGTTCGCGTG"	890	97.89
"GAGCTCATTAGATGTTGTGT"	887	97.91
"GAGCTCTCCAGCAGTGCTGC"	886	97.92
"GAGCTCCTCTTGAGACTTGG"	885	97.94
"GAGCTCCGTTCTTTGCTCTC"	885	97.96
"GAGCTCATTTTAAATATGTT"	883	97.98
"GAGCTCCTGAGAAGATGAAT"	880	97.99
"GAGCTCTTTAAGATGTATTG"	872	98.01
"GAGCTCTGGGTTATAAATAC"	865	98.03
"GAGCTCCCAGCTCTTTCTAG"	860	98.05
"GAGCTCCGGGATCTTTAGAG"	845	98.06
"GAGCTCTCTCTGTTATACTC"	842	98.08
"GAGCTCTCCAGTATCCTTAT"	840	98.10
"GAGCTCGTTTATGTGATTTT"	839	98.11
"GAGCTCCGCTATTCCCTATT"	836	98.13
"GAGCTCTTCGAGGACCCTTT"	828	98.15
"GAGCTCTATACGTAAATATT"	828	98.16
"GAGCTCAAATTGTCTTCATA"	826	98.18
"GAGCTCGATACCCACGGCAT"	823	98.19
"GAGCTCGCTAGATCTTTTTT"	822	98.21
"GAGCTCTGGATTAACATTAA"	819	98.23
"GAGCTCTTATTCATGCTGCA"	818	98.24
"GAGCTCTATTACATCTCCCA"	817	98.26
"GAGCTCCTTGTGCCTTGGAG"	815	98.28
"GAGCTCAATAAAGCTTCAAT"	808	98.29
"GAGCTCATTTTTGCAATAAC"	807	98.31
"GAGCTCTCCTTATTTGGGCA"	797	98.32
"GAGCTCAATACATTTTCCTT"	795	98.34
"GAGCTCTTTTCGTTACAGTG"	789	98.35
"GAGCTCTGTCGTTTTCAACA"	787	98.37
"GAGCTCCTAAATTAAAGCAG"	782	98.39
"GAGCTCTTAGGCTCGTTAGT"	777	98.40
"GAGCTCTTTGGAGTCCGTTA"	775	98.42
"GAGCTCTGCTCTATCTATTA"	770	98.43
"GAGCTCTCGGTTCTATCGAA"	764	98.45
"GAGCTCTTGTCAAAGTAGTT"	763	98.46
"GAGCTCCTATGGTGTATAGA"	762	98.48
"GAGCTCCTCCGTACATAATG"	755	98.49
"GAGCTCTCGTAAAAAGGTTA"	754	98.51
"GAGCTCTTCTGTTACGTCCT"	750	98.52
"GAGCTCTTCATACTCGTCGT"	749	98.54
"GAGCTCCGTATTTATTGGAC"	746	98.55
"GAGCTCTTTTTCTTCTTTAC"	742	98.57
"GAGCTCAACCTTTCAATTTT"	740	98.58
"GAGCTCCAGTTCTTCTCCTA"	736	98.59
"GAGCTCTTGTGTTCTGCAAA"	735	98.61
"GAGCTCTAATGTAATTCATG"	718	98.62
"GAGCTCTTTTCGTTAGTTTT"	707	98.64
"GAGCTCACACTTTTTATTTG"	701	98.65
"GAGCTCCCATGTAAATGTTA"	698	98.66
"GAGCTCAGGTATTTTACTGG"	697	98.68
"GAGCTCAAATAATCTTTACC"	689	98.69
"GAGCTCTTATACGACCTTTG"	684	98.71
"GAGCTCTCCATTTCTTGTGC"	668	98.72
"GAGCTCATTTTATAGTGTTA"	666	98.73
"GAGCTCAAAGTTACCTTATG"	666	98.75
"GAGCTCTTTCCAGTGTTAGA"	662	98.76
"GAGCTCATATAATTCAGCTT"	661	98.77
"GAGCTCTCTGCTCCTATAAT"	658	98.78
"GAGCTCTTTCCTTACGTGTC"	650	98.80
"GAGCTCTTAAACATCTTGCG"	640	98.81
"GAGCTCTCTAGTAAGTGCTG"	639	98.82
"GAGCTCTAAAAATGGTATAG"	637	98.83
"GAGCTCTTGATAAATGAGGG"	633	98.85
"GAGCTCTTTTTCAAGGATGG"	629	98.86
"GAGCTCTTTTGTTTCTTTGG"	621	98.87
"GAGCTCGGAAAGTATAAAAT"	621	98.88
"GAGCTCCTATGTATAATAAC"	619	98.90
"GAGCTCCTATTTTTGTCTAG"	608	98.91
"GAGCTCTTATTGTTTTCTGA"	604	98.92
"GAGCTCCTACATTGTCTATT"	603	98.93
"GAGCTCTTTATAGTTTGAGC"	597	98.94
"GAGCTCTTAACCCGTTGTTA"	594	98.96
"GAGCTCTAAGATTCCACTAA"	590	98.97
"GAGCTCAATTCTTATGGTAG"	589	98.98
"GAGCTCGTTATATAAATACA"	580	98.99
"GAGCTCCAATAAGAATCTGG"	578	99.00
"GAGCTCATTATTTATGGAAC"	562	99.01
"GAGCTCCTTGTAAGCATTTT"	561	99.02
"GAGCTCTTGTATTCATCGGT"	558	99.04
"GAGCTCTCATTGTATCTTAG"	543	99.05
"GAGCTCCTTAACTCTGTTCA"	538	99.06
"GAGCTCAAGCACAAACCGTA"	531	99.07
"GAGCTCTTAGTTAGGTTTAA"	530	99.08
"GAGCTCGACATATTCAGCAT"	529	99.09
"GAGCTCTGTTTAGAATAAGA"	520	99.10
"GAGCTCTTTTAAACCGGCTC"	517	99.11
"GAGCTCTAAGTATCACGTTT"	516	99.12
"GAGCTCTATAAGTAATGGTA"	512	99.13
"GAGCTCCGAGAATTTTTACA"	510	99.14
"GAGCTCGTCATTTTTTCGAC"	507	99.15
"GAGCTCTTCTGTGTTTCATA"	506	99.16
"GAGCTCTCTTATGGGTTGAG"	503	99.17
"GAGCTCTTGCATTTGTGTAC"	487	99.18
"GAGCTCCTTGGTCTTTTGTG"	479	99.19
"GAGCTCCCTTCATCCTTTAA"	478	99.20
"GAGCTCTTATTCAGTAATGT"	475	99.21
"GAGCTCCCCTATTTTTCCTG"	471	99.22
"GAGCTCTTCTTTCGTTTTAT"	467	99.23
"GAGCTCGGAGATTTTTTTTC"	456	99.23
"GAGCTCTTGACATTATTGAT"	454	99.24
"GAGCTCCCCCTTGACGTTAT"	450	99.25
"GAGCTCTTTAGCTAAGGCTT"	449	99.26
"GAGCTCTGACTGGAGAAAGG"	447	99.27
"GAGCTCGGAAGTGCAGAAAA"	447	99.28
"GAGCTCTTCTTTTTACTTGT"	441	99.29
"GAGCTCTTTCTCTAGTACAC"	440	99.30
"GAGCTCAATATATGTATTGA"	435	99.30
"GAGCTCAATTCGACGGCTTG"	434	99.31
"GAGCTCTCAAGTTCTTCGCT"	431	99.32
"GAGCTCTCACTTTAGTATTA"	429	99.33
"GAGCTCTCCATTTAATCTCA"	427	99.34
"GAGCTCTAATAACTGGTCAG"	425	99.35
"GAGCTCTTATGAAGTCATAA"	421	99.36
"GAGCTCTTGGATTATTTATG"	417	99.36
"GAGCTCTTTTTGAAGCGTAT"	406	99.37
"GAGCTCCTTTATACACATGT"	401	99.38
"GAGCTCTTTGGGCCCGACGG"	399	99.39
"GAGCTCTGCGGCGCCGCATA"	396	99.40
"GAGCTCACATGTTAAGTGAG"	393	99.40
"GAGCTCTTCCATTTCTACCT"	391	99.41
"GAGCTCTCTGTATTCTCTGA"	387	99.42
"GAGCTCCACATAGGGTAATC"	384	99.43
"GAGCTCTTAAGATTCACTGT"	382	99.43
"GAGCTCAGGGTCGCTGATCT"	382	99.44
"GAGCTCTTGGCCTAGGTGCC"	380	99.45
"GAGCTCCCTTAAAAGTAAAT"	377	99.46
"GAGCTCGATGATTCTATTAC"	372	99.46
"GAGCTCAGACAAAGGGTTTG"	371	99.47
"GAGCTCTCTAAAAACAATCT"	370	99.48
"GAGCTCTACTAATTCAGTAT"	369	99.49
"GAGCTCGCTATACGTCCACT"	368	99.49
"GAGCTCTATGGCGGAACTGC"	365	99.50
"GAGCTCTTTATTATTTTCTT"	357	99.51
"GAGCTCTGTCGTTTTCCCTC"	355	99.51
"GAGCTCGAGCTACGTAAAAA"	352	99.52
"GAGCTCTTTGTCTAAGTTCT"	349	99.53
"GAGCTCGTTTTGGCTGTGCG"	346	99.53
"GAGCTCGGCTGGTGTATAAG"	346	99.54
"GAGCTCCTGTTGAGGATCTT"	343	99.55
"GAGCTCAACATTCTGGTATT"	341	99.56
"GAGCTCTTCCGAACGGCATA"	330	99.56
"GAGCTCTTATTATCATGTCA"	325	99.57
"GAGCTCTAAAGCATAAAATT"	323	99.57
"GAGCTCCGCGATCGTACTGT"	322	99.58
"GAGCTCCTTCTCCTTTTTCA"	319	99.59
"GAGCTCTAGATAAATATGTT"	315	99.59
"GAGCTCCTAAGATATTGAAG"	312	99.60
"GAGCTCTAGTAGGGTCATTT"	311	99.61
"GAGCTCTTCCTGGCAGTACA"	310	99.61
"GAGCTCTTAACTTAATTAGC"	309	99.62
"GAGCTCTTTAGTTTGTAGAC"	291	99.62
"GAGCTCGATTCATCTTAGTC"	291	99.63
"GAGCTCGTGCAGTTCGGCTC"	287	99.64
"GAGCTCTTTTTCATGTACTC"	286	99.64
"GAGCTCTTGATTCTAGTTCT"	286	99.65
"GAGCTCCATATTTTCGAGTT"	284	99.65
"GAGCTCTTTACTATTTGGGT"	282	99.66
"GAGCTCATGACTGTTATGGT"	276	99.66
"GAGCTCCAGAATAAAAGTGA"	273	99.67
"GAGCTCGTACTTACAACTGA"	266	99.67
"GAGCTCATATTTTTTCCTAA"	261	99.68
"GAGCTCAGACAGATCCATAC"	257	99.68
"GAGCTCTGGGTAGGGGGACA"	256	99.69
"GAGCTCTGCTGGCGGATTTT"	250	99.69
"GAGCTCTGTAGATGAAATTG"	248	99.70
"GAGCTCTCTTTATTGTTATA"	242	99.70
"GAGCTCCACCATGCGTTACT"	242	99.71
"GAGCTCTAAATAAATATATA"	239	99.71
"GAGCTCAGAGGTTAATAGTA"	233	99.72
"GAGCTCAGACCTTATAATCT"	233	99.72
"GAGCTCATTGTAGTCTGCCG"	227	99.73
"GAGCTCGTGGAGGGACATTG"	226	99.73
"GAGCTCGGATGTTCTGGATA"	226	99.74
"GAGCTCTGCCCAAGTGGTAA"	221	99.74
"GAGCTCGCCATGGTTTTTAT"	216	99.74
"GAGCTCTTAAGCTAGGTGGC"	214	99.75
"GAGCTCGTTTAAAAATGAGA"	214	99.75
"GAGCTCATACGTGTATCGTG"	212	99.76
"GAGCTCCTGGATTGAAAATC"	206	99.76
"GAGCTCATAAGGCGTAAACT"	206	99.77
"GAGCTCTAGTCGGTTAGTTA"	205	99.77
"GAGCTCGGATGGAGAAAGGA"	203	99.77
"GAGCTCCTCATGCTATTCTT"	202	99.78
"GAGCTCTAAGTATCAAACCA"	201	99.78
"GAGCTCTATATTTCTGGGTT"	198	99.79
"GAGCTCAGGACGCGATAGGT"	196	99.79
"GAGCTCTTCTTAGAAAGGGG"	194	99.79
"GAGCTCCTTTATCAATAGTT"	193	99.80
"GAGCTCGCGAATGTTGTGCG"	192	99.80
"GAGCTCACACGACATTACAT"	189	99.80
"GAGCTCGGCGTGTCTCGGTT"	186	99.81
"GAGCTCTAGTATGTGCGTCA"	184	99.81
"GAGCTCTTTTTGCTGTTTTT"	183	99.82
"GAGCTCTCCCTCGACTGACC"	183	99.82
"GAGCTCAAAAGCCGGTACAG"	183	99.82
"GAGCTCTTACAGGTGATTGC"	181	99.83
"GAGCTCGTACAAGGAACGGC"	173	99.83
"GAGCTCGGTGAGAGGGGTTG"	173	99.83
"GAGCTCCATTTTTATTTAAC"	172	99.84
"GAGCTCGTTAAAGTTAGGAT"	171	99.84
"GAGCTCGAGAAGCCGAAAGG"	170	99.84
"GAGCTCATGAAGGATTGTAA"	166	99.85
"GAGCTCTAAAGCGAGGTAAA"	165	99.85
"GAGCTCCGGAAGCCCACATC"	165	99.85
"GAGCTCTGTTCACGGATAGT"	164	99.86
"GAGCTCCTACGTTTATTTGT"	164	99.86
"GAGCTCATCTTTGGGGCATA"	164	99.86
"GAGCTCCTGTTACTACTTAA"	161	99.87
"GAGCTCTGTATCCCGCAGCG"	159	99.87
"GAGCTCCGTCAACCATTTAT"	156	99.87
"GAGCTCAAAACATGTTATGG"	156	99.88
"GAGCTCCTACCCTGATCAAA"	154	99.88
"GAGCTCACTCTTCAGCACTG"	152	99.88
"GAGCTCTCGGATGGAGAAAG"	150	99.88
"GAGCTCACAGATTATGTGCG"	148	99.89
"GAGCTCATCCACGGCTTTAG"	145	99.89
"GAGCTCTTCAAGCGCATCGT"	144	99.89
"GAGCTCCTAATAATGGACAG"	144	99.90
"GAGCTCCGCCTACACGAGAC"	144	99.90
"GAGCTCGATTGCTATCGCTT"	143	99.90
"GAGCTCGACGGCATTGTGCC"	142	99.90
"GAGCTCCCAAATCAGGTGTA"	141	99.91
"GAGCTCCCTCATTGAAAATC"	139	99.91
"GAGCTCCCGATACGACTATT"	139	99.91
"GAGCTCAATCGCATCTCATA"	135	99.91
"GAGCTCGCTACACTAGGGCG"	134	99.92
"GAGCTCGGAATTAATTAGAT"	133	99.92
"GAGCTCCTCCTACCAATCAT"	132	99.92
"GAGCTCATACGTTGTGTCAT"	132	99.93
"GAGCTCATCTACTGTTAGGT"	130	99.93
"GAGCTCGCATGTGAATGGTA"	127	99.93
"GAGCTCTTTGTCTACGTAGT"	126	99.93
"GAGCTCGATATTTACGGGAT"	126	99.94
"GAGCTCTTCGGATCTGGCAC"	125	99.94
"GAGCTCGTTTCCTCAGCCCG"	125	99.94
"GAGCTCGAACGAATTTTATA"	125	99.94
"GAGCTCGCGCCGAATCATTC"	124	99.95
"GAGCTCATCAATTAGCTCCC"	123	99.95
"GAGCTCAGGCCGAAGGTATA"	119	99.95
"GAGCTCCCTCTCCGCACGTA"	118	99.95
"GAGCTCAAACATAGAAGTCA"	118	99.95
"GAGCTCCTTTATTTGCGGCA"	117	99.96
"GAGCTCCCGGGTCGTAATAA"	116	99.96
"GAGCTCTTGAGTGTGGGTAA"	115	99.96
"GAGCTCGTTATCAATAAAGC"	115	99.96
"GAGCTCACATGCCGGGGCAT"	114	99.97
"GAGCTCGCGCCAAGCGAGTT"	113	99.97
"GAGCTCCCAAGGCGGTTGTT"	113	99.97
"GAGCTCTATGTCACGAGTTA"	112	99.97
"GAGCTCGGTGTGGTCATCGT"	112	99.98
"GAGCTCCGTGCCTATTTTGC"	110	99.98
"GAGCTCTGTTTTAGTGCGAG"	109	99.98
"GAGCTCAACCCTCTGCTTTA"	109	99.98
"GAGCTCATGAACCGTGCGGG"	108	99.98
"GAGCTCCGATTGCAAAATTT"	107	99.99
"GAGCTCGGGCGTGGAACATA"	106	99.99
"GAGCTCCCGCGAATGGTAAA"	105	99.99
"GAGCTCAACGATCAGAAAAG"	104	99.99
"GAGCTCAATATGGTCCATGA"	102	99.99
"GAGCTCCTTAGGGGTTCTAG"	101	100.00
"GAGCTCTTCGGGATGTTGCT"	100	100.00
"GAGCTCGGTTGCCTGGCTTG"	100	100.00
