BL-8120_62_S62_L002_R1_001-Barcode	BL-8120_62_S62_L002_R1_001-Count	BL-8120_62_S62_L002_R1_001-SaturationPerc
"GAGCTCGCACGGGGTTGTAA"	177930	5.13
"GAGCTCACTCGTTGGTATAC"	120198	8.60
"GAGCTCGCAACAAGCGGACA"	115034	11.92
"GAGCTCGTCTGTGCTTATCA"	100514	14.82
"GAGCTCGGCATTGCGGGTTG"	92714	17.50
"GAGCTCGCATGTACTTGCAG"	87195	20.01
"GAGCTCGGCTGATAAGAAGC"	72949	22.12
"GAGCTCTGATACTAATGTGA"	72704	24.21
"GAGCTCACTCACTGCCTGCA"	64874	26.09
"GAGCTCGCATATAGGGATGT"	58723	27.78
"GAGCTCATGAACAGGGAACA"	57474	29.44
"GAGCTCGTCCGGGAGTCGCC"	56688	31.07
"GAGCTCGGACCGCCCACGTT"	52875	32.60
"GAGCTCGGCCTGCGCATAGA"	52675	34.12
"GAGCTCGTGCCGGGTATATG"	45708	35.44
"GAGCTCGTCCGACGGGCGGT"	45611	36.75
"GAGCTCGAATTTGGTAACCT"	43854	38.02
"GAGCTCGGGATAGTTTATTG"	43544	39.28
"GAGCTCCATCAGTTTGGAGC"	42449	40.50
"GAGCTCAAAAGGGACTACAA"	38955	41.62
"GAGCTCTACTGGCACGATGG"	37403	42.70
"GAGCTCGCCACTTGTATATG"	36391	43.75
"GAGCTCTTTACTCATCTGGA"	34155	44.74
"GAGCTCGGTGTCTATTTGAT"	32775	45.68
"GAGCTCCTTAACTAGTTTTG"	31913	46.61
"GAGCTCAAACGAGCATCCGT"	31358	47.51
"GAGCTCAGTTTGCTGATTGC"	27953	48.32
"GAGCTCCGGTGATTGCACTA"	27680	49.12
"GAGCTCGTGGGATAGTTGGG"	27449	49.91
"GAGCTCGGACTGTAAAATTA"	26447	50.67
"GAGCTCGTCGCGATATTTAT"	25773	51.41
"GAGCTCATAAACGGTTATCG"	24352	52.12
"GAGCTCCAACGTGCGAACAC"	24343	52.82
"GAGCTCGAGAATTGACTATA"	22166	53.46
"GAGCTCTTAGCGCCTTGGTT"	21083	54.07
"GAGCTCAACGGATTGAGTCT"	21076	54.67
"GAGCTCGAGTCTGGAAAAGA"	21055	55.28
"GAGCTCAAGGGCATGGGGAT"	20779	55.88
"GAGCTCGAGTACAGACGTGC"	20086	56.46
"GAGCTCGTGCCAAGTTGAGA"	20059	57.04
"GAGCTCAAAGACTGTTTTTA"	19813	57.61
"GAGCTCATGGTCTAGTTCTA"	19589	58.18
"GAGCTCATTCTTGCGTGTTA"	18490	58.71
"GAGCTCGCCTCTATTTGTCT"	18217	59.24
"GAGCTCCAGAGCTTTTACTT"	17760	59.75
"GAGCTCGTGCGTGGATAATC"	16888	60.24
"GAGCTCGTACCTGTTCGTCT"	16647	60.72
"GAGCTCGTGTGCCAGCGTTT"	16467	61.19
"GAGCTCTGTAGCGTAGGTTG"	15843	61.65
"GAGCTCACAGTCACCGCCCT"	15741	62.10
"GAGCTCTAGTCGGCTTGCTG"	15350	62.55
"GAGCTCAAGTGGCATCGACC"	15254	62.99
"GAGCTCGCAGCCTAAGTTGG"	15213	63.42
"GAGCTCTGGTCAATCAGGTG"	14889	63.85
"GAGCTCGTCGCGTCGAAGGC"	14804	64.28
"GAGCTCAATTGGTAATTAGC"	14520	64.70
"GAGCTCTGGAATGAGGAAGG"	14363	65.11
"GAGCTCGCACACTGCTTGGG"	14181	65.52
"GAGCTCCGCCTATATGCGCG"	13967	65.93
"GAGCTCGTGCTCTAAGAATG"	13874	66.33
"GAGCTCTGCCCTCGGTAGTT"	13274	66.71
"GAGCTCAATTATTGTGTCCA"	13145	67.09
"GAGCTCGCATTCTCCGTCTG"	12981	67.46
"GAGCTCGTCGCGCCGTCGGA"	12598	67.83
"GAGCTCCCCGAAGCCAGGCG"	12304	68.18
"GAGCTCTCGTCCCCGACTGT"	12297	68.54
"GAGCTCCGTCGGATCTCGAT"	12249	68.89
"GAGCTCTTCCCGGCGATCGG"	12122	69.24
"GAGCTCGTCATAGTGTTGCC"	12021	69.59
"GAGCTCAAGTATTCTAATTT"	11962	69.93
"GAGCTCCCTAGGGCGCTGGG"	11736	70.27
"GAGCTCAGAATAGACGCGTT"	11680	70.61
"GAGCTCGATGTCCCTCAGAA"	11528	70.94
"GAGCTCGGACGGGTTCTAGT"	11375	71.27
"GAGCTCGTATTCCTCGAAGA"	11364	71.60
"GAGCTCGTACGCTAGGGCGT"	11318	71.92
"GAGCTCCCATTTTAGAGCGA"	11132	72.24
"GAGCTCATAGGTGATATAAC"	10866	72.56
"GAGCTCGGTTTTTCCGAATT"	10490	72.86
"GAGCTCCAGTTTATAATTAG"	10388	73.16
"GAGCTCTCCCCCTGGGGTAG"	10305	73.46
"GAGCTCGACCCGGCTTGCCT"	10283	73.75
"GAGCTCGCAGGGAGTTAGTG"	9963	74.04
"GAGCTCACGTTAATTCTGAG"	9876	74.33
"GAGCTCGCTGGTCCACAACT"	9841	74.61
"GAGCTCTTTCTATGTATATG"	9546	74.89
"GAGCTCACCTGCTGCCGACC"	9333	75.15
"GAGCTCTATAGAGTAAGCTA"	9259	75.42
"GAGCTCGTGTACTAGTGCTA"	9245	75.69
"GAGCTCGATGAGGTGTTCGG"	9177	75.95
"GAGCTCCAGCCCGGGAGAAA"	8832	76.21
"GAGCTCAGCGATAGGCAGAC"	8822	76.46
"GAGCTCAGAATATCCATTTG"	8798	76.72
"GAGCTCAATTACTTAAAGCT"	8761	76.97
"GAGCTCGGCGGGTGCTTGAC"	8714	77.22
"GAGCTCGGGTGGTCGGTTCA"	8698	77.47
"GAGCTCGATTAATTGGAAAC"	8685	77.72
"GAGCTCTGCCATTACGGACG"	8523	77.97
"GAGCTCTGCACCTTCAGGAT"	8387	78.21
"GAGCTCTAAGAATGCTAGCT"	8340	78.45
"GAGCTCACACCCATAATTCC"	8315	78.69
"GAGCTCTCGTGAAATTGCAG"	8257	78.93
"GAGCTCTGGCATTGGGAGCT"	8253	79.17
"GAGCTCATGTCTAGCACGTG"	8160	79.40
"GAGCTCAGCTCCAACTGGCA"	8133	79.64
"GAGCTCGACGCAAAAATTTT"	8086	79.87
"GAGCTCTGAAAGGCGTAGTT"	8060	80.10
"GAGCTCGGGCATATTGAACG"	8049	80.34
"GAGCTCGGGGACACGTCAAG"	8034	80.57
"GAGCTCACAAGCGATGTGTA"	8029	80.80
"GAGCTCTTTGTCGGGGGGGG"	7979	81.03
"GAGCTCTTTGGCGATAAGTA"	7772	81.25
"GAGCTCGCTATAGGGTGCCA"	7749	81.48
"GAGCTCGTCCAGACCACGTT"	7697	81.70
"GAGCTCTCACTCGGTACGTT"	7696	81.92
"GAGCTCATCTACTGTTAGGT"	7588	82.14
"GAGCTCATTATTTCCCGCAA"	7574	82.36
"GAGCTCCCTCATTGAAAATC"	7532	82.58
"GAGCTCGTGAGATTCTTTGG"	7428	82.79
"GAGCTCCGGGTATCCCATTG"	7300	83.00
"GAGCTCCCTCGCATGCCCAA"	7293	83.21
"GAGCTCCCTTATCGTAGCCC"	7266	83.42
"GAGCTCAATTTAAGCCTTCT"	7158	83.63
"GAGCTCTTGCTGAGGTCATT"	7141	83.83
"GAGCTCAGGAACTGTAACTC"	6841	84.03
"GAGCTCCACATAGGGTAATC"	6828	84.23
"GAGCTCGTATTCTATGAGCT"	6807	84.42
"GAGCTCTCATACTTAGTTAG"	6608	84.61
"GAGCTCTCGGCCCTAAACAT"	6575	84.80
"GAGCTCGGCGTGATTTCAAT"	6569	84.99
"GAGCTCGGTACCCTATACTA"	6551	85.18
"GAGCTCCACTTAGTAAGTCA"	6522	85.37
"GAGCTCGATGTGCCAACGCG"	6516	85.56
"GAGCTCAGTATGAACGTCAG"	6371	85.74
"GAGCTCATGGATGCATTAAT"	6254	85.92
"GAGCTCCTGCGCCACTCTTT"	6249	86.10
"GAGCTCGATCGATTAATGTT"	6194	86.28
"GAGCTCTTCTTGATAAGCCG"	6173	86.46
"GAGCTCAACTGTAAGATAGT"	6081	86.64
"GAGCTCGTATCTTCGCCGAT"	6055	86.81
"GAGCTCCTGGTTGGTCCGTT"	5992	86.98
"GAGCTCTGGGTTCCTCGTAG"	5923	87.15
"GAGCTCATAGCGATTGCATT"	5865	87.32
"GAGCTCATCGTAGTCGCATC"	5821	87.49
"GAGCTCTCTGCATTCAGAAC"	5777	87.66
"GAGCTCGAATACCTAGCAAT"	5724	87.82
"GAGCTCACGGAAATGAGAGT"	5698	87.99
"GAGCTCGTTCGAGGGTAATT"	5686	88.15
"GAGCTCGATACATTTGTATA"	5649	88.31
"GAGCTCAACTCTAACGTGGC"	5515	88.47
"GAGCTCAGAAGTTGGGTGGT"	5416	88.63
"GAGCTCTGCACATTGAGCGC"	5346	88.78
"GAGCTCGCTATTATAGGGTG"	5340	88.94
"GAGCTCTGTCGCCGAAGCGG"	5278	89.09
"GAGCTCTGCGGCGCCGCATA"	5233	89.24
"GAGCTCGGGCGTTTTTGGTA"	5204	89.39
"GAGCTCATCGTAGATCTGGT"	5200	89.54
"GAGCTCCGAGTGCGTAGCCA"	5195	89.69
"GAGCTCTGAACGTGTAGTAT"	5184	89.84
"GAGCTCGTCAATCTGGATAT"	5159	89.99
"GAGCTCCCCCACACTTGCCC"	5128	90.14
"GAGCTCCTCACGGCTTCGTG"	5074	90.28
"GAGCTCCTCTATCGGCTGTC"	5029	90.43
"GAGCTCAGCAGTGTGTCTGC"	5020	90.57
"GAGCTCAAGCTCGCCTATTC"	5011	90.72
"GAGCTCCAGACTGCTGGTGT"	4932	90.86
"GAGCTCTAACCGCTGTACAG"	4835	91.00
"GAGCTCCTCCTCCTGGTATA"	4799	91.14
"GAGCTCAGTTGTTAACGTAG"	4791	91.28
"GAGCTCACATAGTTAATGGG"	4765	91.42
"GAGCTCAGCTCCTATAATGG"	4742	91.55
"GAGCTCTCATGTTACGCGGA"	4727	91.69
"GAGCTCTTGTTCTGGTGCCT"	4724	91.82
"GAGCTCAAAAGGTATGCGCT"	4720	91.96
"GAGCTCAAATGCCGCGGAGT"	4677	92.10
"GAGCTCTCTCTAATTGTATC"	4637	92.23
"GAGCTCATCTGCTTTTTCTA"	4599	92.36
"GAGCTCAAAGTGAAAATTTG"	4567	92.49
"GAGCTCAGAGACGGGCTGAC"	4540	92.63
"GAGCTCTGTAATCATTCCTT"	4508	92.76
"GAGCTCATAATGATGTTGGA"	4507	92.89
"GAGCTCATATTTTTTCCTAA"	4505	93.02
"GAGCTCAATCCTCTAGGTGT"	4462	93.14
"GAGCTCACCTTATAGATATT"	4456	93.27
"GAGCTCATAACACAAGGTAG"	4438	93.40
"GAGCTCTGAGTTTATCCAGG"	4242	93.52
"GAGCTCCACGCTCGGCAGCT"	4220	93.64
"GAGCTCGTAAATTACGGGTT"	4186	93.77
"GAGCTCGCAGGTGACCGGCT"	4170	93.89
"GAGCTCTAGACATTGTCAGA"	4128	94.00
"GAGCTCTGATTCAACTTTGG"	4056	94.12
"GAGCTCAAGTCAGCTGTCGG"	4048	94.24
"GAGCTCTGTTCACGCGTTTA"	3994	94.35
"GAGCTCAAGCACAAACCGTA"	3986	94.47
"GAGCTCCTCGCAAAACGTTC"	3895	94.58
"GAGCTCTCGGCAAGGATTAT"	3872	94.69
"GAGCTCATTTGAGCCTTGAC"	3765	94.80
"GAGCTCCGTAAACTGCTGTC"	3730	94.91
"GAGCTCCTAGTTATATCATA"	3683	95.02
"GAGCTCGGATAAGTTGGTCG"	3679	95.12
"GAGCTCCACTTGTAGTTAAG"	3643	95.23
"GAGCTCCGCACTGCATTGCT"	3561	95.33
"GAGCTCACTTCAGATTTATT"	3539	95.43
"GAGCTCAAGGCTTTATGAGC"	3494	95.53
"GAGCTCCGTTGTGTACTAGA"	3464	95.63
"GAGCTCTTCCGAACGGCATA"	3450	95.73
"GAGCTCCCCTGTAAAATCTG"	3450	95.83
"GAGCTCGCAGTAATTCGGGT"	3280	95.93
"GAGCTCGATTGTGTCAAGAG"	3087	96.02
"GAGCTCATCGAGAGTTGTTG"	3060	96.10
"GAGCTCCCAAATCAGGTGTA"	3037	96.19
"GAGCTCAGCGCGTGTGTAGT"	3034	96.28
"GAGCTCATAGCTACGCTGTG"	3025	96.37
"GAGCTCTCTCACGAGATCCG"	2991	96.45
"GAGCTCGGGATTTTATCTTT"	2972	96.54
"GAGCTCGCTGTTTGTTATAC"	2932	96.62
"GAGCTCTCTCTGTTATACTC"	2842	96.70
"GAGCTCTACGTATTATGAGT"	2762	96.78
"GAGCTCCATATAGGTTTGTA"	2734	96.86
"GAGCTCTCCGTTAATGCGCG"	2726	96.94
"GAGCTCAAATCGTTTTTGTC"	2686	97.02
"GAGCTCTATCGTCAACTTGT"	2636	97.10
"GAGCTCCGGGGATGTCCGTA"	2525	97.17
"GAGCTCCGCACATCTTGATA"	2496	97.24
"GAGCTCCTAGACTGCTATAG"	2471	97.31
"GAGCTCTCGTAATCGGAGGA"	2371	97.38
"GAGCTCCCGTGTCTTAACGA"	2358	97.45
"GAGCTCGTCTTTATTGTTCT"	2328	97.52
"GAGCTCTCCGTTTACCCCAG"	2299	97.58
"GAGCTCTTCAGCAACAGCTC"	2169	97.64
"GAGCTCCATGTTCTTAGTTG"	2162	97.71
"GAGCTCGCTGCTTGTTTTTT"	2150	97.77
"GAGCTCCGCTAAACTAATAT"	2148	97.83
"GAGCTCCCTGAGCTTATCGT"	2096	97.89
"GAGCTCCTGGTACATCAAAA"	2062	97.95
"GAGCTCTAACGTTAATTTAT"	2051	98.01
"GAGCTCCTCTACTAGGTTTA"	2029	98.07
"GAGCTCTATATTGTGTGTTG"	1996	98.13
"GAGCTCTTCCTGCATTACAA"	1988	98.18
"GAGCTCCAGACTTTGTTTTA"	1966	98.24
"GAGCTCAGTTATCCAAGATC"	1946	98.30
"GAGCTCCTCTTGAGACTTGG"	1943	98.35
"GAGCTCTTGGTAGCTTCTGG"	1920	98.41
"GAGCTCTTGTTTCGTGTTCG"	1873	98.46
"GAGCTCTTGGGCTTTGGCGT"	1793	98.51
"GAGCTCCTCCGGGTACGACT"	1732	98.56
"GAGCTCATGATGCCGTGTTA"	1713	98.61
"GAGCTCCTTTTATGCTGGGT"	1655	98.66
"GAGCTCTCTCTAGGGTTTTT"	1650	98.71
"GAGCTCTTTTTGAAGCGTAT"	1575	98.75
"GAGCTCAGCGACGCTCGGGA"	1541	98.80
"GAGCTCCCTTACTGTGCTTT"	1533	98.84
"GAGCTCTAGCTCTGTGTTTA"	1483	98.88
"GAGCTCCCATAATTTCGTGT"	1406	98.93
"GAGCTCCACTGCGCGCCCGG"	1316	98.96
"GAGCTCCGATAACCTTCCTA"	1244	99.00
"GAGCTCTATATTTTTACAAC"	1220	99.03
"GAGCTCCTTTGAATGTAAAG"	1168	99.07
"GAGCTCTTAGGGTGATTATA"	1147	99.10
"GAGCTCTTCTTTCTCCCTGT"	1129	99.13
"GAGCTCTTTGCACACGTGGG"	1123	99.17
"GAGCTCCTATCTTCATTGAG"	1120	99.20
"GAGCTCAATAAATTGTTTTT"	1120	99.23
"GAGCTCCTAGACAACCTGAG"	1082	99.26
"GAGCTCTTAGATAGGGCAGT"	1043	99.29
"GAGCTCTATAAATGAGTGAA"	1027	99.32
"GAGCTCGCGATCTGTTAATG"	1013	99.35
"GAGCTCTTAGGTCGCAGGTT"	994	99.38
"GAGCTCCTTAGTTTGTTTCG"	981	99.41
"GAGCTCCTATATTTAGGCTA"	977	99.44
"GAGCTCCATATCTTCACCCT"	893	99.46
"GAGCTCTTAGTTACTTTATT"	839	99.49
"GAGCTCTCTTTATTGTTATA"	729	99.51
"GAGCTCTTCTTCTAGTATTT"	710	99.53
"GAGCTCTTGTCTTGTTTAGC"	664	99.55
"GAGCTCCTAATAATGGACAG"	558	99.56
"GAGCTCAGTAGTGCGTCGCG"	511	99.58
"GAGCTCGCCGTCATTGTGAG"	404	99.59
"GAGCTCGCAAGTACTTGAAA"	345	99.60
"GAGCTCATTTACCTATGTGT"	339	99.61
"GAGCTCGGCTGGTGTATAAG"	336	99.62
"GAGCTCAGTGCAAAAAACTT"	309	99.63
"GAGCTCGGTTCGTTTTGGGA"	292	99.64
"GAGCTCGGGGATACAAAACG"	286	99.64
"GAGCTCGCACGGGGAAGAAA"	286	99.65
"GAGCTCTCCAGCAGTGCTGC"	284	99.66
"GAGCTCAAAGTCGGTTCTCG"	274	99.67
"GAGCTCAAAACACAATGTAA"	253	99.68
"GAGCTCTCCATCGGATCTCG"	244	99.68
"GAGCTCGAAACAATAGGACA"	233	99.69
"GAGCTCGCACGTTGTTATAA"	224	99.70
"GAGCTCATGTGCCCTCGCCC"	213	99.70
"GAGCTCACTGCGATACTAGT"	209	99.71
"GAGCTCAAACGTTGTTATAC"	205	99.71
"GAGCTCGACAGTTCTTATCA"	203	99.72
"GAGCTCGTCTGAGCTAAACA"	200	99.73
"GAGCTCGAACCTGTTAGTAA"	199	99.73
"GAGCTCCATCGCTAATTATG"	199	99.74
"GAGCTCTAACCGCTAGGGAA"	190	99.74
"GAGCTCACTCGTTGTAATAA"	189	99.75
"GAGCTCGCAAATAGGTATGA"	181	99.75
"GAGCTCATATTAGAGAATGG"	174	99.76
"GAGCTCTTTCTGGCGATAGA"	168	99.76
"GAGCTCAAGACCACTTGACA"	164	99.77
"GAGCTCGTCATTGCTTTTGA"	162	99.77
"GAGCTCTGCTGGCGGATTTT"	159	99.78
"GAGCTCTGAAAATAAAGTGA"	158	99.78
"GAGCTCGTTTCGGCTTGACA"	158	99.79
"GAGCTCACACGATGGTAAAC"	156	99.79
"GAGCTCGCAAATAATCTGGC"	153	99.80
"GAGCTCACCGTCCAGCATTT"	153	99.80
"GAGCTCAAAACAAAAGGAAG"	152	99.80
"GAGCTCGTATCAAAATTAGT"	147	99.81
"GAGCTCGCAACAAGATGAAA"	147	99.81
"GAGCTCGAAATTTGTAAACA"	147	99.82
"GAGCTCGAAAGGGGATGTAA"	147	99.82
"GAGCTCACCGCATTGTTCGA"	144	99.83
"GAGCTCGAAGTTGAGCTCCC"	143	99.83
"GAGCTCACGATTAGAAAATG"	143	99.83
"GAGCTCTAGTAGGGTCATTT"	142	99.84
"GAGCTCGGCTGAAAATAATC"	141	99.84
"GAGCTCAATCTTAGGTATAC"	141	99.85
"GAGCTCGCATGTAATAGAAG"	140	99.85
"GAGCTCGCAAGGTGTTGAAA"	137	99.85
"GAGCTCAAGCCTGAACACCC"	134	99.86
"GAGCTCGCTATGACGGGGAA"	133	99.86
"GAGCTCACATGTTAAGTGAG"	133	99.87
"GAGCTCGTCAAAGCGGGTTG"	132	99.87
"GAGCTCCTGTTTCAAGTGTG"	132	99.87
"GAGCTCAAGAAAAGGTAACA"	131	99.88
"GAGCTCGCTAGCGCTATGTG"	129	99.88
"GAGCTCGACGGATTCGGGCT"	129	99.88
"GAGCTCTAAAGCGAGGTAAA"	128	99.89
"GAGCTCATACGTGTATCGTG"	128	99.89
"GAGCTCACTCGAAGGTATAA"	126	99.90
"GAGCTCAAAAGGGAAAAAAA"	126	99.90
"GAGCTCGTGGTGGTTACCCC"	125	99.90
"GAGCTCGGCATATCGGGATG"	125	99.91
"GAGCTCGAAAAAAGCGGAAA"	125	99.91
"GAGCTCTCTCATAGTACTTG"	124	99.91
"GAGCTCGAGACTTAACAGTG"	124	99.92
"GAGCTCCTCCTACCAATCAT"	124	99.92
"GAGCTCATAAAACAATATAG"	122	99.92
"GAGCTCAACGTATGTTTGGG"	121	99.93
"GAGCTCATTAGCACAGGGTC"	120	99.93
"GAGCTCGACTGTACTTAACA"	119	99.93
"GAGCTCACTAGTTGTTAAAC"	117	99.94
"GAGCTCTGTTCACGGATAGT"	116	99.94
"GAGCTCCTACGTTTATTTGT"	115	99.94
"GAGCTCTCATAAAAATGAGA"	114	99.95
"GAGCTCTAGCCGTTAGATCA"	113	99.95
"GAGCTCGCACTGGGTTTAAA"	112	99.95
"GAGCTCGCAAAAAGGGAAGT"	112	99.96
"GAGCTCCACCATGCGTTACT"	112	99.96
"GAGCTCTGATACAAATTAGA"	111	99.96
"GAGCTCGCATGAACATTCAG"	111	99.97
"GAGCTCGTCTGAGAATATCA"	109	99.97
"GAGCTCTGCAAGCCTGTCAA"	108	99.97
"GAGCTCGCATATAGTTAAGT"	108	99.98
"GAGCTCAGAGGTTAATAGTA"	108	99.98
"GAGCTCAATTACTGAGAAGT"	104	99.98
"GAGCTCGTTGCAGCACGGAG"	103	99.99
"GAGCTCGTGTTGTTACAAGT"	101	99.99
"GAGCTCATAATGAGTGTACA"	101	99.99
"GAGCTCCAGCGGTATACTGG"	100	99.99
"GAGCTCAGACAAAGGGTTTG"	100	100.00
"GAGCTCAAAAGTTACTAAAA"	100	100.00
