BL-8120_69_S69_L002_R1_001-Barcode	BL-8120_69_S69_L002_R1_001-Count	BL-8120_69_S69_L002_R1_001-SaturationPerc
"GAGCTCAACGGATTGAGTCT"	204522	5.33
"GAGCTCGCATGTACTTGCAG"	146943	9.16
"GAGCTCGTGCTCTAAGAATG"	98105	11.72
"GAGCTCGGCTTGCGTTAACA"	95649	14.21
"GAGCTCGTACCTGTTCGTCT"	79304	16.27
"GAGCTCGCATTCTCCGTCTG"	78903	18.33
"GAGCTCAATATCTGTGGCTG"	71746	20.20
"GAGCTCAAGGTGTGGCTATC"	67897	21.97
"GAGCTCGATGTGCCAACGCG"	64729	23.66
"GAGCTCGCTCATATCTTGGT"	62339	25.28
"GAGCTCAAAAGCGTAAACGT"	58614	26.81
"GAGCTCTGGGTCGTATGATC"	55394	28.25
"GAGCTCACCTGCTGCCGACC"	51126	29.58
"GAGCTCAGATACCATGGTCT"	48726	30.85
"GAGCTCATGATTGTAAAGAA"	44790	32.02
"GAGCTCGACTGGGTACGGTG"	43608	33.16
"GAGCTCTATTTACGTGTGAT"	42296	34.26
"GAGCTCGTGCCGGGTATATG"	42164	35.36
"GAGCTCATGCAGTGTAGTCC"	40453	36.41
"GAGCTCTAGTAGGCAGAGTG"	39043	37.43
"GAGCTCGATGATTTTCGATA"	35629	38.36
"GAGCTCACATTAGTACTATT"	35171	39.28
"GAGCTCAACGGCTTACTTAA"	33931	40.16
"GAGCTCTTTGTTCGGCCTGT"	33338	41.03
"GAGCTCGTGCCATGTTTCTG"	32675	41.88
"GAGCTCAGAGCAACGTTACC"	30395	42.67
"GAGCTCCAGCCCGGGAGAAA"	29750	43.45
"GAGCTCCGAGGAATGCCCTA"	28695	44.20
"GAGCTCGGGATTTTAAGCAA"	28666	44.94
"GAGCTCCAGACTGTAAAAGG"	28194	45.68
"GAGCTCGTCTTTATTGTTCT"	27940	46.41
"GAGCTCGCATAGAAACATTA"	27603	47.12
"GAGCTCGTCTAAGCTGGGGT"	27397	47.84
"GAGCTCATTCTTGCGTGTTA"	26892	48.54
"GAGCTCTATATGGTGCTAAA"	25834	49.21
"GAGCTCCGGTATGGAAGTAA"	25723	49.88
"GAGCTCCGCGCAATGTGGGA"	25613	50.55
"GAGCTCAGATGGGACAGCGG"	25250	51.21
"GAGCTCTAAGGCACCAGTAC"	24423	51.84
"GAGCTCGTGTCAGGGTTGGC"	24183	52.47
"GAGCTCGGTAGCGGGTTAGC"	24047	53.10
"GAGCTCAAATCTGCATTTCA"	23798	53.72
"GAGCTCACAGCCTTAAGGGT"	23461	54.33
"GAGCTCGAAATTACTCGACT"	23365	54.94
"GAGCTCGGGTGGTTTGTGGG"	23086	55.54
"GAGCTCAGTCATAACGCATG"	22782	56.14
"GAGCTCCACGCTCGGCAGCT"	22756	56.73
"GAGCTCTACGGAGATAATAC"	22365	57.31
"GAGCTCGGATGTACATCATC"	22092	57.89
"GAGCTCGGGCATATTGAACG"	22058	58.46
"GAGCTCAGGCGAATAATAAC"	21972	59.04
"GAGCTCTGCGACCATTCCTT"	21432	59.59
"GAGCTCACGGCATTATTTGA"	21370	60.15
"GAGCTCAGGACAAAATCGTA"	21346	60.71
"GAGCTCTGTTCTGCGCGCGG"	21215	61.26
"GAGCTCGGCGCCGGATGGTA"	20702	61.80
"GAGCTCTGCTTCCGACTTTA"	20633	62.34
"GAGCTCGACATGAGTTTAGT"	20407	62.87
"GAGCTCGGTACTTGTACGCC"	19876	63.39
"GAGCTCGGTTTGCGCGGGGG"	19536	63.90
"GAGCTCAGTCAGATATCTTC"	19315	64.40
"GAGCTCGTATCGTGCTTTGG"	18732	64.89
"GAGCTCTTGAGACTAACATA"	18710	65.38
"GAGCTCGAAAATCGTGCGTA"	18510	65.86
"GAGCTCATGGAACACTGCGT"	18483	66.34
"GAGCTCTAGACTTGGTTGCT"	18433	66.82
"GAGCTCACAGAGTCAGTTGT"	18411	67.30
"GAGCTCGATAAGACGACAGG"	18326	67.78
"GAGCTCAGTCGTAAGCTTAG"	18137	68.25
"GAGCTCTGAACGGGCTATGG"	18079	68.72
"GAGCTCAGCTGTCTAAGTTA"	17948	69.19
"GAGCTCGGGCCAAATTTATA"	17910	69.66
"GAGCTCGGGTATATATGTAG"	17790	70.12
"GAGCTCAACTTGACATTGTA"	17597	70.58
"GAGCTCGCATGTAGATGAGT"	17476	71.03
"GAGCTCGTCCTCAATAATTG"	17396	71.49
"GAGCTCTGTGACGCGGGCGA"	16988	71.93
"GAGCTCAGTCACCTATGTAG"	16707	72.36
"GAGCTCGAGTTATACATTGT"	16637	72.80
"GAGCTCGATTCGTTCCGTGG"	16208	73.22
"GAGCTCCGCGTAATTTCTCG"	16048	73.64
"GAGCTCGTATTCCTCGAAGA"	15969	74.06
"GAGCTCAAAAGGTATGCGCT"	15934	74.47
"GAGCTCCTGACCAGCGGCTT"	15748	74.88
"GAGCTCTGTATGCGGGTCGA"	15394	75.28
"GAGCTCGTTGGTATATGCTC"	15356	75.68
"GAGCTCATCTACTGTTAGGT"	15335	76.08
"GAGCTCACTGTGTCTGAAAG"	15259	76.48
"GAGCTCTGTCAGGGGGGTTG"	15138	76.87
"GAGCTCTAGGTGAGACCGTG"	15074	77.27
"GAGCTCGCATCATAATTTTA"	15037	77.66
"GAGCTCTATTTATGTCGGAT"	14978	78.05
"GAGCTCACATGATCAGTTCG"	13774	78.41
"GAGCTCCCTTCAGGTTCCTC"	13712	78.77
"GAGCTCAATGTATGTCTATT"	13668	79.12
"GAGCTCCGCGAGTCTCACTT"	13640	79.48
"GAGCTCCGGCAGGCGCAGCT"	13349	79.82
"GAGCTCTACTGGATGAAACC"	13232	80.17
"GAGCTCTGTCCTGTGGAATT"	13071	80.51
"GAGCTCTTGGGGGTTGCTAA"	12902	80.85
"GAGCTCGATATTGATCTTTC"	12827	81.18
"GAGCTCTAGTACATGCAGTA"	12794	81.51
"GAGCTCTGGGATACAAGCAT"	12600	81.84
"GAGCTCTAGTATCTCTGTAG"	12397	82.17
"GAGCTCACTATCTGATTTTG"	12360	82.49
"GAGCTCTCGTAAAAAGGTTA"	12285	82.81
"GAGCTCAGATTTTAATATGT"	12280	83.13
"GAGCTCATGGGAGGGCCGAG"	12137	83.44
"GAGCTCGTTGCTTTACGCGA"	11566	83.75
"GAGCTCATATTTGGTTGTCG"	11527	84.05
"GAGCTCTCGCCAGAAGTGTG"	11488	84.35
"GAGCTCCCTGGGGTACAGTG"	11393	84.64
"GAGCTCCCGGCGTGTTAACT"	11392	84.94
"GAGCTCGAGTCTTATGGTCG"	11343	85.23
"GAGCTCTCTCTGGCCTACAG"	11294	85.53
"GAGCTCCGGGTGTGGTGTCG"	11260	85.82
"GAGCTCTTGCATTTCTTTAC"	11046	86.11
"GAGCTCCCCGGGGTTAGGGG"	10853	86.39
"GAGCTCCGCCATTTGAATTT"	10824	86.67
"GAGCTCTTGCCAGCTTACCT"	10762	86.96
"GAGCTCGTGCTATTCGGCCA"	10600	87.23
"GAGCTCTGCTATATTCGTCG"	10446	87.50
"GAGCTCACATTTCAAATTTG"	10385	87.77
"GAGCTCGTTGCAGCACGGAG"	10257	88.04
"GAGCTCCGAGGGTACAAAAG"	10062	88.30
"GAGCTCACATTTGAAGATTT"	9998	88.56
"GAGCTCTGTCATGTTACTTT"	9737	88.82
"GAGCTCATATTTCTGTTTTT"	9718	89.07
"GAGCTCGTTATTTTGCTAAG"	9651	89.32
"GAGCTCCGATAACCTTCCTA"	9457	89.57
"GAGCTCATCTACATGGTAGC"	9045	89.81
"GAGCTCTTCACGGGTTTGTC"	8968	90.04
"GAGCTCAGGAGGTTATTCCA"	8968	90.27
"GAGCTCTCACATGTACACTT"	8850	90.50
"GAGCTCTAGTCCCACAGAAA"	8789	90.73
"GAGCTCATTATGCCCCGCAG"	8515	90.95
"GAGCTCTCCTGTGTTTCCTC"	8460	91.17
"GAGCTCATTTTCTGGTTATT"	8071	91.38
"GAGCTCTACCGCGTTATGCA"	8027	91.59
"GAGCTCTGTATATCCGGGGA"	7979	91.80
"GAGCTCCTGGCTCCAAGCAT"	7927	92.01
"GAGCTCCTCCAGGGAGCGTT"	7855	92.21
"GAGCTCCGCAGTATGAGGGT"	7793	92.42
"GAGCTCGTATTGTGTCTTAA"	7538	92.61
"GAGCTCTTTGTGTAGTAGGA"	7433	92.81
"GAGCTCTTGTTGGCGCAAGT"	7289	93.00
"GAGCTCCTAGACTGCTATAG"	7167	93.18
"GAGCTCTTTCTCTAGTACAC"	7094	93.37
"GAGCTCTGTTATCATATGGG"	7043	93.55
"GAGCTCTCGAGCATAAAAGT"	6984	93.73
"GAGCTCCACATAGGGTAATC"	6659	93.91
"GAGCTCTAATTCCTGCCTCG"	6635	94.08
"GAGCTCTTAGGGCCATGGAG"	6333	94.25
"GAGCTCGCATTTTTAGACAC"	6263	94.41
"GAGCTCCAAGTAAATCGTGG"	6190	94.57
"GAGCTCAACGCTCGTTCGTA"	6154	94.73
"GAGCTCCTATGAGTTTGAAA"	6128	94.89
"GAGCTCTCTTGTATAGTTAA"	6108	95.05
"GAGCTCTTTAGGCAGGAGTC"	5593	95.19
"GAGCTCTCTCAAACGCGAAA"	5543	95.34
"GAGCTCTTTGCTCGTATTGG"	5364	95.48
"GAGCTCCGCCGATCTGTCTC"	5354	95.62
"GAGCTCTCATTCCTGGACTT"	5322	95.76
"GAGCTCCCGGTGTAAAGTTG"	5164	95.89
"GAGCTCTATCCTGGACTTCT"	5129	96.03
"GAGCTCGCTACTAGCATGAC"	5051	96.16
"GAGCTCTAGCTTATTTGATT"	4900	96.28
"GAGCTCCTATAGGAGAGTTT"	4866	96.41
"GAGCTCATAACACAAGGTAG"	4776	96.54
"GAGCTCTGGGTTATAAATAC"	4708	96.66
"GAGCTCATTTCTGCATTACT"	4589	96.78
"GAGCTCATTTTAAATATGTT"	4546	96.90
"GAGCTCTATCATTGCTCATA"	4521	97.01
"GAGCTCTGGAGTTATATATG"	4344	97.13
"GAGCTCCCGCACCCTTCCGT"	4343	97.24
"GAGCTCACTCGTTGGTATAC"	4235	97.35
"GAGCTCTAACTTTATTGTGA"	4088	97.46
"GAGCTCTTTTTCTTCTTTAC"	3856	97.56
"GAGCTCTTCATGGGCCATGC"	3745	97.66
"GAGCTCATCGAGAGTTGTTG"	3401	97.74
"GAGCTCCTTGTTGGGCGTTG"	3325	97.83
"GAGCTCTATTTTCCCGGTAA"	3300	97.92
"GAGCTCTATCTTAATTGGTT"	3212	98.00
"GAGCTCCAATATCACTGTTT"	3123	98.08
"GAGCTCTCTGCATTCAGAAC"	3092	98.16
"GAGCTCTATAAGTAATGGTA"	3052	98.24
"GAGCTCTTTCAGTTCCGATC"	2975	98.32
"GAGCTCTTATTAACATAATG"	2899	98.40
"GAGCTCCTTGATTCAGCAGT"	2899	98.47
"GAGCTCAAGGCTTTATGAGC"	2808	98.54
"GAGCTCCCTTCACCTATTTA"	2688	98.61
"GAGCTCTTAGCGCCTTGGTT"	2667	98.68
"GAGCTCTATATGGAAGTCGA"	2466	98.75
"GAGCTCTTCTTTTGACGTAC"	2443	98.81
"GAGCTCTCATTGTATCTTAG"	2308	98.87
"GAGCTCCTGTCTTTGGGTAT"	2289	98.93
"GAGCTCGAGTAATGGATCAG"	2185	98.99
"GAGCTCCTTTCCACGTCGAC"	2170	99.04
"GAGCTCCCTTGAATTTTCAT"	2141	99.10
"GAGCTCTTTTTCAAGGATGG"	1965	99.15
"GAGCTCATGATGCCGTGTTA"	1781	99.20
"GAGCTCTTGATTTCCCATCA"	1775	99.24
"GAGCTCAATTCACCGTACAG"	1427	99.28
"GAGCTCTCGGGTGGGTGAGA"	1329	99.32
"GAGCTCGCGATCTGTTAATG"	1106	99.35
"GAGCTCTTCTTTTTACTTGT"	1065	99.37
"GAGCTCTTTTCGTTAGTTTT"	899	99.40
"GAGCTCCCGTGTCTTAACGA"	680	99.41
"GAGCTCCTAATAATGGACAG"	666	99.43
"GAGCTCAGTAGTGCGTCGCG"	588	99.45
"GAGCTCATTTACCTATGTGT"	474	99.46
"GAGCTCGGCTGGTGTATAAG"	398	99.47
"GAGCTCAAAGTCGGTTCTCG"	377	99.48
"GAGCTCGTGTACTAGTGCTA"	363	99.49
"GAGCTCGGGATAGTTTATTG"	362	99.50
"GAGCTCGGTTCGTTTTGGGA"	337	99.51
"GAGCTCAACGGATTGAGAAA"	335	99.52
"GAGCTCAACTGAATGAGACT"	334	99.52
"GAGCTCTCCAGCAGTGCTGC"	332	99.53
"GAGCTCTTCCGAACGGCATA"	313	99.54
"GAGCTCGGGGATACAAAACG"	311	99.55
"GAGCTCGCAAGTACTTAAAG"	306	99.56
"GAGCTCAACGGAAAGAGTAT"	305	99.57
"GAGCTCAGTGCAAAAAACTT"	303	99.57
"GAGCTCTCCATCGGATCTCG"	273	99.58
"GAGCTCATGTGCCCTCGCCC"	272	99.59
"GAGCTCAAGCACAAACCGTA"	265	99.59
"GAGCTCAATAACAGAGGCTG"	264	99.60
"GAGCTCACTGCGATACTAGT"	244	99.61
"GAGCTCGAACCTTTTCGTCA"	238	99.61
"GAGCTCGCTCATATCTATGA"	235	99.62
"GAGCTCATATTAGAGAATGG"	225	99.63
"GAGCTCGCATGTACTAGAAT"	220	99.63
"GAGCTCCTCCTACCAATCAT"	216	99.64
"GAGCTCGCATTAACATTCAG"	214	99.64
"GAGCTCCATCGCTAATTATG"	214	99.65
"GAGCTCTGCGGCGCCGCATA"	212	99.65
"GAGCTCTAGTAGGGTCATTT"	210	99.66
"GAGCTCTAACCGCTAGGGAA"	210	99.66
"GAGCTCGCATGAAAATGCAG"	210	99.67
"GAGCTCACAATATTAAAATA"	208	99.68
"GAGCTCCCGGGTCGTAATAA"	204	99.68
"GAGCTCAAGACCACTTGACA"	202	99.69
"GAGCTCAAGATTTTAAATAA"	201	99.69
"GAGCTCAATATCTGTTGAAG"	199	99.70
"GAGCTCGAAACTAATAGAAT"	197	99.70
"GAGCTCGCAAGTAATAGCAG"	189	99.71
"GAGCTCGAGCTATAATAATG"	189	99.71
"GAGCTCAAAAGCTTAAAAGA"	188	99.72
"GAGCTCTTTCTGGCGATAGA"	182	99.72
"GAGCTCAAACGATTGAATCA"	182	99.73
"GAGCTCGTGCACAAAGAAAG"	180	99.73
"GAGCTCGTCTAGCGATAACA"	179	99.74
"GAGCTCACATGTTAAGTGAG"	177	99.74
"GAGCTCAAAGGATAGAGACT"	176	99.74
"GAGCTCTAAAGCGAGGTAAA"	172	99.75
"GAGCTCAAAACAAAATGAAG"	172	99.75
"GAGCTCGAATTTACTTGAAG"	164	99.76
"GAGCTCGCTCATATAATTGT"	163	99.76
"GAGCTCGCATACACCGTCAG"	161	99.77
"GAGCTCCTGTTTCAAGTGTG"	161	99.77
"GAGCTCGTGGTGGTTACCCC"	159	99.77
"GAGCTCTGCTGGCGGATTTT"	157	99.78
"GAGCTCGTCATTGCTTTTGA"	156	99.78
"GAGCTCGATGTCCCTCAGAA"	156	99.79
"GAGCTCGAAGTTGAGCTCCC"	155	99.79
"GAGCTCATAAACCAAGGTCT"	154	99.79
"GAGCTCGTACCAGATCGACT"	153	99.80
"GAGCTCATACGTGTATCGTG"	153	99.80
"GAGCTCACGATTAGAAAATG"	148	99.81
"GAGCTCGCAATCTCCTACTG"	144	99.81
"GAGCTCAAATCGTTTTTGTC"	143	99.81
"GAGCTCGAAGAGCCAACTCG"	142	99.82
"GAGCTCTAGCCGTTAGATCA"	140	99.82
"GAGCTCGCAAGAACTTTCAG"	139	99.83
"GAGCTCGCAAATAAAAATTA"	139	99.83
"GAGCTCAAAAGCGAAAACTA"	139	99.83
"GAGCTCGTTTCGGCTTGACA"	138	99.84
"GAGCTCGCAAATAATCTGGC"	138	99.84
"GAGCTCTCTCATAGTACTTG"	136	99.84
"GAGCTCGCTATGACGGGGAA"	136	99.85
"GAGCTCATGAAAGTAAATAA"	133	99.85
"GAGCTCCCTCATTGAAAATC"	132	99.85
"GAGCTCACCGCATTGTTCGA"	132	99.86
"GAGCTCGTATCAAAATTAGT"	131	99.86
"GAGCTCATAAAACAAAATAA"	131	99.86
"GAGCTCCACCATGCGTTACT"	130	99.87
"GAGCTCAGAGGTTAATAGTA"	130	99.87
"GAGCTCACCGTCCAGCATTT"	130	99.87
"GAGCTCAAGCCTGAACACCC"	130	99.88
"GAGCTCGACGGATTCGGGCT"	129	99.88
"GAGCTCTTCAAGCGCATCGT"	128	99.88
"GAGCTCGAGACTTAACAGTG"	128	99.89
"GAGCTCGAAACTGATCGACT"	128	99.89
"GAGCTCGTAACTCTACGTCT"	124	99.89
"GAGCTCTGTTCACGGATAGT"	123	99.90
"GAGCTCGGCTTGAGTAAAAA"	122	99.90
"GAGCTCCTACGTTTATTTGT"	122	99.90
"GAGCTCATTAGCACAGGGTC"	121	99.91
"GAGCTCAAGGAGAGGCTAAC"	121	99.91
"GAGCTCACATTAAAAATATT"	119	99.91
"GAGCTCAGACAAAGGGTTTG"	118	99.92
"GAGCTCAATCTTTGGAAAAC"	118	99.92
"GAGCTCAACGGATATAGTCA"	118	99.92
"GAGCTCGTGATCAAATAATG"	115	99.93
"GAGCTCGAGCCGTGTAAATG"	114	99.93
"GAGCTCTGCAAGCCTGTCAA"	113	99.93
"GAGCTCGAACATATCTTTGT"	113	99.93
"GAGCTCCCGCGAATGGTAAA"	113	99.94
"GAGCTCAAAATCAGTGGATG"	111	99.94
"GAGCTCTGGGTAGGGGGACA"	110	99.94
"GAGCTCTAATAACGAGTGAT"	110	99.95
"GAGCTCGCCATGGTTTTTAT"	110	99.95
"GAGCTCAAAGGAATGAGTCA"	109	99.95
"GAGCTCGATGAAAATCGATA"	108	99.95
"GAGCTCAAAACTTCATATCA"	108	99.96
"GAGCTCAAAAAAGTACTAAT"	108	99.96
"GAGCTCAGAAACAATGGTCA"	106	99.96
"GAGCTCACGCGTGCGGATCA"	106	99.97
"GAGCTCTATATGTTGAAAAA"	105	99.97
"GAGCTCGTACCTGAACGTAT"	105	99.97
"GAGCTCACCAGATGCAGACC"	105	99.97
"GAGCTCTATTGGCATTTGAA"	104	99.98
"GAGCTCCGGGGCTAGTAAGC"	103	99.98
"GAGCTCAATTACTGAGAAGT"	103	99.98
"GAGCTCAACGAACCCAACAG"	103	99.98
"GAGCTCGGTGCTAGGCTCTA"	102	99.99
"GAGCTCATAAAAAAAGAAAG"	102	99.99
"GAGCTCAACGGATTTAATAT"	102	99.99
"GAGCTCGGAATGAACTGTGT"	100	99.99
"GAGCTCCAGCGGTATACTGG"	100	100.00
"GAGCTCAGAGCAACGATAAA"	100	100.00
