8bp_i521_S75_L002_R1_001-Barcode	8bp_i521_S75_L002_R1_001-Count	8bp_i521_S75_L002_R1_001-SaturationPerc
"GAGTTCTTGAGGTGGCTTTTGTTTTCAATATTT"	18171	1.74
"GAGTTCGGCTGTACCCCTTTATCTATATGGAGG"	17512	3.41
"GAGTTCAGGCAGACTGGTTGTGGCGCCCCATCG"	16716	5.01
"GAGTTCGGTTGCTTCGTTAGTCGCCAGCTGCAC"	16018	6.54
"GAGTTCTTCCCCTTCTGTGATGGGGCTGTGTTC"	12255	7.71
"GAGTTCCCCAGTTGTCGCTGGTAAAGGTCCCGG"	10366	8.70
"GAGTTCTTCACATTTAGGGGGTAAGTCTGGTAA"	10005	9.65
"GAGTTCAATTCGCAGCCGATGGGTCGCTTTATC"	9399	10.55
"GAGTTCCGGCGTGAATGGAAGTGACTTACGCCG"	9388	11.45
"GAGTTCGGTTGTCATCGGAGGTGTCCCACGTTC"	9310	12.34
"GAGTTCGCGCGGAAGTTCGGACGGATGCTATGA"	7264	13.03
"GAGTTCTGTCGTCAGCTCGGGATGCGGGCGCCA"	7064	13.71
"GAGTTCCACTGGTCCCCGCGTAGGGCACGGCAA"	6699	14.35
"GAGTTCGGTCGGGAATCATGGCAAGGATATTAC"	6266	14.94
"GAGTTCGGCTCGTTGGAGGTAGGTAGCTCATCA"	6167	15.53
"GAGTTCGCGCTGATCGCGACCGATGTGGAGGGG"	6139	16.12
"GAGTTCTCATCGGCCGGCTACGCTGTGTCATGT"	5217	16.62
"GAGTTCTGGCGGCCCGGTTCCTATCCCGGATTC"	4837	17.08
"GAGTTCATGACCTCGCACCCGTTCTCGGGATTG"	4706	17.53
"GAGTTCTTTGGTTCCGTTTGGCGCTGTGTAGTC"	4582	17.97
"GAGTTCTATCATGGTCAGTGGTGTGCGGGTAGA"	4473	18.40
"GAGTTCTTCAGTACAGGGTAGAGCCTAAGGCGT"	4443	18.82
"GAGTTCGTGGAACTTAAGGACTGTAGGAGGTTT"	4187	19.22
"GAGTTCTGGGTCTTAGCGTGTGCAGGTACATCG"	4129	19.61
"GAGTTCTCGAAATCCTTATAATGAGAATGAAGG"	4095	20.01
"GAGTTCACACGGCCGACGGGGTGTCTCGACGTT"	4008	20.39
"GAGTTCTCGAGGGACAATTGACTCGTGCGGTTG"	3990	20.77
"GAGTTCAGCCACTCTCCATTAGAAGGGTTCTCT"	3971	21.15
"GAGTTCCGTGCTCTGGTGGTAGTGGCACCCCGG"	3929	21.52
"GAGTTCTGTCGCGGGGGGCGGATGAGAACGGAC"	3828	21.89
"GAGTTCGTGGCGGACCTTAGGCATTATCGGGTC"	3769	22.25
"GAGTTCGCGTAACTCCTCGCGAGGGTTAGATTC"	3681	22.60
"GAGTTCTCGTGTTAGCTCGGGCGTCACCTCGGA"	3586	22.94
"GAGTTCTACTGCTATACATCTTGTCGGCGCACC"	3517	23.28
"GAGTTCGGTGGAAGGGACGGGTGATTTCCGTAC"	3504	23.61
"GAGTTCGCTCGTGATTTGCATCTCTACGTGGGC"	3464	23.95
"GAGTTCGTGCTGTGGCATTCAGGGGGTCGTCGC"	3389	24.27
"GAGTTCTAGAGGCGCGTCGCGATGGAATATTGA"	3254	24.58
"GAGTTCTCCGGTCCGCGGTAAAGCGGTAGCTTC"	3238	24.89
"GAGTTCGGCCATATTCAGCCAAAAGGGTGAGGC"	3176	25.19
"GAGTTCAACTGGCGGGTCGGGGAGCGACGAAAA"	3172	25.50
"GAGTTCTGCTCGCATCTCGTATGCTCCGGGAAC"	3141	25.80
"GAGTTCTAATGTCTCGGGTCGGCGTTACGGTTG"	3104	26.09
"GAGTTCTCTGTTCCAAGGGGGCGATGGTGCGGA"	2998	26.38
"GAGTTCGCTTGGCCACCCATCGAGTGGGCGTTG"	2977	26.66
"GAGTTCTTTTTCTCCTGTCCAGTGGGGTGTTGG"	2961	26.95
"GAGTTCGTCGGCGCGACGACGGCGCGGTTGTAC"	2943	27.23
"GAGTTCTCGAAGCTGGTTTGTGGATGACGTTGT"	2920	27.51
"GAGTTCTTGTTGCCAGTGAGCTGTGCCCCGAGA"	2914	27.78
"GAGTTCGTCAGGGTTCGAAGGTTTTTGTATCGC"	2845	28.06
"GAGTTCGACAGCTCAGGGTAAGGTAGGTCTAGA"	2647	28.31
"GAGTTCAACACTGTGCCGGCAGACTTATTAGAC"	2610	28.56
"GAGTTCTGACGACGGCGTGGTGTTGTTGAGTGC"	2590	28.81
"GAGTTCGCTACATCCTCCGTTGAGTATTTCGGC"	2479	29.04
"GAGTTCGGAGATGAACAGGGGCGGTAGCTCTTA"	2465	29.28
"GAGTTCAACAAGGCGCGTGAGGGGCTATCATGC"	2460	29.51
"GAGTTCTATGGGTGTCCTGCCATTTGACTTCGG"	2451	29.75
"GAGTTCGTGTGCTGCGATGACCCGATTCGGAGG"	2426	29.98
"GAGTTCTGCTTTGTCCCGGTGTATACGCTCGGC"	2338	30.20
"GAGTTCGCAAGCACGCGGGAGTAGGGGGAGTAG"	2318	30.42
"GAGTTCTCTCGGGCTGGCTGAAGGCAGGTCTGA"	2193	30.63
"GAGTTCGGGGAATCGCGTCAGCGGAAGGGGTAG"	2146	30.84
"GAGTTCGTGGGATTCAAGCCTCAATGGCTCGGT"	2073	31.04
"GAGTTCCATCTGTTTCTTTTGAAGTGACCAAGT"	2049	31.23
"GAGTTCGCATTGACGTGACTACGCGCTTTAGTC"	2041	31.43
"GAGTTCCTTGACCTACTCTGGGCGCTATGTAGA"	2010	31.62
"GAGTTCGGGTGTTCCTAATGCGAGTAGTCGCGA"	1962	31.81
"GAGTTCGGGTGTCAACGATGGGTTTGGGAGATA"	1928	31.99
"GAGTTCAGGCCTGTGTCGTGCATAGGTCTATCG"	1914	32.17
"GAGTTCTCACAGAGGGCCCAGCATCCCGTGCAC"	1900	32.36
"GAGTTCGTTGCCGTCGGTTGTGTCCTTTTGTGG"	1897	32.54
"GAGTTCTAGGGTGAGAGCTTTGTGGTATGACCG"	1895	32.72
"GAGTTCTGCGGACAAAGGTAACTCTGGCATGGC"	1876	32.90
"GAGTTCTCTGAGCCGTGTGGATATTGTGGAATT"	1844	33.07
"GAGTTCAGAGAGGCGGTCGGGTCGGGGTGCATC"	1758	33.24
"GAGTTCGCGCTGGACTTTGAGACGGTCATAGGC"	1755	33.41
"GAGTTCAACTGGTCGCCCAAGCGACGTATGTGG"	1748	33.58
"GAGTTCTATCGGCAGTGCTGTGGTGCATAGAGG"	1715	33.74
"GAGTTCTACGGGGTGCTCGGGTAAGGTGTGAGT"	1673	33.90
"GAGTTCTGCTATCTGTGTAGTGGTGGTCTATGA"	1672	34.06
"GAGTTCTCCCTGGGACGGTACGTGTGTACCTCC"	1615	34.21
"GAGTTCCGTTCTCTCGTGCTATGGACGGATTGT"	1614	34.37
"GAGTTCGCCCGAAATCTATGCAGTGACCCAAGG"	1592	34.52
"GAGTTCGCGCGTGGGCGTACTTTTGGGGAAGGA"	1586	34.67
"GAGTTCAGCGGGTGTGAGAGTCTGCGGCCGAGA"	1582	34.82
"GAGTTCACAGTTGTGTCGGATCGCCTCGGTTCT"	1572	34.97
"GAGTTCTAAAGGGACTTGTGTTACTGAGTTTCC"	1570	35.12
"GAGTTCGCTTCGGGCTTGGGGTCGCTGAGGCGT"	1566	35.27
"GAGTTCTGGGTTGTGTGCTCAGGTTCGTCATCT"	1556	35.42
"GAGTTCAAGGGTCCTCCGTGGAGACTCTCCCCC"	1553	35.57
"GAGTTCCATGAGGAGTCTGGATTCCCTGCGTGA"	1550	35.72
"GAGTTCTACCTTCTTTCGTAAAGTAGAGTCGAC"	1541	35.86
"GAGTTCTGTCGTTCCGGTACGCCCGGAGCCCTA"	1540	36.01
"GAGTTCACGCAGGAGAGAACGCATGCGGGCTGT"	1539	36.16
"GAGTTCTAGCGCCGGCCCCGGGTCCGACACTTG"	1530	36.30
"GAGTTCGGCATGACTCGCGGAGGATCAAGTGAG"	1523	36.45
"GAGTTCGGCCAGACCGACAAAGTATGACCGGGC"	1519	36.60
"GAGTTCAACCGGGTCACTTGACACCGGTGAAGT"	1518	36.74
"GAGTTCTGCCAGAAGTGGTCGAGTCCCCAGTCT"	1503	36.88
"GAGTTCGGGTGATAGCTGAGTGATTGCGCGAGA"	1503	37.03
"GAGTTCGAGCTGCATGAAGGTCATCGGACAGTT"	1488	37.17
"GAGTTCTACAGGCACTTTTCGTAACCTGCGGCC"	1476	37.31
"GAGTTCCATCGACTCGTTGGGGATATACGCGTA"	1474	37.45
"GAGTTCACATAGTCCAGGTACTGATACTGGTGC"	1470	37.59
"GAGTTCGATGTGACCATATGGCCCATGGCGATC"	1468	37.73
"GAGTTCGACCGCACTTTGGTTGAATGGGGACCT"	1426	37.87
"GAGTTCTACTGAGGTCGAGAAACTTTACCAACG"	1417	38.00
"GAGTTCTCCGAAGCATGTCGATGTTGTACGGTG"	1416	38.14
"GAGTTCGGCTGGAGCCTGCGACTATTGGGCGCG"	1415	38.27
"GAGTTCTTCGGTCGTGGAGGGGGGCCCGAAAGT"	1404	38.41
"GAGTTCCTTCGGTTGATTCAGGACGGTACCGAA"	1404	38.54
"GAGTTCGAATGACAGTGTTTTACAAAGGGTCTG"	1391	38.68
"GAGTTCTGTCGGCGTTAATCTGGCTCTACCAGT"	1381	38.81
"GAGTTCTTGTTCCCGTGTGAGCAGCCGAGTCTC"	1372	38.94
"GAGTTCGGGCACAGGTATTATGTAGTATCTATG"	1372	39.07
"GAGTTCTCGATTACGCCCGTGCGGCTCGCGCCG"	1370	39.20
"GAGTTCGTAAATGAACGGTGTGCGCCTCGGGGG"	1340	39.33
"GAGTTCTAAGCTATCGGGAAGTCTACGCAGTTT"	1323	39.45
"GAGTTCTTTCGGAATTGAAGCGATTGCGCGGTT"	1317	39.58
"GAGTTCGCGAAGTGCTGGCGTCTGTGTCCATGT"	1317	39.71
"GAGTTCGTTCGGATGTTTCGTTATCAATCGGTC"	1315	39.83
"GAGTTCGTCCAAGATTCTTACTCTTTTAACTGG"	1313	39.96
"GAGTTCTCCCGGGCACCTCGTAGCCTAGTAGTC"	1284	40.08
"GAGTTCCTCCGCCGAACCGGGCAACTCCACGTA"	1281	40.20
"GAGTTCGTCTGGTTCCGATGTTGGTAGTAGCAT"	1272	40.32
"GAGTTCGGCGAGTACTACTCTGGAAGACGTGGC"	1271	40.45
"GAGTTCGAACGGGAGTATAGGCTGGGTGAGCCC"	1263	40.57
"GAGTTCTATCGGTATCTCGGGCAGGCTAGTATA"	1255	40.69
"GAGTTCAGTCGTTCGTCGTCTTCCTTGAAAAAA"	1255	40.81
"GAGTTCCCCGGTGTTGTTTCTGGAGTTGGGCCA"	1253	40.93
"GAGTTCCACTGGGGTTTGTGCGTCGTTGGGGAT"	1250	41.05
"GAGTTCTACGCAGAGTTCTGTTGGGCGGCTTCC"	1243	41.16
"GAGTTCACGGAACTATATGCGATACCTGGTTAA"	1238	41.28
"GAGTTCGTACGTCAAACCGACCCGTAGGCGCGG"	1234	41.40
"GAGTTCTCCGACCCCTGGCACGCTGGCCCTTTT"	1231	41.52
"GAGTTCAAAGTAAAACGGGGGTGTCAGGTGGTA"	1223	41.63
"GAGTTCTCGTTGATGGGTGGGTGGCACCTGTAC"	1219	41.75
"GAGTTCTTCGCTGGACCCTGCGGCACACCTGTC"	1217	41.87
"GAGTTCGCGCTTCGCTGGTGCAGGTGCACACTA"	1210	41.98
"GAGTTCTGCCTCGTGTAACGTAGGGGGTGTCGT"	1207	42.10
"GAGTTCTGGCGGGTGACACTAGTTGAGCGCCGA"	1202	42.21
"GAGTTCTCTTCTCCCTGCGAGTGACCATGATCG"	1194	42.33
"GAGTTCTGTAATGGCTCGTGCGCTCGGGCCCGG"	1190	42.44
"GAGTTCTCCAGTCAAAGCCGAGGCTGACGGGTC"	1184	42.55
"GAGTTCGTATGGCTTGCCTCGGTCTGCTCGAGG"	1183	42.67
"GAGTTCTGGCGTAACGCTTGTCTAAGCGGGGCG"	1163	42.78
"GAGTTCACTTTGCTTGTGCAGATAGGCGATTTA"	1157	42.89
"GAGTTCTGGTCGTGGATACAAAGACCTTTTTTT"	1152	43.00
"GAGTTCTTTTAGACATGCGCGCACCGTTAGTTC"	1148	43.11
"GAGTTCGCACGCCTGCCCTGCTATCGGTAATAC"	1147	43.22
"GAGTTCTTGGAAATGAGGACGCTAGAGACGTCC"	1142	43.33
"GAGTTCCGCACGATCTGATGGTTTTCTCTTGCT"	1141	43.44
"GAGTTCCGCTGAGAAATCAGCCGCGTGCGAGAG"	1138	43.54
"GAGTTCGCTATGGTGGTTACGGCTGGGAGATTT"	1131	43.65
"GAGTTCGGGAGGTTTGTCGTCTTGAGTTCGGTC"	1124	43.76
"GAGTTCCGGTCGGTTATCGTGGGAAGATTCTTA"	1123	43.87
"GAGTTCGGATGGGTACTGGGGCGTCATCAACAC"	1119	43.97
"GAGTTCTATATATGCATGTGCAGTTTTCCGTCC"	1117	44.08
"GAGTTCGCGATGACTGCGGGGCAAGTGGCCGGC"	1113	44.19
"GAGTTCAATCCGGCGCCCGGTCTCTCGGGTTGG"	1111	44.29
"GAGTTCCAGCGGAAGTAGAGAACGTGTGCAAGC"	1110	44.40
"GAGTTCCTCAGTTCATTAGTGGCTTCCATGATG"	1101	44.50
"GAGTTCGCTACCGACCAGTATCGGAGTTGGCGG"	1095	44.61
"GAGTTCCTGCGAATACAGGCACGGTTATTCGGC"	1087	44.71
"GAGTTCATGCGATTAGGGTCGCTCGTTTACTCA"	1087	44.82
"GAGTTCGCAGAGACAGGATGTAGACGGTGGTGT"	1086	44.92
"GAGTTCTTGAGTGGCTTGGGAAATTGCACATGA"	1081	45.02
"GAGTTCTTGAGTTATGTATGGCTGCTGTTTGAT"	1074	45.13
"GAGTTCTACTGGCTCCAAGAAAGATTTGGTGGC"	1074	45.23
"GAGTTCTTCGCCATCGCTTTTGGCGATTAAGGA"	1066	45.33
"GAGTTCGGAGCGCAGCGGCATGGTTGTCCGACT"	1063	45.43
"GAGTTCTGGGTGCGGGCGTGACCATTCTGGCAT"	1059	45.53
"GAGTTCACGTGGGATGCTGGTACAAGTCTGTCT"	1058	45.63
"GAGTTCTCCTCTGCTACGGCGCACTTGTTAGGG"	1054	45.74
"GAGTTCACGACTATTACGTCGTCATAGGCTCCA"	1054	45.84
"GAGTTCTGAGGTGTCAGCCGACGGTGGTGGCGC"	1051	45.94
"GAGTTCGTTTCACGCCCTGTCCTAGTGGGGCTG"	1046	46.04
"GAGTTCTAACAGTGGGTTTGAAGGCAGTGTGCA"	1043	46.14
"GAGTTCTCTGCGTAGACGGTGTCGGGGAGAAAG"	1040	46.24
"GAGTTCTGGCAGCTGTGGGGGGAAATTTGGTCC"	1034	46.33
"GAGTTCTTGCAGGTGTTTGAACCACCTCGGCGC"	1032	46.43
"GAGTTCACGTCTTTTCCCGTCTGTAGTCTACGA"	1029	46.53
"GAGTTCTTCGGACTGCTTCAGGACTAAGGGTGT"	1025	46.63
"GAGTTCGCGTAGGCCCTCGGCCGTCGGTTTCTC"	1019	46.73
"GAGTTCCGCCGGCTAAGAGGGATGGATTGGTGA"	1006	46.82
"GAGTTCCACCGGATCGACGAGGATAGTCGTTTT"	995	46.92
"GAGTTCCGGTGGGAGACTTTGTTTTCCGCGCGA"	993	47.01
"GAGTTCGTCAAATGATTCCCGTCATTCTGCTGG"	989	47.11
"GAGTTCCATCTGGGAAGTGGGGGGCCGCTATGT"	985	47.20
"GAGTTCTGGTTGCTGAGCTTCAGAGGTGACTGG"	983	47.29
"GAGTTCAGGTTTTTAACTCGGAGCATGGCTTGT"	979	47.39
"GAGTTCTATCGGCATCATTGAGTAAGTTGGAAG"	978	47.48
"GAGTTCAGTCGGAGCAAACTTTGGGGCATGTGG"	976	47.58
"GAGTTCGTCAAGGGGGGCAGGTTTGGGTATATC"	973	47.67
"GAGTTCCTCACGTGCAGCGAAACGAGGGTCCGG"	973	47.76
"GAGTTCGGCAGATTAACGTGAGGGCGGTCGTTA"	968	47.85
"GAGTTCGCCTGGTAGGGTAACGGCCTGGGGAGC"	958	47.95
"GAGTTCTCGGGCTGCCTTCCACCGGTTACCGCT"	954	48.04
"GAGTTCTCGTCCAAACCATATCGAAGTTGCTCT"	951	48.13
"GAGTTCCTGTAGCCATGAGTCCGATATGTTGGA"	950	48.22
"GAGTTCTCAAAATTTTAGTGGTGCTTCTGGGTA"	949	48.31
"GAGTTCTTCACATTTCTCCGTCCTCCTGGACGG"	947	48.40
"GAGTTCTATCTGACGTGTTCTAGGTTACAATGG"	945	48.49
"GAGTTCGGAGTTTGGCGGGCTTGTCTCGACTCC"	938	48.58
"GAGTTCTTCTAGTGAACTGAGCGGACTAGGGGT"	931	48.67
"GAGTTCTGAAAGTAACCTGGCGGATGCGGGTCG"	919	48.76
"GAGTTCGGCTAGGACCTGTTACGGTGGCCGATG"	917	48.84
"GAGTTCGGAATGGGATAGGGTGGTTCGTTAAGA"	916	48.93
"GAGTTCTCTTATCGACAGGCAGCGTCTGGGACC"	913	49.02
"GAGTTCGTTCGGCAGCTTCCCCGTCAAAGCTAC"	908	49.10
"GAGTTCATCTTTCCTTTACATGATTTAGGTCAA"	908	49.19
"GAGTTCTCTCCCTTCCGACAGGTTGGGTTCATG"	899	49.28
"GAGTTCGGCCGGGCGGCAGGCGGTCCTTGGTTG"	892	49.36
"GAGTTCGCCCCGGAGAATCGGCGCGGTTACGGG"	887	49.45
"GAGTTCTGGCGGAGCCCGTCACCTCTGGCGGCT"	883	49.53
"GAGTTCTATTGTGATGTTGGTCGTCCTGAGCTA"	870	49.61
"GAGTTCTTCATGGCCATCGTTGCGCTCCTGTCC"	867	49.70
"GAGTTCGAGAGTTCGCCTGGCCGTTGGCGTGTC"	865	49.78
"GAGTTCTACTGGTTATCTGGTCATACGCGGCTG"	864	49.86
"GAGTTCTCGGTGCACCATCCTCTGTTTTTACGC"	863	49.95
"GAGTTCGAAACCGGATCTGGGCATCCTGCGGTC"	855	50.03
"GAGTTCTTTGAGGTACGCGCGAGGTAGCCTTCC"	851	50.11
"GAGTTCTTTAGGGGGTTAGGAGGGCGTGGTCGT"	850	50.19
"GAGTTCTGGTGGCAATCGTTGTGGGCTGATGTC"	849	50.27
"GAGTTCGGATGGTCCGTTTAGCGACGTGCGGGT"	848	50.35
"GAGTTCCATGTTATGCCGTCCTATCGCTCGTCG"	846	50.43
"GAGTTCACCGTGTAATCGGGGGGATACCTACGT"	845	50.51
"GAGTTCTGTTGTCCTACTTTTTCTCTACTATGA"	844	50.59
"GAGTTCTCTAGACAGCGGTTAGGTCTTAGATGT"	844	50.67
"GAGTTCTTTCGGGTTTCGGCTTATCCCTAGCTG"	842	50.75
"GAGTTCTCGACTCACACTTGGTGTCTATTGGGT"	838	50.83
"GAGTTCTATTTTTGTGTTTCAAATCAGGGACAC"	832	50.91
"GAGTTCGACCTCGGGCTCAATATCTGTCTCGCC"	832	50.99
"GAGTTCAATAACCCAAACGGTGGACGTGCGTGT"	832	51.07
"GAGTTCTCCCGGCAGCCGGTCTGACCAGGGGTC"	831	51.15
"GAGTTCAACCAGTGGAGTTCGGTTTGACGGTGG"	831	51.23
"GAGTTCATCTGGGGGCTCTCTATGTTGTCTGAG"	815	51.31
"GAGTTCGTCTGAATGGGGGGGAGTCGTTGTCCC"	814	51.39
"GAGTTCCTTCTGTTGAGATGGCTGAGAGTGAGC"	812	51.47
"GAGTTCGGTGTATCGGTTTTTAGTGGTTTCCTA"	810	51.54
"GAGTTCGAACGGCGGCCAGAGGCACTAACGTGT"	803	51.62
"GAGTTCGCTCGCGGCAATGGGAGCGGTTAGAAA"	802	51.70
"GAGTTCGTGTTTGGCCCTGGTTGGCGAGGCCGT"	801	51.77
"GAGTTCGCGCGGTCCTCAGCGAGGTGTGCGGGG"	801	51.85
"GAGTTCGCGAGATAATTGAGACGGGATCTGAGT"	798	51.93
"GAGTTCGAGCGTCAAACATCACGGAAAAGGATC"	798	52.00
"GAGTTCGTCCCGAGACATGGCACTCTGTAGCTC"	797	52.08
"GAGTTCGGGGGTCCCTAGGTTTAAGTTATGTCA"	797	52.15
"GAGTTCTGAAGGAAATGACAGTGACTGCGTGTA"	793	52.23
"GAGTTCTGGAGGGGCTCCGAACGATGGTAGGAG"	792	52.31
"GAGTTCTTGGAAACGTCGTGAGGACACGTTCGA"	789	52.38
"GAGTTCGTTAATAATCAATGCGCAAGCATGTGA"	784	52.46
"GAGTTCGATTGGCAGCCCAAGGGGGTGCCTGGC"	784	52.53
"GAGTTCGTGCTCCCACGATTGATTTAGTGCTGG"	783	52.61
"GAGTTCTCGTTCGTGGCTTGCCGGTGTCGAGCT"	780	52.68
"GAGTTCTAGTCCAAGTTGTCTCGTCAGTATTGT"	780	52.75
"GAGTTCGTGGTCATAGATGGAAAGCGATTGAGG"	780	52.83
"GAGTTCGTCTGGTTACCCTAGCGGGGTTAGACT"	780	52.90
"GAGTTCTCCTGGATCTGGTCCAGGTCACTGGTA"	774	52.98
"GAGTTCTTGTGGGTACCTCTGCGGGCAAGATAC"	773	53.05
"GAGTTCTACTCACTATGTCGTATCCACGGACTA"	771	53.12
"GAGTTCTGACGAATCACGAGCCGCCATGTTCTG"	765	53.20
"GAGTTCTCACACCCGGTGTTATTAGGGCGGGCA"	762	53.27
"GAGTTCACCTTTCTAGCGTGTTGTCGGTGAGTA"	760	53.34
"GAGTTCTATTGGCTGCTTGGGCGTCTCTCCACG"	758	53.42
"GAGTTCATGTGGATCTGTAGATGTGATACGTCT"	756	53.49
"GAGTTCCGGTATTTTCTCAAATCAAGCCTTACG"	755	53.56
"GAGTTCTATCGTGATTGTGTTGTAAAGATCCCG"	752	53.63
"GAGTTCTACAGTTCGGTAGGAGGACGACAACAG"	751	53.70
"GAGTTCGATAAAACGGGTCAGGACCTGACGTGT"	751	53.78
"GAGTTCCCTAGTACGCCGTATAGTACCCTGAGC"	748	53.85
"GAGTTCACGTTGTGCACGTGGCTTATCGCTTTC"	744	53.92
"GAGTTCGTTTGGCAATCTTCTGGCTGTCGTATC"	739	53.99
"GAGTTCTAGCGTTTGACAAATGGTAATCAGCCA"	738	54.06
"GAGTTCTAGTGGCAGTCACGGCTGCTTGCGTGA"	736	54.13
"GAGTTCCGGTGGGAGGTGTCTGAGTCATCCTTA"	734	54.20
"GAGTTCTTGCGACCGTGGTGGACGATCTCACAT"	733	54.27
"GAGTTCCACAGCGGGGACGAATTGATTGGAAGT"	733	54.34
"GAGTTCTTAGGAGAAGTCGCGTCCTTGCCTGGG"	732	54.41
"GAGTTCGGCCTTACCGGGTAGCCTCATATAGTT"	731	54.48
"GAGTTCTGATAAGCGTGTGCAGGCCCGTGGAGA"	729	54.55
"GAGTTCGTGGGTTTACTCCAAGGATTTCGTCGT"	729	54.62
"GAGTTCTCGAATTTCTCTCTGGCTTGGCCTGGA"	727	54.69
"GAGTTCGGTTATGCCGACACGAGCTTCCCGCTT"	726	54.76
"GAGTTCTCCGGGGGTTTTAGAGACTGTGTAATA"	724	54.83
"GAGTTCTGTCGGATACCATAGGGGACCGGTGGC"	723	54.90
"GAGTTCTGTAGGGCGCCATGGGCATAGCCCTGC"	722	54.96
"GAGTTCGAACGGTCCTCCGGAGAGATTCAGACC"	722	55.03
"GAGTTCGCGCTCGCCGGGGGGCGTCTCAGTCTG"	705	55.10
"GAGTTCCTTTAGGCCAGATGGCGGTGTCCACGA"	705	55.17
"GAGTTCCATTAGCTTTTGCAAGTCCGTGCGTCG"	705	55.24
"GAGTTCAACCAGTGTTCATAGGACGACCGAGAC"	704	55.30
"GAGTTCGGGTGTGGGTCGAGGCGTCTGTACACA"	700	55.37
"GAGTTCGAGTGCTCAGTGGATCGTCGGATGTGG"	695	55.44
"GAGTTCTAGGTGACATACGGGGGACAGTCGGCT"	694	55.50
"GAGTTCTATATGACTGGGCGTGTCGTTGGTCGG"	693	55.57
"GAGTTCGTACTTGGATCGGGCGGTCCTTCGGCT"	691	55.63
"GAGTTCCGAATGTTGTGTTCGCCTTAGTTATGA"	690	55.70
"GAGTTCTTTGGGATTTATTGCGGATATCGATAA"	687	55.77
"GAGTTCTCGCGTTCCGGCCACACGTAGCGCGAG"	687	55.83
"GAGTTCGAAAGCCATTATACGGATGCGCGGTCT"	687	55.90
"GAGTTCTTTCCCTCTGTGTGGGAGTTTCGCATG"	685	55.96
"GAGTTCAGTTGCCCCTGTGATCGTTGATGTTAA"	684	56.03
"GAGTTCTATAGGCATCCATTGGTGTAACGTGTT"	682	56.09
"GAGTTCTAGTGGGAGTATGGTGCGTAAGAGCTC"	682	56.16
"GAGTTCTCGTGGTCAGTTTTGGAGGGGGAATGT"	674	56.22
"GAGTTCTCGCGGTCCTCCGAGGCGATTTTGCCG"	674	56.29
"GAGTTCGGTTAGGCGCTCTACTGAGGGTTCATG"	674	56.35
"GAGTTCGATGATGAGCAGGCGCGTCTTCAGTCT"	674	56.42
"GAGTTCGTCCACAACCTACTGCATATTCGCACT"	673	56.48
"GAGTTCGATAGAGTGACGACGTGTTAACACAAA"	673	56.54
"GAGTTCGACGGGCGGTGCTGGTGGCCACGCTAC"	673	56.61
"GAGTTCTGCGGGGAGAAAGAAGGCTGCATTCCG"	670	56.67
"GAGTTCCGGTCGCTCTCGTCTGTGTGCGAACTA"	669	56.74
"GAGTTCCCTAGGTCCCCGAGTTTTTGTAGGCCA"	667	56.80
"GAGTTCCCGCTGGCGACCGCGGGGTTTGTCCTC"	666	56.86
"GAGTTCTATCTTAATTCCGATGTAACGTGCGTC"	665	56.93
"GAGTTCTTCAGCTAGGTAAGCTGCGTGCCCCAG"	662	56.99
"GAGTTCTGGTGCGTTCGTCGGGCTGCACCTGCG"	660	57.05
"GAGTTCAATGGCCGTCAAGGTAGGTGTGGAGCC"	660	57.12
"GAGTTCCTTTGTCTCGAGCGTTGAGGTTGCTCT"	657	57.18
"GAGTTCTTCGGAACTTATAACTTATGACGGTCC"	655	57.24
"GAGTTCAAAGGTCTAGTAACGTCACCGTAGTAT"	655	57.30
"GAGTTCGGGACGAGTATATCTCAATTGCCATAA"	649	57.37
"GAGTTCGTCCTAGCATGGTTCGCCTTGGCGAGA"	642	57.43
"GAGTTCGCTAGTTATTCTAGTCGTTTCGGGCCC"	642	57.49
"GAGTTCGCACCGCAGGACTGATGCTGGAGGCTC"	641	57.55
"GAGTTCTCAAGGTAGCAGGAGAGTGGGGGACCG"	640	57.61
"GAGTTCGATCGAACGTAGATTATTTTCTTGGTG"	640	57.67
"GAGTTCTATGGGTTCCAGTACAGTTTGGTAAGA"	636	57.73
"GAGTTCCCCAGTTAACGCCAGCTAACATTCGGC"	636	57.79
"GAGTTCTACTCGCAGTGGTGCGGAGGTCGGTGG"	634	57.86
"GAGTTCAATCCACCTCGCTGGGCCTTGCTCTCC"	634	57.92
"GAGTTCTGCCTATGGCGGTTAGGCTTAGCGTTA"	633	57.98
"GAGTTCTCCGTAGCCTTTGTGTGTGGGAGGTCT"	631	58.04
"GAGTTCCAGGACCGCCCCAGGCGCTCTCTCAAG"	631	58.10
"GAGTTCGCAGTCATGCGGTCCGGTCGATCAGGC"	626	58.16
"GAGTTCATACGGTTCGTGCCGTGAAGACCTCGG"	626	58.22
"GAGTTCAACGGGCATCGGAGATTGCGTGGAGGC"	622	58.28
"GAGTTCTTCTTTGCATTGCAGGAAGGTTCTGGA"	621	58.34
"GAGTTCATGATTCGTTTCAGGGCTGGTCTGAGG"	621	58.39
"GAGTTCTAGTTTTTACCCCTGGCTACGCTCGCC"	619	58.45
"GAGTTCGTGGGAATATGGTGATCACGGGTACTT"	619	58.51
"GAGTTCCAAGTTGGCTCTCGTCCTACACTCCCT"	619	58.57
"GAGTTCGGTCGTGGGTTATGGGCCAGGCCCTGG"	618	58.63
"GAGTTCGAGCTGCTTAGGGGGATTCGGCGGACT"	617	58.69
"GAGTTCCACGGTCTTCGGATAAGATGCCACGGG"	616	58.75
"GAGTTCTCCAGAGAGGGGCGATGGTGGCGGTCG"	614	58.81
"GAGTTCTCTTATAGCGGTAGGGGTCGCAGGTCT"	613	58.87
"GAGTTCTCCAGGTTCCCTTTCTAGCTGTCGGGG"	613	58.92
"GAGTTCACCATCCAATGTTGGTACGCTGGGTAC"	612	58.98
"GAGTTCTAAGCACACTCCGTGGGTAAGTAGGGA"	611	59.04
"GAGTTCCTGTGCCTCCAGAAGGGATTGAGGCGA"	611	59.10
"GAGTTCAGCCATTTGATACTATATCGTTGTTCG"	609	59.16
"GAGTTCTGAGGCGTTTAGAGGAGCCGTGTTTTC"	605	59.22
"GAGTTCGGGCTACGCTCTACTCGCTGTGTCCTC"	605	59.27
"GAGTTCGCGCGGTGACTTTCGCAGGTATGGTGG"	605	59.33
"GAGTTCCTATTCTGGGGTGTTTAGGCCCTCTCT"	605	59.39
"GAGTTCCTTCTCGACGGCCAGTGCGTCCGCGTT"	604	59.45
"GAGTTCTTCCGCTCGTGGACAGGACGATAGGGA"	603	59.50
"GAGTTCTTCCCGTGCTCGCAATGGGGCAGGCCC"	603	59.56
"GAGTTCTCATGGCCATAGTGTAGGCGTCGGTTT"	603	59.62
"GAGTTCAATCGGCCTTGGGTTAGAAGAAGGGGA"	603	59.68
"GAGTTCCTGTTTCGTAGCTGGGTGCCTAGCTTG"	601	59.73
"GAGTTCTCGGGGGACTCCGATGAGCTAGCGTTA"	600	59.79
"GAGTTCCCTCAGACTTACTTACTCGTACGGCTA"	598	59.85
"GAGTTCGGCAGGTCGAGCAGCGGATTGCCTCGT"	597	59.91
"GAGTTCCAGTCGTGGGCCTGTTGTACCGGTACC"	597	59.96
"GAGTTCTATCAAACGCACGGCGAGGGTTTACTA"	596	60.02
"GAGTTCCGAGCGTTAGTGTGCTGGTGCGGCTCC"	595	60.08
"GAGTTCGTTACGGAGCATAGGCGTGTACTTCAT"	594	60.13
"GAGTTCTCTCGCATAGCTTCTTGCTGTCCTTTA"	593	60.19
"GAGTTCCGAAGTCGGCCCTTGGTTCTAGCACCT"	591	60.25
"GAGTTCTTCAGTCAGGCATGATCCTAATTGTCA"	589	60.30
"GAGTTCCATAGCATTGTTGCGCTCTCATATGGT"	585	60.36
"GAGTTCATCCGACCTAGGTTTCAGTCAGAGTCA"	584	60.41
"GAGTTCTTATAAACGTAGTCTCGATTGCCGTGT"	583	60.47
"GAGTTCTCCCAAAAGTATCAATATTGATCTTTC"	583	60.53
"GAGTTCTATTCGTGCCTGTGTGCTATGGCATGG"	582	60.58
"GAGTTCCCGCGATAATCTGGACGATCATCGTGA"	581	60.64
"GAGTTCTAACGTCAACACTGGCGGAGGCCGTCG"	579	60.69
"GAGTTCTCAGGGCGCTGAGTAGATAAGGAAGCT"	576	60.75
"GAGTTCGCTTGGGGGCTAATGGAATCGGGAGGT"	573	60.80
"GAGTTCAGTTGGCGTCCTTCGCCGGTCCCCACA"	572	60.86
"GAGTTCTTTCGGCCTTCCATATAGCTACGGGTT"	566	60.91
"GAGTTCAGATGGGTCCGGCGATACGGTATACCG"	566	60.96
"GAGTTCCTTACGCGTCCCAATAACGCACTCTGG"	564	61.02
"GAGTTCACCGACATCGCCAAGTTGGAATCCGAT"	563	61.07
"GAGTTCTTGAGGTAATTGAGTCAAGAGCGTATA"	562	61.13
"GAGTTCTCGCGATATTGCGGTACCTTTGTCTGG"	562	61.18
"GAGTTCGCGGACAATCCATGAACGTTAGTGGGG"	562	61.23
"GAGTTCGGCCATCTTTGTTTGGGCCGTTGGTCA"	561	61.29
"GAGTTCGCGCTTTTAGCGCTGACGTTTGGATGC"	561	61.34
"GAGTTCCAGCGCAAACGGGGCCGTTGCGAATGC"	561	61.39
"GAGTTCATCGCGACGAGTAAGTTTTCGCGGACC"	561	61.45
"GAGTTCGCCTATGCCTCGGGAGGGTAGCGACCG"	560	61.50
"GAGTTCTGCCTTCGGTTCTTATTTCACTAAAGC"	559	61.55
"GAGTTCGCTCCCCGTATTGTTCCTCGACAGGTT"	559	61.61
"GAGTTCCGTCACCCGGGGTGAGCTCACCCGGTG"	559	61.66
"GAGTTCTTTCAGTGTCCTTGGTTATACGAAGAC"	555	61.71
"GAGTTCAAACTAAACTGATGGCGCAGGGACCTG"	555	61.77
"GAGTTCGACTGCCCGTCTTGGGGTCGCTGATGT"	549	61.82
"GAGTTCGGAGGCCCTCCGTAGGAGTGTCAAGTG"	548	61.87
"GAGTTCCTTCTACTGGTGGGAGAAATCCCATGT"	548	61.92
"GAGTTCTGTCGGTGGGGTTGGCGAGCCGCGCAC"	545	61.98
"GAGTTCCCTAGACGCGTGATGGGCAGCGGGCTA"	545	62.03
"GAGTTCATCCGGGTATCACTCACTTGTCGATTG"	544	62.08
"GAGTTCGCGAGTCTTTGATGCACTGGGTTTCCC"	543	62.13
"GAGTTCGACGGCATTCGCGCACCGCACCAGAGG"	543	62.18
"GAGTTCAATCGCATGTGGCTCTTTAGACTTTGG"	542	62.24
"GAGTTCTGGCGCGATTATAAACGACGTTGTGTA"	540	62.29
"GAGTTCCCGAGTTTCGTGTGGTAATTCCAGTTC"	540	62.34
"GAGTTCTCTTGGCATCAGAGGCCGATTGGGTTT"	538	62.39
"GAGTTCGACCGGCTGTAATCGGTCTTCGTCGGG"	537	62.44
"GAGTTCCGGACGCGCGTAGCGGGGCTGGCGAAA"	537	62.49
"GAGTTCCGGCATCTAGCAAGGCTATTAGAGGGA"	533	62.54
"GAGTTCATAGTTTAGTTCAGCGGGTTTGCGAAT"	533	62.60
"GAGTTCGATAAGTCCCGGTAGTGTCAGTCTAGG"	531	62.65
"GAGTTCCAGAGTACGCCAGTTCCTTGGGCATAT"	531	62.70
"GAGTTCGATCGTACGGTCGTAGTGCGAACTTGA"	530	62.75
"GAGTTCTAACGAGGGGCCCGATTAGGCGTCGGA"	529	62.80
"GAGTTCGATGCTTAGATATGTGAACCGGGCCGC"	529	62.85
"GAGTTCTGGTCTCTGCGGTAGTGACTAGGGAGA"	527	62.90
"GAGTTCACGTGGGCGGTTCAGCGTTATTCGGGG"	527	62.95
"GAGTTCACCCGGTTGCTAGTGGGGAGGTCGTCC"	527	63.00
"GAGTTCTTTCATAGATCTGAATACCGCATGTCA"	526	63.05
"GAGTTCTCCGATCATCGCTGAGGGCGCCGATCA"	526	63.10
"GAGTTCCTGGGGCCTCGTAATGGTCACTCGGAG"	523	63.15
"GAGTTCAGGTGGCCGTGGGGGGCCACACGCGGG"	523	63.20
"GAGTTCTTTTGACCTTCGGTGCGAAGTGCTTGT"	521	63.25
"GAGTTCGGCTTCCCGTGTGGGGCATTGAGCGGA"	520	63.30
"GAGTTCTCGTCGGAAGCGAGTGATAATTAAGGA"	518	63.35
"GAGTTCAGGAGTCCACCCCGCGGTGGATTCTCT"	518	63.40
"GAGTTCGGGGCGCAGTTGGTGCCCTTCAAGTGG"	516	63.45
"GAGTTCCTTAGCTCGTTCGGGTCGATCTTCGAT"	515	63.50
"GAGTTCAACCGGGGCTGGTGAGGTTACCGCGAG"	515	63.55
"GAGTTCATTTTCAGAGTGTCCTTGCGGGCGGAT"	513	63.60
"GAGTTCTACCAGATCCCTTGTGGGCTGCTGTCG"	512	63.64
"GAGTTCGCTATGAGCGCCCGGATGTTCAGGATC"	512	63.69
"GAGTTCTGTTGGCTGTGAGGCAGGGGGAAGATA"	511	63.74
"GAGTTCTCTCGGTCATAGTCCGCTCGTCCAGGG"	511	63.79
"GAGTTCTCGTGGCGTCACGCGTTATCTCGGCCG"	510	63.84
"GAGTTCTCACGGTATTTTACATATGCACCGTCA"	508	63.89
"GAGTTCATGCGAGGCATAGGGGATCGTAGCGGT"	508	63.94
"GAGTTCTTTCTTTGGACTAGGAAGGGTCGGGTG"	506	63.98
"GAGTTCAGGCTAACATTCTGAGGTCTACGGGTG"	506	64.03
"GAGTTCTTCAAGCGGTAGAGTGTGCATGCGTGA"	505	64.08
"GAGTTCTCTAGGACGCGCCGGTCCCAGCGAGTT"	505	64.13
"GAGTTCTCGGCATAACCCAAAGGGCGCATATGT"	505	64.18
"GAGTTCGGTCGGCGATATTAGCAGCCAGGGCGG"	505	64.23
"GAGTTCGGGTTCTCATGTACATGCTAGTTTTTC"	505	64.27
"GAGTTCCTCTACCGTAGTTCGCCGACGCTGGGA"	505	64.32
"GAGTTCGCACGGGGTACGTGGGGATGCCGACGA"	504	64.37
"GAGTTCGGCCTTAGGGCGGATTCACAGATTCTA"	503	64.42
"GAGTTCGTTTGTGTCTGAGTTTTTCGTTGATTC"	501	64.47
"GAGTTCTAGATCGTTCAGACTCTGCCGGTATGA"	500	64.51
"GAGTTCTGGCAGCACCAAACTGATCGTCGGACA"	499	64.56
"GAGTTCACGAACGCGTTCTGGCTTGTCAGTTAC"	498	64.61
"GAGTTCTCTCTGTCGCGGTGGGGCCGTTGGACC"	497	64.66
"GAGTTCATTCGTTGACTAGACGGAACTCCGGCC"	496	64.70
"GAGTTCTGCCTCTACTTCTAGGGCTTCCGGATG"	494	64.75
"GAGTTCTATCAGCCGTCGTGGTGTCAGGGGTTC"	492	64.80
"GAGTTCGCATCGTCAATGTGAGGCCAGGGCGAT"	492	64.85
"GAGTTCGTAGATCTAGCGTGTGGAAGTCTACAC"	491	64.89
"GAGTTCACGGGGACCAGTGGGTGCGGAGTGTCG"	491	64.94
"GAGTTCTCGTCTTTCGCTTGTGCTCCTTGGAGA"	489	64.99
"GAGTTCCTCAGATCAGTATTAGTCTATTCGATG"	489	65.03
"GAGTTCGCTGGGAGGTTTTGGTGAGCTTTTTCG"	488	65.08
"GAGTTCACGCGGAAGTCCCGGGAATTTCCCGAC"	487	65.13
"GAGTTCGGTTCGGTGAGCTCCAGCGTCGTGCTG"	486	65.17
"GAGTTCCGCACGGTCCTGGCGGATAGCCTAAGC"	486	65.22
"GAGTTCGAACGACGATTTGACTATTCTATAGTT"	485	65.27
"GAGTTCGAATGTCGTTTCGAGCACGATCTAGAC"	484	65.31
"GAGTTCTCGCTCTACCTGTTCGACCATTGTCCT"	483	65.36
"GAGTTCTACTGGGGGCAGTGAAAGGCACGATCG"	483	65.40
"GAGTTCTCACCGTATCGAGGGGGTCGACGAGTC"	482	65.45
"GAGTTCGTTCATGGCTGGGGAGGCTATGTGTTT"	482	65.50
"GAGTTCACTCTGTATGTTCGGCGGGGTTCCCGA"	482	65.54
"GAGTTCTCGAGGTTTTCCGTAACGTACTCTTGA"	481	65.59
"GAGTTCTGGAGTAGGTATTGGTTCAATGGAAGT"	480	65.63
"GAGTTCTGCGGGCAGGTCAGGTGACAGTCCTTT"	480	65.68
"GAGTTCCGCTCTGCGCGGCAGGGTCTTTGCGCT"	478	65.73
"GAGTTCAGCCGAACACTGAGGAATAGGCGGATA"	478	65.77
"GAGTTCGGCGCTTCGTCACGGACACCTGATCGA"	475	65.82
"GAGTTCAGTATTAAGTTCTGGAGGTATGAAATG"	475	65.86
"GAGTTCGGCCAGGGTCGGTGTGATACCCGGGCG"	474	65.91
"GAGTTCGTTGGCGACCCGTTGCGTCGGCTGCGG"	473	65.95
"GAGTTCGTATGGGAACAATTGATGCATTGTTTG"	473	66.00
"GAGTTCCTTTGTCAGAGGCGGTACGATTTATTC"	471	66.04
"GAGTTCATCCGTAGTCGTGCGAGGGATAAACCG"	471	66.09
"GAGTTCTGTTAAAGTCCTAAGATGAATACGCCA"	470	66.13
"GAGTTCGGTTGGCGTCAAAGGGGTCCTCAGAAC"	469	66.18
"GAGTTCGACTAGCCATTGGTCTCGGCGGCGCTC"	469	66.22
"GAGTTCTGCAAGTCGTGCTGTCGACTATGTGAT"	468	66.27
"GAGTTCACGGGCCGTTAGTAAAAGTAGGTCCGC"	466	66.31
"GAGTTCAATCAGCAGTGTGGGCTAAGTCGACCT"	466	66.36
"GAGTTCGTCTGCTGTGAGAGTGAAGGCCTGCCT"	465	66.40
"GAGTTCGTGGTGAAAGAGTGGATGCTGCGCTAA"	463	66.44
"GAGTTCCACCATTGGCGCTTGAATTTGCGACTG"	463	66.49
"GAGTTCTACAATCAAACAGGTTTAAGGCCTCTG"	462	66.53
"GAGTTCGATCGGCACCTCGATTGGGTGGGCAAA"	462	66.58
"GAGTTCATGGTCCTTCACTACGGGTTGTCCGCA"	461	66.62
"GAGTTCGGTCATGATGTCCGGTGGTAGTTGGGG"	459	66.66
"GAGTTCTCGTGGGGTGCACGGGTCCATTGGCCG"	457	66.71
"GAGTTCTAGCAACCTTGATTGGACCCTGCACAC"	457	66.75
"GAGTTCCATCGGCGTAAATGGCGACGTGTGCCG"	457	66.80
"GAGTTCTGTCGGCGGCGATACGTAGTGGGAGGA"	456	66.84
"GAGTTCGGGGTATCACTTTAGCCTTCCGTCGCA"	456	66.88
"GAGTTCGATTGCAAAGCGACACAGAGCATTTTA"	455	66.93
"GAGTTCGACCGGTACTAGGATGTTTGTTAGCTT"	455	66.97
"GAGTTCCACCGTCTTCTGGGGCCATGTATACCA"	455	67.01
"GAGTTCTATCGTCACTGACCGATTCCAGTTCGA"	452	67.06
"GAGTTCTATAGTCGGTCAGCCTAATGGTGGAGA"	452	67.10
"GAGTTCTAGTATAAACGTCTCCAATGGGAAACA"	452	67.14
"GAGTTCGGGGGACGTTGGATTCTGCCGTCGTTC"	451	67.19
"GAGTTCTGGCGCTCGTGGTTAGGAATTTCTACA"	448	67.23
"GAGTTCGGCTGGGAGGCGGGGGCAGGTCGATGG"	447	67.27
"GAGTTCAACTAGGCGCCACAGTCAAATTCCGGT"	445	67.31
"GAGTTCCATAGGTTCGGTGGTCTCTATTTCCGC"	444	67.36
"GAGTTCTCCTGACCGCCAGGATCATGGTGTACG"	443	67.40
"GAGTTCATATTGTTCGAGCCCTAGGCGGTCTTT"	443	67.44
"GAGTTCCGTGACTACTGTTCTCTTGGCGTGGCT"	442	67.48
"GAGTTCGAGCAAGACCCTTGGGCTAGACTCTAT"	441	67.53
"GAGTTCCTTTGGGGGGGTCGAGGTATACTGCCT"	440	67.57
"GAGTTCCGTTGTGTGTGCTAGGATCAGACGGTA"	437	67.61
"GAGTTCAGGGGGATGTATGGCATCCTTCAGGGC"	437	67.65
"GAGTTCTTATAACACGCAGAATTGCCTTGGTAC"	436	67.69
"GAGTTCTAACGGGAGTGTTGGTGAGGACGGCTT"	436	67.73
"GAGTTCGAGCGCTACCGTCGCTGGTCCATAGAG"	436	67.78
"GAGTTCTATGGGGCCTATTGCCGGAACATCAGC"	435	67.82
"GAGTTCGCAGGACAACAATGGGGATACTTGTTC"	435	67.86
"GAGTTCGGTCGTTGTTGCAAAGGGGGTTTGTCG"	434	67.90
"GAGTTCATCTTTCTGTTCGCGTGTACTTTAGCT"	434	67.94
"GAGTTCGCGTGGGATCGCATACTATGCATGAAC"	433	67.98
"GAGTTCTTGTGGTATCTGTGACTGTGCAGGTTT"	432	68.02
"GAGTTCTGCTTAGCGCCCAGGAACTCGCGGCCA"	432	68.07
"GAGTTCCTTTATGACAGGAGATGGTTCGGGCTG"	431	68.11
"GAGTTCAGCCGGGTCACGGGACGGTCACGCGCC"	431	68.15
"GAGTTCTTGTGTAGGACTTGCGAGAAGCCGTCA"	429	68.19
"GAGTTCTTCTTGTCTAGGTAATCTTCCCTACGA"	427	68.23
"GAGTTCGTAAGGTCCCGCAGTTCTTATATGTCA"	427	68.27
"GAGTTCGGTTGGAGGAGGAGCCCGAGTCCACGC"	427	68.31
"GAGTTCCGTCCGCCGTTAAGGTGCCCTAGATTC"	427	68.35
"GAGTTCAGCCGTTTTCCGCGGGGCAGCATTCTC"	426	68.39
"GAGTTCACCCTGGCGGAGTTACGTTACCGACGC"	426	68.43
"GAGTTCTCTTAACCGCAAGTGGAAATCAGATGG"	425	68.47
"GAGTTCTACTATGCGACGCCACAGAGAGGTGCA"	425	68.51
"GAGTTCGAATGGGCGCACTGAGGCGGTTCCCCG"	425	68.56
"GAGTTCTCGTTTCCTGCGCTGGCATGAAATGCA"	424	68.60
"GAGTTCAGTGGGTCGAGCAAGATGCTCCTCGGT"	423	68.64
"GAGTTCACTGGGTCTGCTTGTGGTCTTAAGGCT"	423	68.68
"GAGTTCGACGGTCACACTTGTAATATCGGGTCC"	422	68.72
"GAGTTCTCCCAAGGCTCGAAGGCCAGTTTTTTC"	421	68.76
"GAGTTCTACTGGTCGTTCTGCGGATCGCATTCC"	421	68.80
"GAGTTCGCTCGGCTGTTTCGCGTTCGGTTATAA"	421	68.84
"GAGTTCAAGGGTCAGTCCGGGGATCGTGGCAGC"	421	68.88
"GAGTTCCGACGTGAGTCGGTTAGCCCGCTGGTC"	419	68.92
"GAGTTCACAAGGTAGCGGTGGCTACACTGGCCC"	419	68.96
"GAGTTCTTCCGCCAATATGCGACGTGTGCTCGT"	418	69.00
"GAGTTCCCGTCGTCACGCTAGTGCCGGCAGTAT"	417	69.04
"GAGTTCCATATCTCGGCCTTGTGTCTGTGGGAC"	417	69.08
"GAGTTCAGTTTTGGCTCATATGGTCTGGGGGCC"	417	69.12
"GAGTTCCAGCGATCCTGATCAGATGGACACAGA"	416	69.16
"GAGTTCTAGCGGGTGCGAAGGTATAGCCTGTGC"	414	69.20
"GAGTTCGGTTATTGGTGCGATGAAAGGTGAGCG"	414	69.24
"GAGTTCCGCAACCTTTTTCGGTTTCTTTGAGCG"	413	69.28
"GAGTTCCCTCGTTTACGCCAGCGTCGGATACGG"	413	69.32
"GAGTTCGTTTCTGACATGCCACTAAGATCATCG"	412	69.35
"GAGTTCGACGAGGTTATGCAACGTCCGTTATTC"	412	69.39
"GAGTTCGCCGGGACAGCCTGTTTACCTCGGTAG"	411	69.43
"GAGTTCGGGCATGCATGTTAGTGTCAATGGAGT"	409	69.47
"GAGTTCCGCATGGCCCGAGGGGAAGTAATGGGT"	409	69.51
"GAGTTCTGACGTCCGCACGGGTGAGTGCTGTCT"	408	69.55
"GAGTTCTAGCATAGGGGTTGGCGTCGCCAGTGA"	408	69.59
"GAGTTCGTCGCAAGGGCGCGTTGACGGGAATGC"	408	69.63
"GAGTTCTGAAGGCATGCCGGGTTCTCTCGGTCC"	407	69.67
"GAGTTCACTGGACTCCATCGACTCCGTTTTGCA"	407	69.71
"GAGTTCTGGGGTTCGCCGAAACGGTGAATGGAC"	406	69.74
"GAGTTCGTTAGTCGTGCCCAGAGTTCACATCAT"	406	69.78
"GAGTTCGCCCGACACGTCTTATGACCGGAGGGG"	406	69.82
"GAGTTCTAATGGTAAGCCTTGACTCCTTAAGGA"	405	69.86
"GAGTTCGCCGCTCCCTTGGTATGACGGCTGTGG"	405	69.90
"GAGTTCCCGCGTCGGCGACGTTCTTAGGGTGCT"	405	69.94
"GAGTTCCATCGGGCGCCTGCTGAATTTTGTTGC"	403	69.98
"GAGTTCTTCGGCAACTAGGGTTGTGCCCGGGGC"	402	70.02
"GAGTTCTAGCGGTGTAAAGTCTTGTGGGGTTGA"	402	70.05
"GAGTTCGTTCATCGTGGACTTTGTGGTCTGTTA"	401	70.09
"GAGTTCGCGCGTGCCTCATCTTCGTCACGCTCC"	401	70.13
"GAGTTCGCTTCCGAGAGTCGGGGTTGCCGTATC"	400	70.17
"GAGTTCTAGCGTGTCGTATGCAGGGCGATACGG"	399	70.21
"GAGTTCGGAGCGTCTCCCGTGCGGCGGTGGCGG"	399	70.24
"GAGTTCTATTAGCACCGGGGGTGACGTAATTTC"	398	70.28
"GAGTTCGCCTGCGGATGCTCATTAAGGCATTCC"	398	70.32
"GAGTTCGCCCGGCTGTCGTTGAATAGCCCTGTA"	398	70.36
"GAGTTCTTCGCGGCATGGGGGCGTATTCTCACC"	397	70.40
"GAGTTCTGTTGGTGATGTTAGAAATTTCAGTGG"	397	70.43
"GAGTTCACTAGTAAATCGGATGGACTGCTAGAG"	397	70.47
"GAGTTCAAAGGGTCTTCCGCTGGTCATCATTCT"	397	70.51
"GAGTTCATGTCGGGGCGCTCCAGAGCGCGACGT"	396	70.55
"GAGTTCTGTGGTTTAAGGTCGGAGCTGTGTTTC"	394	70.59
"GAGTTCGCGCTTCAAACGTCTTAAGTGTACGGA"	394	70.62
"GAGTTCCGGCCGCCCTGTTCGTGATTTGTTCGG"	394	70.66
"GAGTTCTGGTGTCGTTGGAATCGTCTGTAAAAT"	393	70.70
"GAGTTCGCGCGTCCGTCTGGCGGAATGCCGCGA"	393	70.74
"GAGTTCCTTCGTCGTTCTGGTGGTGTCAGATCT"	392	70.77
"GAGTTCGACTCTTTGTCAAGGAGGCTTATGTCG"	391	70.81
"GAGTTCTATTGGTTGTAGCGGATTTGAGGGCAG"	389	70.85
"GAGTTCTGCGGTGGAGCTTCCTGCGCTTCGGCC"	388	70.89
"GAGTTCTCCTTATCTCGTGTTGGTCGGCGGATT"	388	70.92
"GAGTTCTCAAAGAAGTGCGTGAGTCAGCGGGCA"	388	70.96
"GAGTTCGTTCGGTGTTTCTATTAGCCTCGGTGT"	388	71.00
"GAGTTCGTTATACGACAAGTAGATAGACGGAGT"	388	71.03
"GAGTTCTCGCTGTAGAAGTACTCATTATGGGCA"	387	71.07
"GAGTTCTACGGGTGACACGGGTATCGGTCGGGA"	387	71.11
"GAGTTCGCGGGGCCGCGTTGAGGACCCGAAGAA"	387	71.14
"GAGTTCTTAAGTAAAGAAGGCGGCAGGCGGTCA"	386	71.18
"GAGTTCGTGACGAAAAAAGGTTGAGCTCCGTGG"	386	71.22
"GAGTTCCTGGTTTCCATCGTCTGTGGACCCCTA"	386	71.26
"GAGTTCTTCCTCGGGCGTCGTAGTTCAGGGCCA"	384	71.29
"GAGTTCTGGTGGCGGCCCGTGGGCGGCTGGCCG"	384	71.33
"GAGTTCTACTCGGCAGCGTAGTATGGGCTAGAG"	384	71.37
"GAGTTCTCTCACCGGCGCGAATACCATGCCGTC"	383	71.40
"GAGTTCAGCGCTTGCCGGCGGCGCGTCCTCCTT"	383	71.44
"GAGTTCTGGCCGCATGCTGAGGGGTGCGGAAGG"	382	71.48
"GAGTTCGTTCTGCCACTTTCGAGATGGGCGGCT"	382	71.51
"GAGTTCAATGGATGTCGAAAGATATGGTAACTA"	382	71.55
"GAGTTCTTCCCGTCACTGGGTTCTCGTTCGGCC"	381	71.58
"GAGTTCGGTCGCCAAAGGTCGTATGGGCGAATC"	381	71.62
"GAGTTCGCGTCGACACTATCGGGTCCCTCGTCG"	380	71.66
"GAGTTCAATTGGCGTCCTGGGTATTGTCAACGT"	380	71.69
"GAGTTCTTCCCTCCTCTCTGATCGGGAGTTAGA"	379	71.73
"GAGTTCTCTGCGACGGCCATAAGCGACGAATGT"	379	71.77
"GAGTTCGGCTGAGTGTTCAAGAACCTGGTTGCT"	379	71.80
"GAGTTCAACAATCACACGCACAAAGTGGTTTCA"	379	71.84
"GAGTTCTTCGATTGGCCCCGGGCTAGTTCGTGG"	377	71.87
"GAGTTCCCGGGTTTGTCTAAGGAACCAGGCAGC"	377	71.91
"GAGTTCGTTCGGATATGTTCTATATTTACATGA"	376	71.95
"GAGTTCTATATACCATGCTGGAGGTGTGTCCGG"	374	71.98
"GAGTTCTACAACTGGGCGAAGGGTTACGGACAC"	374	72.02
"GAGTTCCTTCCGCCTGTGGCAGACTGAGGTAAC"	374	72.05
"GAGTTCGGGACTACCTACAGTCGAATTTTACGG"	373	72.09
"GAGTTCGCTCGGAATAACAGGAATCCGTTGAGT"	373	72.12
"GAGTTCTCTGAGGCGATATTGTCCGGGTGGGCC"	372	72.16
"GAGTTCGTTCGGGGGAGGCTCGTTGCCATGGAA"	372	72.20
"GAGTTCGGGCCCGCAATGTCGTGCCCTGGGAGG"	372	72.23
"GAGTTCCAGAAGGGATAGGGGTAAAACCGAGGT"	372	72.27
"GAGTTCTTCTGGGCCGGTGGGTGCACCTTGGCA"	371	72.30
"GAGTTCTCCAAGTCAGCTTGATGTCAAGGGTAG"	370	72.34
"GAGTTCGTTCACATGTTGTGTTATGGATGCTTG"	370	72.37
"GAGTTCGTGCATACTCCTTGCCAGAATCTCCCG"	370	72.41
"GAGTTCCTTAAGTTGTGTGTGAGAGTGACCGGA"	370	72.44
"GAGTTCCGGCTAGGTGTTGCTAATCTTCTTTAC"	370	72.48
"GAGTTCTATTAAAATCAGCGGTGTCGGCGTCAT"	369	72.51
"GAGTTCTAGTACAGGTGGACGATAGACGTGCCG"	369	72.55
"GAGTTCTACTGTTCGAGGTGGCCGTCTGGATGG"	369	72.58
"GAGTTCTCGAGAAACAATTGGGAAGGAAGGTGT"	368	72.62
"GAGTTCTACGGCACCTCGAGGGGTGGCTCTTTC"	368	72.66
"GAGTTCGATGTTTACTCGTGGTAGTGGGCAGTA"	368	72.69
"GAGTTCTGTAGGTTGCTGTATCGGTTTCTGTTC"	367	72.73
"GAGTTCATAATCTTGTTCAGGAGTTGTGTCTGC"	367	72.76
"GAGTTCGTTTTTTAACGCAGTTATAGACGTGGC"	366	72.80
"GAGTTCGTGGGGGGATAGGTAAACATTTGTTAT"	366	72.83
"GAGTTCGGGGGAAAATTCTGGGGTCTATAAGTG"	366	72.87
"GAGTTCCCCCTTAACCTCGTCCCGGACGTCAGG"	366	72.90
"GAGTTCAACGGAAGGTCCTGGGGGTTAACGGCT"	366	72.94
"GAGTTCGGTTGTTGCCAGTTTTAGTAGATGCGC"	365	72.97
"GAGTTCGAATAAGAACCGATTGGACTGGGAAGT"	365	73.00
"GAGTTCCACAGATTTGTCGCTGGTGAATTTGAA"	365	73.04
"GAGTTCGTTCGCGCCTACGTAGCGGGCCGTACT"	363	73.07
"GAGTTCGCATGAGGGCCAGGTGACCGCGGGCGC"	363	73.11
"GAGTTCGACTGGCGAGGAGCTGGGTGGCCGCCA"	363	73.14
"GAGTTCGTATGCGGGATGGGGAGGGTGCATTGG"	362	73.18
"GAGTTCGAATGAAGGGTGAGGTTTCGCCGCGTA"	362	73.21
"GAGTTCCTTCCCTTTTTCGGTTCGACTTCTTTC"	362	73.25
"GAGTTCCGCTGAGTTTAGTATCTTTGTGGGTGA"	361	73.28
"GAGTTCGCTAACGTTTCCAGCGAGTAAGTAGGC"	359	73.32
"GAGTTCTAGCGGGCGTCGTGGTCGACAGTGTCT"	358	73.35
"GAGTTCGACGAGAAGTCAGGGGAATTAGTACGT"	358	73.38
"GAGTTCCGACGTTTGTAACTAGTCTGGGTCTCG"	358	73.42
"GAGTTCGTGGGCCGCGTGACCAATGTCGCGGCC"	357	73.45
"GAGTTCGTTCACTTCCAAGTGCGGCTGGCGCTA"	356	73.49
"GAGTTCGCGTGTTGACATTGGTGTAGGTCGGGC"	356	73.52
"GAGTTCGATGCCCGGTCGACGGGTCGCTGCTTG"	356	73.56
"GAGTTCCGTGTAGTACCGCCATAAAAGCGTATG"	356	73.59
"GAGTTCTCATGTACCCAGCGGGGTAAAAGGTGG"	355	73.62
"GAGTTCCTGAGTCATCACAAAGAATTGCGCAGG"	355	73.66
"GAGTTCCTCGGCGCAATCGTGGGATAGTACTCC"	355	73.69
"GAGTTCGCTAGAAATAGTTGCGGACGGCGAGAA"	353	73.72
"GAGTTCAAAGTGTGCCTGTATCTTAGTAATCCG"	353	73.76
"GAGTTCGGCGGCCGGCGAGTGAGGTTGAGTCGC"	350	73.79
"GAGTTCCATGGTTTCCTAGGGTCGGGTCTGTCT"	350	73.83
"GAGTTCTGCCGGCTGGAATGACTCCCTAGTCGG"	349	73.86
"GAGTTCTGAGATCGTCGAGTCGCAGCACGGTAC"	349	73.89
"GAGTTCGGGACCACTCGGCGGATTCAGTGGATA"	349	73.93
"GAGTTCGACCTTCCAGCATGAGAGCTCTTGCCG"	349	73.96
"GAGTTCGATGGTTTCACTAAGCTGGAGCAGCGT"	348	73.99
"GAGTTCATGATGGTGCAAGGTGGACTGAGGTCA"	348	74.03
"GAGTTCAGGGACGGAGGGGAAGCGTATTAGACG"	348	74.06
"GAGTTCGCTACTTACTATGGGGCAACCGGGTGT"	347	74.09
"GAGTTCCAGAGGTAATGGTGGAGTCTTCGGCAA"	347	74.12
"GAGTTCAACACGGTGTGATGTGGTCGAGCTAAC"	347	74.16
"GAGTTCTTCCGGCACATCCGACGGCACTGTAGG"	346	74.19
"GAGTTCGGTCCACGACGGGGAGTGCCCGTCGTT"	346	74.22
"GAGTTCTGTCGCAGCGGGGGTTTCGGACACTAT"	345	74.26
"GAGTTCTCTCGGCGTTGTCAGTTTCTTATAAGC"	344	74.29
"GAGTTCGTGTACAAATCTAGCGTCGGCTGGGCC"	343	74.32
"GAGTTCGCGTTGTGTCAAGCCTGTGGTACGTGC"	343	74.36
"GAGTTCTTCTGGTGCCGTTATGGGCTTCTACCC"	342	74.39
"GAGTTCGTTCGGGTAAGGTGTGCTCCTTTGACG"	342	74.42
"GAGTTCTTGTGCGCTGGCCGAGCGAGCTCGGTG"	341	74.45
"GAGTTCTGAAGCCATGGAGCCTAATCAAGGTCC"	341	74.49
"GAGTTCTCTGGCCAGCAGTTGTGTCATACGCGT"	341	74.52
"GAGTTCATGTTGGAAGAGGTACTTCTTTTTCTA"	341	74.55
"GAGTTCACTCGCTAACGTAGCTAACTAGTGTGG"	341	74.58
"GAGTTCAACAGTCGTCCCTGAGGAAACAGGAGA"	340	74.62
"GAGTTCGTCGAGGGCGGATGGGGCAGACGGTGC"	339	74.65
"GAGTTCGCAGAGGCGTATAGGCGGCAACGACCC"	338	74.68
"GAGTTCAATAGGAGGTATCGTCGGTCCTTGGCG"	338	74.71
"GAGTTCGTGCTGGGCCCCAGATGACACATGAGT"	337	74.75
"GAGTTCGGTTCTTTCAGGTCAGGTATCCGGATC"	337	74.78
"GAGTTCCTGAGCGTACGCCCGTTATTTTGGACT"	337	74.81
"GAGTTCAGGGGACGTGACTGGTGTCTGTTGTCG"	337	74.84
"GAGTTCTTGGCGTCGGGGTAGCAGAGGTGGACG"	336	74.87
"GAGTTCTCTTAAGTATATGGATACGCAGAAAGT"	336	74.91
"GAGTTCGCCATCTTGTCGTTCTAAACCGCTAAC"	336	74.94
"GAGTTCCTCTAGTTCCTACTGGTGGGACCGAGC"	336	74.97
"GAGTTCTATTGTGTGGTGGATGTCGGTTTGCCT"	335	75.00
"GAGTTCGGATACGAGCTGTGGTGCTCCCAATGT"	335	75.03
"GAGTTCCCGGCGCGGCTCCGAATCAACCGTAAG"	335	75.07
"GAGTTCAGGAAGTTTTGTTCATTTTGTGGGTTA"	335	75.10
"GAGTTCTCAGCGCTGTTGCTGCATCGTTCGTTC"	334	75.13
"GAGTTCGAACGGAATTGTGTGTTGATTCCACCT"	334	75.16
"GAGTTCCAAAGTAAACTATGGCCCGTGCGTACG"	334	75.19
"GAGTTCGCTCGGTTTTTCTGTGACTGTGTATGA"	333	75.23
"GAGTTCACATGATGGTAGTCGCGTTGTCCGGGC"	333	75.26
"GAGTTCTTCAGGATGCACGGGGGACACCCGTTT"	332	75.29
"GAGTTCGCCAGGTAATCGTGGGATGGGCCCAAC"	332	75.32
"GAGTTCCAGTGTGGGCCATAATGTGGTCGCGCA"	332	75.35
"GAGTTCTTCCTAGAGGCCATCGTTTGGTTGGGG"	331	75.38
"GAGTTCTCGTTTGACGCCTCTCGGATACCAGGT"	330	75.42
"GAGTTCTCCCGGCATTGAACGTGTGGGGGGGGT"	330	75.45
"GAGTTCTAAGAGGTGGAGTTGTGACAAAAGGCA"	330	75.48
"GAGTTCGGTAGGTTGGCGTGTGGGGCTTTGCAC"	330	75.51
"GAGTTCTGTCGTCAACGGTAGGGGATCAGGTCA"	329	75.54
"GAGTTCTACGTTTTCTATCTTCCGTGCTAGATG"	329	75.57
"GAGTTCCTTCTGCCACAGTCGTCTGCCGATCTA"	329	75.60
"GAGTTCTAGGCGTGCCACTGGTACCTGCAATCG"	328	75.64
"GAGTTCCGAGGACAACTAAGGAAATAAATGTCC"	328	75.67
"GAGTTCGGGAGTGCAGGATCTGGAGCACGTGAG"	327	75.70
"GAGTTCTCGGCGGCGGTCGCCCCGTTTGCACTA"	326	75.73
"GAGTTCGTTATCCGCGTCATGGAGCCCCCGCCT"	326	75.76
"GAGTTCGGACTTGCGATACACGTTAGCATCCCG"	326	75.79
"GAGTTCCTGGGGTCTTCAACGCGGCTATCGGGT"	326	75.82
"GAGTTCATCGGTCTCGTGGGGGAGCTGGGCTTT"	326	75.85
"GAGTTCTGGAGGGACGATACCTAGTGTCACAGG"	325	75.89
"GAGTTCTCCGAGTCCACTGCAGGGGTAATGTGT"	325	75.92
"GAGTTCGGGTGAGTACACTGGCAACTATAGTAG"	325	75.95
"GAGTTCGATTGTCGGATAAGATAACTTCCGTAA"	325	75.98
"GAGTTCTCTGGCCCAGACCCGTCTACTCCGATG"	323	76.01
"GAGTTCTCCCGGACGGCGGCACGGTTGTCGGTA"	322	76.04
"GAGTTCATTCGGGTGAACCCTGCTGTTGGGATT"	322	76.07
"GAGTTCTTTCAGCGGAGGTAACAAATTTTACTC"	321	76.10
"GAGTTCCGGCGCGGCTGATGCCCGGTGGCTAGA"	321	76.13
"GAGTTCAATCGACTATGCGGGTAATCAAGGGTG"	321	76.16
"GAGTTCTTTCGGTCTAACAAAGGGTTTTAAGCC"	320	76.19
"GAGTTCCCGGTGTTCCAACCCGAGTGGTCGCAA"	320	76.22
"GAGTTCTTGTGTGTACGCGGTAGGGCTCGCACC"	319	76.25
"GAGTTCAGAAGAGAGCCGTGCCGTCGTACGGCA"	319	76.28
"GAGTTCTCTTGGCAGTATGGCTAACCGAGTTGA"	317	76.32
"GAGTTCTATAGGACACGAGAGGGTCGGGTTCGG"	317	76.35
"GAGTTCGCCGAAATCTGGAGGCTCTTAAAGTCC"	317	76.38
"GAGTTCCTGGCGGGAGCAGTTTCTTGTGACGGG"	317	76.41
"GAGTTCATTTAAGTGCCGTAGGTAAGGCTGCGC"	317	76.44
"GAGTTCTGGCGTGTTGATGTGGGTTAAGGTTTC"	316	76.47
"GAGTTCGCGAGGCTACTGGTGCGTGGGGAATCA"	316	76.50
"GAGTTCTAGGGTCAGCGAGGTCCCGTGCTTTCC"	315	76.53
"GAGTTCCTGGCTGCCACGAGGCCGTCCGTGAGG"	315	76.56
"GAGTTCTCACGGTCGATGCGGTGAGGTTTGCTC"	314	76.59
"GAGTTCTAAGGTGCCAGGCATCAGTGTCTATCC"	314	76.62
"GAGTTCGAAAGGTAACGTTGGTGGCCTGCACGC"	314	76.65
"GAGTTCTCCGCGGGTAATGACGGATGGGTACTT"	313	76.68
"GAGTTCGGTTAGTGCTGTGGTTAAATGGGAGCA"	313	76.71
"GAGTTCATGTAAGGTCCTTCGGTCGGCGGTCAT"	313	76.74
"GAGTTCTTAGCAATAGTCGGGGGGGCTATATTC"	312	76.77
"GAGTTCGGTGAGAAGCGGAACTAGGACCTTTCT"	312	76.80
"GAGTTCGATGGGGAGACTTCGGGAGGATTACAC"	312	76.83
"GAGTTCGAGCATATCACCGGGCGGCTCCGCATA"	312	76.86
"GAGTTCTGTAGGGAGTCTTGACATCGCGGGGAC"	311	76.89
"GAGTTCTGGGCTTCCCGATGGCTACCCTTGTCT"	311	76.92
"GAGTTCTGACGGTATTCCGGGAGCGCTTCGAGA"	311	76.94
"GAGTTCTCTAGATGACGATCAAGGCGATTATCA"	311	76.97
"GAGTTCCTCCGGTAACACGGTAAAGGGTTAATA"	310	77.00
"GAGTTCATCCGTAGGCGATCGTATATCTCCTCC"	310	77.03
"GAGTTCTTGATCGGAGAGATTCTTCCACACAGC"	309	77.06
"GAGTTCTGGGCTCTTAAGCCGGAGGCGGATCTG"	309	77.09
"GAGTTCTGCGGTTATGTCTCGGTTTATGGGGTG"	309	77.12
"GAGTTCTCCGGCCGCCAAAATTGTGGGTGTTTC"	309	77.15
"GAGTTCTGGTGAAGTGTATCACAGCTTGCATGG"	307	77.18
"GAGTTCGGTAGGTGATCCTGGTGTATTTCACGT"	307	77.21
"GAGTTCCAGTGGGAAGGTTGGGGTCGAGAGGCA"	307	77.24
"GAGTTCTCATATCAGCGTTGGGGTCAGCCCGGC"	306	77.27
"GAGTTCTTCAGGTGGTTTTGATATTAGGAGTCG"	305	77.30
"GAGTTCCTGTGCACATTGTTCGATCGGCATATG"	304	77.33
"GAGTTCCCGAGACCGTCAAGTGATCTGTGGTAT"	304	77.36
"GAGTTCTTTCGTGTACTGTTGCGATATCCGAGG"	303	77.39
"GAGTTCTCGTGTCTACGTGAATGAGACGAGTTT"	303	77.41
"GAGTTCTCTCGAAAGGGAACGTGTGTCTAGTAC"	302	77.44
"GAGTTCTCGGAAAGCGGGATATGTTCTTGGTCA"	302	77.47
"GAGTTCTGGCGTGGACGATCTCTGGCTGAGCCG"	301	77.50
"GAGTTCGTTGGGGGTCTTTCACTACTGCGGGAT"	301	77.53
"GAGTTCGTCAGGGCACTCTAGGAATGGATGGGG"	301	77.56
"GAGTTCCGACTGGACTTTGGACGGACTTGGTGC"	301	77.59
"GAGTTCGACCGACTCCGCAACGTTGTTGTGTAA"	300	77.62
"GAGTTCAACCGGTACAGTAGGGAGTCTACGTCG"	300	77.64
"GAGTTCTTTGTTTTTCCAGGTTGTCCCCGGTGC"	299	77.67
"GAGTTCGGCCGGTGCTTCTGGGGTTGTCTTCGA"	298	77.70
"GAGTTCGGCACTCCGCGTGGTTGTTCCTCCTTG"	298	77.73
"GAGTTCGCTCGGCGGTAATGGATGTAGTATTGT"	298	77.76
"GAGTTCGAGCCTCCCGCCAGGCATCGGGTGCGA"	298	77.79
"GAGTTCTACCGCCACTTTTGTCGGTTGTTCAAT"	297	77.82
"GAGTTCGTCGAGATTAAGGCGGGGCTGGCTACT"	297	77.84
"GAGTTCGGCAACGTGAACTGACAATGATCGATA"	297	77.87
"GAGTTCTGTGTCTTGAGGGCGGTATATGGTTGT"	296	77.90
"GAGTTCGTGAGGCGACTCTGCGTACGTTCATCT"	296	77.93
"GAGTTCTTGTGATGTTCTCTGAGCTCGTGGTAG"	295	77.96
"GAGTTCTTACGGCGACTCGGCCTGTTTTCGTCG"	295	77.98
"GAGTTCTAATTGTACAGCGTATTTTTCGATCAT"	295	78.01
"GAGTTCCGACGTTAAATGTGAATACTGCTAGCC"	295	78.04
"GAGTTCCCAAGGGTCCGAGGGAGCGGTCGGATT"	295	78.07
"GAGTTCGTGCGGATATACGTGAATCGCTTTGTT"	294	78.10
"GAGTTCGTAGGACTTCATGGGAATGTTCGGGTG"	294	78.13
"GAGTTCATGTGAAGGTGGTAAGGAGGCATAGAC"	294	78.15
"GAGTTCGATCGTTGAATGTAGTAGAGGCATGGC"	293	78.18
"GAGTTCGAGTCGCGAGGGACGTGGTGCAGTCTT"	293	78.21
"GAGTTCCCCTGCTGTTACCGTGGGCTTTTGAAT"	293	78.24
"GAGTTCTGGTATCGACAGCGTGCGTGTGGCGGC"	292	78.27
"GAGTTCTACGCGCCGTCGTAAGACAATCCGCGC"	292	78.29
"GAGTTCGGACACCGCTCGTGTTGTTTCATTCGG"	292	78.32
"GAGTTCGCTTCTCTCGCGGTCACGCCGCTGGTC"	292	78.35
"GAGTTCGAGCCTGACTACAAGTGGGTTCCTGCG"	292	78.38
"GAGTTCTCCAAGTGTCCCTTACGCTGGCAGGTT"	291	78.40
"GAGTTCTCAAGAAGAGGAGCATAGCTACGAAAC"	291	78.43
"GAGTTCACAGGAGATCGGTACGGTCCCAGTGCG"	291	78.46
"GAGTTCGCGTCGTCGTCGCAGAGGGGGGAGTCT"	289	78.49
"GAGTTCATTCGGAAACAATGTGGGTGAACCGTC"	289	78.52
"GAGTTCTGGCGGCGACTCGAGAACTTTCGTAGA"	288	78.54
"GAGTTCCACAACGATGTTATGTGTTAGTATTCG"	288	78.57
"GAGTTCAGTGGGCGTGCTGAGGGACAACTTCCG"	288	78.60
"GAGTTCAGTCAGGAGTTCTTCTATGGGGTATTA"	288	78.63
"GAGTTCGGAGGGGCTCTGTGGTGTCTGACCTCG"	287	78.65
"GAGTTCTCTTTTGGGCTGGTATTTTATTCGAAC"	286	78.68
"GAGTTCTATTTTCCACCTTGGGGTTGCTACAGC"	286	78.71
"GAGTTCGTATGGTTCTGTGGGCGGACGACGCTA"	286	78.74
"GAGTTCCTTATGCGTGCTCACGTGCGGCGAAGG"	286	78.76
"GAGTTCCGCCCTAGTGCGGTTCCAGGGTCGCGC"	286	78.79
"GAGTTCCGACTATAGCCCAGGTATTGGGGGCAA"	286	78.82
"GAGTTCTGCCGGAAGCCGTTGGGGTGTCGCGCG"	285	78.84
"GAGTTCGTGGGCCCGTCGGTGCGATCGGGAAGA"	285	78.87
"GAGTTCCAGCACCCAGACCGACCCGGGTCATGG"	285	78.90
"GAGTTCTGGTATCTCATCATGTAGGTGATGCGG"	284	78.93
"GAGTTCTGCCGGCGGTGTATAGGACCGGGTGGC"	284	78.95
"GAGTTCTACCGGGGTAAAAAGGGTTGTGGGGTG"	284	78.98
"GAGTTCGTCCTACAGTCGAATCGGTGGGCCCGA"	284	79.01
"GAGTTCGCTCGGTTGCCGGAGCGAGTGCACTGA"	284	79.03
"GAGTTCCATAAACGGTCGTTGGGATTACTATGG"	284	79.06
"GAGTTCAGTTTTTCAACGCGAAATTCTTAAATT"	284	79.09
"GAGTTCTGTCGTGCAGCGGAACAACGGGGACGA"	283	79.12
"GAGTTCTCTCGACCACAGTGAGATACGTTGTGT"	283	79.14
"GAGTTCTAGTGGACGACAGCGTGTTATTGCTCT"	283	79.17
"GAGTTCGCAATGATCTATTGGCGGACCTGGAAT"	283	79.20
"GAGTTCCTGGTCGGTCCTTCGGCGGGTGTTCTT"	283	79.22
"GAGTTCCAGACAGTCCTCCCGCGGCCTGGCAGA"	283	79.25
"GAGTTCACGGGAACCAGCTTGGGTGGTTCGCGG"	283	79.28
"GAGTTCTGTTCGTAGCCGGGGAATTGGATACCC"	282	79.30
"GAGTTCTGATATACGGGCATGACGGTTCTGTTC"	282	79.33
"GAGTTCTAAGGCACGGCTACCGGCCTCAAGCCA"	282	79.36
"GAGTTCGCGAAGGGGGTTCGGGGGAATGCGCCG"	282	79.39
"GAGTTCGAGCGGCGGTAATGGGTGTTGGGATTT"	281	79.41
"GAGTTCGGGTGGGGTCCCTAGTGTCGGCTGGCG"	280	79.44
"GAGTTCATCCGGTCCGTTAGGGTGGATTGGACT"	280	79.47
"GAGTTCTGGTGGGCGTGGAGAGTGGGGTCCATG"	279	79.49
"GAGTTCTATTGAACGGTGTTTCACTACATGCAC"	279	79.52
"GAGTTCGGGAATTATAGAGGAACATGGTAAAAT"	279	79.55
"GAGTTCGATGTGTTCGGGGGGCGCCTGTAAGGG"	279	79.57
"GAGTTCCAGTGTAATCCAACCTGATCTTATTCT"	279	79.60
"GAGTTCACCCGCCAAACGTTTTGTTTCCCGTCG"	279	79.63
"GAGTTCAAAGGGTGATTTTTACGAGTAAAAGGG"	279	79.65
"GAGTTCGCTGATCCAGTTTCATGTATTCGGTGG"	278	79.68
"GAGTTCGATTTTCCTTTTTCGGGCTTTTCGAGC"	278	79.71
"GAGTTCGATCGAACGTGGGGCGTATCAGTGCTG"	278	79.73
"GAGTTCTAACTGGAACCTTGGGGGGCGCGGTCC"	277	79.76
"GAGTTCGATCGTAAACGCACAGCCTGGGGGTGT"	277	79.79
"GAGTTCAACCCATCTGCATCCTGAGTTGGTTAA"	277	79.81
"GAGTTCTCTGAACGCTCCATTGCATCGCTGTCT"	276	79.84
"GAGTTCTCTCGGCTCTTGTTAGCTTCCAGGGAG"	276	79.86
"GAGTTCGTCCGGTCGGCGTCTGATTCTCAAAAA"	276	79.89
"GAGTTCTCGGATAGGTCAGGTTGGCCTGTGTCA"	275	79.92
"GAGTTCTAAAGGGATGGATAAGGAGTTCAGTGC"	275	79.94
"GAGTTCTAAGTCATCATGGCTACTGTTCCCTAC"	274	79.97
"GAGTTCGGGGGTAAAATAGGCTCCTTTTGGGAG"	274	80.00
"GAGTTCGATTACAAGTGATGGGGGCTTCCATGA"	274	80.02
"GAGTTCGATGGAGCTGGGTGCCGTATTCGGGGG"	274	80.05
"GAGTTCTTGGCGGGCACGTTTGCAATCCCGCGT"	273	80.07
"GAGTTCTTACCGGGTTGACTCGGACCTCGGTGG"	273	80.10
"GAGTTCTATTGATAGTATAACGGTAGCCGGTAG"	273	80.13
"GAGTTCGTGGCGGCATGCTGATGTCGCATGTAC"	273	80.15
"GAGTTCTGCACGAAGCCTCGGGCTACCGGTCGC"	272	80.18
"GAGTTCTAACAAGAATGTGGGCGTTGACCGTGC"	272	80.20
"GAGTTCGGTGGGGAGGTGTTTTACGGTATCCGG"	272	80.23
"GAGTTCGCCATTGAAAGTAGTTTTTTTACGATC"	272	80.26
"GAGTTCCGGGGGTCTTCCGTGGTTTGTTTGTCC"	272	80.28
"GAGTTCATTGTTATTATTTGAGATCTTTTATCC"	272	80.31
"GAGTTCTTGTGTGTTGTTCGGGCGCGCCGTTTT"	271	80.33
"GAGTTCTTCCGCTATCCGGGGTTCCGTGTCTCT"	271	80.36
"GAGTTCGGTAGGGATAAGGGTTTCAGTACCGGA"	271	80.39
"GAGTTCGGGCTTGGCCGTGGATAGCTAACGCCG"	271	80.41
"GAGTTCCTTTGGCAAAACTTGGCATGGTGGGTA"	271	80.44
"GAGTTCACTGCTTTCGTATACGACAGGAACGCA"	271	80.46
"GAGTTCACACATGCTCGCGGGCAGTCTCTACGA"	271	80.49
"GAGTTCTTCAGTCAGCCGGTCGGATATTAGACT"	270	80.52
"GAGTTCTCTCGGACAAGGAGCGGAGTCATGGGA"	270	80.54
"GAGTTCTCGGAGGCGTCATCCTCTTTTTGGTCC"	270	80.57
"GAGTTCTCGCGGAAGCGCTGCCGGTTCAAGGTG"	270	80.59
"GAGTTCGGACGATTGGGCTGTGAGCAGACTTCG"	270	80.62
"GAGTTCGACTGGCTCATCGGGCGTTTGCGCGTG"	270	80.64
"GAGTTCTAAGTTCGGATACGACGCACGTCTTAC"	269	80.67
"GAGTTCTGGGTGTGCCTCGTGGGGCTTGGTCCT"	268	80.70
"GAGTTCTGGAGTAGGTCCGGGTGAGACCTGGGA"	268	80.72
"GAGTTCTGATGGGATTGACGATGCTTTTAGTGG"	268	80.75
"GAGTTCTCCGCTTCTCCAGGGACCATCTGGTAA"	268	80.77
"GAGTTCTCATTGGACTGTTTTGGCCAAGAGAGG"	268	80.80
"GAGTTCTAGCCAGGGTCTTCGGGCAGGTCAATC"	268	80.82
"GAGTTCTACTGGGGGCGGTGGGCTATCCCAACG"	268	80.85
"GAGTTCGTGCAGCGTAGATTGTTACTGTTTTTC"	268	80.87
"GAGTTCGGTCGGCATGGTGAAGAATTTCTGGCG"	268	80.90
"GAGTTCGAGTCGTGGGAGTGGTGTACTCGAGCT"	268	80.93
"GAGTTCTTTGGCTATCCGGCTTTTGGTCCGCCG"	267	80.95
"GAGTTCTTACGAGTCCGCCGCTGTCGCTCAAGA"	267	80.98
"GAGTTCTGTCTTTACCATTGAGAGTGTTTATCT"	267	81.00
"GAGTTCGAGTGACGGTACGGATGTGGCGTCTTG"	267	81.03
"GAGTTCACATCACGGATCATGCGGAGCTGGCGC"	267	81.05
"GAGTTCTGCTGGTCAAATAGTGGGTCTGCTTCC"	266	81.08
"GAGTTCGAAAGAAGCCAGCAGAGTTCACGATGA"	266	81.10
"GAGTTCAGTCGGTATCAGGCACGTTAGTGGTTG"	266	81.13
"GAGTTCGTGTCAGCGACGGCTTTCACCGGGTGA"	265	81.16
"GAGTTCGCCCCGACGTTGGACGGAACGGAGGCA"	265	81.18
"GAGTTCTCCTGGGACGTCGTATGTCGGAGGGGC"	264	81.21
"GAGTTCGACGGTGTCGGTGACACGGAACGCTCC"	264	81.23
"GAGTTCCAGCGTCGACACGTATGGCAATCGCCC"	264	81.26
"GAGTTCATCGTGGGGTTACATGCCAAGATCCGC"	264	81.28
"GAGTTCAGGGGTGCGAATCGGTGTGTCCTATAA"	264	81.31
"GAGTTCTTTTGGGACCGGCGGTTGGGGGTTACT"	263	81.33
"GAGTTCTTCCGAGAGCTCGGGGCTTATGTAAAC"	263	81.36
"GAGTTCTTCATTCCTTAGCTTGTCTTACCGCGA"	263	81.38
"GAGTTCTGGCACGTTTGGGGAGTTGCATCCGGC"	263	81.41
"GAGTTCTAGTATGCCTCGAGTTGGCGGGTATAG"	263	81.43
"GAGTTCGGCCCTCTCCCTCAACCTCGTTGTTGG"	263	81.46
"GAGTTCTTGGGCGTTCAACGACGAAATGTTCGT"	262	81.48
"GAGTTCTAGGTTTTCCTCCGATGAGGGTCGGCT"	262	81.51
"GAGTTCTAAGTTTGGACCCTGGGGTCGGTCTTC"	262	81.53
"GAGTTCGAACGAGCTCGATCAGGTATGATGCAA"	262	81.56
"GAGTTCACGGGGCTTACTGCATCTTGGGAGAAA"	262	81.58
"GAGTTCTGTCATGTCCCTGGGGTCTTCTGGGTT"	261	81.61
"GAGTTCTGCACTTCCGAACACTTGTGTCCCTTC"	261	81.63
"GAGTTCTCTAGTTCCTATTGGCGTATCGGAATC"	261	81.66
"GAGTTCGTATGAATCGTGAGGTCCCGGAGGGGA"	261	81.68
"GAGTTCGGGCAGCATATGGGGTGGCGTCCGGGC"	261	81.71
"GAGTTCCCTTCATTCGCGACTTCCCGTGGGTTG"	261	81.73
"GAGTTCTTCTGTGGGTTGGCGTTGAGTTGCGGG"	259	81.76
"GAGTTCTTAGAAAGGAGATGATAGTTCTGGCGA"	259	81.78
"GAGTTCTGGCGTTGTTCTGCTAATGTGCCGCGG"	259	81.81
"GAGTTCTCTTGTTAGGAGTGGTTTCTACGGGGC"	259	81.83
"GAGTTCTCGTGTTAGGCTACGTGGGTCTGCCGT"	259	81.86
"GAGTTCGCGACTCGGGCTGTGTCTCCTAAGGTG"	259	81.88
"GAGTTCCACCGTAACAGGAGCGATGGGATTCAG"	259	81.91
"GAGTTCTCTTGGACTGGATATTATTGTGAGTTC"	258	81.93
"GAGTTCTATAAGGCTCCGTGCGTCTGTTCGGGC"	258	81.95
"GAGTTCTGTGGGAAGTTTTGGAGCTCGGTCTGA"	257	81.98
"GAGTTCTCCCCCAAAAGAGGAAGAATGCTCTAA"	257	82.00
"GAGTTCGTGTGGTCCGTTCTGGGGGTGGAAACT"	257	82.03
"GAGTTCCTTTCCTGGCTTGCTTCTTAGGGCGAT"	257	82.05
"GAGTTCAGCTCTCGGTACAGAGTGCCGGAGACC"	257	82.08
"GAGTTCTGAAATACCCATGCGCAACAATGGGGG"	256	82.10
"GAGTTCTAACGGCCGTGAAGAGATCTGGCGCCC"	256	82.13
"GAGTTCCTTGCTCGTTCCGGTCGTTATGGGTTC"	256	82.15
"GAGTTCCCCGCCTTAGACTGCGTGCTCGTAGCT"	256	82.18
"GAGTTCGTGGACGTAGCGTAGGGTATCTATCCC"	255	82.20
"GAGTTCGCTTGGCGCCCCTTGAAATCGTTGTGC"	255	82.22
"GAGTTCTTAAAATGACTCTTTCACGGCTGATCC"	254	82.25
"GAGTTCTATGGCGATTTCTCGGGTCCTCACAGT"	254	82.27
"GAGTTCTAATATGCAGCTATTGTGTGCCTCGTA"	254	82.30
"GAGTTCAACGGTTAGGACAGATGCGTTGCAGTA"	254	82.32
"GAGTTCAATTTGTTGCAGCTTGTGGTGATTTTG"	253	82.35
"GAGTTCCGGGCTATTTGGCGGTTTCTCTGAGGC"	252	82.37
"GAGTTCCACTAGGGGCTGTGAAATGACCAGTAA"	252	82.39
"GAGTTCAATCGGCTACGTGGAGGGCCACAAAAC"	252	82.42
"GAGTTCAAGGCGATGATGCCTCGTCTAGATTGA"	252	82.44
"GAGTTCTAACCGGGCTTATGGTGAGGAACGTCG"	251	82.47
"GAGTTCGTCTAGCGCTCCTGGGTATGACAACCA"	251	82.49
"GAGTTCGAGTATTATCATGTGGATGCTTCGGGG"	251	82.51
"GAGTTCCTGTCCTTGCCTGGGGCCGTAGGTTGC"	251	82.54
"GAGTTCTGCGCTGGGTACGTCTGTTATGATTTG"	250	82.56
"GAGTTCGAATGAGACCCCTACACGCCCTGGACG"	249	82.58
"GAGTTCTCGGTTCACTCGTTACCGCCGGGTCGT"	248	82.61
"GAGTTCCTCGGGATCTGTTTAGCGGTGTGGGGC"	248	82.63
"GAGTTCTCCTGGTACTCGGAGCGAGGACGACGG"	247	82.66
"GAGTTCTCCGAGGCCTTCGGCTCTTGGACCTTC"	247	82.68
"GAGTTCCAAAGGTGTGGTATAAGTCCTTGAAAA"	247	82.70
"GAGTTCACAGGGTGGCGCTCTCACTGTGGTTGA"	247	82.73
"GAGTTCGGTGGGGTTTATCTTAAATGTTGCTTT"	246	82.75
"GAGTTCGCGGGGAGGCTTGGGTTATGGTCGGTG"	246	82.77
"GAGTTCCAGGCCGGCTGATCTGTGTTTCCGCAC"	246	82.80
"GAGTTCTCTTGCTATGAATACTCCGAGGGTGCG"	245	82.82
"GAGTTCTCCAGGGCCTTCGGCCGACTCTCGGGA"	245	82.84
"GAGTTCGTTCGTGCACCAAGCCGATGTTAACTC"	245	82.87
"GAGTTCGCGCGTAAGGAGTATGAAAGACGGTGG"	245	82.89
"GAGTTCCTAGGTCGGACTTTTGTGGGGTTGCGT"	245	82.91
"GAGTTCCGATAGCGTGCTTTCCAAGGGCGTTGC"	245	82.94
"GAGTTCGCTCCGACAACTCTTAGTGCGCACTGG"	244	82.96
"GAGTTCCAGTGGCACCTCTGGCATAGTGTAAGT"	244	82.98
"GAGTTCTATCGGGCTCCCTAATCCGGGAGGTGG"	243	83.01
"GAGTTCTACGCGGTGGAGTAGTAAGAAGCAAAC"	243	83.03
"GAGTTCGAACGGTCAGGGGGGTGGAGGCTCCGT"	243	83.05
"GAGTTCAACAATCAGCCTTGGAAATTGCGACGG"	243	83.08
"GAGTTCTATTGTGGCATTGTCCGAAGTTAATAG"	242	83.10
"GAGTTCGTTCGTGTGTCTCTGCCAGCAGAGGCA"	242	83.12
"GAGTTCGTGAAGTAGCGGTGGGCGGCTGGATGC"	242	83.15
"GAGTTCGATTGGCCCGTTGGGTCTGTGGGGGTA"	242	83.17
"GAGTTCTCTTGGAGCTGCACTTGCGTTATCGCA"	241	83.19
"GAGTTCTATCTGGTACTATGCGGATCTGCCTCC"	241	83.22
"GAGTTCGCTCGACATTAGGTTCTGCTTTTTTGT"	241	83.24
"GAGTTCATGGGTCATCCCGCCGGTAGATGGGAC"	241	83.26
"GAGTTCACTCGGCAACGGTTCGGGTTTTGTAAT"	241	83.28
"GAGTTCTGTCTCATGCAATCTTCGGACCCGTCA"	240	83.31
"GAGTTCGTCTGGCGTTGCTGGCTTTGGGGTAGC"	240	83.33
"GAGTTCGCTAGGGAATGACGGATTTGCTTTTGG"	240	83.35
"GAGTTCGAGCAGCATGACTGGAGGCTGGGGGCA"	240	83.38
"GAGTTCACGGCCTAGCTGGTCGCCGTCACGAGA"	240	83.40
"GAGTTCACACAACGCGATTGTAGGGGGCTGCTC"	240	83.42
"GAGTTCGTAGGGGGGAGCAAGTCCCGGAGGGAC"	239	83.45
"GAGTTCGGGTCACACCCTCGAGGGGCAGCTTAA"	239	83.47
"GAGTTCCTGGCTAGGATGTATCCATGATGACTC"	239	83.49
"GAGTTCCTATGCAGGATTTCTTTGCCGGTTGGG"	239	83.51
"GAGTTCAACCCGGAATCCTCGTGTGCTGGGCTG"	239	83.54
"GAGTTCTTGGGGCCGTGTTGGTTGGCAAGTGTG"	238	83.56
"GAGTTCTTAGGGCTACATTCATATTTACTAGGA"	238	83.58
"GAGTTCTGTGGTTTCTGGTGCTCTGGATCGCCC"	238	83.60
"GAGTTCTGTCGCTGCCGAGTTGAGTGCTCGTAA"	238	83.63
"GAGTTCTGGCGGTGAGCTAGAGGTGCGTGCTAC"	238	83.65
"GAGTTCTCGAGGCCACATTGAGGGATTCATTGT"	238	83.67
"GAGTTCGCTCGCGGGTTACCAATGCGCGTATGT"	238	83.70
"GAGTTCGCGCTTCCGGTTTATTGCGAGCCGTCA"	238	83.72
"GAGTTCAATCGTTTTCATGGACGGTCTGTTTAC"	238	83.74
"GAGTTCTTAAGTGTTGGCTGGTGGTATTCGTGA"	237	83.76
"GAGTTCGTGTAGCACTGTTTACAGAGCTAACAC"	237	83.79
"GAGTTCGGTTGTCCAAACCGGCCACTGTTGGGC"	237	83.81
"GAGTTCAGGCACGACCGCCAATGATCGGTGTTA"	237	83.83
"GAGTTCACCGACGCACGGGGGCGACAGCACTCG"	237	83.85
"GAGTTCGCGGGACCTGGGGGGCTAGGTGGGCCC"	236	83.88
"GAGTTCGAAAGTACCTGGTAAAGATACGAATAG"	236	83.90
"GAGTTCCTTGTACGTTCTCGTGCATCACATAGC"	236	83.92
"GAGTTCTTTGGCTCGCAGCTAGCTCGGGGCGGT"	235	83.94
"GAGTTCTTGTGTAATTTTGGGTGACCACAGTCC"	235	83.97
"GAGTTCGTTCAAGCTCTTCGGAAGCTTGTGTAA"	235	83.99
"GAGTTCGGATCGTCACTTATTTGCTGGGCAGGC"	235	84.01
"GAGTTCATTAGCGGGGTGGAGTCCTGCTCAAAT"	235	84.03
"GAGTTCATCTGTCTCGGGCGCGTCGTCTTGATC"	235	84.06
"GAGTTCCCCTCGGGAACGGGTCGCACAGTCCCA"	234	84.08
"GAGTTCACGTGCCAATCGTATACCTGGTCATGG"	234	84.10
"GAGTTCTACAAGCAACGGACCAGGGGTCCATTT"	233	84.12
"GAGTTCGGTCGCACCGTGGGGGTTGTCGTCCCA"	233	84.15
"GAGTTCGCAGGTCAGCTGTGCTTAAGGGCGTTA"	233	84.17
"GAGTTCGACAGGTGGAAACGTGGTTGTTAAGGG"	233	84.19
"GAGTTCAGTCCGAAGTGTCGATTACAGGGTCTC"	233	84.21
"GAGTTCTGTGAGCCATGACGAAGGCTCAGAGTA"	232	84.23
"GAGTTCTGGGTGCCGTCTTAACAAATCGGACTC"	232	84.26
"GAGTTCGCCTGTTGGACTGGAGACAGATAGTGC"	232	84.28
"GAGTTCGACATTATGGTAACCGGGGCTATGTAC"	232	84.30
"GAGTTCATTCGGGACAACTATCGTCTCCGGCCG"	232	84.32
"GAGTTCAGCTGGTCGATTGTCGTCGTAAAGTGA"	232	84.35
"GAGTTCTTACTGTAGTCGGGGTGTCTTGAGTCC"	231	84.37
"GAGTTCGGTGGGTGTCTGTGGGGGCGTGCGGCC"	231	84.39
"GAGTTCCGTCATCACAGGGGGCGCGGGCCTCCG"	231	84.41
"GAGTTCCAATGGTGGTTCGGTTGACCCCGGTTA"	231	84.43
"GAGTTCAACCAAGCCTTCTGATGCTGGTGTTGA"	231	84.46
"GAGTTCTGTCGCCGGGTCGATTAGCTTGAGTGC"	230	84.48
"GAGTTCTCCTCGTTGTTGACGGTTTGTATGGTA"	230	84.50
"GAGTTCTAGTGGGGTTATATTGGCCGAATGCGA"	230	84.52
"GAGTTCCGAGGTGAGTGGTTCCACTTCAGCTTA"	230	84.54
"GAGTTCATCCGGTGATCGGGTTCTCTTTAGACA"	230	84.57
"GAGTTCAACTTCTGTTTGGTGTCATGGGTAGCA"	230	84.59
"GAGTTCTCTACGGAACAGTGTGGGTTCTCCGGG"	229	84.61
"GAGTTCTATCGGTCGCCCGGAGAGGCATAAAGC"	229	84.63
"GAGTTCTAGAGGTTGCGCCGTGTTAATGGAATA"	229	84.65
"GAGTTCGTACTGCTTCGACCGCTTTGCAACAAT"	229	84.68
"GAGTTCGCGAAGGTCCCAGGATAGTATGACCCC"	229	84.70
"GAGTTCGCCAGCTATTGAGCTTATGACGTGGCT"	229	84.72
"GAGTTCCTGATCTTTTATCGGCTACCTGCGGGT"	229	84.74
"GAGTTCCGCCGAACCTGCTGGTGACCTTCGGAG"	229	84.76
"GAGTTCAGTGGGTACGTTAGGTCTCGCTCGTGG"	229	84.78
"GAGTTCAGTGATGGTCACGTATGCGGACCGGTG"	229	84.81
"GAGTTCTTGGGCCCCGTGGTATTTTCGGTACTG"	228	84.83
"GAGTTCTGTCGACCATTGTTGAGTCGGATATGT"	228	84.85
"GAGTTCTCCCGGCAGGTCTTCCGGGTCGCGCGA"	228	84.87
"GAGTTCGGTCGGCGTAATCCAAGTGAAGGGGCC"	228	84.89
"GAGTTCGGTCATGGGAATGGATGTCATTGGACC"	228	84.92
"GAGTTCGAAGAGACTCTATCGGAACGGGCAGAC"	228	84.94
"GAGTTCTCCATCTCTCCCTCGACCGTGATTGGC"	227	84.96
"GAGTTCGCCTCCGTTGTAACTATTCTCTAGAAG"	227	84.98
"GAGTTCGAATACCGCGCGGGGATGTCATGGTTC"	227	85.00
"GAGTTCCTTCTTTTCCGGCGGCCTGTGTTTCAT"	227	85.02
"GAGTTCATGAGGTTGGTAAGGAGGCAGCGGCAT"	227	85.05
"GAGTTCAGGTCGTAGCGGACGCGATCTGGCGCT"	226	85.07
"GAGTTCTTTTCCTGATACAAGAGTGGGGCTTCC"	225	85.09
"GAGTTCTGGCTATACTGGAGGTGTATCCTGGAC"	225	85.11
"GAGTTCTATGGGGCGCCTCGCCGTATGGTATGC"	225	85.13
"GAGTTCGATCGGGTCCGATAGGTGCTGGGTGTT"	225	85.15
"GAGTTCATCGGCGAGTAGGCACGTGTTTGGTGT"	225	85.17
"GAGTTCGAGGCTTTAGTCTAATGTGTTGCGGTG"	224	85.20
"GAGTTCTGGTCGTGTTGTGAGGACATTTGGCAA"	223	85.22
"GAGTTCTCCTCGAGGTGAAATGTGCCAGGGTAC"	223	85.24
"GAGTTCGATTGGTAAGGTGTTCTGTATACAAGA"	223	85.26
"GAGTTCCGATGGTTATTGTGACTGACCGGGTAC"	223	85.28
"GAGTTCAAGTGTGCGTGGTCGATAACTCTGAGG"	223	85.30
"GAGTTCAAGCTCTACGGTGCGTGGCGGGTTCTT"	223	85.32
"GAGTTCTCATGGTCATTGAATGCACTGAGGTTG"	222	85.35
"GAGTTCTACGGGGTCGACATGGCTCTCTTCTCC"	222	85.37
"GAGTTCGTTGCTTGACCGCAGACCCCTGGGGTA"	222	85.39
"GAGTTCGGTGGGAATTGATCATATCAATGCTCC"	222	85.41
"GAGTTCGGCTAGCCACGGGGATTGCGGGGGGCT"	222	85.43
"GAGTTCGACGGGGACAACGGAGTATTTTCATCG"	222	85.45
"GAGTTCCGCTGGGGTCATTGGGATCGTACGGGG"	222	85.47
"GAGTTCTGCCAGAGGCAAGGGGGGTGTTTTGAC"	220	85.49
"GAGTTCTCTCGGCGTAATAGCTACTTCTCCAAT"	220	85.51
"GAGTTCGTCCGGCATGCCGGTGGTGCATAGAGG"	220	85.54
"GAGTTCGTCCATCGCCGGAAGGACGTCTGATCG"	220	85.56
"GAGTTCTTTCGATAACATTGGCGTTCTGTGGGC"	219	85.58
"GAGTTCTGGTGCGAGCCTAAGTATGCTGGGACT"	219	85.60
"GAGTTCGAATGTGCCTCGTGGAGGTATTGGGGT"	219	85.62
"GAGTTCATCGGTGAGGAGGAGGCCTGCGGGCGC"	219	85.64
"GAGTTCTTTAAGTGGAATAGGGGCGTCACATAG"	218	85.66
"GAGTTCTTCTGGCACTTAATGCTCACTCTCGTA"	218	85.68
"GAGTTCTCCCGAGATCGGTGGGGGAATACGGCC"	218	85.70
"GAGTTCCTTGAGGGTGTTAGAGAACAGGAGTGA"	218	85.72
"GAGTTCCGGAGGTCTCCGGGGTTGAGTCTTATA"	218	85.74
"GAGTTCAGTCGGTGTTCGGGTTGTCCCAGGTTG"	218	85.77
"GAGTTCGGATGACATTATTGGGTACTGGCGTTG"	217	85.79
"GAGTTCCTTGTTCCTTCAGTGACCTCATGTCTA"	217	85.81
"GAGTTCCGTTGTCTCTTTTCATAGTTCGCTCCG"	217	85.83
"GAGTTCTTCGCCCGAGACCGAAACCACGTGGGT"	216	85.85
"GAGTTCTACTGTATCCTCTTTCTTCAGGACGGT"	216	85.87
"GAGTTCGAAACGGCCTCGTAGTGATTCAAGGAG"	216	85.89
"GAGTTCTTCAAGGAAGGAGGGCGGCTGTGGGTC"	215	85.91
"GAGTTCTGTCATTAACCGATGTCACGGATGGGT"	215	85.93
"GAGTTCTGCTGGGATTATCGGTTAGCTCCAGTT"	215	85.95
"GAGTTCGTTCAGAACTGGAAACCTGGATCGCCA"	215	85.97
"GAGTTCGGGATTTGCTTAGCGGCTTTTGACGGG"	215	85.99
"GAGTTCCGTGCACCTCGGCCCCGTGTTGGAGTG"	215	86.01
"GAGTTCCACTGACTTAAGTTGGTGGCGGGGACT"	215	86.03
"GAGTTCACACTGTGCACCTGAGGAGGCTTGTGC"	215	86.05
"GAGTTCTTTGGCCCACGAGTCAATAGACATTTA"	214	86.07
"GAGTTCTTGAGCGGGGTTGAGTGGCAGCGTTGA"	214	86.09
"GAGTTCTGTCAGCGGGTTGAGGAATAGTTGTTT"	214	86.11
"GAGTTCGTCCATCGTCGATAGACCCTGCTTGGG"	214	86.14
"GAGTTCGGCCCTGCCGGATTGTGGCCTCGGTCC"	214	86.16
"GAGTTCTCAGTATGTAGCAAGCTTCCTAGGGCA"	213	86.18
"GAGTTCGTGTAACCTTCGTCCGTAAAATCGCGC"	213	86.20
"GAGTTCGTATGTGTTCCCGGTCAGCCAAGGTCC"	213	86.22
"GAGTTCCTGATGGTATGGAAGGATACAGCGTTG"	213	86.24
"GAGTTCTGACGTAATTGCGCAGCATGTTGAATT"	212	86.26
"GAGTTCGTAATGTCCCGTCGGCTCTTCTCGTCC"	212	86.28
"GAGTTCGGTTTGAACCCTATGGGATTACTGATC"	212	86.30
"GAGTTCATTCGGTCGTGATGGAAACCTGACGCG"	212	86.32
"GAGTTCTAACGTTCATAATCATAGTGTTAGGCC"	211	86.34
"GAGTTCGTTAATGGCGAAGTGAAAGCAGGATTC"	211	86.36
"GAGTTCGTCGACCGACACCGGATCTGTGGCCTT"	211	86.38
"GAGTTCGGCTCTAGGCGCTGGAATTAGGTTGTA"	211	86.40
"GAGTTCGCCGGAGTCTTGTGTCAAGGAGGGTAG"	211	86.42
"GAGTTCGAGTGATTGGAGGTCGCCGTGGTAGTC"	211	86.44
"GAGTTCAGGAGTGCACCAGAGTGGGGCTGGAAA"	211	86.46
"GAGTTCGTCTGGGCAAGGTCTCTTGGAGAGGGT"	210	86.48
"GAGTTCGTACCATGCCTACGCCTAAGATCGATG"	210	86.50
"GAGTTCGGTGGCCAGAGTTGGTTGTTTCGCGCT"	210	86.52
"GAGTTCAGGTGAGGGAGCTCGGGTTCGAGGTTA"	210	86.54
"GAGTTCCCTTGTTTCCCTGTATATCCTCAGTCC"	209	86.56
"GAGTTCGAGAACGTTCAATTTTGATATGGCTTT"	208	86.58
"GAGTTCCATTGCCTTGATTGGCGTCTGAGATTC"	208	86.60
"GAGTTCTTCCACCCGACAGGATATATGGAATGG"	207	86.62
"GAGTTCGAACAGCAGTGCGTCTCTATTGGAGTT"	207	86.64
"GAGTTCCGCCCTCGAGTCGGTGCACTTCTGGAC"	207	86.66
"GAGTTCCCGATAACCTTTCCGTACCCAGGTGCT"	207	86.68
"GAGTTCATCCCCTCGGTTTTCGGGATGCGGGGA"	207	86.70
"GAGTTCTTATGGCGCGTTAAGCGACGCGGCTGG"	206	86.72
"GAGTTCTGCAACGTGACGTGACGGAGTCTTGTG"	206	86.74
"GAGTTCTCTGCCATGCGGTGGCGAAGAGTGCCG"	206	86.76
"GAGTTCCGTACGCGTTATGTGTGAGGATGCTGC"	206	86.78
"GAGTTCCATCAGAACCTAGTTGTCACTAGTTTA"	206	86.80
"GAGTTCACCCCAATGTCAGACTGATTCTTGTTT"	206	86.82
"GAGTTCTTTCATTTGGCACGCGGGCAGGAGTTC"	205	86.84
"GAGTTCTGGCCCAACAGGTTCCGCGCTCTGTGT"	205	86.86
"GAGTTCCTCGGAGTCGCTGGTAAGGGGCTCCTC"	205	86.87
"GAGTTCACATGGAATTTATACTGTCATCCGGGC"	205	86.89
"GAGTTCTGTCGGGCTTGGTACACGCCCTAGGGC"	204	86.91
"GAGTTCTGGTGTTGTGCTAGAGCGCCACGACGT"	204	86.93
"GAGTTCGGGCGTACATTAGCGCAAACTAGCAAC"	204	86.95
"GAGTTCGGCAGCAACGTTATGGGTGGGCGTCGG"	204	86.97
"GAGTTCCGGTTGGCGGCCGCGGGCGAGCAAGTA"	204	86.99
"GAGTTCAAGAGGCGGTTTTGCTACCGTGAAGGG"	204	87.01
"GAGTTCTTTCAAGGGGGAGGGTAGATCCCGGGC"	203	87.03
"GAGTTCGGTTACGGCCCGTCAACTCGCGGTCAC"	203	87.05
"GAGTTCTCGAGGGTGCGGGGATAAGCTTCGCAT"	202	87.07
"GAGTTCTCCTCCGAAGCCAGAATGTGGCGATGG"	202	87.09
"GAGTTCGTTCGACTCCGGGCCGGATGGAGAGGC"	202	87.11
"GAGTTCCTCCTGGTTTCGAGTGGGGTGTCGGTA"	202	87.13
"GAGTTCTTGCGGGTAACGGGTCATCGTCCTGCC"	201	87.15
"GAGTTCTTAAGGAATTTCGCGGTCTTCGGGCCA"	201	87.17
"GAGTTCTGGTGCGTTCGCTTTCATTCTTGGAGG"	201	87.19
"GAGTTCTAGCGCATCGCCGGTGGGAGTTGAGTC"	201	87.20
"GAGTTCGCGGATTCGCGGTCGTGAACGAAGTGG"	201	87.22
"GAGTTCGCGCGCGTGTACCCATTTCCAGGGTTT"	201	87.24
"GAGTTCAGTCTTGTACCGTCCGGGGGCGGTCTG"	201	87.26
"GAGTTCTTTAGGTTGACATTCGCGCGTCCAACG"	200	87.28
"GAGTTCGACCGATTCAGTGGGGGGTCTTTGTCT"	200	87.30
"GAGTTCAGTTGGGCCTCTGTTTGACGAGATCCA"	200	87.32
"GAGTTCTGCCTGCAGGTGCCGTTTTTTCGTTCC"	199	87.34
"GAGTTCTGCAGTAAGTGTTTATGTTTCGGGTAC"	199	87.36
"GAGTTCTCCAAACTGTCTGGAGGCTGAAGGCCG"	199	87.38
"GAGTTCTAGTGCCGTGGGTGAGCTTATCACCGG"	199	87.40
"GAGTTCGGCCTGCCGCACGCTTCTCGTTGCGGC"	199	87.41
"GAGTTCGGCAGTAAGCGGTCTTGATACGCGGGA"	199	87.43
"GAGTTCCAGGGGGCGTAAGGTCGGCCGTCTGAC"	199	87.45
"GAGTTCAGGGAAGTGTGGTGGCCATGCGTTCGG"	199	87.47
"GAGTTCTTCTTTCTATCTACTAGCGGCCCTGTT"	198	87.49
"GAGTTCTTCCGACCGTAGGGGTTTCCGTAACGC"	198	87.51
"GAGTTCTCCTCCGCATATTCTCGGCTCCAGAGC"	198	87.53
"GAGTTCTATCTTTTGCGAAGGGGGCTGCCGCAG"	198	87.55
"GAGTTCGGGTGCTAGAGCTGGTCAGGTGAGCCC"	198	87.57
"GAGTTCACGGGCTGGTGTCGGTTTGCGCTCTGG"	198	87.58
"GAGTTCAAATGGTGTTAAGGTCAAGGCACGGTC"	198	87.60
"GAGTTCTTGTTTCCGGAATTTGAAGTGTCCGCT"	197	87.62
"GAGTTCTCCCGGTCCGCGACTCCATATCTGGGG"	197	87.64
"GAGTTCGTTCGTGTTCTACACGGAGTTATCACA"	197	87.66
"GAGTTCGTAGGCAACACACGGCTCTCGTATCCT"	197	87.68
"GAGTTCGACCAGTGCCGGGCCCGTTACCGGTGG"	197	87.70
"GAGTTCTTCGGTTCGGTTGTATCAGCGCCTCAA"	196	87.72
"GAGTTCGGTATAGGGACTTGCCGTCGCTTGCCG"	196	87.74
"GAGTTCGAGATCGCCCTCATACATTAGTGGGGG"	196	87.75
"GAGTTCGACGAGGAATACCGCCATGCTCGGGTC"	196	87.77
"GAGTTCCTCTCGGGGGTTGGCCAATGTGAAGCC"	196	87.79
"GAGTTCCGGTGATATGTCTTTGCCTTTTGGATT"	196	87.81
"GAGTTCCACTGTCGGCTTTATCGGGGACTGGGT"	196	87.83
"GAGTTCCACGGGATGTCGGTTTAGTGAGTCAGT"	196	87.85
"GAGTTCTCTCAATGTATTTGGAGTGAATCTGGC"	195	87.87
"GAGTTCTCACTCAACACTATACGCCCGCGTCCG"	195	87.88
"GAGTTCTACCCTGCGGGGAGAGACTGCCCGGAG"	195	87.90
"GAGTTCGTGTCATATTACTGCGTGTAATTAAGA"	195	87.92
"GAGTTCGGGTGTGAACATGTTGTGACGTGTTTT"	195	87.94
"GAGTTCGATGAGCGGTGTGAACGTGACAAGTCA"	195	87.96
"GAGTTCAAATGCCTTATATGTGGAAGGTCCGTG"	195	87.98
"GAGTTCGTAGGCTACTACTGAGGCGGTCGCCTG"	194	88.00
"GAGTTCGCTCATTTGACTTACATCGTCTTGTCC"	194	88.02
"GAGTTCCGAAGTGCTTGGGGGGGGGGCGTGTTG"	194	88.03
"GAGTTCTTCGGTCGATTTGGCTCGCGTTCGTAT"	193	88.05
"GAGTTCTGCCCTGTGATCGAACGGTTCTCGTCA"	193	88.07
"GAGTTCTCGAGGTCCAATGGATTAGCCCCTTTA"	193	88.09
"GAGTTCTCCTGGCACCCGGTATGGACTCGACGC"	193	88.11
"GAGTTCTCAAGGGCCTCGGCAGCATCGAAAGGC"	193	88.13
"GAGTTCGTCGAGCCGCTTCACTAGCTTGTCTCT"	193	88.14
"GAGTTCGTAATGGAGTCAAAGGTGGCAATACGC"	193	88.16
"GAGTTCGACTGATGTTGCGTTGGGCGTGGGTAC"	193	88.18
"GAGTTCCCGAGGGGGAGATAGATGCAAAGGTCA"	193	88.20
"GAGTTCTGGAGGGCACTTAGTCGCAGTGTATAA"	192	88.22
"GAGTTCTGCTAGAGTCATCCATCACCAATGGGG"	192	88.24
"GAGTTCTCGGAGGGGTGTTTCCGTTAGTTGTTC"	192	88.25
"GAGTTCGTAGGAGCATCCATGTCGCGTTGAGTG"	192	88.27
"GAGTTCTTTCACGAGGGCCCTCATCTTGATCGT"	191	88.29
"GAGTTCTGGTCTTGGTCTGAAGGTGAAGACGGG"	191	88.31
"GAGTTCTCGTGCGGCCGTAAGTAAGGCCTGTAT"	191	88.33
"GAGTTCTCACGGAAACAACTGATAGGGACGGTC"	191	88.35
"GAGTTCGTGACGGTACCGTGGGCATGTGGATGT"	191	88.36
"GAGTTCGGTTTTGGCGGGGTTACGTCGGCGTGA"	191	88.38
"GAGTTCGGCCCATTCCGGACAGGTAGGGTTCGG"	191	88.40
"GAGTTCGCTTGTGCACGGTATTGACGCCTAAAT"	191	88.42
"GAGTTCGCCAAGTGTCGGTGCTGTGTACTGACG"	191	88.44
"GAGTTCTTTCGGTGCGAATAAGCAGGTGCTTAG"	190	88.46
"GAGTTCTGTCTTACTTTTTGGAATTTATTGAGA"	190	88.47
"GAGTTCTGTCGATTTAGTCCATGTCGTGTGGAC"	190	88.49
"GAGTTCTGATCGAACGCGACGTCAAGCTTGGTC"	190	88.51
"GAGTTCTCTGTGGCGGGGCCTTACTGGAGCTGG"	190	88.53
"GAGTTCTAGGGTAATATGCGCCGGGAGCGCTCA"	190	88.55
"GAGTTCGGTAGGGCTTGGGCGGACTTTCGGGGT"	190	88.56
"GAGTTCCATCTCTACGTGGGATAGGTGCACCTA"	190	88.58
"GAGTTCAAGTTGAAAGGGGGAGTACTAGAAAAA"	190	88.60
"GAGTTCTGGTGCTTCCGAAGCGCGGATTAGCTT"	189	88.62
"GAGTTCTCCCACCCGGCTAAATGGTTGTTGGTC"	189	88.64
"GAGTTCGGGGTGGGTCGCGTCAGCATATCGGCA"	189	88.65
"GAGTTCGGATACCGTCGAACAGTTTATTATTCA"	189	88.67
"GAGTTCGCCTGCCGATGCTAGCGCAAGATCTCT"	189	88.69
"GAGTTCCATCAGCGACGTCGGCACCGGCACTCC"	189	88.71
"GAGTTCTTTTACCCGCTCCTGCTGGTCAACAAG"	188	88.73
"GAGTTCTATTGGCTGTGGATCGTTCCGCCGTCT"	188	88.74
"GAGTTCGGGAGTCGCGCCCGGCCAGGGTGGCTT"	188	88.76
"GAGTTCGCTCGTCGTTGGTTAGGTCCTCGGCAT"	188	88.78
"GAGTTCGCGGGACTGTGTGGGGGGTCGGCATTC"	188	88.80
"GAGTTCATCGGTTCCTCGTATGTCACGTGGAGT"	188	88.82
"GAGTTCTTGATTGACAGATCATAGCGCCTGTTG"	187	88.83
"GAGTTCTTCAACTATCCTGTGTTGATGAACTTG"	187	88.85
"GAGTTCTGTCGTGGTGTCGAGGTTACGTTCTTC"	187	88.87
"GAGTTCTGGCGCTGGTTGAGGGCCTGGTGTCTG"	187	88.89
"GAGTTCTCCAGTACTCCTTCGGCGGGTCGCTCA"	187	88.91
"GAGTTCGGCAGAGCTTTTTCGTGGGGTGAGCGG"	187	88.92
"GAGTTCGGACAGACTTTTGTGATCTACTGGAAA"	187	88.94
"GAGTTCGCCCCAACGTATTCGCTCCGACTATTT"	187	88.96
"GAGTTCCTCGTGTTCATGTCCGCAGAGTACGGG"	187	88.98
"GAGTTCCAGTTTCTGGGGGCTAGAGTTCTGGCA"	187	89.00
"GAGTTCACCGGGTTGCGTATAGACGGGACGTGT"	187	89.01
"GAGTTCTCGCAAAATTAGTCTAGTTTCTTGGCC"	186	89.03
"GAGTTCTCCCAGCGCCGTGTGATTCGCGTGCAA"	186	89.05
"GAGTTCTCACGTGATACAGGTCTCTGGTGGACG"	186	89.07
"GAGTTCTAGTGGGCGCGCTCAGCAGGTAGATCG"	186	89.08
"GAGTTCCGTTTACTCGTAGAGGAGACATAGATT"	186	89.10
"GAGTTCTAGTGTCAACATTAGGCCTTTGATGGC"	185	89.12
"GAGTTCTAGGGGCCATAGTGTTTAATAGGGAGA"	185	89.14
"GAGTTCGATGGACGGCGTAGCCTGCTGGTAATG"	185	89.15
"GAGTTCGAGCGCGAGTCTACGTGGTGCTTTGGA"	185	89.17
"GAGTTCCCTGTGTCCATTACGACACATTTGTTT"	185	89.19
"GAGTTCATCTAGAGCTGCCCCCGTGGGAAGAGC"	185	89.21
"GAGTTCTTGAAGATGCGTAAATTTGCATGGTAT"	184	89.23
"GAGTTCTGTGTTGTTGGTTGATCTGTGGCCTGC"	184	89.24
"GAGTTCTACAGGAAAAAGGGGGGAGCAGCGTGT"	184	89.26
"GAGTTCGTTTGGGAAACATTTGTCATATGACAA"	184	89.28
"GAGTTCGTTTGCGAATTATATCGTGGTAATACG"	184	89.30
"GAGTTCGGTTACCGCCCCTGATATGTATGTGCT"	184	89.31
"GAGTTCGCTGGCTGCCCGTTCATTGCTCCATCA"	184	89.33
"GAGTTCGATCGGGTAGATGGCCGGCAACCAAGA"	183	89.35
"GAGTTCGAGGGGCATGGTGCGACAAATAGTGCT"	183	89.37
"GAGTTCTTGTAAGGGTAATTTAGCCAAATTCCG"	182	89.38
"GAGTTCTGAAAGGCCAACGGGGGTATGGCGGAG"	182	89.40
"GAGTTCTATTCGCGGCGAGGGGGCGACCGCAGG"	182	89.42
"GAGTTCTACAATTTGTGGTCGTCTTTGACCGGC"	182	89.44
"GAGTTCGCGCAGAACGTTATGGAGGAGGGGTCT"	182	89.45
"GAGTTCCTCCCGTGAGTAATTGGTGTCCGGGTT"	182	89.47
"GAGTTCCGGGCCCATTGCGTTTGGTGAGCCCGC"	182	89.49
"GAGTTCCGCGCGACGCGGAAGTGGCTAGTGTGT"	182	89.51
"GAGTTCTTTGGATGTCCTGCATGTTTAGGGGGC"	181	89.52
"GAGTTCTGCACCGTCCTACTCGCTGACACGCAC"	181	89.54
"GAGTTCTCATTAGGTGAGGTGACTTCTGAAGGT"	181	89.56
"GAGTTCGCCAGGCTATTTCTGGGCCTAGTGCGG"	181	89.57
"GAGTTCCGTTGGCTTTTTTTGGGTAGCTCGCGC"	181	89.59
"GAGTTCAAGGGGCCTTCCATGTGTTGGTGGGTA"	181	89.61
"GAGTTCGATTAGAGACGGTGGTTTCGTAAGGCG"	180	89.63
"GAGTTCCGACGAATAGGGCCCGTCGTGGCTATC"	180	89.64
"GAGTTCATCTGGCGGCTATGGAGACGTTCCGCC"	180	89.66
"GAGTTCAACAGTGGGGGGCGGGTCCTTGCGGCG"	180	89.68
"GAGTTCTCTGGACATAGATGGTTGGCGCCGGAC"	179	89.69
"GAGTTCGCTCACCGGTCCTATGGGCATGTACGA"	179	89.71
"GAGTTCGCCCGTGGCCTCTAATGGCGTGTACGA"	179	89.73
"GAGTTCCGGCGGCAAGGGGGGCCGCGTTTTAAG"	179	89.75
"GAGTTCCAAGGTAGTGGGCCATTGTTCTATTCG"	179	89.76
"GAGTTCCAAAGGCTGAAATCGTGGGGGTGATTT"	179	89.78
"GAGTTCTTTTGAGTCCTTTATCAGCGGTCTGCA"	178	89.80
"GAGTTCTTCCGGCATCGTCCGGGTCGTGGGCAG"	178	89.81
"GAGTTCTGTCTGTGGTGTCGTGGAGAGCAGAGC"	178	89.83
"GAGTTCTCGTGGTCGGGTGAGTAAAGTCTTTCA"	178	89.85
"GAGTTCTCGAGGGGGGATTAGCGGGAAGATTCG"	178	89.87
"GAGTTCGCTTGGCCTGACTGGGGCCTACGGTGT"	178	89.88
"GAGTTCGATTGGCTCTCAGGGTGAAGTACGCAA"	178	89.90
"GAGTTCAAGATGGATAAGGATTGCCTCTGGCTA"	178	89.92
"GAGTTCTGCTTAGTCAACGCTGGGGCGCGGAAT"	177	89.93
"GAGTTCTACTAGCCCCGCTGGGAAAGAATCACC"	177	89.95
"GAGTTCGTGATGACGCCCTACGCGCTACTATGA"	177	89.97
"GAGTTCGGTCCTGGATCTTAGAGCATAACCACG"	177	89.98
"GAGTTCGGTCCTCACGTCTAGATTCGGTGCTCA"	177	90.00
"GAGTTCGCACACGGCTGAGGGTGCCCTGCACGC"	177	90.02
"GAGTTCGATGGTCTAGGCCGCACCGGAGAGTGT"	177	90.03
"GAGTTCGAACGGGTATAGTGAGCACAACCAAGC"	177	90.05
"GAGTTCCGTGGCCGGCCCTGCCCGGACGGTCCT"	177	90.07
"GAGTTCTCCGGGGTGTCCAGGGCTGTGTAGCGA"	176	90.09
"GAGTTCTCCGGATTCCGCTGACGGCGGGGGGGT"	176	90.10
"GAGTTCGGGCGGGTCGTCTCGGGGTTCTGCTTT"	176	90.12
"GAGTTCCGTGGTCCCTACCGGAGACGCCCTATG"	176	90.14
"GAGTTCCGGCATAATACGCATACTAGGGTGGTT"	176	90.15
"GAGTTCCCGATGACGTGAGGCAGTCGCTTGCCC"	176	90.17
"GAGTTCAGGAGTCTATCAGGTTGACCATGGGTC"	176	90.19
"GAGTTCTTTTGGCTATGTCGTTATCAGGGGCAC"	175	90.20
"GAGTTCTTATGGGTTGCCACAGGGAGGTCTCTA"	175	90.22
"GAGTTCTATCGGCGGTCTTGGAGTCGTGGGCGA"	175	90.24
"GAGTTCTACCCTGGCCCCTGAGGTTCGCTAGCG"	175	90.25
"GAGTTCGTGCGGTCGGGCCGGTGACGGTATCCC"	175	90.27
"GAGTTCGTCTGGTCTCAGTCGCTTTATGTAATT"	175	90.29
"GAGTTCCCTCGCAATAGGACGTCTTAACCTTCC"	175	90.30
"GAGTTCATGTGGGATGCGCAGGTGGCGAGCTTG"	175	90.32
"GAGTTCTTTTAAAGCGGTAGGTGTCAATTCCAG"	174	90.34
"GAGTTCTGGCCTTGGCGGGTCCTTTTTTGCCCC"	174	90.35
"GAGTTCTGGCCGGCCACTGGGTGGCCTAGCGGG"	174	90.37
"GAGTTCTCGGGGGCACGGGGATAAGTCTAGTTG"	174	90.39
"GAGTTCTAGGAGTGGTAATCAGAACCGTCTTCA"	174	90.40
"GAGTTCGGCTAATTTCTGTCAGGTGCTCAGGGC"	174	90.42
"GAGTTCGGACAGTATTCAGGTTAGTGCGCTGGG"	174	90.44
"GAGTTCCGCGTACGGGACCGGTAATGGCGTGAC"	174	90.45
"GAGTTCCACGGTCGGCCGTCGACTGTCTATCTC"	174	90.47
"GAGTTCAAACGGCGGGGCTTATATTTTGGTGGC"	174	90.49
"GAGTTCTGGCAATCATGGTGGTGCTGTTGTTGA"	173	90.50
"GAGTTCTAGGGAAAGACGGCGGTTAGTCCAAAC"	173	90.52
"GAGTTCGCTTGTGCGCCCTGGTGTGAGTTAGAT"	173	90.54
"GAGTTCGAGAAGGGGCAAGGGAAGTGATGGGTC"	173	90.55
"GAGTTCACGCAGCGCGTCGTATGAGTGTACTAA"	173	90.57
"GAGTTCACCTGGCCCTACGGATCAACTTGGGTC"	173	90.59
"GAGTTCAAACGGGGCTCACTCGTGCATCGTCCG"	173	90.60
"GAGTTCTTGTCTGGGTTTCTGGGACTTCGAGAC"	172	90.62
"GAGTTCTGTATAAACGGTGCATAAGAGCGACGT"	172	90.63
"GAGTTCTGCCGTCCGTGGTGACAACTTGTGTCG"	172	90.65
"GAGTTCGGCAGGTACTCCGGCTGAGGATGGGGA"	172	90.67
"GAGTTCCAGCAGAACTTGTCGGGTATACGACGT"	172	90.68
"GAGTTCATCCGTTTCCGGTGGGGACCAATGTCA"	172	90.70
"GAGTTCAGCGATCCAAGGGGCTCCGGGAGGTGT"	172	90.72
"GAGTTCTGTCGTACGTCGTGGATGAATTGGCCG"	171	90.73
"GAGTTCTGCCAGTCTGCGGGCTACAGTGACTCG"	171	90.75
"GAGTTCGCTGGGGATGACGCGAATGATCTTGGT"	171	90.77
"GAGTTCAGTTGGCAGTACGGATGCTGATCGGTG"	171	90.78
"GAGTTCAACCGGTGAACAAGAGAGCGTCGGTGA"	171	90.80
"GAGTTCTGTAATGCGAAGGCGGCAGGCCAGGAC"	170	90.81
"GAGTTCTCGTGGAGTCTAGGGCGGTGTTGCAGT"	170	90.83
"GAGTTCTACCTTCAGTGCGATGCAAGTGTGAGC"	170	90.85
"GAGTTCGTATGGGCTTAATGTGGATGGTATTCC"	170	90.86
"GAGTTCGGGTAACTTCCGCGATACATCTTGTTC"	170	90.88
"GAGTTCGATTAGAATCCAAGATTTTGTGGGGAG"	170	90.90
"GAGTTCGATCAGTAGCGTGAGGCACAGGTCTCA"	170	90.91
"GAGTTCGAGCGGGTGCGGCGTCGAATCGGGCGG"	170	90.93
"GAGTTCGAAGCGTGATAATGGGAAGGGGTATGA"	170	90.94
"GAGTTCAAACGGGGTTGCCAGTGACTGAGGCGA"	170	90.96
"GAGTTCTACGGGTGGTTAGTTGGAAGTCGTAGA"	169	90.98
"GAGTTCGTCACGCGTCCGTGGGGCGAGTTCTTC"	169	90.99
"GAGTTCGAGAACTGTTGGGTAAGTCCAATGTAC"	169	91.01
"GAGTTCAGTTTACAGTCTGGGGGGGTCAGGGCC"	169	91.03
"GAGTTCTGCACGACGGCATGCGTATGTCTGGGA"	168	91.04
"GAGTTCGGTCACCCCTGGGGGGCTTGTGGCTTG"	168	91.06
"GAGTTCGGATGGGCCCTTAAATCACGCCCACGG"	168	91.07
"GAGTTCGACCTAGAGTGGAGGAGTTCCTCATGA"	168	91.09
"GAGTTCCTACAACCTCGGTCTGGACGCTGGGAA"	168	91.11
"GAGTTCCGCGGCTCCGTAATGCAATCCCGCTCC"	168	91.12
"GAGTTCACAAGCTTCCATCATGGACTTTTCAGG"	168	91.14
"GAGTTCTCCAAAGGGTAGTGTCGAGTGATGTGT"	167	91.15
"GAGTTCTAGCCCTCGTCTCGTCCTCGCCCGGGA"	167	91.17
"GAGTTCTACGGACCGTGGAGTGGTTCGTGGCGC"	167	91.19
"GAGTTCGCAACCGGTGTTGTGGCAGAAAGCCCT"	167	91.20
"GAGTTCATGTGCCGTCTACGAGCGCTCCACGCC"	167	91.22
"GAGTTCAAATGATTTTACAGAGGGCACTACGTG"	167	91.23
"GAGTTCTTTTGTCCATAGTGCCGTGTGTTCGAA"	166	91.25
"GAGTTCTGTGGGTCAGAGTGGTGATAGTCCACA"	166	91.27
"GAGTTCTCGTTGCGGGATGGGGTCGTAGGGAGA"	166	91.28
"GAGTTCGTACGGTGGAATAGGAAGTGGCAACGA"	166	91.30
"GAGTTCGACCGGTCCGTTGCCTACCCGCCTCCT"	166	91.31
"GAGTTCCCCTCGTTCTCGGATGCTATCATACGA"	166	91.33
"GAGTTCAGGTTTTCCGTCGCGGTGAAGTAATGT"	166	91.34
"GAGTTCTGTTGTCCGGTTCAGTGTAGGACGTCT"	165	91.36
"GAGTTCTGGGTCCCCCCGGTGTGACGGTAGGCG"	165	91.38
"GAGTTCTGGCTTGCGGAGCGAGGTTTGATGTCA"	165	91.39
"GAGTTCTGGCAGGCCCAGGAGTAATAGTAATAA"	165	91.41
"GAGTTCTCTCCTGATGTCGGATGCTGCCGGCGT"	165	91.42
"GAGTTCTCCTGATCGATGGTTTGACGTACTTAG"	165	91.44
"GAGTTCTTCCGATGCGTTTTAGGTGTTCAGCGA"	164	91.45
"GAGTTCTGCCTGTTATCTCTTGTCCTCGGACTC"	164	91.47
"GAGTTCTCGGGGATCTTTTGGTGGTGTCGGGAA"	164	91.49
"GAGTTCTCGGCAATATCTAACGTGGCTCCTGTG"	164	91.50
"GAGTTCGAGTCAGTTGCTGGGGGCCTGTTGGAT"	164	91.52
"GAGTTCGACCGACGGTATGGGGGATTTAGGTGG"	164	91.53
"GAGTTCTTTTTCTGTCCTCGGTCTGTGTTTATC"	163	91.55
"GAGTTCTGGAGTTAGTTCGTTGGGTGAGGAAAC"	163	91.56
"GAGTTCTGATCGCCGTGTAACGGTTCTCTGCGT"	163	91.58
"GAGTTCTCTTTATTACATTGCTGCCATCACGTG"	163	91.60
"GAGTTCTAGGGAAAACTAGCGTTTCTACGAGAC"	163	91.61
"GAGTTCTAGAAGACATGGTAGAGTTTATCAAAC"	163	91.63
"GAGTTCGGGTAAGGTGTCGTTGGAGTTCCCGCT"	163	91.64
"GAGTTCGGCTGGCGTTACGGTGCGACGTGGTGC"	163	91.66
"GAGTTCGATCGGGGGAGTGGGGCCATAGGTTAC"	163	91.67
"GAGTTCGACTAGCTGGATCGGGGAAGAGGAGTT"	163	91.69
"GAGTTCCCTGTCCGCACCTGGTGGTCTTGGGGG"	163	91.70
"GAGTTCTGATGGGTTCTGCTGTTTCGATTTCGC"	162	91.72
"GAGTTCTCGCGCGCACACGGGTGTTGGTGCGGT"	162	91.74
"GAGTTCTCCAGTCGGGATGCCTTCGTTTCATCT"	162	91.75
"GAGTTCTCAAAGCGGCCGCGAGTTTAGGACCGG"	162	91.77
"GAGTTCTAATCTCCCTTTGAGATACAGAGGGGG"	162	91.78
"GAGTTCGGTAGGTTAGATTGCGTCGATCGACCC"	162	91.80
"GAGTTCGCACGCTCCGTGTATGCTAGGGTAGGT"	162	91.81
"GAGTTCGACGGGCGCTGCACAGTACTGCCGTGT"	162	91.83
"GAGTTCGAACAGTCTTTCAGATAAGCCAGGCTC"	162	91.84
"GAGTTCAGTGTATCGGAACAGCGTCGTTGGCTG"	162	91.86
"GAGTTCAAGGGGGCCATTTGGGGACCAGGATAT"	162	91.87
"GAGTTCTGCGTGTCCTTGTAACCCCGGTACGTG"	161	91.89
"GAGTTCTCCCAGTGGCGGGTAATATGGTGGGAT"	161	91.91
"GAGTTCTATGGAGAGACGTAGGCAGAGTAGTCG"	161	91.92
"GAGTTCGGCCCAAACGCCCGGCGGCCCCTGCGG"	161	91.94
"GAGTTCCCGCTGGGTTTAGGATGCATCCCAAAG"	161	91.95
"GAGTTCTTCTGGGCTCCTCGGTGGTGAGTTATA"	160	91.97
"GAGTTCTGTGAAGTGGTGCTGTGACGCTGCAGC"	160	91.98
"GAGTTCTGTAGACCGGGTGTGAAATTCTAGGGC"	160	92.00
"GAGTTCTCGTCCTTCGTCCCGGACTGTGTAACG"	160	92.01
"GAGTTCTCGGTCTCGGGGTTGAAGCTCTTTCTC"	160	92.03
"GAGTTCTCCCTACTGGGGTGCGTATCAGTGTGT"	160	92.04
"GAGTTCTATCGGTAGCAGTGGTTTTGAGTGTTG"	160	92.06
"GAGTTCTAGCGTTCACTTGCACCGTGGCCGAGA"	160	92.07
"GAGTTCTAGAGAAAAAAATAGGGAAGTTAGCGA"	160	92.09
"GAGTTCGTACAGTGCATAAACTAGAGTCCCCGT"	160	92.10
"GAGTTCGGTGGACCACCTTGGCGAGCCCTGGAG"	160	92.12
"GAGTTCGCTGGGCTCTGAGTAAGGCACTGGTGA"	160	92.13
"GAGTTCGACGTCACCGGGTTTGTCACCGGTAGT"	160	92.15
"GAGTTCCTGTGTATAGCATGGTGCCGCGGCTCC"	160	92.17
"GAGTTCCGGTACGGCGGCAGATATCACGCACTC"	160	92.18
"GAGTTCCGCGGGGCGACAAAGTGTCGTTCGGGG"	160	92.20
"GAGTTCCCTTCGGCCTGGTATCCACCGTTGTCC"	160	92.21
"GAGTTCCCCGGCGTCCGTGTAGAAAGCGTTTCG"	160	92.23
"GAGTTCCAGTAAGAGTGACGCGATCACAGCAGT"	160	92.24
"GAGTTCAACGAATTGCGGACATTAAGTGCGTCA"	160	92.26
"GAGTTCTGGTGGCAATAATGGGTCTGACCATCA"	159	92.27
"GAGTTCTGGTACGCTCTGTAGAGGCATACCGAG"	159	92.29
"GAGTTCTCCATAGGTGTACGCCGCCCAGGGCGG"	159	92.30
"GAGTTCGGCTGTAAACGCCCGTCGTGCATGGGA"	159	92.32
"GAGTTCGCTGGTTACGGCTCGATGTCAATCCGT"	159	92.33
"GAGTTCGACGGGTTAAGGCCTGCCGGACTGGCC"	159	92.35
"GAGTTCGAAATGGTGAATCGATCGTCGCTTTTT"	159	92.36
"GAGTTCAGTGTGCTCCGGGTATTGGTTTTCGAA"	159	92.38
"GAGTTCACGTGTTCTATTGGAGGAGTTGTAGCA"	159	92.39
"GAGTTCTCCAGTTCGTCCTCCTGAATGTCACAA"	158	92.41
"GAGTTCTAGTGGTGTGCACGGATATGGCGAGCA"	158	92.42
"GAGTTCTACAGGCCGGGTGGGGGTGTACCACCC"	158	92.44
"GAGTTCGTGCGGGATATGTTGTCTGTCATTGAG"	158	92.45
"GAGTTCGTCCGTCGGGGGCGATTACGTCGAGGA"	158	92.47
"GAGTTCCTAGGGCACCGAAGGGATGTGCGGTCC"	158	92.48
"GAGTTCATTGCGGGGCTGCGGCAGGTGTCGCGA"	158	92.50
"GAGTTCTTTGGTGTGCAATCTCTTACTATGTTA"	157	92.51
"GAGTTCTGTGGTGGCATGTCGAAAAGTTATTTC"	157	92.53
"GAGTTCTCAGCACTATCGGTGGGGCGTCAGTCA"	157	92.54
"GAGTTCTATCGGGCACGTCGGGTTGAACCCTTA"	157	92.56
"GAGTTCTACGGGATGCAGTTGTGTTTTCACAGT"	157	92.57
"GAGTTCGTGGGGGGTTTTTCGATGGTCGATTAT"	157	92.59
"GAGTTCGTACGGAGTTCGGGTGCCGGCCGGACG"	157	92.60
"GAGTTCGGAAATAAACCGAGGGAACCAGCGTCT"	157	92.62
"GAGTTCGAGTGTGTTTAAAAGTACCGTCTGTCT"	157	92.63
"GAGTTCCTCCGTCACTGGTGTCGTGTTCTTGCC"	157	92.65
"GAGTTCCCCTTTGCTCATCGGACCGCTGCGTCA"	157	92.66
"GAGTTCCATTACAGTTTGAGTTATTGTCAAGGA"	157	92.68
"GAGTTCATCCATGCCTGGACCGAAAGTTCAGAC"	157	92.69
"GAGTTCTGCTTACGATAGTTTAGCAAATGAAGC"	156	92.71
"GAGTTCTCACGGTCTCCTGGGGCTTGACGGTGC"	156	92.72
"GAGTTCTAGGGTCGGAACAGGGGAGAATTTTCG"	156	92.74
"GAGTTCGGGCGGTGCGCGATGGGGGACTGAGTA"	156	92.75
"GAGTTCGGCAGTTTCTGCTGCGGGCATCGATCA"	156	92.77
"GAGTTCGCGCCTCTCTTCCTCTGTACTTGGTGT"	156	92.78
"GAGTTCCGCTCGTTGCGACTTCCGAGGGGGTGC"	156	92.80
"GAGTTCCCTATGTGTAGTTGGGTATTTAGGGGT"	156	92.81
"GAGTTCCCCTAGTTAACGTCTCGGGCGTGCAGA"	156	92.83
"GAGTTCATGGTCTTATATCGCCCTCCCGAATCC"	156	92.84
"GAGTTCACTTGGCCCGATGTATATTCGGGGTGA"	156	92.86
"GAGTTCACCTAAATATGAGGGCACCAGCTTTGC"	156	92.87
"GAGTTCTTCGCATGTTCAGTGGGAATGGCGTCA"	155	92.89
"GAGTTCTGTAATTATAGTGTCATGGCCGGTAGA"	155	92.90
"GAGTTCTGGTACGAGTCGTCATGCAGCCCTTGG"	155	92.92
"GAGTTCTATGCTCCGTGCCGTTCATCGCGCGGG"	155	92.93
"GAGTTCGAGGTTTACGAACACACTCCTTTATAG"	155	92.95
"GAGTTCCGATGTCTGGTTTATCCTGTGGGCTCG"	155	92.96
"GAGTTCCGACGATTCGGTGTGGATCGTTGGGAC"	155	92.98
"GAGTTCAGGGGCAAGGTCGAATGGAGGCCGTCG"	155	92.99
"GAGTTCACGAGTGAAAATGCTAGCATCCGGCGG"	155	93.01
"GAGTTCACACCCTGTTGTTACGGAAGACTGGTT"	155	93.02
"GAGTTCAAGGTGTTGGCGCAGCACTACTGCAAG"	155	93.04
"GAGTTCTTATGCCCTGTCGTCGATCGTAATCAG"	154	93.05
"GAGTTCTGGTGGTCTCCTTGGGGTTTGTTCCCG"	154	93.07
"GAGTTCTATAAGGCGTTGTGGGCACAGATGGTG"	154	93.08
"GAGTTCGTTTGATAGCTGTTACGAGCACTATTG"	154	93.10
"GAGTTCGCTCGGACCCTGAAAGGTTTTGTGGAT"	154	93.11
"GAGTTCGCCCACCGTTTTCGTCTACGTGGGCAC"	154	93.12
"GAGTTCGAATCGCCGGATTGTCGATCTCTGTTG"	154	93.14
"GAGTTCGGTCAGCGGCCCCAGCATCGTATGTTA"	153	93.15
"GAGTTCGGGTGGCAATATTGGGCCCGGAGGTAA"	153	93.17
"GAGTTCGCTTCTCGCCGGCGAAATCATGTGAGG"	153	93.18
"GAGTTCGCTCAAGTACGGTCGGGTTGAAGGGCC"	153	93.20
"GAGTTCACGCGCTGGTGGGGACAACGGTCGGCA"	153	93.21
"GAGTTCAATACAACAGTCTAAGAGACGCAACTG"	153	93.23
"GAGTTCAACTGGGCGTGCCGGGTAGGTCAGGTC"	153	93.24
"GAGTTCTGGGAGCTTTATTGGTGTTTCGAGAGA"	152	93.26
"GAGTTCGTCTGTGGGGGCACGTCTCCCGACCTG"	152	93.27
"GAGTTCGATCGGCAGGAGTGTGGCTCCGAGTCT"	152	93.29
"GAGTTCCGATCGGTGGCGGGCTATTCAGGTCCG"	152	93.30
"GAGTTCCCTCATCACATTGGTCGGAGGCGCGAT"	152	93.31
"GAGTTCATCGGGAATCGAGCCGCGCCGGTGCTT"	152	93.33
"GAGTTCACGTTCCGGATGTGAGAAACGTCTTTA"	152	93.34
"GAGTTCAAGTGGGAGCAACAAGGGTGTGATGGT"	152	93.36
"GAGTTCTTTCAGGTGCTTTTGGGATGCAACAAA"	151	93.37
"GAGTTCTGTAGTTACCAATCAAAGGTTGATGTG"	151	93.39
"GAGTTCTGGCGGCCTACTAGTTTCCTAAATTGG"	151	93.40
"GAGTTCTAGACGGGAGGGGCGACGGTACGGGCG"	151	93.42
"GAGTTCTACTGGGTTACACTAGCCGGGCGACAA"	151	93.43
"GAGTTCGGATATGCGAAGACAGCGCATAGAAGA"	151	93.44
"GAGTTCCTATTGGCTTTGACCTCTGTCGCCGCT"	151	93.46
"GAGTTCCGTGGTGTGGCAAGGGCGAGACCCGTC"	151	93.47
"GAGTTCCATCGGCAGTCGTTGAATCGATCATGG"	151	93.49
"GAGTTCACTAGAACTAAGATGGGAAGTCGGGTC"	151	93.50
"GAGTTCTGCGCGCGGTATAGGCATCGTACGCCC"	150	93.52
"GAGTTCGTCGAGGGGCTCTTGGGCGTAAGTGAG"	150	93.53
"GAGTTCGGTAGTTTGTTGTCCGGATTAGGGGTT"	150	93.55
"GAGTTCGATCGGTCCTTCTATGAGGGGCTGTGC"	150	93.56
"GAGTTCGACAGGCTGTGTGGGTGTCATCAGACC"	150	93.57
"GAGTTCCGGGGGCTGGCGTCTTGTAGCTGAACG"	150	93.59
"GAGTTCACGCCCGCCTCCCATCGGCATGAGTTT"	150	93.60
"GAGTTCTGGCCTTCGTCCAGGGTCTCGACATAT"	149	93.62
"GAGTTCGTCCGAGCGAGATGGAGGGCACGGCCG"	149	93.63
"GAGTTCGTCAGGTGAGTTAAGGCCGTTCGTTCG"	149	93.65
"GAGTTCGATGGCTTGTTTGGGACTTGGAGAGCT"	149	93.66
"GAGTTCGAGCACCCGTCAGGATTTCCTCGGACA"	149	93.67
"GAGTTCCTTCCGTGGTGGGAAACTGTTAGCTCC"	149	93.69
"GAGTTCAGGAGCGGACAGGCGGTACGCGGCGAT"	149	93.70
"GAGTTCTTTGAGAACGACAGGGTAGCAGAATCA"	148	93.72
"GAGTTCTGTCATCGAGACTCAGTTAGGCCGTAG"	148	93.73
"GAGTTCTCTAGTATGTGGTTGGCATTTAAGGGA"	148	93.74
"GAGTTCTCGGGCCCACCGGGGTGGCACCTGTGT"	148	93.76
"GAGTTCTCCAGCCGGAAATGGGTTAGTGTGTAT"	148	93.77
"GAGTTCTATTATCAGCAGCAGCGGTGGAGTGGC"	148	93.79
"GAGTTCGGCTTGTTCTACCTCGGTCATCTGGCC"	148	93.80
"GAGTTCGCCAGGAGAGTTGGTGTAAGGTGCCTT"	148	93.82
"GAGTTCGACTTGCGGTGACTTTGTCGTAAGGTA"	148	93.83
"GAGTTCTGCCGTGTTTTGTGTGGATGTGGAAGT"	147	93.84
"GAGTTCTGACTTGCCATAGGCTTTGGCCCGGCC"	147	93.86
"GAGTTCTCCTGCGAGGGAGGTCGGGTCCCATTG"	147	93.87
"GAGTTCGTCCTTCGCGCCTTTAGTCGTGCTGTC"	147	93.89
"GAGTTCGGCCGTCGGCCACGGTCTCCAGGGTAT"	147	93.90
"GAGTTCTGTCCTCGGGTGCGGTGTGGATATGTT"	146	93.91
"GAGTTCTGGTCTTATTGTCCTAGTGGTAGCTTC"	146	93.93
"GAGTTCTGACGTCCAGCATACGGTCGGTCCTCT"	146	93.94
"GAGTTCTCTCGGTATAGCTGGGCATGGCCGGGC"	146	93.96
"GAGTTCGGCTGGCTGCTGTGCCGCGTGCGAATA"	146	93.97
"GAGTTCGCTACGGGGCCCTTTCTTTACCTGTTA"	146	93.98
"GAGTTCGACAGTCTCTCCTGTGGACGCCAGCTT"	146	94.00
"GAGTTCCCTGTTGTATACTGCGTCATCCGACCC"	146	94.01
"GAGTTCTGGTGCTGAGTTAGGTCTGTTGCGGTG"	145	94.02
"GAGTTCTAACGGGCCCCACCGCAAATGCGGGGT"	145	94.04
"GAGTTCGTGGGGGATCGCACGAGGATTTTGAGT"	145	94.05
"GAGTTCAGCGGTATACGAGTATGCCTGCGCCCG"	145	94.07
"GAGTTCTGTAGGCGCTAAGAGGCAAATTCTTCA"	144	94.08
"GAGTTCTGCTGTATCTTAAGATCGATCCGAACA"	144	94.09
"GAGTTCTGATGACCGGGCTGGAGGCGTTAGGAG"	144	94.11
"GAGTTCTCTTTTTCGATATGATAAGTACGAGTC"	144	94.12
"GAGTTCTCTCGGTCGCGGGGCTGTGTCCGCACA"	144	94.14
"GAGTTCGTTGAGAACACTTGGCAGTGGCAAGCC"	144	94.15
"GAGTTCGTTCAAGATTGCTGGGAATGTGTGTTC"	144	94.16
"GAGTTCGTCCAAAAGGACTAGTGTTAAGCGTGT"	144	94.18
"GAGTTCGATCGGCAGTCCAGGGAAAGCGGAATA"	144	94.19
"GAGTTCCGTCGTGCTTCCAAGATTTCGAGACAA"	144	94.20
"GAGTTCTTCGGTTCCCCATCACTCTGGTTCTGG"	143	94.22
"GAGTTCTGTTGACAATTGGGGACGGTTCGGTGC"	143	94.23
"GAGTTCTGGGTGGCCGCCGTGGTACGCATAATC"	143	94.25
"GAGTTCTGGCTATCCTGGGGTGGTAGAAGTCCG"	143	94.26
"GAGTTCTCCCGTGAATATTCCTATGGCTCGTCC"	143	94.27
"GAGTTCTAGTGTATCTTCAGGGTCGTATCTCTC"	143	94.29
"GAGTTCTAGAGAGCGGTACCGATCATGCGCTTC"	143	94.30
"GAGTTCGTGGGTGACGCGGTACGTCGCGGTTAT"	143	94.31
"GAGTTCGTCCCACGCATGGCTTGTTTTCTTGGG"	143	94.33
"GAGTTCGATCGGCCTGGTCAGAGGGGCCCTATA"	143	94.34
"GAGTTCGACACGTGGATAGAGGCTCTGCGTAAA"	143	94.35
"GAGTTCCGGGTAACTGATTTTCTTCACATGAGA"	143	94.37
"GAGTTCAGGGTGGACGGTTTAGTTTTTGGTCCG"	143	94.38
"GAGTTCGCTTGGGTGGCCCGAGGTTCCCGGCGC"	142	94.40
"GAGTTCGACTGTTGCCCGTACGCGTTTACGATG"	142	94.41
"GAGTTCATTTCCAGAGAATGGGGGAGTGTGGCG"	142	94.42
"GAGTTCATAACATAACGGAGGCGTCGCTCCCGA"	142	94.44
"GAGTTCTTTAGGGACGATAGGAAACGTCGTTTA"	141	94.45
"GAGTTCTTCGATCAGTCTGCGGATAGTGTGTCG"	141	94.46
"GAGTTCTGTGTGTCAAGGTTGAACCTTGCGCCG"	141	94.48
"GAGTTCTGGCGTTTCCATTCACCGGTTTATTTG"	141	94.49
"GAGTTCTCTTAGCAGCAAGTGTAAGGTGAATAT"	141	94.50
"GAGTTCTCCGCGGATAGGGGAAGGCTCGTTTGC"	141	94.52
"GAGTTCGTTTGTGACCTTGTTCCGTTTATGTGT"	141	94.53
"GAGTTCGGACTCTGGTCAGTTCGTCAGTCGTCC"	141	94.54
"GAGTTCGCAGGGTTTTCTTTGTACTAATTCGAC"	141	94.56
"GAGTTCCTTTGGGGTTAGTAGGATATGCTCAGG"	141	94.57
"GAGTTCAATCGTGTTCCGGATAGGTGTTGTATC"	141	94.58
"GAGTTCTTGGCCCTAAGTGCGCTCTGCAGGAAT"	140	94.60
"GAGTTCTTGCGCCCGGTCTACCAAGGGTGCGGA"	140	94.61
"GAGTTCTTGAGAGTGTGGCGAAGCCCTCTGAGT"	140	94.62
"GAGTTCTATCATCGTCGATAGGGTGGTTTCCGG"	140	94.64
"GAGTTCGTCGAGTTTCGTCGGGATCGTCAACGC"	140	94.65
"GAGTTCGGTCTGCCGGCAGTAGGGAACGGGGCC"	140	94.66
"GAGTTCGGGGAATGGTAGTAGTGTGCTGGATAC"	140	94.68
"GAGTTCGAATCACATTTAGGGTAGGACTCACGT"	140	94.69
"GAGTTCCTGATTGCTAATATCTGGCTTTAGCGT"	140	94.70
"GAGTTCACGTCATAGGCTGGGGGCATACAACCT"	140	94.72
"GAGTTCACATGGCAGTCAAAAGGCCTTCGAACA"	140	94.73
"GAGTTCAATATGCATCATGGAGGGCCGGTGTAC"	140	94.74
"GAGTTCAAATGACGACCATAAGGTCCTCGAATG"	140	94.76
"GAGTTCTTCTGTAAACTATAGACGTCTGTCTCT"	139	94.77
"GAGTTCTGTTGTAAGCCATGAGGGATTAGGGCC"	139	94.78
"GAGTTCTGCAAGGGCTAAGTTGTACGGGTGAGA"	139	94.80
"GAGTTCGTTTATCCGCTTCGCTCGGCGTGGACG"	139	94.81
"GAGTTCGGGTATTAGTTATAGCGGCCTCGTCGC"	139	94.82
"GAGTTCATTGGTTGTACGGCGGTGCTGTCATCG"	139	94.84
"GAGTTCATGTGTAAAAGCATACGAATGCGGTGA"	139	94.85
"GAGTTCAGGTCCGATGCGTGTCTATTGGGCCTC"	139	94.86
"GAGTTCAAGATGCCTCCTGCGGGCGATGAATAC"	139	94.88
"GAGTTCAAAGGGAGTCCGTATGGTCGATCGTTC"	139	94.89
"GAGTTCTCCTCATACGTTGGGCGTCGACACATG"	138	94.90
"GAGTTCTATGGACCGCGATAATGGAATTAGACA"	138	94.92
"GAGTTCGGATACGTTGCTAGAGTCGGCCTCTCG"	138	94.93
"GAGTTCGATTGACGGTGGTTGGCGCGGCCCGTT"	138	94.94
"GAGTTCCCGGGTTGTTTCCCGGGACTTGCTCCA"	138	94.96
"GAGTTCCCCTCAGGAACGGGGTTAATCCCCGAC"	138	94.97
"GAGTTCCATAAAGCATAGTTTGGGGGCTCGCCA"	138	94.98
"GAGTTCCACTGCCCAGTGCGAGGTTGTATGGAA"	138	95.00
"GAGTTCCACGTCTGGTTAGTCCGCCAGTGTGCG"	138	95.01
"GAGTTCAGGTCGGTGCGTTGTGATTTGGAGAGA"	138	95.02
"GAGTTCTCGGTCGGTTACTATGGTTGCCAGGAC"	137	95.04
"GAGTTCTCACGGGCAAGGGGCTTCCAGCGTTTC"	137	95.05
"GAGTTCTCAAAAGTAGGGAACTGACCAGATAAC"	137	95.06
"GAGTTCTACGTATTGGTTTTCACCGATATGCAA"	137	95.07
"GAGTTCCGTTTGTCCGCCTGAGGTGTAGTGTAT"	137	95.09
"GAGTTCCGGTGGCCCGTATAGGTCTCCACTGCT"	137	95.10
"GAGTTCCGGTGATCCGCTTCGCCGCAGCTGATG"	137	95.11
"GAGTTCTGTTAGGGCCGTAGGTAGGTTTAGGCC"	136	95.13
"GAGTTCTGCCACGCACCGCCTGGTCAGCCGGCG"	136	95.14
"GAGTTCGGACGGCATAACATATCTTAGACTTCC"	136	95.15
"GAGTTCGCTCCGTCCCCGGGGTGTCGTGGACCT"	136	95.17
"GAGTTCCCATCTGTGCTGTGATTTCGGGCGGCC"	136	95.18
"GAGTTCCAGAAGTCGTGGTGGTGGCTAATATGG"	136	95.19
"GAGTTCTGGGGGCCATAGTGGTATTCCAAGACC"	135	95.21
"GAGTTCTCTCTCGTGCTGGGCCGTGGGCCTAAG"	135	95.22
"GAGTTCTCGAGCGATTGGCATTGTGCGGGTGTT"	135	95.23
"GAGTTCTCCCGATGGTTATTTAGTCCTTGGTGC"	135	95.24
"GAGTTCTAGGGTTTAGTCGGGTTCGTCTTTTCC"	135	95.26
"GAGTTCGTTCGCGGTACGTGAGGTTGACAAATG"	135	95.27
"GAGTTCGCGCCTTAGACGCGGCATGGTAATCGA"	135	95.28
"GAGTTCGCCACTTATTCGTGGGGAGGACCGATC"	135	95.30
"GAGTTCACTTCTCATGGCATGGGATGTGTCGGA"	135	95.31
"GAGTTCTTTCTCCTTCCGAGGTGTTGACATACC"	134	95.32
"GAGTTCTGTGCGTGTCAATTGTGATGACCATCA"	134	95.33
"GAGTTCTGGCCTGATATGAGGTCGCAGTGGAGG"	134	95.35
"GAGTTCTCCTGTTCGTGCCGGTGTAGCGGCCAT"	134	95.36
"GAGTTCTCCCGTTTTAGGGATGGCCGAGCGGGC"	134	95.37
"GAGTTCTACCAGCAAGGCGGGGGAGCGATATTG"	134	95.38
"GAGTTCCGTTTACCATACACTGGTTTAGCCCCG"	134	95.40
"GAGTTCACTCTTGGTGGAATTTGACATATAGCC"	134	95.41
"GAGTTCAAGAGTCCATAGGGCATTTGTACGTGC"	134	95.42
"GAGTTCTTGTGTGTACGCGGAGGAGTGGGGGCT"	133	95.44
"GAGTTCTGGTGGCTGTAGCTGTCGGTCGCCACG"	133	95.45
"GAGTTCTCTCAGGAAAACTTGTAACTCCCGGGC"	133	95.46
"GAGTTCTCGGCGTGTTCAATCTAAGTGTGGTGT"	133	95.47
"GAGTTCGGCTCAATCCGCTGGCGTCCATTACTC"	133	95.49
"GAGTTCGGCGGTCTACGTGCGTTTCCTTGACGT"	133	95.50
"GAGTTCGGCCGGTAACCGCTTTTTAAAGCAGTG"	133	95.51
"GAGTTCGCCCGGCTCGGATCTCGTCCGGCCGCG"	133	95.53
"GAGTTCCTTATTTTCGTGTTAGTGAGTCTGAGT"	133	95.54
"GAGTTCCGTTGGAAACACCGTTTCTAGTAAGCA"	133	95.55
"GAGTTCATAGGTGGACACGAATGCAGTAAGAAT"	133	95.56
"GAGTTCAGCAGTGACGGAGTGCGCGTTTTAGTA"	133	95.58
"GAGTTCTGGTGGCCTCGATGGGGATGTCGGGCT"	132	95.59
"GAGTTCTGCCGGCGGCCCTGGGTCCGGCAGTTT"	132	95.60
"GAGTTCTCAAGGCCCCTGAGTTCGCTGGATAAC"	132	95.61
"GAGTTCTACAAGGGGGGGAGGTGCTTCGGGGCG"	132	95.63
"GAGTTCGCCAGGTCGTCTTTTCCTGCGCAGTTC"	132	95.64
"GAGTTCTCGCGGCAGGGCAGAAAATTCCCACTT"	131	95.65
"GAGTTCTAAATGGATGTTCGCGGCACGGCGATT"	131	95.66
"GAGTTCGTTGTTTTGTCGGGCGGGCCGGCCACT"	131	95.68
"GAGTTCGTGTCACTCTCATTGGGTGTTTCGGAC"	131	95.69
"GAGTTCGGGACGCTTTCCCGGTCGTGTGTATTT"	131	95.70
"GAGTTCGGAAGGCTATATAGAAGGCGAGGGGTA"	131	95.71
"GAGTTCGCACAGATGAGGAAGCGAGCGTCGTCG"	131	95.73
"GAGTTCGCAATCGTCGGTCCCTACCCCAGGGTG"	131	95.74
"GAGTTCCGTCGCCTTCTCGAGTTATCGGGGTAA"	131	95.75
"GAGTTCCGATGGAAGTTTCGTGACGTATCACTT"	131	95.76
"GAGTTCTTTTTGATATACCGGTGTGGGTAAAGC"	130	95.78
"GAGTTCTTGTGTATGTACAGGTGGTTCGAGCCG"	130	95.79
"GAGTTCTGTTTTTAGACCAGGTGTTTAACGGTA"	130	95.80
"GAGTTCGTGTATTCCACTCGGGTTAGGAGGTTG"	130	95.81
"GAGTTCGTGCGTATCCGGTCATGACCGCGGTTC"	130	95.83
"GAGTTCGTCAGCTATCTGCGGGCAACTACCATG"	130	95.84
"GAGTTCGAGAGGGCGTACGCGCGAGCGAGGCAG"	130	95.85
"GAGTTCTTTTGTCGCTTCGCACTCACACCTGTC"	129	95.86
"GAGTTCTTTTCACGAGTTCGTTGTTAGGTTTCA"	129	95.88
"GAGTTCTCCGGCGAGGCTACCAGTACTACGTGT"	129	95.89
"GAGTTCGTACAAACCCGTACACAGCGGGTGTCC"	129	95.90
"GAGTTCGGTCGACTTCAATTTACAGTCAATAAT"	129	95.91
"GAGTTCGGGTGCTGGTGCTCTGAGGGTGTGGGA"	129	95.92
"GAGTTCGATCGACACGCTTGGACCCTTTGTTGT"	129	95.94
"GAGTTCGAGTGGTCAACCTCCATTCCGTTGCTA"	129	95.95
"GAGTTCGACCTGACGATTCCGGGATGACTGCAA"	129	95.96
"GAGTTCTGGGACCCGTACAGTGGTGGTGGGGGG"	128	95.97
"GAGTTCGTCGGGTCACTCTGGGTTTGATCGTGA"	128	95.99
"GAGTTCGGTTGGTCACAGTATCGACGTCGTTGC"	128	96.00
"GAGTTCGGCGATCCCTTTTGGCACGGATGGAGT"	128	96.01
"GAGTTCGCGCGGAACCATCTGGTAAGGTGGGGA"	128	96.02
"GAGTTCGAGTAATGATTTGATTATGTATCTCCG"	128	96.04
"GAGTTCCACAGGCGGATATGTCAACGGGCGCCT"	128	96.05
"GAGTTCATCTTCACTGAGGGCCCCGCATGTCTT"	128	96.06
"GAGTTCAATGATCCGGTCGCGGATTATGCGAGG"	128	96.07
"GAGTTCAACCTGTCTCGGTGGCGGTAGTCACGG"	128	96.08
"GAGTTCTGTGTAGTTCGTTTGTGTTCGATTCCG"	127	96.10
"GAGTTCTGGCCTTCCAACACGGTAAATAGGGCA"	127	96.11
"GAGTTCTCAAGGTCTTAATGCTGGTGGGCGTTT"	127	96.12
"GAGTTCGTGTCACGGCATGCTAGCGTGTCCTCG"	127	96.13
"GAGTTCGGACGTGCAAAGGGTGGAAAACGTTCC"	127	96.14
"GAGTTCGACCTCGCTCATGGACGGTGGTCGGTG"	127	96.16
"GAGTTCCTCTGGCCCATGCCCTATCGGCGTCCG"	127	96.17
"GAGTTCAGGCACTCGCCACGATCGCGTGATCTC"	127	96.18
"GAGTTCTGTGTAGATTGAACGGTTTTCCTTGCT"	126	96.19
"GAGTTCTGTCCTTGAGGGCATTCGACTCGTTTA"	126	96.21
"GAGTTCTGGGGTTGCACTCGGTAACCGCGGAAT"	126	96.22
"GAGTTCTCTTCTTCGCACCTGAGTTCTCCGTTT"	126	96.23
"GAGTTCTCTCGGTTTCTGCGTCACCTGTACGTA"	126	96.24
"GAGTTCTCCCGGGCGCCTGTAGCCCGGCGAGCA"	126	96.25
"GAGTTCGTTTTTTTTCGCCAATGCGGGTAGTAT"	126	96.27
"GAGTTCGTCATGCATACGTCTCCGTTTCAGAAG"	126	96.28
"GAGTTCGCATAACATTTAGGGGCTTACGGAGCA"	126	96.29
"GAGTTCGCAGTCCTAGTGAGAGGGCGAGTGGTG"	126	96.30
"GAGTTCGATTTTTTAGTCTGGATAGTGAGCTGT"	126	96.31
"GAGTTCGATCGGCGCCGCCGGGCGTTGTCCGCA"	126	96.33
"GAGTTCATCTGGATTTGGTGGGGTCATCTGTGG"	126	96.34
"GAGTTCAGCGACCCTCTGTGAGAATGTAGAGTT"	126	96.35
"GAGTTCACGTCGGGGTCGAATGGGCCGCCTTGT"	126	96.36
"GAGTTCTTCGTTTGGCTTTGTCCATGATGGACA"	125	96.37
"GAGTTCTGAGGTTCTCTTTGCTATCCTTGATTA"	125	96.39
"GAGTTCTCGCGGATCAGGGAGGTCCCAACGTGT"	125	96.40
"GAGTTCTCATAGCGTCCTGTAGGCCTGAGATCA"	125	96.41
"GAGTTCTCACGTGTGTAAGTTTAGTACGCGTTG"	125	96.42
"GAGTTCTAGGGAGGGATATGAGTCAGTCGGGGC"	125	96.43
"GAGTTCGCGGTGGGTACTGTCCGTTGGGTTCGG"	125	96.45
"GAGTTCGATCGTAATAACGTTGGTTTATCCTCC"	125	96.46
"GAGTTCGAGATTGATCTCGTGTGTCTCGCCGCA"	125	96.47
"GAGTTCGACGTCGCGAGAGCCCTACGGTGCGTG"	125	96.48
"GAGTTCCCTCGATGCCATCTGTCGGCGGGAGCC"	125	96.49
"GAGTTCCAGGGGGAGTCGATTATTTTGCTATGG"	125	96.51
"GAGTTCTGCCGTGTTTGGAGGGGTCGAGTGGGT"	124	96.52
"GAGTTCTCTTCGCGTAGGTGTTGCACTCGGTAT"	124	96.53
"GAGTTCTCTTCGCACCGCTCCATTCTTTGCATA"	124	96.54
"GAGTTCTCTCGATAGTCAGGACATCAGGAATAG"	124	96.55
"GAGTTCGGCGCCGTGACACCGGTCGGAGGTGCA"	124	96.56
"GAGTTCGCTTGGGGCTGAGAAGGGCGACAAGTC"	124	96.58
"GAGTTCCTCTCGACCTTTCTGGGTGACTTTACT"	124	96.59
"GAGTTCCGGGGTTAGCGCCGGCCCGGGGGGTGT"	124	96.60
"GAGTTCCGCCTTTAGATATTAGCGCGACCCACC"	124	96.61
"GAGTTCCCCCAATGATCTGGGCCACCAGTGTGA"	124	96.62
"GAGTTCACCGCAGCGTTTAAGCCACGTTCGTTT"	124	96.64
"GAGTTCAATGTCCACCCTTAATGTGCCATCGTT"	124	96.65
"GAGTTCAAGGATACGGCACGCGAGCTGAGTGAG"	124	96.66
"GAGTTCTTCTGTAACTTCTAGGACTGTTCGGTG"	123	96.67
"GAGTTCTGGTGTCAAGGTATAGGACGGAACTGC"	123	96.68
"GAGTTCTGCTCGACGTTCATGCTCCTACTGCTA"	123	96.69
"GAGTTCTATCGCAGGAAGGAAGGAAAACCACCA"	123	96.71
"GAGTTCTACAGGGAATTAGATAAGTTTGACGGG"	123	96.72
"GAGTTCGGTCGCATTTTGTGGGGGCTCGTTGGG"	123	96.73
"GAGTTCGGCGTGTCGAGGTGGTGTAGGCGGCCC"	123	96.74
"GAGTTCGCCGGTGACCTTGGTCGTTACTAACGC"	123	96.75
"GAGTTCGATAAGCATCAGGGAGGTGGCAAGGCC"	123	96.76
"GAGTTCGAGAGGAAGAAGTGAAAAAGGAGGTCG"	123	96.78
"GAGTTCCCTGTGTGCACGGGGTTTACGTTCCTG"	123	96.79
"GAGTTCCCGCGAGATTAGGGGTCGCGGACTCGC"	123	96.80
"GAGTTCCAAGGTGGACACTCCTGTGCCGTGGAA"	123	96.81
"GAGTTCAGGGGTCGCTGCAGCTGGTTTCGAGTG"	123	96.82
"GAGTTCTGTGGAACTCTTCTCCGTGCCCGTATA"	122	96.84
"GAGTTCTGGCGTTACTACTCATGGTTTGCGACG"	122	96.85
"GAGTTCTGCGGGCAATGGTGGAGTCATTAGTCA"	122	96.86
"GAGTTCTGAGATACGGTTGGTCAGCTCTATCTA"	122	96.87
"GAGTTCCTTCGGTCAAGAGGACGGGCATGATTT"	122	96.88
"GAGTTCCGATATACTAAGAGGAGGCTGGTGTGC"	122	96.89
"GAGTTCCACCCCTCTTATACCGCACCATGTGTC"	122	96.91
"GAGTTCATCGAAGGGACCTTTCCGCCTCGGATC"	122	96.92
"GAGTTCACATCAGTTTGGGTCGTTACGCTGAGA"	122	96.93
"GAGTTCTTAGAGGTGTTAGGGGAGAGTTGGCGC"	121	96.94
"GAGTTCTGGAGGAAATCAACGGCTCGTTCAAGA"	121	96.95
"GAGTTCTCTCGAACGGAAACAGTGTTGCGACCG"	121	96.96
"GAGTTCTCGCCTGGGACGGGAGGTAAGTCGACG"	121	96.97
"GAGTTCTCCCGAGCGTGTACCAGAATTGGATAC"	121	96.99
"GAGTTCGTGAGGCGGCCCCGGTGTGGACTACCA"	121	97.00
"GAGTTCGAAGGGTAGTGTGGGTATCCTTGGGTG"	121	97.01
"GAGTTCCGACTGGGGTCATGGATCGACTATTTG"	121	97.02
"GAGTTCAGGCAGCAGCGAGGGGATTGTTAGGAT"	121	97.03
"GAGTTCTTTCCTTGGTGGCGGATGCATGGGACT"	120	97.04
"GAGTTCTGTCATGCTCTCCTTTGGCGAAGGTCA"	120	97.06
"GAGTTCTCTAACGATGGTAACGTCTGGCGTCCC"	120	97.07
"GAGTTCTCGAAAGCAAGGTGGGATTGGCTGGAT"	120	97.08
"GAGTTCTAGAGGCGATTGTATGGATGTTGGCGA"	120	97.09
"GAGTTCTACGGGACTCACGCATGTCCCAAGGAG"	120	97.10
"GAGTTCGGTTTTCCTTAGGGCTCATTTGAGTGT"	120	97.11
"GAGTTCGGTCCCTGGGCGATTGCATAGGCGCTC"	120	97.12
"GAGTTCGGTAGGGCTTTGTCTCAGTCGTTGGTG"	120	97.14
"GAGTTCGGAAGGGCTAATAAGAGACAAATTGCT"	120	97.15
"GAGTTCGCCTGTTTCGGTTATTCACCTACGTCT"	120	97.16
"GAGTTCCAGCGAGGGAGCTGATCAAAGCCAAAA"	120	97.17
"GAGTTCAAGTGCGCGTAGTTAGGATGGTGTGGG"	120	97.18
"GAGTTCTTTCGTGACGGCCGGGGCCGGCGGTCA"	119	97.19
"GAGTTCTGTCGATGCGCATCAAGTCTTTTTGAA"	119	97.20
"GAGTTCTGGCGGATAAGGACGAGGGTGCGGCAA"	119	97.22
"GAGTTCTGATGCGACAAGATTAATTCTTAGTAG"	119	97.23
"GAGTTCTCTCGACTGATGGCATTTAGTTTGATC"	119	97.24
"GAGTTCTCAGGCAAGGCCTGTGTGGGTCATTGG"	119	97.25
"GAGTTCCAAGCCGGATTGTAACGTATCTGTAGA"	119	97.26
"GAGTTCATATGTTTGTCGTGACGATATATGTTC"	119	97.27
"GAGTTCTGGATTGTTTACTCCGGGCGGTGTGCG"	118	97.28
"GAGTTCTCTGGGTTGTCTAATTTAAGACCAAGG"	118	97.30
"GAGTTCTCTCATTAGCTAGCCGGGACTTCATCG"	118	97.31
"GAGTTCTCATGGCCACGGAAACATCAACTACGG"	118	97.32
"GAGTTCTCAAGGGTTGTGCGTGGAATGGAGGCA"	118	97.33
"GAGTTCGTCCGCTTCAGACTATGTTGGGTCGCG"	118	97.34
"GAGTTCGCTAATGTCGAATACTAAAGTCAAGCA"	118	97.35
"GAGTTCGCGAGGGGATGAGGATGACCGAAGTCC"	118	97.36
"GAGTTCTTGCGTGTCCCCCTCGAGGGTCAAGAC"	117	97.37
"GAGTTCTTGAGATCACTATCAGGTTGACTTCAA"	117	97.39
"GAGTTCTTCCTGTAGTCGTGATGGTGCTTACTC"	117	97.40
"GAGTTCTGAAGTTCACGCTGGGACTCGGTCGTG"	117	97.41
"GAGTTCTCCCGATAGCGGTGGTATCAGCTAATC"	117	97.42
"GAGTTCTATCGGCCGACCTAAAGTTATTCTTTG"	117	97.43
"GAGTTCGTCAGCTTGTCGCAGTACGTGACATGA"	117	97.44
"GAGTTCGACGATTTGTGTCAGAATGAGCCGTCA"	117	97.45
"GAGTTCCCTTTTCTACGGGAGTGTAGGGAATGA"	117	97.46
"GAGTTCTTTGCGTCTTCGCAGGGCTTGGATTTG"	116	97.47
"GAGTTCTGGCCGTATCCAGGTTGGCGTCGTGTA"	116	97.49
"GAGTTCTCTTGGGCGCGGGAGGGTCCATGCAGG"	116	97.50
"GAGTTCTCGCGACGATGGGTGGGTAGGAGGTCG"	116	97.51
"GAGTTCTAAATCCTGCCTGTGCGGTATTTCATA"	116	97.52
"GAGTTCGCTCAGGATTAGTGTGTTTGAACTGGT"	116	97.53
"GAGTTCCTGCGGTTACGGCCACAACGTCGTGCT"	116	97.54
"GAGTTCCTGCGCAACTCGTAGGACATTGAGCAC"	116	97.55
"GAGTTCCGTCACGTTTTTGCTCATGACGGATGC"	116	97.56
"GAGTTCCCTGGTGATGAGGGGTGTTATAGCGGG"	116	97.57
"GAGTTCCCATGCGGATTGCACGGGTCGTGATGT"	116	97.59
"GAGTTCCCAAGGGATCGTGGGCGATTACGCATA"	116	97.60
"GAGTTCAACCTGGTAGGGCATTGATGTCGTTCC"	116	97.61
"GAGTTCAACATTCAAAGAAGGCCTAATGCACGG"	116	97.62
"GAGTTCAAACTCGTATCGGTACAATCTCGCTCG"	116	97.63
"GAGTTCTTTCGGCATTCGTAGCTTGGCGCTGAA"	115	97.64
"GAGTTCTTGTAGAGGCCTGGCGTAATGTCCTTA"	115	97.65
"GAGTTCTGTCATAGTCGGGCGGGGCTACGGTCC"	115	97.66
"GAGTTCTACATCGGCTGTTAATGTGTCATGTGG"	115	97.67
"GAGTTCGGTCATGCAACATGCTTCGTGTTGCGG"	115	97.68
"GAGTTCGGCTGTGTCCTTGTGATGAGTAGGCAC"	115	97.70
"GAGTTCGCCTCTTCGTTGAATGTTGCTTCGCGG"	115	97.71
"GAGTTCGCCAGGAGTCGCGTTTTTCGGCTGACC"	115	97.72
"GAGTTCGAGGAGGGGGCGTCGCCTGTGGTATCC"	115	97.73
"GAGTTCCGGCTCTGCAGCAAACTTAGGTACTGG"	115	97.74
"GAGTTCCGCGATCGATTGTGGTGGATCACGAGA"	115	97.75
"GAGTTCCGCAGTTTAGAGACCCGGTAGAGCTGC"	115	97.76
"GAGTTCAGAGGTGAATCGGAATTTGTTGCATAT"	115	97.77
"GAGTTCACTAGGCTGCCGGGGTGGATCGGATTT"	115	97.78
"GAGTTCTGGAGGGAGTATGACGTTCGCTTGGCA"	114	97.79
"GAGTTCTGCCCTTGGCCGTGCTTTCAGCGTCGT"	114	97.81
"GAGTTCTCTGGCGTTGCGTATCTACAACGTCGC"	114	97.82
"GAGTTCTCGGTGTTCTGCTTGGCCCTTTCCCTT"	114	97.83
"GAGTTCTAAACACTGCTACGTGGTCGCTGGTCC"	114	97.84
"GAGTTCGTTGAAGGGCGTTCTTAAGACTGGTCA"	114	97.85
"GAGTTCGCGAGGGCCTTGTCACTGCTTCCAAGT"	114	97.86
"GAGTTCGATCGGGGCGCCGTCATTGCTGCCGGC"	114	97.87
"GAGTTCCAAAGGACCGATATCGGGTACCTCTCC"	114	97.88
"GAGTTCAACATGCCCGGCTTACCCTCACAGGTT"	114	97.89
"GAGTTCTTCGATCAGGTCAGGACTCGTTGGTAG"	113	97.90
"GAGTTCTTACGGTCTGTGTGGAATCAATCGAGT"	113	97.91
"GAGTTCTGTATTGAACCGTATTCATGTCTTGCG"	113	97.92
"GAGTTCTCTGCGGAGAACCTCCGGTCCTTAGAT"	113	97.94
"GAGTTCTCTCGGCAGCAGTTATACCATGCCCAG"	113	97.95
"GAGTTCTCTCGAAGAGTCGAGAGCTATGCGCCT"	113	97.96
"GAGTTCTCACCTATGACGATTTGACGAATGCTC"	113	97.97
"GAGTTCGTTCGGCGCCCGTGCGTGTGTATAGAA"	113	97.98
"GAGTTCGGGTCCCCGTCTGAAACATATGTGTCG"	113	97.99
"GAGTTCGAATCCTAGCGTTCTGACTATGGGATC"	113	98.00
"GAGTTCCTTAGGATGGCTAGGGGATTGGTGCGA"	113	98.01
"GAGTTCCGGAGGCGAAGTAGGATAAACGGATCG"	113	98.02
"GAGTTCCCCAGCGTGACTTCATGGGGTGACCTT"	113	98.03
"GAGTTCCATCGTCTGGTGTCGCAGAGTTTGCGC"	113	98.04
"GAGTTCATCGGAGATAAAGGTGGATGTTTGGGC"	113	98.05
"GAGTTCAACCGACAGATGTGGGCGGTTGCACGC"	113	98.06
"GAGTTCTTTTGTGAACGGTCGCCGCCCTCGCGG"	112	98.08
"GAGTTCTTTAGGACTTGGCGTCTAGTGTGCGCT"	112	98.09
"GAGTTCTGCTGGTTCGATTATGAGTGGTGGTGC"	112	98.10
"GAGTTCTAGTGGCACTCCCCTGCGGTTAGGTAT"	112	98.11
"GAGTTCTACTGTGTTTCGTATTGACTCTAGTGG"	112	98.12
"GAGTTCTAACGTCGCCGCCAGTGTGGTCCGGGA"	112	98.13
"GAGTTCGTTAGGGGCCTCTCGGTAAGTGGACAC"	112	98.14
"GAGTTCGGGTCACCGTCCGGTCTTCGGAGGGTA"	112	98.15
"GAGTTCGCCCGGGCGTCCATAAGTTGGGTGTGT"	112	98.16
"GAGTTCGATCAGAGTAGATAGCGGGTTCGGCGT"	112	98.17
"GAGTTCCGCTTAAGTAGGATACGGCCACCTTCT"	112	98.18
"GAGTTCCCGTTGTTGCTTCATGGTCTCGCGCGC"	112	98.19
"GAGTTCTTGGGTTTAACAGAGTGCGGCGACGGG"	111	98.20
"GAGTTCTTGCGGGTGCCTGGGTGAGGCCTGCGG"	111	98.21
"GAGTTCTTGCGGACGCGCTCGCGACGTCACCGG"	111	98.23
"GAGTTCTGGACGCGGCGTTCATCGGGCGGGCGT"	111	98.24
"GAGTTCTGAGGACATTGGTGTGATTGTCTATTA"	111	98.25
"GAGTTCTCTCGTCTATTCCAGCCATATCTCAGA"	111	98.26
"GAGTTCTCGCGTTCCTGTCACAGCGTGTTGCGC"	111	98.27
"GAGTTCTATCGGCCCAAGGGGCGCAGTAAAGTG"	111	98.28
"GAGTTCTAGGGGCGTGTGACGAGAGGGCTATTT"	111	98.29
"GAGTTCGGTTAGGTTGTCTGGGATCTATAGTGA"	111	98.30
"GAGTTCGCATGGCCTTCTATGGACACTTTATGG"	111	98.31
"GAGTTCGCAGACAGACGTTCCTGTTTGAAATCT"	111	98.32
"GAGTTCCACTCGTCCTCTGCGATTCTTGGCCTC"	111	98.33
"GAGTTCACGAGAGTTACCTCATGAACTTTGGTG"	111	98.34
"GAGTTCACCTCATAATGTGATCGTGCCTGGACG"	111	98.35
"GAGTTCTCGGAGCTGTATAGAGGATGGAGCTCG"	110	98.36
"GAGTTCTCGCTTGTAGTCTGTCCTCGCTTGTTT"	110	98.37
"GAGTTCTACAGTGCGTGTTTTGACCGTCGCTTT"	110	98.38
"GAGTTCGTGGGCACACGGTGCGGATGTCGGCCC"	110	98.39
"GAGTTCGGTTGTTGGGGTTGCGTGAGTCGGGCA"	110	98.40
"GAGTTCGGGGTTAGTCTTTCCGAGTCGGGCGTA"	110	98.42
"GAGTTCGAAGCCTGCTCGTCTGCTGCGAACCTG"	110	98.43
"GAGTTCGAACGTCCCGGATCGGCTCTAAGACGA"	110	98.44
"GAGTTCCTAAGCGATTCCTTCCATCGGGGTCGG"	110	98.45
"GAGTTCCACTGGTAGGTGGAACATATTAGGCCG"	110	98.46
"GAGTTCCACCGCAAGTACTTCGTGTGCCGTTCC"	110	98.47
"GAGTTCAGCGGGTTTCCGGTGTTTTGGCTGGGG"	110	98.48
"GAGTTCACGCAGTTGGCTTATGGTTCGTTAGTT"	110	98.49
"GAGTTCAACGACGGACGGCGTAATAGTATGCGT"	110	98.50
"GAGTTCTTGTGGAAGTTATCTCGGTGCGGTTCC"	109	98.51
"GAGTTCTTGTGATCGCGCGGATGGGTGTGTTTT"	109	98.52
"GAGTTCTGGCTGCGCGAATGGCCATCTGCTGCG"	109	98.53
"GAGTTCTGCGGGGGGCGCAAAGGAGGTTCCCGG"	109	98.54
"GAGTTCTGCCGTATTCCGGGTATCGGCATTAAC"	109	98.55
"GAGTTCTGCCGGGAATTTGGGGGACGCCTGAGT"	109	98.56
"GAGTTCTGAGTAGAGGGGTGGTTTCGCGCTATC"	109	98.57
"GAGTTCTCGGGTAGCATGGGGTGTCTTGTGTTT"	109	98.58
"GAGTTCTATCGGTTTGGTCGGTGTCGGACGTGA"	109	98.59
"GAGTTCTATAGCGCGGGGCTAAGGCTTTTTTGG"	109	98.60
"GAGTTCTACCTGCGAGGGCGGTTGCCTAAAGCG"	109	98.61
"GAGTTCGTCTAAACAGTTTCTTTACTATCGTCT"	109	98.62
"GAGTTCGCTGTGAATAGGGCCGACTGCGTTAAG"	109	98.63
"GAGTTCGCCTACGCACTGTGCGGTTCGAGGAGG"	109	98.65
"GAGTTCGCCCTGGATCGATAGTATAGTTGCTAA"	109	98.66
"GAGTTCGAGGGTCTGCAGACCAGAGTCGTATCG"	109	98.67
"GAGTTCGAGCGATCAGGAGGCTACTGGAATTGA"	109	98.68
"GAGTTCCGGACTCCGTTCGGGGGACGGTAGCCT"	109	98.69
"GAGTTCCCGCCTAATCGGGGAAGGCGGATCGCT"	109	98.70
"GAGTTCACTGCGTCTTACCCGCGCGTTCCAGTG"	109	98.71
"GAGTTCTTGGGTCCTCAGTCCTAAGGTCAGTGT"	108	98.72
"GAGTTCTTGCGGCTTTGCAGGTGCGTACTTTGA"	108	98.73
"GAGTTCTTATTTTTCCGTTCCTCGCGTGTCTGG"	108	98.74
"GAGTTCTGGGGCTTCCGGTGATATCTTAGTATT"	108	98.75
"GAGTTCTGCACGAATCCCTCATTGCTCGGTAGG"	108	98.76
"GAGTTCTCGGATGTAGACGGATGCTACACTTGT"	108	98.77
"GAGTTCTCGGAGGAGGGTTAGGTGCGGTCCATT"	108	98.78
"GAGTTCTACGGGAGCTGTCCAGAGTCATCGTGC"	108	98.79
"GAGTTCGTGATCTACGCCTGCGCACGCCCAAGT"	108	98.80
"GAGTTCGCTAGGAAACAGTTCTTGATCACTCCT"	108	98.81
"GAGTTCGATGGTAATTCTTCAGGTGCAGGCCGT"	108	98.82
"GAGTTCGAGCATAATCGATCCTGGTCAGGGGCC"	108	98.83
"GAGTTCGACAGGGAGTCCTGGTTGGTTTCGGGA"	108	98.84
"GAGTTCCTCCGGTAGTAATGGGAACTGTACCCA"	108	98.85
"GAGTTCCGGGTAGCTCTGGTGTCGCCTCCAGGC"	108	98.86
"GAGTTCATCGTCGCGATGTTACGGAGTTCGTGC"	108	98.87
"GAGTTCAGTGGTCCGCATGGTTTAGAGGGGTCC"	108	98.88
"GAGTTCACTTGGCACGCCAGACGTCATGGGAGC"	108	98.89
"GAGTTCACCACTATATACATTTGCGAAGGAGTG"	108	98.90
"GAGTTCTCTCCGGCGGTAAGTCTCCGAGCGTCC"	107	98.91
"GAGTTCTCCCTGCGGGCCCCGTAATCGGTTGGG"	107	98.92
"GAGTTCTATTCGCGTACGTTGTTTATTAGGGGC"	107	98.93
"GAGTTCTACCGTTGGTGTTCATGTCCTAGGGTG"	107	98.94
"GAGTTCGTTGAGGAAGCCTGGTGGATGCGAGTA"	107	98.95
"GAGTTCGGTACTATCGTATAGGATAGTGCGTTG"	107	98.97
"GAGTTCGATCGCCCATACAGTCTGGGAAGTCAA"	107	98.98
"GAGTTCCTACCTGCTTCTTGCTCAGGGAGGTTC"	107	98.99
"GAGTTCCATCTGTCTTTCCCAGAACCGGCGAGG"	107	99.00
"GAGTTCCATCGTTAGTTTGCGGGTGGTTAGTTT"	107	99.01
"GAGTTCACTCGTGGCTGACCATAACGGGTCTGC"	107	99.02
"GAGTTCTTTTGTAGATGGTTACACAGAAGGTTC"	106	99.03
"GAGTTCTTTCGACCGCGTATGTTATGTGAGCTC"	106	99.04
"GAGTTCTTGTATCCGGGTAGGCAACATCTGGGC"	106	99.05
"GAGTTCTGTGTAATGTGCTGAGCGAGACCCTGA"	106	99.06
"GAGTTCTGCGGCTCACACTGCGATCTAGCTACT"	106	99.07
"GAGTTCTCAAAGTCACGAGGGCGTCTGCCTCGA"	106	99.08
"GAGTTCGTGCGACCGAAGGCGCCTAGATCGTTA"	106	99.09
"GAGTTCGTGAGGCCAGGTCTCTTTCGAACGGGA"	106	99.10
"GAGTTCGGGGACATATACGGGTGACTGTTGGCC"	106	99.11
"GAGTTCGGGCAGCATGTTGGGGAGTGTTCGCAA"	106	99.12
"GAGTTCGGCCGGGGAAATTCGTCGGCTATTTGC"	106	99.13
"GAGTTCCTTTGGTATGACGGGAGGTTATGGGAG"	106	99.14
"GAGTTCCCCTTCGTCATACCCTAATGACGGTAG"	106	99.15
"GAGTTCAGTCTCGATTTTTCAAGTGGGCGGTTT"	106	99.16
"GAGTTCACGAGACCTTACCTGTGGAATGATTTT"	106	99.17
"GAGTTCACGACGCTCACGTAGGGTGCGGGGAAA"	106	99.18
"GAGTTCTCGTGCTGTGCCCGGCGTCCTGATTAT"	105	99.19
"GAGTTCGGATACGGACCCCCGTGGTGTTGTCGT"	105	99.20
"GAGTTCCTGGGATAGTCGATCAACTATGGCCGT"	105	99.21
"GAGTTCCGTCGGGGGGCCTAGCGAAGTGAGAGA"	105	99.22
"GAGTTCAGTGATCCGTCCGGGTATCGACGATTC"	105	99.23
"GAGTTCAGCGGCGCTGCGTAGTACACTCGCCGG"	105	99.24
"GAGTTCAATCGGTTATGTGGCGCAATTATTTAG"	105	99.25
"GAGTTCTGTGGGACTCGATCACTAGAGTAGTCA"	104	99.26
"GAGTTCTGGTGCATATGCGTCCCTGACGTTCTA"	104	99.27
"GAGTTCTGGAGTGGGGATTGTTGTAATCGGTCT"	104	99.28
"GAGTTCTACCTCAGGCCCTGGGCGCGGTTGGTA"	104	99.29
"GAGTTCTAATGTGGGTCATGTCTGGGCATGGTG"	104	99.30
"GAGTTCGTTCATCCAGAGTGATCTTCATCGTTT"	104	99.31
"GAGTTCGTGATTCATCATGGAGGGTTCTGATTG"	104	99.32
"GAGTTCGGTGACAACTATTGGTTGGAGAGGGCC"	104	99.33
"GAGTTCGCCTGCCAAGAGTAGTGGGGTTCGTAC"	104	99.34
"GAGTTCGACCGGTCGTGGTGGGACGGCCTCGCG"	104	99.35
"GAGTTCCTTTGTTCACGGAACTCATTGGCAATC"	104	99.36
"GAGTTCCCGTCGGTGGTACTGGTATCGTCAGTC"	104	99.37
"GAGTTCCCGTACGCCCTTGGGTCTATTTACATT"	104	99.38
"GAGTTCCAGTAAGTACTGTGGTATCGGGCGAAA"	104	99.39
"GAGTTCAAGACGTCCATGCGCGGTCGATTTTCG"	104	99.40
"GAGTTCTTGACGCTTCTACCGTTTAGCCTCGCG"	103	99.41
"GAGTTCTTCGATTCAATAGGAAGCGGTGGGCAG"	103	99.42
"GAGTTCTCCCAGACCGGATGCATCTCCAGTGGC"	103	99.43
"GAGTTCTATTGGACCGGGTCTTAAATTTGCCAT"	103	99.44
"GAGTTCTACGGACCCGTACACTGGTAGTATGGA"	103	99.45
"GAGTTCTACCTTTCGGTCCGGGTCGTGCGCGTG"	103	99.46
"GAGTTCTAACGGCATCGGATTTGCTATATGCGA"	103	99.47
"GAGTTCGTGGTGTGGTCACGACCCGAAGGCATC"	103	99.48
"GAGTTCGTCTTCCATGAGTGAGTATCAATCTCT"	103	99.49
"GAGTTCGGGTCGTGTTCCGGGTCAGGCCGTCAA"	103	99.50
"GAGTTCGGCCCAATACTGGCCTGTCTTTAGGTC"	103	99.51
"GAGTTCGCGGGGTGGCCTAAGCCATCGTTGACC"	103	99.52
"GAGTTCGAGTTCAAGGTCTCGGTTCGGTGGGGG"	103	99.53
"GAGTTCGAGCGTGATCCATGGGGAAGTTCGCGG"	103	99.54
"GAGTTCCTAAGTCGAATCCCGAGTCGTCTGCTA"	103	99.55
"GAGTTCCTAAGATGGTTCCTAATCTACTTTTAT"	103	99.56
"GAGTTCCGTCAGGTCTCGTATGGTTCAGGGTAG"	103	99.56
"GAGTTCATGTAGTTGATATGGTTTTATTGTTTA"	103	99.57
"GAGTTCAGTTGTCGATATAGGCAGTCCCTAGTC"	103	99.58
"GAGTTCAGGATTGTGTCCACGGACCGCTGGTGA"	103	99.59
"GAGTTCTTTCGGACTGTGACCATAGGACGCTTC"	102	99.60
"GAGTTCTTCCGTGGAGTAGAATTGCGGGGCAGA"	102	99.61
"GAGTTCTTCCCATTGGCGGGGGCGGATGAAGAC"	102	99.62
"GAGTTCTTAAGATTCGATCGATGATTCAGGGGC"	102	99.63
"GAGTTCTGGCATGCGGGGCTTTGTTATTTGTAA"	102	99.64
"GAGTTCTGCTCCCGTGATACTTGCTTTTAGGTC"	102	99.65
"GAGTTCTCGTGATAATCGTAGGGTGCTAACGGT"	102	99.66
"GAGTTCTATGTGGACACTTCCATAGCGTCAACC"	102	99.67
"GAGTTCGGTCGGAAACAGGGATATCGTTCCTAG"	102	99.68
"GAGTTCGGGCAGTTCACGGGATAGTGTCATGTG"	102	99.69
"GAGTTCGGCGGGAAGTGAGGATGTACCACTGAT"	102	99.70
"GAGTTCGGCCCCGTTGCCCTGGTGTTATCGCAA"	102	99.71
"GAGTTCCGGATCGATTTGGTTTGTCTGTTTGTA"	102	99.72
"GAGTTCCGAGCTACGGCCGTCGGTCAAAGCACT"	102	99.73
"GAGTTCAGGAGGCCTATAAGAGTACTGTTGGGT"	102	99.74
"GAGTTCACGAGTCCTATGTACCTGCATCTGTCT"	102	99.75
"GAGTTCTTTCGGCCCTGGCTCGGTTGCGCACGT"	101	99.76
"GAGTTCTTGGCGTGGCTTCGTACAGGACGTGGA"	101	99.77
"GAGTTCTTGCTGTTTCAAGGTAGTCGTCCGTGT"	101	99.78
"GAGTTCTTATCCGGGACGTAGCGTTGGATATTA"	101	99.79
"GAGTTCTCTCCAGGCCCGTGACGACCTGGGTGC"	101	99.80
"GAGTTCTCACCGGATAGTACCCTGATCCGGTCG"	101	99.81
"GAGTTCGTTGTGCACAGGTGACGGCATGGGGAG"	101	99.82
"GAGTTCGCCCGGCTCGCTCAGTGAGGAGTCGAA"	101	99.83
"GAGTTCGCCATGCCTCCGTGTCGATCACGGTCT"	101	99.84
"GAGTTCGCCAGGGCTCGCTCAGCGTGTCTCCTT"	101	99.85
"GAGTTCGAGTGACTGTAGGGGGGAGCGCCGTAA"	101	99.86
"GAGTTCCTAGGTCTCTTATGGGAGCTGAAGAGT"	101	99.87
"GAGTTCAGTCAGGGGGCCCGGTGGGAATTAGGT"	101	99.88
"GAGTTCAATTGTTCACAGAGAGGTATTTTGAAC"	101	99.89
"GAGTTCTTAGGTGCAGTGTTGTTTTGCGTTGCC"	100	99.89
"GAGTTCTGCCGTGAGCAGGCGGACCCCTGGGGC"	100	99.90
"GAGTTCTGAGGTTAGCTATAAGTCGGTCTTTAA"	100	99.91
"GAGTTCTCGGTTACTCGGATACAGGATTTGGGC"	100	99.92
"GAGTTCTATGGATACGTATAAAGTACCCCATCA"	100	99.93
"GAGTTCGTGCCCTGGGATTTCGCTGCAGAAGGG"	100	99.94
"GAGTTCGTCCGTCTTTCCGAGGGTGGTCAAACC"	100	99.95
"GAGTTCGGGAATCGCAGCGGTGAAGGTACGACG"	100	99.96
"GAGTTCGCAAGTGCCCGATACCCCGGTGAACCG"	100	99.97
"GAGTTCCTGTAGGGATCGCGTCAAATATGGTAG"	100	99.98
"GAGTTCCTAAGCACTGAGTTTGCCCGCCCGGGG"	100	99.99
"GAGTTCAGGTCAGCCGCCATAGGAACAGAACGG"	100	100.00
