8bp_i512_S68_L002_R1_001-Barcode	8bp_i512_S68_L002_R1_001-Count	8bp_i512_S68_L002_R1_001-SaturationPerc
"GAGTTCCTGTTTCGACCTGCGACTCCAGTGTTT"	1670	0.21
"GAGTTCTTATGATGTGCTGGCACATGATGACCT"	1372	0.37
"GAGTTCGGACCTGCATCGCCCTGGGTGGCTGTA"	1313	0.54
"GAGTTCATGGCCCACGTGGGGTCACATGACCAG"	1224	0.69
"GAGTTCGATCTTGTACTCTGATGCTACAGTTTG"	1113	0.82
"GAGTTCCTTCGTGAATGCCGGGCGGGCCTGGAT"	1103	0.96
"GAGTTCTTCGGGTGTTCTTCATGGCTTTTTCTC"	1070	1.09
"GAGTTCGTATGCTCCTGCTAGGGATTTTAGGTA"	1016	1.22
"GAGTTCTATGGTCCTCTCTGGGACTGACGGATC"	1001	1.34
"GAGTTCAGGACTTGACGCATCTCTGGTGCGTTG"	986	1.46
"GAGTTCGGCAGGTACTCCGGCTGAGGATGGGGA"	980	1.58
"GAGTTCCTTTCCGGACCCGGGCGGGCGTGGTAG"	980	1.70
"GAGTTCTTTGAGAACGACAGGGTAGCAGAATCA"	970	1.82
"GAGTTCGCTCGGCCGGGAAAAGAAAGTGTAAAT"	967	1.94
"GAGTTCTGTCATATGAAGCTAGTAAGGTCGTGA"	956	2.06
"GAGTTCCACGGTGAGCCTTTTTAATCTTTTGAT"	926	2.17
"GAGTTCCCTAGGTCCCCGAGTTTTTGTAGGCCA"	922	2.29
"GAGTTCTCTCACAGGCGCAAGTGTCACATAGAG"	921	2.40
"GAGTTCTGGTGTCGTTGGAATCGTCTGTAAAAT"	916	2.51
"GAGTTCTGGCTACGACTTGGTTCTTCCAATGCC"	913	2.62
"GAGTTCTAACGGCCTCCTGAGGGGATTCGATAT"	912	2.74
"GAGTTCTCCCGTACGTCTTAAGCCAGTGATGTC"	911	2.85
"GAGTTCTGGCGTTTGGAGCGGTGTACCCAATCG"	903	2.96
"GAGTTCTCTGGTCGTGCTGTCTTGTGTTGCATG"	903	3.07
"GAGTTCGTCAGTCAAGGCGTGCGCCGGTTAGTA"	903	3.18
"GAGTTCGGGAGGTGGCGGTACGGTGGTTAGGGG"	892	3.29
"GAGTTCTGTCATGCTCTCCTTTGGCGAAGGTCA"	887	3.40
"GAGTTCGGACGGGAGAGTTTATGTAGGTCGTGC"	883	3.51
"GAGTTCCATGTCCCTCGGAGCGTTCTTTGGTGG"	875	3.62
"GAGTTCTGGGAGCTTTATTGGTGTTTCGAGAGA"	874	3.73
"GAGTTCGTCCGGTCTCGTGGCAATTGGAGATGG"	873	3.83
"GAGTTCTTGTGTTACTACTGCTCAAGGGGTCGA"	857	3.94
"GAGTTCGCGGTGCATGCCTTGCGTGGGCATGAA"	856	4.04
"GAGTTCTGTCGGCCCGTTCGGTTCGGTGTCCCG"	854	4.15
"GAGTTCATGTCATTTTGCAGCCGTTGCCGGAAT"	844	4.25
"GAGTTCGGGCGAATGTTAGGTGATTTTTGAACC"	832	4.35
"GAGTTCCAGTGGCATCCTTGCTTCGGTAAGACG"	832	4.46
"GAGTTCGCGCAGAACGTTATGGAGGAGGGGTCT"	827	4.56
"GAGTTCTGTCTGGATTCCCGGGGTGAGTCAGGT"	825	4.66
"GAGTTCTGCCGGGAGTCTTTGAACGGATAAGGA"	824	4.76
"GAGTTCGCCCCGGCTCGGTATTCTGGTATGTAA"	819	4.86
"GAGTTCCCCGGTTAAACCGGTTAAAGAACGGAA"	809	4.96
"GAGTTCTAAGTCATCATGGCTACTGTTCCCTAC"	807	5.06
"GAGTTCTACGGGTAATCATGGTACCGGCGGGAC"	802	5.16
"GAGTTCGGCGTGTGGTGTTACTTGCGGTGTGGG"	802	5.26
"GAGTTCTGGCGTGCGTCTGGGGCCCTAAAACCG"	799	5.36
"GAGTTCTACATCGGCTATTGAAGATAGAGTACC"	787	5.45
"GAGTTCGGCTGGCATGGGGTAGTTGCGCCTGCA"	786	5.55
"GAGTTCTCGCCGGGTCTCTAACGTCCCGTGCGA"	784	5.65
"GAGTTCGCGAGTGAAGGTGAGTTTCAAGGAGCC"	784	5.74
"GAGTTCATGGGCCTCTTCCCGGGTGGTCCGCGG"	783	5.84
"GAGTTCTACAGTGCGTGTTTTGACCGTCGCTTT"	782	5.94
"GAGTTCAATTTTGCGAATGGGTATTTGTGGAAC"	778	6.03
"GAGTTCTGACAATCATTCCGGTGTTAGTCGTCC"	772	6.13
"GAGTTCGTGGGGCACCGTAGCGGTGGTGCGTTC"	762	6.22
"GAGTTCGCGCGGTCGGATGGGCGTGGCATCCGT"	758	6.31
"GAGTTCTAACGGCGGAGGTGGTGGCTGTGATGG"	738	6.41
"GAGTTCGGGCCGCCTCATGTGTATCTAGTGCCC"	732	6.50
"GAGTTCGAGTCGACCTACTTGGGTGTTTGGATT"	732	6.59
"GAGTTCGGATGGCCTTAGCGGGGAAGTGTTCGA"	727	6.68
"GAGTTCTGGGCCCGGCTTTGCGGATCAATGCAA"	721	6.76
"GAGTTCTTTACCCTCAGAGGCGAGTGGTTGGTG"	718	6.85
"GAGTTCTGTTCGGGGCCATCGGATCAGGTACCT"	717	6.94
"GAGTTCTCGTGGTAAAGTGCGGGACGAACGACC"	711	7.03
"GAGTTCGATCGGACGGGAGGCGGTGGGGGGTCC"	711	7.12
"GAGTTCAGCTGACTCCTGGGATCTGTAGCTGAC"	707	7.20
"GAGTTCGATCGGGCCTTTGAGGCGTACCCCTCC"	679	7.29
"GAGTTCTGACGCAAAAGGCGATCGAATCGTCTT"	678	7.37
"GAGTTCTGTCTGCTTTCGGCCAAGTTCGTCGTC"	667	7.45
"GAGTTCCCTCGTGCGTCGTGGGGCGCGCGGGCT"	661	7.53
"GAGTTCTCGGAGGAGGAGAGGGGGTATTGATCG"	630	7.61
"GAGTTCACTCGCATCAGTATGCCAATCTCTCTT"	623	7.69
"GAGTTCCGTCGCGGGTTGTAAGGAGTTCGGACC"	619	7.76
"GAGTTCGTCCGACACCGGTGTTATGGTCTCTCG"	602	7.84
"GAGTTCGAGCCCTACCTTGGTTCGAGTGTCCCT"	590	7.91
"GAGTTCGAGGAAGTATCCACTGAGCCTTAGTCG"	589	7.98
"GAGTTCTGTCGCTCTGGGTACTACCCGCTAATA"	580	8.05
"GAGTTCTACTCATGGCGTCCTGTCTGTGTCTCT"	575	8.13
"GAGTTCGACATGCAGTCCTGTTTCTTTGTATCG"	573	8.20
"GAGTTCCTGACGGATTCGTCACTTTCGTCAACG"	573	8.27
"GAGTTCCGCATTCGGATGTCCAATCTATGTACG"	568	8.34
"GAGTTCAAAAGGTCATCGGCTTAACGGTGTTCA"	567	8.41
"GAGTTCTCGCATCGGTATTACCGTTACTTGTAT"	556	8.47
"GAGTTCGTCTTGTGGTCTGCACGCGTTCCCCGT"	555	8.54
"GAGTTCGAGAGGTAACTCTAATATCTCACGTGG"	554	8.61
"GAGTTCGGAAAAGAGCGAGACGCTTAGAAACCA"	552	8.68
"GAGTTCACACAGTCACGTTTCATCTTGTGTGTT"	552	8.75
"GAGTTCTTTACGCATTGATGCTTAACTGGGCTC"	551	8.81
"GAGTTCTAGTGTCAGTCTGGAATGGAATCTGCG"	551	8.88
"GAGTTCGACGAATACCCTCGATGTTATATGTTG"	551	8.95
"GAGTTCTTGACGGCATATGGGGAAATAAGGACA"	548	9.02
"GAGTTCCCCAGGCACGATGGGCGACGTCAATGA"	545	9.08
"GAGTTCCTGGATTAACATCGATTTCAATGGGTA"	544	9.15
"GAGTTCTCCGACCCCTGGCACGCTGGCCCTTTT"	543	9.22
"GAGTTCGTTTTACCCCCTCATCCTACGGGTGCC"	543	9.29
"GAGTTCGTCTACGTCTCTTAAGACAGTTAACGG"	543	9.35
"GAGTTCTCAGCGCAGCTGTTTTATCGCGGCTTT"	542	9.42
"GAGTTCCCGTGTATCGTCTACCATGCTGGGTTA"	542	9.49
"GAGTTCCAGAGTAACAGGTTAGTCTGTTTGTCT"	541	9.55
"GAGTTCGCGAATTAGCATTCGAACTCTTTAATG"	540	9.62
"GAGTTCTTTAATTCAACGGGAGACCCTTCCCGA"	539	9.69
"GAGTTCCTCGGTTCCTCCTCATCTTCACTGTAG"	539	9.75
"GAGTTCATGGCTTATTTCCGATCACTGTCTTGG"	538	9.82
"GAGTTCTGCGAGAGCATTGAGTGGTGTATAACA"	537	9.88
"GAGTTCAGATGCATTGACTAAGGTCTCGGTGCT"	537	9.95
"GAGTTCAAGAACGAGGTGCCTTGTTCGCCTCCG"	537	10.02
"GAGTTCCGCAAATGATTTCGAGTGTTGTATGGA"	536	10.08
"GAGTTCCAGTGGTGACTGGTTGGCATCGACATT"	536	10.15
"GAGTTCTACCAAGCTGGATAGCGGCAATAATAT"	535	10.21
"GAGTTCGGTCGTCGTGGCGAAACGTTGGCGATG"	535	10.28
"GAGTTCCGGTGTCCGGTCTTGTGATACTCCTGG"	535	10.35
"GAGTTCGAAGGCGGTAACACCTGTCTCACCAAG"	534	10.41
"GAGTTCGTCGGAGGGTTTGTGAGCCATCTAGTA"	532	10.48
"GAGTTCTGTCTATAACCGTCAGTGCGTTATCTG"	530	10.54
"GAGTTCTGGGTCAACCCCCGACATCGACGTGTT"	530	10.61
"GAGTTCAAACTTTTGACATGGTCATCTCGGGTA"	530	10.67
"GAGTTCTGCCTTGCTCCACATGGCTCTGTAGGT"	529	10.74
"GAGTTCCGTAGTCAATCGGGGTGTGTCAGATCA"	529	10.80
"GAGTTCCATTTCCTCACGAGGCGTGGTTAGAGT"	529	10.87
"GAGTTCTATCGCTGTCCCTATTGAATTTCTGGG"	528	10.93
"GAGTTCACCCGATAGGTCTCCGGGCTGACATAG"	528	11.00
"GAGTTCTCACTGCGTTTGTGGGGAAGTTTTAGT"	527	11.06
"GAGTTCATCTTACCATACTCGAGAAACTGGCAA"	527	11.13
"GAGTTCACGAGGAATGGAAAAGAATATTAATGG"	527	11.19
"GAGTTCTGCAAGCCGTAGAGCTTTGTGGCGGAA"	526	11.26
"GAGTTCGATCAAGTTTGTGGGAGTTCCCCATTG"	525	11.32
"GAGTTCAGCGAGTTGCATGCCGTACATGTTCTA"	524	11.39
"GAGTTCTTGGGGGAGTACTGAAATTCTCTATTT"	523	11.45
"GAGTTCTCCAGCTTGGTGCGTGTTTCAACTTAG"	523	11.51
"GAGTTCGACCGGTTATATCTTCGAGGGCGATTT"	523	11.58
"GAGTTCTTGAGATCATCGCTCTGTTAGTCCTAG"	522	11.64
"GAGTTCTATCGCCGATCGTCCCGTTGAACGTCT"	522	11.71
"GAGTTCAGTCTGATCGTAGAAGCACAAAGGTCG"	522	11.77
"GAGTTCTGCGAGCATCGCTGGTGGTCGGGACCT"	521	11.84
"GAGTTCTTTCGCGTGTCAGAGGAACTTCATAGA"	520	11.90
"GAGTTCTTTCAGGACGTAAAAGTGCTATTGCGG"	520	11.96
"GAGTTCTCCCAATCGTCTCTAGGTGTTTGGCAG"	520	12.03
"GAGTTCGAACTTCCGTAAAGTCAAGGATATGTT"	520	12.09
"GAGTTCCTTCCTTCTGGTGACAAGGGTTTTACT"	520	12.16
"GAGTTCGACTTGCCCCCCAGGGGATGAGGAAGA"	519	12.22
"GAGTTCCTATGCTATCGCCAATCTTCGTGGTGA"	519	12.28
"GAGTTCCGTGTCGTTTGACCGGCAGCTGATGTT"	518	12.35
"GAGTTCCCCTGCTGTTACCGTGGGCTTTTGAAT"	518	12.41
"GAGTTCTTTCCTATATCAGGACGATTATAGTCA"	517	12.48
"GAGTTCTGGAGTGGGGATTGTTGTAATCGGTCT"	517	12.54
"GAGTTCTACTGTGTATTCTTATATCGTTGCGTT"	517	12.60
"GAGTTCATATGCGATGTGAGCGTAATTCGGTCA"	517	12.67
"GAGTTCTCCGGGGCTCGGAGTGGTTAGTGGTTA"	516	12.73
"GAGTTCGCGTGGGATGCGGTTAGTTGCGTAGAT"	516	12.79
"GAGTTCGAGCGTAAGCACTGTCCGCCCCCGCGT"	516	12.86
"GAGTTCTCCCGCCGAAAGTGAGATTGCTAAAAC"	515	12.92
"GAGTTCTGGTCAATTGTATGGGGTATATCGTGG"	514	12.98
"GAGTTCTAGTTCGACTGCTGAGGTTCCTCATGG"	514	13.05
"GAGTTCTCTCTTCCCACCTCGCGGGCTGTGAGA"	513	13.11
"GAGTTCTCGCACTCACGCGGGTTTGCGTTATCA"	513	13.17
"GAGTTCGTCATGAGGTCGTCAGTTGATGTGCTG"	513	13.24
"GAGTTCTTCATTCGCTTCTGCTATCTCAACCTT"	512	13.30
"GAGTTCTGTAGGCCGGTCAAGCGCATTACAGTA"	512	13.36
"GAGTTCTAACGGTACTTCGTGTCGTGGTTCTCT"	512	13.43
"GAGTTCGTACGGCTCTTCGGGTAGTACTCGGAC"	512	13.49
"GAGTTCCCTGGTGTTTTTTGGTGTGTGCGTTCA"	512	13.55
"GAGTTCACCCGTTACTTTCCTTCAGGGACAGAG"	512	13.61
"GAGTTCGTACAGCTTCTTGAGTGTCCTTACGAT"	511	13.68
"GAGTTCTGGCCTCGGCGTTCAACGATCCGATAT"	510	13.74
"GAGTTCGGATGCGCTCGGTGCTCATCGTCGAGG"	510	13.80
"GAGTTCGATCTGGTCACGGCGAGACAAAATGTA"	510	13.87
"GAGTTCCGTTGTGTGTGCTAGGATCAGACGGTA"	510	13.93
"GAGTTCTTCTGTTATCCGTAGGCTAGTTTGATT"	509	13.99
"GAGTTCTATTTTTTGACCTACTCGCGGTACATT"	509	14.05
"GAGTTCTATCCACGAACTGTCGGCCCTGGAAAA"	509	14.12
"GAGTTCTAGCGGGAGGGAAGAGACTCTACAGTA"	509	14.18
"GAGTTCGACAGTGTAAGGAATCCGGGCGGGGAA"	509	14.24
"GAGTTCGAACGCAGTGAGTAGCGGAAATGACGT"	509	14.30
"GAGTTCCATTGGAGACCATTCGTTTACGCATTG"	509	14.37
"GAGTTCGCCTAGGGTTGTGGTCTTAGTGGGCTT"	508	14.43
"GAGTTCAAGCAAGTAGTCCTAGTGTGGTCGTGA"	508	14.49
"GAGTTCGTAGGCAACACACGGCTCTCGTATCCT"	507	14.55
"GAGTTCGGGCTGTCTACCGGATGCGGCCGTAAA"	507	14.62
"GAGTTCGCAATCCGTGACGGGGGTCATCTCCCA"	507	14.68
"GAGTTCATGTGTGTCATAGTTTGCAGATCTTTG"	507	14.74
"GAGTTCATCTGCCCGCTATAGTAACCCTGCTTG"	507	14.80
"GAGTTCTTTCGTGTTTCACGGTTTAGTTCGGTC"	506	14.87
"GAGTTCTCTGAGCCGTGTGGATATTGTGGAATT"	506	14.93
"GAGTTCGTGTCGCCAGGTTTGTCACATGACCTG"	506	14.99
"GAGTTCCGCAGTACCGCGGTGGGATTGCACTGA"	506	15.05
"GAGTTCTAGCCAAGGCTATGTGAATTGGGGGAT"	505	15.12
"GAGTTCTAAGGCCTACTTACTCGCAGTAAAGGT"	505	15.18
"GAGTTCGGACGACCTTCGTATTCTATCCAGTTC"	505	15.24
"GAGTTCGAGACTATCCATGTCATGCCTGTTTTG"	505	15.30
"GAGTTCTCGACTACGAAGGCGGTATGGACGTAA"	504	15.36
"GAGTTCTAGAGTTCGCGTTCACCTCGCTTACGT"	504	15.43
"GAGTTCGTGCGGATATACGTGAATCGCTTTGTT"	504	15.49
"GAGTTCCTGCCTTCGGGCTAGCACTTTTGACTA"	504	15.55
"GAGTTCATCGGCGAAAAGGAGACGCCTTGCTCG"	504	15.61
"GAGTTCTTTGTACAACCATCGGCGAGCCCGGAA"	503	15.67
"GAGTTCTCCCGCGAAGGTTTCTCGCGTTCTGTG"	503	15.74
"GAGTTCGTTTCTGTCTTCCCGGACTTGAGTTAA"	503	15.80
"GAGTTCGTACAGTACCTTACAGTCGGTGCTCCA"	503	15.86
"GAGTTCCTGCTGCATTCATGATGCTTGACGGGA"	503	15.92
"GAGTTCAAAAGTTGTAGGAGGTGAAGTTTGACT"	503	15.98
"GAGTTCTTTCGGCTATTCTGGGACGGTCTATTT"	502	16.05
"GAGTTCTCTTGGTTGAGATGTCATCATGGGACT"	502	16.11
"GAGTTCTATCCTGTTGCATGGTGTCACGAGTCA"	502	16.17
"GAGTTCGTTAAACACAGGAGCGGTGTATTTGGA"	502	16.23
"GAGTTCGAAGGTCTGTACCTTGGTTTGCCTTGT"	502	16.29
"GAGTTCGGTCGATATCTTTGGGGAGATGGTGTG"	501	16.35
"GAGTTCTCCGGCGAGGCTACCAGTACTACGTGT"	500	16.42
"GAGTTCTAAAGATCTACCTAAGGTTATCGGAGT"	500	16.48
"GAGTTCGTAATGCCTTGGCCGCGTGCTACCTCA"	500	16.54
"GAGTTCGCTAGGAAACCAGTCTGTCTACCTTCA"	500	16.60
"GAGTTCGATCGGCAGTCCAGGGAAAGCGGAATA"	500	16.66
"GAGTTCTTTTCGTCTCGCGTGAGGTCGGCTCCG"	499	16.72
"GAGTTCTGGTGCGGGACGTAAAGGCGCTTGCCT"	499	16.78
"GAGTTCTACTCACTATGTCGTATCCACGGACTA"	499	16.85
"GAGTTCGTGGACGGTGAGTAGGTAGAAGTCTCT"	499	16.91
"GAGTTCGTCGTACCCCCATTGACGCGTTGCCAT"	499	16.97
"GAGTTCGGACATCCGGCCTTTGCAGTAACGGCA"	499	17.03
"GAGTTCCAATAGGTGTAGGGCGTGAAAGTACAG"	499	17.09
"GAGTTCCTCTGTCAACCTTTTTGTCCGGCGATT"	498	17.15
"GAGTTCCAAAAAGTTCTCAAGGGTTGTAGTTGA"	498	17.21
"GAGTTCTGTCGGCCTTGGGTTGTTCAGCGCTTA"	497	17.28
"GAGTTCTGAAGTGTAATGGATGCAAAAAGGTCG"	497	17.34
"GAGTTCTCTCACTCGTCTGGGCCTCTTTAGAAG"	497	17.40
"GAGTTCGTTTCACTTGACACAACACTGAGCTTA"	497	17.46
"GAGTTCGCTTAAAAAGAAGAGCCTTTTCAGACA"	497	17.52
"GAGTTCAGACGGACTTAGTTCATAAGAATGTCA"	497	17.58
"GAGTTCTCTCGTGAGTTGTCTGGCTAGTTACCT"	496	17.64
"GAGTTCGGTCATATCTGACATGCCACGTTGGTC"	496	17.70
"GAGTTCCATTTCTTCCAGGTTCTTCCCCGGTGA"	496	17.76
"GAGTTCAGTACAAATGTTTCGGTTGACCATGGT"	496	17.83
"GAGTTCTTCGGATCAATGGAGAGCGCTTAGAGT"	495	17.89
"GAGTTCTAGGATGTTTTCGTCGGTCTATTCGTA"	495	17.95
"GAGTTCTAACGGTCGTGCAGATGCCTGCCGTTG"	495	18.01
"GAGTTCCTCCTCCGAGCGAAGTTGTTGGTGTTT"	495	18.07
"GAGTTCAACGTGGGAGTGTGGCTTGGCCGGAAT"	495	18.13
"GAGTTCTTGGGACGGCGTGATAAGTATCGTAGT"	494	18.19
"GAGTTCTTGCGGGTTGCCTGAATGGGTCCGGGT"	494	18.25
"GAGTTCTTGCGATGCCCTGGAGATGTTCCGGAG"	494	18.31
"GAGTTCGTGTCACATCGCCGAGGTAGTTGAGCA"	494	18.37
"GAGTTCGGACACGGTACGGGTGAGGGGCCATAG"	494	18.43
"GAGTTCCTCAGATCAGTATTAGTCTATTCGATG"	494	18.50
"GAGTTCCACGAGGCCGGGTCGCCTCGCAAGGCA"	494	18.56
"GAGTTCAGTCGATATCTAGAGAGTTGTCTATGA"	494	18.62
"GAGTTCAGAGGTGAACGGGTCCTCTTGGCAGTT"	494	18.68
"GAGTTCTTGTCTGCATACTCTCAGCATCGGTTT"	493	18.74
"GAGTTCTGGTAGCATCGCCCGGAGCGGTGGAAT"	493	18.80
"GAGTTCTGAAGTTCGCGCGACTCGCTTAGTACA"	493	18.86
"GAGTTCTCACGTCTCGGGCAAATAGGTATGATT"	493	18.92
"GAGTTCTAGGTTTTCCTCCGATGAGGGTCGGCT"	493	18.98
"GAGTTCGTTCTAATTTTTTGGTCGTAAAGGCTA"	493	19.04
"GAGTTCGTCTGTTAGTCTTGTGTAGGTTTCCAT"	493	19.10
"GAGTTCGTAAATGAACGGTGTGCGCCTCGGGGG"	493	19.16
"GAGTTCGACCGGAGGGGGCGGCGATGTTGATCA"	493	19.22
"GAGTTCCCGAGCGATCGTCGCTGATGTTGGTTA"	493	19.28
"GAGTTCACGCGTACTGCCGTTGTGCGGCTGAGA"	493	19.35
"GAGTTCAATTGAGCCTTGCGAGTATCTCGGTGT"	493	19.41
"GAGTTCAAGAGAAGCCTAATGAGTCACCGGTGT"	493	19.47
"GAGTTCGTCGGTATTAGTTGTGGGTTGATGACT"	492	19.53
"GAGTTCGATTCCCCACGTTGGGGAAGGACGTGG"	492	19.59
"GAGTTCTGGAAATTGGGGGTGGCAGTGCTGGGT"	491	19.65
"GAGTTCTGCAATCTGCCTTGGATGTCGTCGGTT"	491	19.71
"GAGTTCTGTCTAACGTGTCTTTGTGGACGTCCA"	490	19.77
"GAGTTCGTTCCGCTTCTGTAGCGATTGTTGGGG"	490	19.83
"GAGTTCGGATGGGTGTGGGTATATTGCCCCCAT"	490	19.89
"GAGTTCGACTGTGTACGGGGGGGACTAAGGTGA"	490	19.95
"GAGTTCGAGGGGTCCGGCACGGATTAGCTTGCT"	489	20.01
"GAGTTCCTATCAGTCGTGCTGGCACCGTTCTGG"	489	20.07
"GAGTTCAGGTCCGTTCGCGTTTCGAGCGCTTTA"	489	20.13
"GAGTTCTTGGGATGGTAGTACAGCTACGAGTGG"	488	20.19
"GAGTTCGACCTTCAGTAATGCAGTGCCAGGTGG"	488	20.25
"GAGTTCTCGAGGGAGGACTATCGATGGCAGCGG"	487	20.31
"GAGTTCTATTGTCCTGTGTACTTTGGTGCGTCT"	487	20.37
"GAGTTCGCTTGGTATGGTTCACTATCTGCATGT"	487	20.43
"GAGTTCCGTCGCGAAAGGGTGTGGAATAGGGGA"	487	20.49
"GAGTTCACGACGCTGTATTGGGTATGGGAGAAA"	487	20.55
"GAGTTCTTGCGGCTGTGCGAGTTGTAGTCAGGA"	486	20.61
"GAGTTCTGGCCTCATTCACTGAGCTATGGGGCT"	486	20.67
"GAGTTCGCGCGTGGGCGTACTTTTGGGGAAGGA"	486	20.73
"GAGTTCGATATATTAATCTCTGAGATACCGTTG"	486	20.79
"GAGTTCTTTCATCCGTGCTGATGTTCGTTTCTG"	485	20.85
"GAGTTCTTATCCTTCTACGTCAGAGTACATTGG"	485	20.91
"GAGTTCTATCGGGCACTGTGCGGTGGGTCCACC"	484	20.97
"GAGTTCGTCAGGGGCGAAGGGAGGAATCTGGTC"	484	21.03
"GAGTTCGAGAAATATCTCTTCAACAGTCTGACA"	484	21.09
"GAGTTCGAAATGGTGAATCGATCGTCGCTTTTT"	484	21.15
"GAGTTCTAACGGCTTGCTTGAGTTGGAATTTAA"	483	21.21
"GAGTTCGCACAGGTACGCTAGTGCTTTTGTTAG"	483	21.27
"GAGTTCGATTGTGCGAGGGCGTTCCTTCGCTGG"	483	21.33
"GAGTTCAATCTGATGGCGGGGCGTAGTTCGCAT"	483	21.39
"GAGTTCTGTAGTCCCATGTTATGTTTCTGGCGA"	482	21.44
"GAGTTCGTTCCAGGGTCTCCCTATTGGCTAGCA"	482	21.50
"GAGTTCGTGTGTCATGGCCGTCTCAGATTGGGG"	482	21.56
"GAGTTCGTGAGGGAGACTTGGTATTGGCAAATA"	482	21.62
"GAGTTCCCGCAGCGTCAGGCGACAGTGTCAGGT"	482	21.68
"GAGTTCATCCGTCCCATTTCGCCTGCGTTCTCG"	482	21.74
"GAGTTCAGTATCGAATGGGACTGTTGTCATTGT"	482	21.80
"GAGTTCAATTGATAATCCTAGGGGATGCGGTAA"	482	21.86
"GAGTTCTTTTAGACTTCCCTTGGCAATGAAGTT"	481	21.92
"GAGTTCGTTCCGTTTCGCTGGCGGTATGGATCG"	481	21.98
"GAGTTCGTCAGGCCGTAGTATCATCCTGCAAGA"	481	22.04
"GAGTTCCTTAGAACGTCGGTGTGGGAGTGTGAG"	481	22.10
"GAGTTCCGCAGTCTCCGATAAAGAATCCAAACG"	481	22.16
"GAGTTCTTTGGACTTCAATCGCCAGGTGCTCCA"	480	22.21
"GAGTTCTTTCATTTGTGGCATGTTCTTTTCGAA"	480	22.27
"GAGTTCTGGGATCTGGACGATTGCCAATCCCCA"	480	22.33
"GAGTTCTGCGAATAGATCACATGGTGTTCAGTT"	480	22.39
"GAGTTCTCAACTAAACTGGGAGGGAAGTGGTGT"	480	22.45
"GAGTTCTAGAGAAATAAATGGGAACATAAGACA"	480	22.51
"GAGTTCTAAAAAATCCGTGCTAGGCGTGCGCAA"	480	22.57
"GAGTTCGCGAAGTGTGTTGGGGCACGGCAATAA"	480	22.63
"GAGTTCGACAGCGAGTATTAGTTTGGCTGCTCC"	480	22.69
"GAGTTCTTCTGACTCGTTTTGGGTCTGGGACGC"	479	22.75
"GAGTTCTGTGATACGTTTTCGGACTGGTCGCGT"	479	22.81
"GAGTTCTGCTGGCCTTGTCGGCTTCGTAAAGCG"	479	22.86
"GAGTTCGAGCAACAGTGATGGTGTGCCTTATCC"	479	22.92
"GAGTTCCCCTTGTCGGTCGGTCTGATACCGTGT"	479	22.98
"GAGTTCAGTCTGTTTCACTTGTGGCGAGCGTTA"	479	23.04
"GAGTTCTTCTGGGGATTCTCTCATTTGGTCTGG"	478	23.10
"GAGTTCTAGGAGCTGGCATAGCTTACGATTGCA"	478	23.16
"GAGTTCGCCTGAGTAGCAAGACGTCCGAGCCGT"	478	23.22
"GAGTTCGCCCGTAAGTCCAGATATCATCGGCGT"	478	23.28
"GAGTTCGAGCATACGTCCGCCTAATATAGATGG"	478	23.34
"GAGTTCCTTAGTCTGCATTGTCCCGCCTCGCGC"	478	23.39
"GAGTTCCTTAGCCCGTCGGGTCGTTGGTGCAAA"	478	23.45
"GAGTTCCGCTGGGCTCGTGGTGGAGTTCGATAC"	478	23.51
"GAGTTCTGTCAGTGGACTTAGTTCCCTCGAGAC"	477	23.57
"GAGTTCCTGCGAATACAGGCACGGTTATTCGGC"	477	23.63
"GAGTTCCGGTGATGCTCAAGTTTGCCGGTCTGG"	477	23.69
"GAGTTCCACTCGGGCATGGCCGTCACATGGGTG"	477	23.75
"GAGTTCATTTGGTATCCATCTCGATGTCTGCGT"	477	23.81
"GAGTTCAACCATCGACCTGGACCCCGGCTGGTG"	477	23.86
"GAGTTCTCGAGGAATCCCTTCGTAGATGCTCGT"	476	23.92
"GAGTTCTCCTAGAGGTTTGGTTCTGGCATTATT"	476	23.98
"GAGTTCTCACGCGCCAGGTGGAGGTCTTTGACT"	476	24.04
"GAGTTCTAGGACCGAACTCGCCGGACGCAGTGT"	476	24.10
"GAGTTCGTCCGTATCGAAGTGGCTGGGGCCATA"	476	24.16
"GAGTTCGCCCGGCCTTGCGTATTAATGTCTCGG"	476	24.22
"GAGTTCATATCGGAGACGGGGGAGTGCGGGAGG"	476	24.27
"GAGTTCAGGCAGCGTGGACGATCGGGGCTATTA"	476	24.33
"GAGTTCTTGGTTCGCCGGTAGTGTGGATACAAG"	475	24.39
"GAGTTCTGTCGAAAGACGTAGTGATGTCCGCGA"	475	24.45
"GAGTTCTGCTCTTAGCGCTGGGATCATCGGTCA"	475	24.51
"GAGTTCTCGATATTGATTGGGAGATGTTAAAGG"	475	24.57
"GAGTTCTATAAAGGACCAACCGAACATAGAGCG"	475	24.63
"GAGTTCGTGATTGACGATTGCCGTTCCTGGAAC"	475	24.68
"GAGTTCGGCCGCTGGTGCAGCGTGCGGTTCTAG"	475	24.74
"GAGTTCGACGAGGTTATGCAACGTCCGTTATTC"	475	24.80
"GAGTTCCAGCATGGCTCGATGATTCCGATGTAT"	475	24.86
"GAGTTCTTCAACTTAGGCTGTTAAAAGTAGCCA"	474	24.92
"GAGTTCTGGTGCCTATTTGCATGTCGTCAATCA"	474	24.98
"GAGTTCTGCTGTGACGGGATTTTGGTTTGGGGA"	474	25.03
"GAGTTCGCTAGGTTCTGTGTGCGTGTACTAGTA"	474	25.09
"GAGTTCGAGAGGGCGTACGCGCGAGCGAGGCAG"	474	25.15
"GAGTTCAGCCGGTGACGGTAGGGCTCTTGACTA"	474	25.21
"GAGTTCAACCGCACGTCGTGAGGGTGTCTCCGG"	474	25.27
"GAGTTCTTTTCATTCATACCTCACAGGCTACTG"	473	25.33
"GAGTTCTTGATGCCTAGAAATGTCTTGATTGGG"	473	25.38
"GAGTTCTCCTGGATTATTACCGGTTTAGTACGT"	473	25.44
"GAGTTCGACGTTGCATATGAATTATGTGTTATA"	473	25.50
"GAGTTCAGGTGCCCGTCTTGTCTAATCGGCCCT"	473	25.56
"GAGTTCTCTGCCTGTAATCTATTACCACACGGG"	472	25.62
"GAGTTCGCGTTGCCATCGGGGGCGGGGAATCAT"	472	25.67
"GAGTTCGCCAGGGAATCTTCACATCGTTGGTGG"	472	25.73
"GAGTTCCTACGGCTCTTACTTAGATACGCTGAA"	472	25.79
"GAGTTCAATGGCCCCCATTGGGGGGGTGGCTTG"	472	25.85
"GAGTTCTACGTGGTCAGTCATGCGTGGGGCAAG"	471	25.91
"GAGTTCTAAAGGTACCAAGGATTTGACGGGGCT"	471	25.97
"GAGTTCGGTTATGGGTCGGAGGGTATTAAGTGG"	471	26.02
"GAGTTCGACGTCTTTGCTGTTATGAAGTGATCG"	471	26.08
"GAGTTCATCTAGCTGTATCGTGGGTCCTTTAGG"	471	26.14
"GAGTTCAACTAACGTCCAATAGGGGAGCATTCC"	471	26.20
"GAGTTCAACGGGCTAGCTTGAGGACTTGATGGC"	471	26.26
"GAGTTCTTTCGTACTGCCCGCACCGGCAACAGT"	470	26.31
"GAGTTCTGTCGCACATCGGGCCGTGATAGGCGG"	470	26.37
"GAGTTCTCCGGGGGCTGGTGTGGGCTTTGGTGG"	470	26.43
"GAGTTCGTCAGTCCCAGCGGACACCCGTGAGCT"	470	26.49
"GAGTTCGCAAGGAACTCGTGGGGACAGTAGTTG"	470	26.54
"GAGTTCGAAACGGGGTCGTGGGTGGGGCTGGCA"	470	26.60
"GAGTTCCAACGCGATCGTGGGTCTGCCGGTCAC"	470	26.66
"GAGTTCACTCGAAAGGTCATTGGCTGTTGGTTG"	470	26.72
"GAGTTCTTCCTGTATGGAGGCGAGTGGGTTCGA"	469	26.78
"GAGTTCTTCATGTGATTAGAGAATTTGTAGGCG"	469	26.83
"GAGTTCTGCCAGGACTAATGGTGAGCGGGGAGG"	469	26.89
"GAGTTCTATGGTTTGCATAGAGGGTTTCTATTC"	469	26.95
"GAGTTCTATGGGTCTTGGTCATATTTTGTATGG"	469	27.01
"GAGTTCTACAGGGAATTAGATAAGTTTGACGGG"	469	27.06
"GAGTTCGTCGATGCGTAAGCGCGAATTTTATGG"	469	27.12
"GAGTTCGGCAGGCAGTAATGGCAATGGCTACTA"	469	27.18
"GAGTTCGCTCGACTCCGGAAGGGATCGTCGATG"	469	27.24
"GAGTTCGCTCAGGAAGGCTGTTCATCTGGGTTG"	469	27.30
"GAGTTCGCGCGGCAACGGGGTTGATGGAAATTT"	469	27.35
"GAGTTCCCTCCTTCTCTATCGGGTTTTTTGGTC"	469	27.41
"GAGTTCCCGCTGCTGGCTTAAGCGATCTTGATG"	469	27.47
"GAGTTCAGTCAGGGGGCCCGGTGGGAATTAGGT"	469	27.53
"GAGTTCAGTCAGAAATTTGACCAATGTTCGGTG"	469	27.58
"GAGTTCAGCAGCGTACGGCTTGGTGCCTTCGTA"	469	27.64
"GAGTTCTTTGCCGTGTGAAACTCTAAGGCCGAA"	468	27.70
"GAGTTCTCTCTGGACTACAAAGGTTGCACATTC"	468	27.76
"GAGTTCTATTGTGATGCGTACGGGCCACTACTT"	468	27.81
"GAGTTCGTACGTTGGTACATGCGGCGGCTGCTT"	468	27.87
"GAGTTCGCCTGGCTCCGCACTGCAGTCTTCGGC"	468	27.93
"GAGTTCCGGGGTCGATTATCGCGCCGTTGGTTC"	468	27.99
"GAGTTCCGGATTTCCCGGGGAGATCATTCGAAA"	468	28.04
"GAGTTCCCACACGTAAGCTGCTGGCCTCTGGTA"	468	28.10
"GAGTTCTTCCGTCGCAACCAGAATCGTTTCGCT"	467	28.16
"GAGTTCGGTCATTGGGGATAACAACTTTGACGA"	467	28.22
"GAGTTCGGGCTAGCCACCTGTCGGATAGTTTGT"	467	28.27
"GAGTTCGCCCTTTGTGTGGTCTCTCCTGAGGAC"	467	28.33
"GAGTTCCTGTGGCACATCGCGTTTTAATAGATC"	467	28.39
"GAGTTCCGTTGAGCTCAGTAGCCATTTCCAGTC"	467	28.45
"GAGTTCCCCTGGTCGGACTAGGAGCTAGGACTG"	467	28.50
"GAGTTCAACCACTTGGAGTTCGGCGGCTTTGAA"	467	28.56
"GAGTTCTTGTCACGCTACATATGCAGTCTCATG"	466	28.62
"GAGTTCTTCATTTTTGTTCGGTCTGAGTGACGT"	466	28.68
"GAGTTCTGTCGGGCTTGGTACACGCCCTAGGGC"	466	28.73
"GAGTTCTGAAGTGAAGCGCGTGGTGGACGCCGG"	466	28.79
"GAGTTCTAAGGGGAACGTGAACGTCATGCTGGA"	466	28.85
"GAGTTCGCTGGGTTTTTTGTAGGTAGACTTCTT"	466	28.91
"GAGTTCAGGTATCCTGGGAGGTTATCCTGCAGA"	466	28.96
"GAGTTCTTTTAAACTCGGGTAGGTACCAGCGCT"	465	29.02
"GAGTTCTTACGGCTGCGATACGATATAGCGTAT"	465	29.08
"GAGTTCTGTTAGAATTAGAGGGAGCTAGGTAAT"	465	29.14
"GAGTTCTGTCGCGCAAGGGTGTTTTTGATAAGG"	465	29.19
"GAGTTCTGTAGTCCCCGTTATTGGACCTCGCCA"	465	29.25
"GAGTTCTGCAGTTTCCTCTCGACACGTGAGTAA"	465	29.31
"GAGTTCTAGCATGAGTGTTGGTGTTTTTGCTAT"	465	29.36
"GAGTTCGGTCGTGGGCACAGGCGAACACGGGTT"	465	29.42
"GAGTTCACTAGACAAATCTTCGGTCCTTGGTTT"	465	29.48
"GAGTTCTGCCTTTTTGTCTCCTACTCGGGCTTG"	464	29.54
"GAGTTCTCGAGTCGGAAGTTTCCTTGTCGGGTA"	464	29.59
"GAGTTCTCCGCACGAGTGTAAAGTGGATTCTTT"	464	29.65
"GAGTTCTATGCGTGGTCTCGGCGCCACGCCGGG"	464	29.71
"GAGTTCGTGCGGGTGGTCCGAGTCGTTGCTGAC"	464	29.76
"GAGTTCGGCGGTCAGTAATCAAAAACGATCATT"	464	29.82
"GAGTTCGATCGGTCTTTGTATTTGGGATGGATT"	464	29.88
"GAGTTCGACAAGGGTCCGAGGCAATTCCTGAGG"	464	29.94
"GAGTTCCTTAGTCAGGAATGTACTCCTTTGATC"	464	29.99
"GAGTTCCATTGGCAGTCCCACATGGTCGGGCGT"	464	30.05
"GAGTTCCATCGGTAATAATGATGAGTGCAGTTT"	464	30.11
"GAGTTCTGTCAATCTTTGCGAAGCGGGATGTCA"	463	30.16
"GAGTTCTGCTTGTCCGAGACATAGCGCTAGTCT"	463	30.22
"GAGTTCTCGCTTGGTGCAGGTGGCCCTCTTGGG"	463	30.28
"GAGTTCTCGCGACAGCGTCGGCAGTACCCGTTG"	463	30.34
"GAGTTCGTGAGGTAGTGCACCCGTCTGCTGCCG"	463	30.39
"GAGTTCGACTTTCATGTGTTACGGCTGTCCCGA"	463	30.45
"GAGTTCCTCTCTCACGCGCGTTCCGTGCCACTG"	463	30.51
"GAGTTCCGGCATCCTGGGGGACCCTTCGTTAGA"	463	30.56
"GAGTTCCCCCGGCGGCTTCGAGACTTCGTTTCG"	463	30.62
"GAGTTCCATGTGCTCTGCGTTACTTCGCGTAGA"	463	30.68
"GAGTTCTCTAGGTTGGCGTGTCATATACGTCAT"	462	30.73
"GAGTTCTCGGCAAAGTGTGTGTAACTCCGAGCC"	462	30.79
"GAGTTCTCCCCATAAGGGTAAAAATGACGGCAC"	462	30.85
"GAGTTCGGTGGGTAATGGTGACGGCCTGTGTGG"	462	30.90
"GAGTTCGCTAGGGCACATGGGTGTTATGCACTT"	462	30.96
"GAGTTCGAATTTTACACATTGGCGAATTTATAG"	462	31.02
"GAGTTCCCTCGGGGCTTGAAGAGTTCTCAAGTT"	462	31.08
"GAGTTCTTTTAAGCATTGGGGGAAGGGGTCATA"	461	31.13
"GAGTTCTTCCAAGACCGTTTAAGTCTTGGCGTG"	461	31.19
"GAGTTCTCAGAGGAACCTCGTATGCTGCTCACG"	461	31.25
"GAGTTCTAGATCCGAGTATGTGGAATTGGGCCT"	461	31.30
"GAGTTCAGAGTGACGACATAGTGACGGTGGCAG"	461	31.36
"GAGTTCACGTTCGTTTCTGGGATGCCAGTGTAT"	461	31.42
"GAGTTCTTCGGTAGCGGTCGGAACTTGTATTGC"	460	31.47
"GAGTTCTGACGGGGTAGGTAGGTTCGTTATTAG"	460	31.53
"GAGTTCTGACAGAGGCTTGGGCGGATTAAATGC"	460	31.59
"GAGTTCGTGAGTTCCTGGGTAGAGTGGGTTTAT"	460	31.64
"GAGTTCGCGCTTAGGCGGGGGGGTTTAATGTTG"	460	31.70
"GAGTTCCTTGAGGGTTCACAGAACGCCCGGTTT"	460	31.76
"GAGTTCCCGGTGGACGGAATGGGGTCAACAAGA"	460	31.81
"GAGTTCCCCGAATCGGGGCGGGGCCCAACTTTT"	460	31.87
"GAGTTCAACTCGACGCAGCGGGGACGTCAAGCA"	460	31.93
"GAGTTCTTCCATCCCTGTGGTCCGTCTCGATCG"	459	31.98
"GAGTTCTGTCGGGGGTAGTTACGGTGAAATTAG"	459	32.04
"GAGTTCTGTACAGTTGTTAGCAGTCCTGAGGCG"	459	32.09
"GAGTTCTGCGCGTGAGTGGTGCTCGGGTTGCGT"	459	32.15
"GAGTTCTGACACACCGCTCGGATTTGCAGGCTT"	459	32.21
"GAGTTCTCCTATCCTGACAGGCACGACCAGTGC"	459	32.26
"GAGTTCTACTGGTAGCTTGGGTGCGTCGGTTCA"	459	32.32
"GAGTTCGTTAGAGATTCTGTCGGTTTCGGCTTG"	459	32.38
"GAGTTCGGTCAGATCCACCGACGGCATCATTTT"	459	32.43
"GAGTTCGGGCGCCTCTTAGACCTACCACTTTGA"	459	32.49
"GAGTTCGAGTTTCCGTTAGGCTATAAAACAGCA"	459	32.55
"GAGTTCCGGCTTAGGCCAGCGACTCGCCATCGT"	459	32.60
"GAGTTCATCCTCTGTCCAGGGATGGTTCGCCGT"	459	32.66
"GAGTTCACTGGACGATTTGGTTTCACCGGATCG"	459	32.72
"GAGTTCACTCATTCGGTGCTTCTTTTTGGGTTT"	459	32.77
"GAGTTCTTTGACCACAAGGCGGGGTCGGACGTC"	458	32.83
"GAGTTCTGGCGTTACTATTGTGACCCCTCGCGC"	458	32.89
"GAGTTCTGACGGGCTCCTGGAGCATCGATGTCG"	458	32.94
"GAGTTCTCTTGTTAGTCGCGAGCGCGGAAGTCT"	458	33.00
"GAGTTCTCCGGGCGGTGTACGCCTGCGGCATGT"	458	33.05
"GAGTTCTAGAGGTCATAGTTGTATGGATGACCG"	458	33.11
"GAGTTCGCAAGGTCGGCAGACCCGTCCATGTAA"	458	33.17
"GAGTTCGATGATTCATCGTAGTAGTTTGCGCTG"	458	33.22
"GAGTTCGACCGCTGGACAGAATGAATCGGGCAT"	458	33.28
"GAGTTCCATACGAGTTTTTGTGGCCTCTTTCAA"	458	33.34
"GAGTTCCAGAGGGGATGGTGTTGTTTGTGGCGT"	458	33.39
"GAGTTCCACCAATCGTGAAGATGTCGAAGTTCG"	458	33.45
"GAGTTCATCACGCTCCCGACGGTGTGTCGAAAC"	458	33.51
"GAGTTCAAAAGGACGGTGTCCGTTCATGGGTCA"	458	33.56
"GAGTTCTTTCGTCGGGCCTCGTGAGTCGAGGAG"	457	33.62
"GAGTTCTTCCGTTGTCGGTTGGAACCTATTGTG"	457	33.67
"GAGTTCTTATCAATACTATTACGAGGGCCGTAG"	457	33.73
"GAGTTCTGTTGGTACCTCGCGGTCAATGCGATT"	457	33.79
"GAGTTCTACCTGCCTCCGAGCACATTTAGGAGA"	457	33.84
"GAGTTCGTGAGGTAACCTGCGCAACCTCCAGAC"	457	33.90
"GAGTTCGTCTACTTCTCGTTTTGGCTGGGCCTG"	457	33.96
"GAGTTCGTCCTCGATCTTGTGTGGCCCCGATCA"	457	34.01
"GAGTTCGTCAAATGATTCCCGTCATTCTGCTGG"	457	34.07
"GAGTTCGCGTGTAAATGTTAAGGGTGCGGGACA"	457	34.12
"GAGTTCGCCCGTGAGCGATGGGAACCTTGGGAC"	457	34.18
"GAGTTCGCCAAACCTAATCGGGATTTCACCTCA"	457	34.24
"GAGTTCCACGCGTCGGTTTGGGGAGAAAGAGGA"	457	34.29
"GAGTTCACTCGTCAAAAGCGTGAGTAAGGGTAC"	457	34.35
"GAGTTCTGTTGAGCTTGTTGGGCGGGACTCCTA"	456	34.41
"GAGTTCTGTCGGTGTTCCAGCAACTTCAGGGTT"	456	34.46
"GAGTTCTCTTTGTGACTTGGCCGCGGAGACTGT"	456	34.52
"GAGTTCTCTTGCCTCCCCCTAAGGCGGATAGGA"	456	34.57
"GAGTTCGTCCGCATGGTTGTATGTTGTTTTACC"	456	34.63
"GAGTTCGGGGCTGCGCCTGGGTATAGCATGTAT"	456	34.69
"GAGTTCGGGCAGGCTACGTGGTGCTAAGATTCG"	456	34.74
"GAGTTCGCCGAGATGCTGAAGACTTCGCCCTGA"	456	34.80
"GAGTTCGACGAGGGGTCGGAGGTCCTGGTAGCA"	456	34.85
"GAGTTCATTCCGGAATGATTTGATAGTCCCAAT"	456	34.91
"GAGTTCAAGCCCAGGTTATCATGTAGTACGGGT"	456	34.97
"GAGTTCTGGCAACTTCGCTACGTATCCTCGCAA"	455	35.02
"GAGTTCTATCTGCTTCCTGGTTAGAGTAGTTTG"	455	35.08
"GAGTTCTACCGGTAGCGCTTGAGTTATAGGTTT"	455	35.14
"GAGTTCGTCTCGCGAGGGTCTGGCACTGGTTAT"	455	35.19
"GAGTTCGCACTCGGCGTAGTGGAGAGGGGGAGG"	455	35.25
"GAGTTCGAATGGTTCCGTTGATATTTAGAGGCA"	455	35.30
"GAGTTCCATGGTCGAGGTTAATGAGGACGGGAT"	455	35.36
"GAGTTCCATCGGGCAAGAGGGGTGTTTGAGAAA"	455	35.42
"GAGTTCTGTCCTCGGGTTCGGTGTGGATATGTT"	454	35.47
"GAGTTCTCTTGGTTGACACCTCCCATACTTGGC"	454	35.53
"GAGTTCTCCATAGTCCATCAACGATTTACGAAA"	454	35.58
"GAGTTCTCAAAGGAAGTGATGGGTTGTTTGCTG"	454	35.64
"GAGTTCTACTGGCGCCGACTTGGATCTATGGGT"	454	35.69
"GAGTTCGTAAAGCCGTTATAGTAAAGTCGCTGT"	454	35.75
"GAGTTCGATAGGCTAGCTGCAGAGGATGATTTG"	454	35.81
"GAGTTCGAGTACGGATGTTGAGTCAGGCGCTCG"	454	35.86
"GAGTTCCGTCGAGAATTGTGGGGTGGTGGTTAC"	454	35.92
"GAGTTCCCTAGACGCGTGATGGGCAGCGGGCTA"	454	35.97
"GAGTTCCCGACTCGGAGCCCCCGAGGTAATTGC"	454	36.03
"GAGTTCCCCGTCGCTTCAGTGGGTGGGATAAGA"	454	36.09
"GAGTTCCAGCGGTGCTTTGGCTGCGGTCCTATA"	454	36.14
"GAGTTCCACCGGCACTTGGCGACTTGCGAGTTA"	454	36.20
"GAGTTCAGAGAGTTATGGTTATGATGCCCTGTA"	454	36.25
"GAGTTCTTGTGTCTTTCTTGTTGTACGTCGCGT"	453	36.31
"GAGTTCTTGTAGGAAGGTCTTTGGCTTTTTACA"	453	36.37
"GAGTTCTTATTCTTATACTTCTTGTCACGTCGA"	453	36.42
"GAGTTCTGTCGGCCGGGACTGAGTCGTCCGTCG"	453	36.48
"GAGTTCTGGCTGACACTATGGAGCATATTCATC"	453	36.53
"GAGTTCTCTCGGAGGATCGACAGACGGGCGTTC"	453	36.59
"GAGTTCGTGTGGTCACACAAAGGGCTACAGGTC"	453	36.64
"GAGTTCGGTTAGCAGCACTAGTGTTTCTAGCGT"	453	36.70
"GAGTTCGGGTGTGTGGCATGGTTTTCTTGAGTT"	453	36.76
"GAGTTCGGACGTGAATATAGATGACCGTAACAG"	453	36.81
"GAGTTCGATTTACGGGGCAGGTGGCGTCCCAGT"	453	36.87
"GAGTTCCTCTGTTAGTGGTAAAAACGTTCGCAG"	453	36.92
"GAGTTCCCATGCAGTCCCAGACACGGCTCGCGG"	453	36.98
"GAGTTCCAGCGACAGCTTTCCTGTCTCGTCGCC"	453	37.03
"GAGTTCAGTCGAATCTTCTTTGGGTTAGGCGGT"	453	37.09
"GAGTTCACTCCTCCCCAGGATCGGGATTTGACT"	453	37.15
"GAGTTCTGGTAGGCCCGGTGGTGGTGCCGGTCG"	452	37.20
"GAGTTCTGGCTTCGGCCTGTTAACACTCTGTTA"	452	37.26
"GAGTTCTATCGGTTTTGGATTTCGGTCTTTATG"	452	37.31
"GAGTTCGGCCGGGAGTAAACGTATTGGACGGTA"	452	37.37
"GAGTTCGGATATTGGTAGAAGATTGCGAAGTAT"	452	37.42
"GAGTTCGCCGAGGACGGGCGGCAAATGAAAGGT"	452	37.48
"GAGTTCATGCGCCCCGAGTCGGTGTTTTTCACA"	452	37.54
"GAGTTCAGTCATGAGTTAGTTGAATACGCACCT"	452	37.59
"GAGTTCAGGTGAGTGGATTGGTATTGGCTTTGA"	452	37.65
"GAGTTCTCTTAGACTTGTCTGCCTCAGAAGCAT"	451	37.70
"GAGTTCTATGAGCGCAAGGGAAGCGTTCACGCC"	451	37.76
"GAGTTCTACGAGGTCAGTTGCCTTTAGGGTTGT"	451	37.81
"GAGTTCTAAAAACAGCGCCAAGGAGTTTAGCGA"	451	37.87
"GAGTTCGTGCTCTCGTCCCTTAGAGGTCGAGAC"	451	37.92
"GAGTTCGGGGATGCTATGGCTGTTCATGAGGAA"	451	37.98
"GAGTTCGGGCGTCCCTGTTCTCGATCGTAGTGG"	451	38.04
"GAGTTCGCCCGAAACCACGAGTAAACGAGGTAG"	451	38.09
"GAGTTCGCCACGCGCTCGCCCCGGACGTTTTTG"	451	38.15
"GAGTTCCAACAGGCCAAGGGGTGGAATCGGTTT"	451	38.20
"GAGTTCAGGTTTTCCGTCGCGGTGAAGTAATGT"	451	38.26
"GAGTTCAACGAGCAATCGGGAGTTGCGCGGCCA"	451	38.31
"GAGTTCTGGTGGCAGTGTTGGTTCCTTCCAATT"	450	38.37
"GAGTTCTGCAGGCCGTGTGACGGTGCTGGTAGG"	450	38.42
"GAGTTCTCTCGTCAGGCGTAACGGATTCTGTTG"	450	38.48
"GAGTTCTAGAGATGTTCTTCGGTAGGGGTCAGA"	450	38.53
"GAGTTCGGGTCGTATTAGTGAGGCGGTCGTGTA"	450	38.59
"GAGTTCCTGTGCTCAGGTGTGCCGCCACTGTAG"	450	38.65
"GAGTTCCGTTGAAAACGACCAGACGCTACGGTT"	450	38.70
"GAGTTCATTTGTAATGTGAAGGACCAAGGTCCA"	450	38.76
"GAGTTCACTCTTGCTTGTCGATGAAAGGGACGA"	450	38.81
"GAGTTCTTACTCCAGTGCCACGGTCGGCCTGGA"	449	38.87
"GAGTTCTGGCATAAGTTATGAAGTGGATAATGG"	449	38.92
"GAGTTCTAGCGAAATCGATGGATCGGGCCGTGC"	449	38.98
"GAGTTCGTCTTCGAGTCACGAGTTGCACGGGCG"	449	39.03
"GAGTTCGGGCGGAGACCTTACAAGTGACGAGGT"	449	39.09
"GAGTTCGGGCATGGGCCGAGGGAGTTTCCGAGT"	449	39.14
"GAGTTCGCGTGGAGCCTTGGGGGTGGTCTTAGA"	449	39.20
"GAGTTCCACTAGTGTGTATTGGATCACCGATGC"	449	39.25
"GAGTTCTTTGTCTCGAGTACTCCGTGACTATGT"	448	39.31
"GAGTTCTGGCGTCGATGTCCGTCCTACTCAGCG"	448	39.36
"GAGTTCTCTCGTCTCAGTGACTTATCTTGCATA"	448	39.42
"GAGTTCTCACGGGACGGACATGCAACAAAGATA"	448	39.47
"GAGTTCTAGCTCTACAAGGGGGGACTTACTGGG"	448	39.53
"GAGTTCTAACGGGCCAAAGTGCGGGAGCTGCAA"	448	39.58
"GAGTTCCTACATTTTCCAGACGGGCCTGCGCTT"	448	39.64
"GAGTTCCCTCAGGAAGCGGTGTACTGAGAGTAT"	448	39.69
"GAGTTCAGGTTGCTGCTGACCCACTATTAGGAA"	448	39.75
"GAGTTCAGGAGGTCGCCGTTAATTGTTCGGGCG"	448	39.80
"GAGTTCACTCTTTGGGGGTTATCTCAGTGGCTG"	448	39.86
"GAGTTCAAGTGGGGCGGATAACACTAACGAGCG"	448	39.92
"GAGTTCAAGGGGCGACCAGGCGATTTACTGTTA"	448	39.97
"GAGTTCTGATTCGGTCCTTGGAGGTAGGTAACG"	447	40.03
"GAGTTCTCTGCTGCGCGGCGGCGACCAAGGTTG"	447	40.08
"GAGTTCTCGAATGACGGAGGTCGCCCGTAGGGC"	447	40.14
"GAGTTCTATCGGTCACCGGATGTTTATTTGCGC"	447	40.19
"GAGTTCGTTCACTTCCAAGTGCGGCTGGCGCTA"	447	40.25
"GAGTTCGAGTAGGTCTCATGGAGGCGTATCAAC"	447	40.30
"GAGTTCCGACGTGTCCCTCGGTTGATCGCAAGT"	447	40.36
"GAGTTCCCTGGGAGATAAGAGAGTGCACGGCTA"	447	40.41
"GAGTTCTTGTGGTATCGATGATGTCGGTGGGGG"	446	40.47
"GAGTTCTTCTGGGTCATTTCGGGAGCCTTACTA"	446	40.52
"GAGTTCTGCTTTCGATTTCAGTGGCGATAAATA"	446	40.58
"GAGTTCGTGGGGGCTCGCTTCCATCGCTATGCA"	446	40.63
"GAGTTCCTGGTGCATCTTACGGACGGGCCCCGA"	446	40.68
"GAGTTCATCCTTTAGTTCCGATTGGGCCAGTGG"	446	40.74
"GAGTTCTTGGAAACGTCGTGAGGACACGTTCGA"	445	40.79
"GAGTTCTTCGATGTGCCCACTATGGGTGCGTCG"	445	40.85
"GAGTTCTGGCTCGAACAGGGTGCATATGACATA"	445	40.90
"GAGTTCTCTGGGTGGCCTCAGGCCTTCTAGCCA"	445	40.96
"GAGTTCTCTAAGATGCGTATACGGTCGTGGTCG"	445	41.01
"GAGTTCTCCAACGGCGGATTGGTAACCCCGACT"	445	41.07
"GAGTTCGTGCGATGGCAAGTCGGGGCTTTGCCT"	445	41.12
"GAGTTCGTCGGACACTGGCGGACGCTGCAGATG"	445	41.18
"GAGTTCGGTGTGTTCGGGAAGATTGGCTCACCT"	445	41.23
"GAGTTCGCCACGGATTCTCAAGGATCTCATATC"	445	41.29
"GAGTTCCTTGGTCTTCGCTGTTGGGTGGGCGTT"	445	41.34
"GAGTTCCAAATGTTTCTCGGCGATCCGGGCTAA"	445	41.40
"GAGTTCTCTGAGCGGCCTGGAGGCTGATGATGG"	444	41.45
"GAGTTCGGTTACCCGTCATCGTAGGGAGGGGCC"	444	41.51
"GAGTTCGGGTAGTCAATCTAGGGAGGTTGGTCA"	444	41.56
"GAGTTCGGCCAACATTCATGAAATCTGGTGCAC"	444	41.62
"GAGTTCCATTAGCTTTTGCAAGTCCGTGCGTCG"	444	41.67
"GAGTTCAGTGGTCATATTTGGGGAGGTTCGGGC"	444	41.73
"GAGTTCTTTGGGGCTGTGCCTATGGGTCTGCCG"	443	41.78
"GAGTTCTTGTGTCCGTATTGTCTTTTGCGGGGA"	443	41.83
"GAGTTCTCTTGGCAGTGATGAAGTTGGTCTTTG"	443	41.89
"GAGTTCTCTGAACGTCACGAGTGGTATTCAAGG"	443	41.94
"GAGTTCTCACGGCACTATTCAGCCCGTGGGGCA"	443	42.00
"GAGTTCTATCACCCGTGGGCTGCAAGAAAGCAA"	443	42.05
"GAGTTCTACTCGCAGTGGTGCGGAGGTCGGTGG"	443	42.11
"GAGTTCGGAAGGTGGCGAGGATGTAGTCGGTAG"	443	42.16
"GAGTTCCCTTGTCTTTTAACAGGTTCGGCCCAT"	443	42.22
"GAGTTCAACGGGAGTAGGTGGACACGCTGAGAG"	443	42.27
"GAGTTCTTTAGCAAGGTTTAAACGTGGTTTCGC"	442	42.32
"GAGTTCTTCTGGCGGACGGCGCGACTCTTTGGT"	442	42.38
"GAGTTCTTAGGACAGCTGCGACCTTATTCTTCC"	442	42.43
"GAGTTCTGAGAGTCAAGACCATCGTTGGAGTGT"	442	42.49
"GAGTTCTCGGCTGCCCGCCTGAATGAGCGCGCC"	442	42.54
"GAGTTCTAGTAGGCCGCAGTTTGATTTTATTGA"	442	42.60
"GAGTTCTACTCGAATTTGGGCTACATTCTGAAA"	442	42.65
"GAGTTCTACTACAAATCGCGCTTGTGTGTCCGT"	442	42.71
"GAGTTCTACGGGAAGCACTGGTCGTGGTGATAC"	442	42.76
"GAGTTCTAAAATCATCCCTATCCAACTGGGAGC"	442	42.81
"GAGTTCGTTCGTGGTTCATTCGGCAGGATGGTC"	442	42.87
"GAGTTCGTGCGGATGACTAAAGGGCCTCCTTGT"	442	42.92
"GAGTTCGTATGTTCTGTTTGGGTAGTTCCGTAA"	442	42.98
"GAGTTCGGGTGGTTATCGTACGCTCGATGCAGT"	442	43.03
"GAGTTCGGAAGATGACGGGTTGGGTATCCGTCA"	442	43.09
"GAGTTCGCGAGTCATGGTTCGAGATTTCTTGTG"	442	43.14
"GAGTTCGAGGGGAACCAGTCGTGCGTAATGCTT"	442	43.20
"GAGTTCACCGTCCGCTAGCACGGTCAGGGATCA"	442	43.25
"GAGTTCACATGGGGCAATATTTCTCCTATTCGA"	442	43.30
"GAGTTCTGGAAGTACCCCCGCGGACGGGGGTAG"	441	43.36
"GAGTTCTCTAAATCGTCCGAGTGTTTCGGGGAG"	441	43.41
"GAGTTCTAGCGTACGGGCTGGCTACGGTGTGTC"	441	43.47
"GAGTTCGGGGGGACGTCCGCTTTCGCATGTTCG"	441	43.52
"GAGTTCGGCTAATTTCGTTTGGGCCTCCGGTCA"	441	43.58
"GAGTTCGATCGTTGGCATTTAAATCTATGGGTG"	441	43.63
"GAGTTCGATAAGACCTAGAGAGGGAGTTTTGGG"	441	43.68
"GAGTTCATGGTACCCGGCGGGTCGTCACCGGGG"	441	43.74
"GAGTTCTTACGGTCTGTGTGGGATCAATCGAGT"	440	43.79
"GAGTTCTGGTCTCTGCGAGAGAGATGGTTTAGA"	440	43.85
"GAGTTCTCCGGTGTGTGACGGTGACCTCTGGAG"	440	43.90
"GAGTTCTAACGGCAGGCGTGGAATGAGCTATGA"	440	43.96
"GAGTTCGTCCGGTTGATATCGTGCGCAAGGTTT"	440	44.01
"GAGTTCGTACTTCGAATCAGTTTTGCGCGGAGA"	440	44.06
"GAGTTCGAACAACAGATCTTAGGATGTTGGTGT"	440	44.12
"GAGTTCCCTTCGCTGTAAAGAGTTGTTTTGATA"	440	44.17
"GAGTTCCCTGCGGTCGGGTGATGACTTCGGTCA"	440	44.23
"GAGTTCATATTACAACGTTCTGGTCAGCCGTAC"	440	44.28
"GAGTTCACGAGGCCTTGCACAGGGGGGTCAGTC"	440	44.33
"GAGTTCAACAATCACACGCACAAAGTGGTTTCA"	440	44.39
"GAGTTCTTGTTACCGGCTACTTGTGTCTTGTGG"	439	44.44
"GAGTTCTCCCGACACTGTGGTCGATCGGTCGTG"	439	44.50
"GAGTTCTCATGTGCCAATTATCATGGTGGTGGC"	439	44.55
"GAGTTCTACCGCCTTGCCAGCAGGTATTCGCCG"	439	44.60
"GAGTTCGTTGGTTCTCGGTGTCGACCAGAAGTT"	439	44.66
"GAGTTCGTCCCCCTCTTGTAGGGATGTAGTTAC"	439	44.71
"GAGTTCGGCACGGGGTAGCCCTGAACATAGCAC"	439	44.77
"GAGTTCGCGCGGAAGGCCTCAGGCGTGCGCCTG"	439	44.82
"GAGTTCGCACAGATCCATGGGTGGCATCGGTCC"	439	44.87
"GAGTTCGATAGGAGCTCTCCTTTTTGTCTTTCG"	439	44.93
"GAGTTCGAACATGACAACAGCGCGTTGCCGGGT"	439	44.98
"GAGTTCATCTTCATTTTAGACCTCGCATGAATT"	439	45.04
"GAGTTCAGGCGTCCCGGGCGGGGTTATGACTCA"	439	45.09
"GAGTTCACCTTATGCTCTCAGGTCGTCGTAAGA"	439	45.14
"GAGTTCTTTTACCCCTTGTCACTTTGTCGCCCG"	438	45.20
"GAGTTCTCGTACTTGTCTAACCGTTGACATAGA"	438	45.25
"GAGTTCTCGCGGTCGTGTTTGTAGGCTTTATTA"	438	45.31
"GAGTTCTCCGTTGACGTTCTAGGGCAGTGCGAT"	438	45.36
"GAGTTCTATGCACGATCTAGGACAATCCGATGG"	438	45.41
"GAGTTCTACGGGGGTCCCGTGGGATTTTTTGTC"	438	45.47
"GAGTTCTAAAGTGGCACAAAGGTCAGTTAGGTC"	438	45.52
"GAGTTCGGTTGGTCACAGTATCGACGTCGTTGC"	438	45.58
"GAGTTCGGTCGGCGCCACAGCAGCAGCCTTTAG"	438	45.63
"GAGTTCGCGGCCGTGTTACGTGTTCGTGCGATT"	438	45.68
"GAGTTCGATTTATGCCAGTGGTGCGAGGGGTTA"	438	45.74
"GAGTTCACATTCCCACTCGGGAATGCCCATTGT"	438	45.79
"GAGTTCTTGTATGATTCTCCGTCCCACCTGGTC"	437	45.85
"GAGTTCTTGGCTGTTGGGCGGCCAGGCGCTGCC"	437	45.90
"GAGTTCTGAGAGTGGCCGCTCGGTTGGGCGAAA"	437	45.95
"GAGTTCTCCGGTCAGTCTTGGGAACGTTGGGTT"	437	46.01
"GAGTTCGGTCGTTTCGGTGAACTTGTGTGGTTG"	437	46.06
"GAGTTCGATTTTTACTCGTGGGGAGCTCGACAC"	437	46.11
"GAGTTCCGTCAGGAGGTATTTGAGCTTTGGGTG"	437	46.17
"GAGTTCCAGGGGTTGAACGCATCTTTCGGATGT"	437	46.22
"GAGTTCTTCCCATGGGATGATAGTCTGTCTCAT"	436	46.28
"GAGTTCTCTCGAGTCTCCGGGGTGGTTTCATAA"	436	46.33
"GAGTTCGTTCGAGTTAAATAGCATGTGTTCTGC"	436	46.38
"GAGTTCGGTCGATCCTTGAGATCGGAGCCATCG"	436	46.44
"GAGTTCGGGATTTGCTTAGCGGCTTTTGACGGG"	436	46.49
"GAGTTCGGGACTCCGAGTTGATTCTGTCGAACA"	436	46.54
"GAGTTCCAGTGTTCGGCGCTTTCCTCTAAGTTG"	436	46.60
"GAGTTCATCCTGCGGCCTGGCCTTTGTTTAACC"	436	46.65
"GAGTTCACGTGTCGTTCACCTTAATGGCTAGTT"	436	46.71
"GAGTTCAAGCGTTGCGGGGTGGGGAGTCGTTAC"	436	46.76
"GAGTTCTCACGGCATTAGGGAAACGCTTAGTCG"	435	46.81
"GAGTTCGTTTTCCTCGAGTAACTCGGGCTGCGC"	435	46.87
"GAGTTCGTGGTGCGGTCGGGCATATGTTGGAGT"	435	46.92
"GAGTTCGTCAGTCAGGTTTGGTTACAGCAGCTA"	435	46.97
"GAGTTCGGGCTCTACCCGGGCGTGGGGCTGTAG"	435	47.03
"GAGTTCGGCCGCAAACAGGGCCCATAGCGTTGA"	435	47.08
"GAGTTCGCTTCGCAGTACTGCGGGCATCTGCGT"	435	47.13
"GAGTTCGCTCTACCGGTTGTTAAATTTCCGGCT"	435	47.19
"GAGTTCGCCGAGGCCATAGGGGAGTCACGGATG"	435	47.24
"GAGTTCCCAGGGAGGCACTTGGACGGACGTTAA"	435	47.29
"GAGTTCCACGTCTGGTTAGTCCGCCAGTGTGCG"	435	47.35
"GAGTTCAATAGTGAGCTGTTCTACCTTGATTGG"	435	47.40
"GAGTTCTTTCGGTTGCCGCAGGGATGCGGCGCC"	434	47.45
"GAGTTCTGTTGGGCAAATTGCTGTTGTCGGTCT"	434	47.51
"GAGTTCTACCAGCGGTCTGGGGCATCTTCGTTT"	434	47.56
"GAGTTCTACACTATAATTTGACGAGTGGTATTA"	434	47.62
"GAGTTCGGTGTTAAGGTTTGGTGAACATCGGTA"	434	47.67
"GAGTTCGCCTGACCCCGGCATCATCGGGAACTG"	434	47.72
"GAGTTCGATCAATGTTCTGGGGACTGTGCGCCG"	434	47.78
"GAGTTCGAACGGTCCTCCGGAGAGATTCAGACC"	434	47.83
"GAGTTCCGTCGTTCGCCCTGGAGGAGTGTCTCG"	434	47.88
"GAGTTCCCGTGGGACTCGAGACGTGGCCCCTGG"	434	47.94
"GAGTTCAGGGGCGCCCTGCTGGTTTTTAGCCCT"	434	47.99
"GAGTTCTGTGTAATACTTGGTGTAGAATCACGG"	433	48.04
"GAGTTCTGAGCGTCTGGTCGCGGATTCCGGTGA"	433	48.10
"GAGTTCTCCGTTAGACGTCCCTACCCCGGGGCA"	433	48.15
"GAGTTCTCAGCGGGCTCTGGCGGTCAATGGATG"	433	48.20
"GAGTTCTAATTTCAAGACCCAGGCTGTTTCCTT"	433	48.26
"GAGTTCGTCGGATCTGTCGCAGGTTGGACGGGT"	433	48.31
"GAGTTCGCTCGGAACCGATGCCGATTTCGGGTA"	433	48.36
"GAGTTCCGTAATTGGCGGGGAGATCGTGGGCCG"	433	48.42
"GAGTTCCCGCTTCCATGCTCGGGGGTCTTGGGT"	433	48.47
"GAGTTCCATCATTGCCTACATTGTTACTTCTTG"	433	48.52
"GAGTTCCAACGGGCAAAAGGACCAGCTCCGCTA"	433	48.58
"GAGTTCTTTCGTAACACCTCAGGTAAGTGGTGA"	432	48.63
"GAGTTCTGCGGGGTGTTTAATGGTTTCGGGCTA"	432	48.68
"GAGTTCGTTGGGCGCATGGAGTGGATTGGGTAT"	432	48.73
"GAGTTCGGGGAACCTCTTTCATGTTCCCCATAT"	432	48.79
"GAGTTCGGGAGGTTTGTCGTCTTGAGTTCGGTC"	432	48.84
"GAGTTCGCGCTCGCAGCTAGAGGCGTATGGGAT"	432	48.89
"GAGTTCGAATAGGGACTCTGTCCGCCCGTTCCC"	432	48.95
"GAGTTCAATCGCGTACTTAGGGGTACACAACTT"	432	49.00
"GAGTTCAACAGGCCCGCGGGATAACGCCTGCAC"	432	49.05
"GAGTTCTGCCAGAAGTGGTCGAGTCCCCAGTCT"	431	49.11
"GAGTTCTGCATGGGCGAGATTGGTCTTGGAAGC"	431	49.16
"GAGTTCTCGCATCCGTCGAGTGGTTTGGCGCGT"	431	49.21
"GAGTTCTATCTGACGTGTTCTAGGTTACAATGG"	431	49.27
"GAGTTCGTCTCGCGTGGGCGGCCGGTTCGGCCG"	431	49.32
"GAGTTCGGCTGATTTTTTTAGTGAGTCGGGAGG"	431	49.37
"GAGTTCGCGCGTCCGGTATGTGGATTACGAGAC"	431	49.43
"GAGTTCGCCGGGCACGGGGACGTCCTACAGGCC"	431	49.48
"GAGTTCATTTTACGTCTGTTAGACCTTGCGGGA"	431	49.53
"GAGTTCAACGTGTGGGAGTGGCGCAGGAGGACT"	431	49.58
"GAGTTCTTCGTTTTCTGGACGAGGGCGGCATGT"	430	49.64
"GAGTTCTCTCAGCATCAGTTGAGTCCTACGTCC"	430	49.69
"GAGTTCTACCCTGGCGCGTTGCTCGTCCACGTG"	430	49.74
"GAGTTCGTCTCGTGTCGGGCAGCTTATCGCGAC"	430	49.80
"GAGTTCGGGCAACAGTGGAGGGTGCGTTTGCTA"	430	49.85
"GAGTTCGCATGGTGTTCCGTCTTCGTCAGTTCC"	430	49.90
"GAGTTCGAGGTTCCTTCTTGAGACACGGTGGAG"	430	49.96
"GAGTTCCTCCGAGGGTTTTGGGGTCTTGTGCTG"	430	50.01
"GAGTTCCCCGCTAGGCGTCAGAGGGCGGACAGC"	430	50.06
"GAGTTCAGCTTGTGTGAGGGCCCTAGGTGCCTT"	430	50.11
"GAGTTCTTCTCCTGGATTTGTCCCATCAAGTTC"	429	50.17
"GAGTTCTGCCCAACGCGAGGCGGCTTATTGAGT"	429	50.22
"GAGTTCGTTTTTAATGTTTTGTCGTCTGGGCGT"	429	50.27
"GAGTTCGTCTTATGTACAGTGGGCTTGGTGTGA"	429	50.33
"GAGTTCGTATGGGGTCTCGCGCATATAAGTCGA"	429	50.38
"GAGTTCGACTGGGTGCTAAAAAATCGGGAATCT"	429	50.43
"GAGTTCCTCCGTGCCCTGTCCGTCCGGTGTATT"	429	50.48
"GAGTTCATGGAGTAGCTGTGACGATTCGTGACA"	429	50.54
"GAGTTCAACCGGTGAACAAGAGAGCGTCGGTGA"	429	50.59
"GAGTTCTCGTGTCGATTTTGTGTATGTTGCAGG"	428	50.64
"GAGTTCGTTAGGAGTTCCGGGCCCCATCGTCGG"	428	50.69
"GAGTTCGCACGCCCTGGTTCGCGTTGGAGACCC"	428	50.75
"GAGTTCGAGATCCTCACCTACGGGGTCGCTCAG"	428	50.80
"GAGTTCCACGGGCCCCTTCGGGGGCGGGTTGGG"	428	50.85
"GAGTTCAGGAGAGCTTTTCTGTTGGTTCGGATG"	428	50.91
"GAGTTCAACAATCCGACCTGCCGATGACGCGTG"	428	50.96
"GAGTTCTTCAGCGCGGTCTTATGGTGTTCCCGC"	427	51.01
"GAGTTCTCTAGATAGCCTGCCGACGGGTGAGGG"	427	51.06
"GAGTTCTCGGGCTGCCTTCCACCGGTTACCGCT"	427	51.12
"GAGTTCTCCGCCTGTTGTCCCACGCGCTCGAAA"	427	51.17
"GAGTTCTCAGGGCTCGTTGGGTACCGGGTGATT"	427	51.22
"GAGTTCTATGGCGATTTCTCGGGTCCTCACAGT"	427	51.27
"GAGTTCGGTCTTTCCCACATGCAGGCGTTGCCG"	427	51.33
"GAGTTCGGGCGTGAATCGGGCTGGAGTCGATGT"	427	51.38
"GAGTTCGCTGGGTTGCGGTGGGGATGTAGAGCA"	427	51.43
"GAGTTCGCCAGATCCTGCCTGTGCCTACCGTGG"	427	51.48
"GAGTTCGATCGGAAGGAATGGGGCTAACTGTAC"	427	51.54
"GAGTTCGAGTTCGAGCACGGTCATTCGGGGGGG"	427	51.59
"GAGTTCCTGCCTCTGTCTGCGCACCCGCTGGCT"	427	51.64
"GAGTTCCTGATGAAGCTCGTAAAATTTGTCATC"	427	51.69
"GAGTTCCCGAGCAACACCTGGCAACGCAGTGGA"	427	51.75
"GAGTTCCACAGGCAGCCTTTAGGGTGGTGTTAA"	427	51.80
"GAGTTCATTAGGTGAGTGAATGGAGGGTGAGGA"	427	51.85
"GAGTTCAGCAAGTGTGCAGTATTGAATCTACTG"	427	51.90
"GAGTTCACTTGTCCTCGGTCATGGGGTTGGGCC"	427	51.96
"GAGTTCTTCGGTGAGCGATGGTTTTATAGTGCT"	426	52.01
"GAGTTCTGGTGTCGCTAATGGTGCGGGTTTAAA"	426	52.06
"GAGTTCTCGCTGGCGATCTGGCCGCCGCCGGCG"	426	52.11
"GAGTTCTCAGGTCCATATGGAGTTGGTGCAGCG"	426	52.17
"GAGTTCTAGCGGCCACGCGGGTGACGATCGGCC"	426	52.22
"GAGTTCTACTATTCGGGGTGGTGAGAGTAGTCG"	426	52.27
"GAGTTCCTCGGTGTGGCCTAGGAGGAGGGTGTG"	426	52.32
"GAGTTCCTAAGGCGGCTGTGGCCGCGTTGAACG"	426	52.38
"GAGTTCCCCTGGGGAGTATTGCAACCGCTGTCG"	426	52.43
"GAGTTCCAAAGTGGCCCCGTTGGTCGGGGCCAG"	426	52.48
"GAGTTCTTTGATTATTGGTCGGAAGTGGAGTGC"	425	52.53
"GAGTTCTTATTGCACGTAACCGACTAAGATGTT"	425	52.59
"GAGTTCTGTTTGTGCCCCGTATCTAAGGTGTCG"	425	52.64
"GAGTTCTCACGGTCTCCTGGGGCTTGACGGTGC"	425	52.69
"GAGTTCGTGGACAACTCGGGTATCCTAGTTAGC"	425	52.74
"GAGTTCGGTTGGTCCGGGTCGGGAGTGTTGGTG"	425	52.79
"GAGTTCCGCCATGTGTCACCGGAAAGCCTACTC"	425	52.85
"GAGTTCCAACATGACCCATGGGGACTGTTATGG"	425	52.90
"GAGTTCTGGTACTAAGTATCACATCGGCTGTTT"	424	52.95
"GAGTTCTACGACGCGCGGGATTAATATTTGTGG"	424	53.00
"GAGTTCGCGAAAGCATACGTTTAATTCAGGCGC"	424	53.06
"GAGTTCGATGGCCACTGAGAGGGTTCATGGTCA"	424	53.11
"GAGTTCGACCTCGGGCTCAATATCTGTCTCGCC"	424	53.16
"GAGTTCGACAGCCACACGGGAAGTGTCCGACGA"	424	53.21
"GAGTTCCTGCTCTGTCCTTGGCCTTGAATTGGG"	424	53.26
"GAGTTCCCACGACAACATGGATGAACTTGGTAC"	424	53.32
"GAGTTCATCCTGGGTCCGGGATGAGTTTCTCAT"	424	53.37
"GAGTTCACGTACCTATAATATTCTGGTATGTTG"	424	53.42
"GAGTTCAAAAATAATACTAACTCATGTAAGTAC"	424	53.47
"GAGTTCTTTCGGTCAGTGCTGTCTTTATGGTGC"	423	53.53
"GAGTTCTGGTTTTATGATGTGGCTCTGTTCAAT"	423	53.58
"GAGTTCTCCCACCCGGCTAAATGGTTGTTGGTC"	423	53.63
"GAGTTCGGGCGGATTCGAGAGGATGGTCATGGC"	423	53.68
"GAGTTCGGCCGGAAGTGGGCAGACCGAGGGTAA"	423	53.73
"GAGTTCGAAAGGGCCGTTTATAGAGTAGGTCGG"	423	53.79
"GAGTTCATGCGGAGCGTCCGGTGCCCACAGTTA"	423	53.84
"GAGTTCAGACCGTAGGTGGAATTTGGGACCCGG"	423	53.89
"GAGTTCTGTCAGGCGGGGAGGTGGCGCAGGTCT"	422	53.94
"GAGTTCTCTGTTCCAAGGGGGCGATGGTGCGGA"	422	53.99
"GAGTTCTCGAGTGATGAATGGTACTGAGGCGTA"	422	54.05
"GAGTTCTACGGTCTGGGGAGGTCAGTGAAAAAT"	422	54.10
"GAGTTCGGACGTCAGACGGGGCAACTGAGAACA"	422	54.15
"GAGTTCGAGCTATGTGAGGAGGTGTATTGCGCG"	422	54.20
"GAGTTCCTGATCGCTCTAGTACGGAAGTTCGCG"	422	54.25
"GAGTTCCGTTTAGAGCGCTGGTAGGGCTGGCGA"	422	54.31
"GAGTTCCATCACTCCCCCTGATGTATCTGGCGA"	422	54.36
"GAGTTCACACGGTATATGGTGCTGCGTGGAGGG"	422	54.41
"GAGTTCTTGTGGGTCTAGAGGAAGTTCCAGGCG"	421	54.46
"GAGTTCTTGCATCGCCAACCTGGTCGAGGCCGA"	421	54.51
"GAGTTCTGGGTTTCTTGCTGTAGTTTGGCGTGG"	421	54.57
"GAGTTCTATTGACAGCTTTAGGGGTGTTTGGCC"	421	54.62
"GAGTTCGGGCGCGCGTGTTGGTTTTCTGCGGGA"	421	54.67
"GAGTTCGCCCTTCAGGTTTCGCTGTCGGACCCT"	421	54.72
"GAGTTCGATGGCTTGTTTGGGACTTGGAGAGCT"	421	54.77
"GAGTTCCGTTGATCGCTTCGCATGTTGTCGTTG"	421	54.82
"GAGTTCCCACACACGCCGGATTCATCTCAGTTT"	421	54.88
"GAGTTCACGAGCTGTAACCTGGCACCTCTCGTT"	421	54.93
"GAGTTCAACCAGCCTTTTCTTCTAATGCTGTGG"	421	54.98
"GAGTTCTGACTGTCCTGGGGTCCGCAGATGGAT"	420	55.03
"GAGTTCTGAAAGGTGGCATGGAGAGATAGATCT"	420	55.08
"GAGTTCTCGTCATGAGCGGTACGTTCGTCGTAT"	420	55.13
"GAGTTCTCGAGACAAGAATTGTGTCCCGCCGCA"	420	55.19
"GAGTTCGTTTGTCCCCGGGAATGAAATTATTCC"	420	55.24
"GAGTTCGTCATCGATGGGCAGGCAGGTCATAGA"	420	55.29
"GAGTTCGTAGGGGTGGTTTAAACTGGCGGGAGT"	420	55.34
"GAGTTCGGTCAGACTCGTAAGTCGCCTTGGCGC"	420	55.39
"GAGTTCGGGAGGTTGATGGCGGTCATGGGCATC"	420	55.44
"GAGTTCGGCTCCGGCGCGGCGGGTATCTCGGAT"	420	55.50
"GAGTTCGCTCAGGCCGAGAATGGGTTGCTGGGA"	420	55.55
"GAGTTCGCCAATCATCTGTAAGGCGCAATGCGT"	420	55.60
"GAGTTCGAACGGGGACCATTACGTGCCTTGCTG"	420	55.65
"GAGTTCAGCTGTGGCCAACGGGGGTCGTGGTCG"	420	55.70
"GAGTTCAAAAGGTCGATCCACGATGGAAAGGCC"	420	55.76
"GAGTTCTGGTGCGTTGCGGGACGTGTAGCCTGT"	419	55.81
"GAGTTCTGAACCTGGATGATTCCTGAAACAAGC"	419	55.86
"GAGTTCTCCAAATGGCACGGAGGGCGGTAGGGC"	419	55.91
"GAGTTCTAGCGATAGAATCGAAGGGTTTCCAGA"	419	55.96
"GAGTTCTAATAGCGATGCGGGTGTGTTCTGATC"	419	56.01
"GAGTTCGGTGGGTCTCGGCGGCCAGGCGTGTTG"	419	56.06
"GAGTTCCTGTTCCGCTACGTATGGCGCTTCCAC"	419	56.12
"GAGTTCACTACAGGATTAGGGTCAGGCTCTTTC"	419	56.17
"GAGTTCTTGGCGAATCGTAGGTGTTTGGCGGTG"	418	56.22
"GAGTTCTGGGGTTAGCCGAAATAATGACTGCGC"	418	56.27
"GAGTTCTCACGGTATGGGGCGTAGTGTCCGTCG"	418	56.32
"GAGTTCTATTGGGTCTCATAGGGGCTCAGTTCG"	418	56.37
"GAGTTCGGTTCACCATGTTGGCGTTACGATCCT"	418	56.43
"GAGTTCGCTTCCGGCCGGGGGCTACCATGGGTT"	418	56.48
"GAGTTCGACTGTACTTGTTTTTTTATCTACCCT"	418	56.53
"GAGTTCCTAAATCTAAACGCGTTCTCTGTAAGA"	418	56.58
"GAGTTCCGGCCAGTGCGTACTTGAGGGTTGCCA"	418	56.63
"GAGTTCACAGTTCGTCCAGAATTTACGATCAGT"	418	56.68
"GAGTTCTTGTACCGCGAGAACGATGGATGGAGC"	417	56.73
"GAGTTCTGGTCGCTCGGCCGTCTCGGTTCGATC"	417	56.78
"GAGTTCTGGTAGCGGCTCTGAGACGTATTGGGA"	417	56.84
"GAGTTCTCCTGCTTGGACACGGGTAAACGATGC"	417	56.89
"GAGTTCTCCCTGGTCCCAACACGATTTGGCCGG"	417	56.94
"GAGTTCTCATGGTTACAGTAATGACACGAGGGG"	417	56.99
"GAGTTCGTCAATGGGCTGTGTTGCAGGGGGTGC"	417	57.04
"GAGTTCACAGTGGGGGGTTCGGATAGCCGACCG"	417	57.09
"GAGTTCAAATGTCATGCGGTCTGAAGGCATGGG"	417	57.14
"GAGTTCTTTCGGAGGAAGTGGTAGCTTCAGTCA"	416	57.20
"GAGTTCTTCTCTGTCCGTTTATCTCTGGCATAG"	416	57.25
"GAGTTCTGTTCGTCGCAGAGGGGTAGGCTTATG"	416	57.30
"GAGTTCTGAAACTCTGGGGGTAGATACATATCT"	416	57.35
"GAGTTCTACCGGTAGCGTTGGAAAATTTTATAA"	416	57.40
"GAGTTCGTCCTGCAAACCATAGGTCATGTCGGC"	416	57.45
"GAGTTCGGGCACCAATAATTAAGAGCGGACGTG"	416	57.50
"GAGTTCATCTGGCCATAGGATCTGGGCGCGTTT"	416	57.55
"GAGTTCACCAGCAGAGAGAGGGGAGATATGGAT"	416	57.61
"GAGTTCTTGCTGTCGATTCGGTGACACAGATTG"	415	57.66
"GAGTTCTGAGCGTCAGCAGCTCAGCGTCGGTTG"	415	57.71
"GAGTTCTATCGGCGGCAGGCAGTGCGGTGGGCC"	415	57.76
"GAGTTCTATCAGAAGTCTGCTGTAGGGGAGTGC"	415	57.81
"GAGTTCGTAAGGCGGCCTGGGGCGCCATGGGAC"	415	57.86
"GAGTTCGGGGCGTTTCCATCCGAACGAGGAAGG"	415	57.91
"GAGTTCGCCACAGACTTGCGGAGGTGGGTCGGG"	415	57.96
"GAGTTCGATGATGAGCTTTGAGCCGTGTCCGAG"	415	58.01
"GAGTTCGAGTGCGTGCCTGAGTCTGGGGTGTCA"	415	58.06
"GAGTTCGACGGGTCTTACGAGGGCGCAAGAACT"	415	58.12
"GAGTTCCCCGGGTCTATCATCTTCGTGGTCGTT"	415	58.17
"GAGTTCCCCCGGGGGACAGGTTGGGCGTCGGAG"	415	58.22
"GAGTTCCAGGCGTCGGTTAGAGGTTGCAGAATG"	415	58.27
"GAGTTCTTATTGTAGTCTGTTACCGTCCTTCTC"	414	58.32
"GAGTTCTCGATATGACGCCGGGTAGGCCAAATC"	414	58.37
"GAGTTCGTTTCGATCGCTTATTCGAGCTCGGGT"	414	58.42
"GAGTTCGTCCGTATGGCCGATTGGAACCAGGAC"	414	58.47
"GAGTTCGGAGGATCTCGTTAAGGGCGGTGGCGA"	414	58.52
"GAGTTCGCTGAGGGGGATACGCTCATGGGCGCT"	414	58.57
"GAGTTCGATCGGGCGGAATGGTGTGGATAGCCG"	414	58.63
"GAGTTCGAGACGTTTTCTAGGGATAATCCTATT"	414	58.68
"GAGTTCCTACGACGGCCGGGCATGTGTTGGGGA"	414	58.73
"GAGTTCCGCTGCAGTTCGTGATTCTCCTATGCC"	414	58.78
"GAGTTCAGAGGGTTGCCAAGCTGTAAGGGGTCC"	414	58.83
"GAGTTCTTTCGGACCGCGGGTGCACCGTAATTA"	413	58.88
"GAGTTCTTGGCTTGGCAGATCATTTTTTAGTTT"	413	58.93
"GAGTTCTTCTGGCATCATGGGTGGCTGTGTATG"	413	58.98
"GAGTTCTGTCGTTATTCCTTCCTGAGTTGATTG"	413	59.03
"GAGTTCTGACGTGGTCATTGTGTCGGGGGGTCT"	413	59.08
"GAGTTCTCTGAGTGCTTCAGCGGGCGGTAGACC"	413	59.13
"GAGTTCTATGACCATTATGGCCATCTGACGGGA"	413	59.19
"GAGTTCCGTCAAAATCGGGGGAGGAGCTGCCGG"	413	59.24
"GAGTTCATCCATTTCCATGAGCGGCATTGCGTA"	413	59.29
"GAGTTCAGCTCTAGTTGACGGACTCGGTTGGGC"	413	59.34
"GAGTTCAGCGGGGCAGGGTCGGGGGTGATACCG"	413	59.39
"GAGTTCAAGTTGGACCTGGCGTGTTCGCAAAGC"	413	59.44
"GAGTTCTTCGGTCGCGGGAGAGAGTCTCCATTC"	412	59.49
"GAGTTCTTCAGGGTTAGGTGGGGAACTCCGTGA"	412	59.54
"GAGTTCTGGGATTCTTCCATGGGCTGACCGAGA"	412	59.59
"GAGTTCTCTCGTACTCGGTTAGATTTTTGCGCG"	412	59.64
"GAGTTCTACCGTAGAAGGGTCGTTCGCCGGCTA"	412	59.69
"GAGTTCGTTTCTCCGGCCGGTTGACTAGGTTTC"	412	59.74
"GAGTTCGGTTGTGCTGAAAATGCTCTAGCACTC"	412	59.79
"GAGTTCGGGTGTGACGAGGGGTACCGTAGCTCG"	412	59.85
"GAGTTCCTCGGGTCTTCAACGACCTCAGTAGTA"	412	59.90
"GAGTTCCGGGAACGTGTGGCGTGATGTCGCTTT"	412	59.95
"GAGTTCCGACCTCCCGGGGAATGTTGGCTAGCG"	412	60.00
"GAGTTCAGTCAGTCGGGCTGGGCAGGATGAAAT"	412	60.05
"GAGTTCAGCCGGAAGGCCCAAGGTGGTACCGGA"	412	60.10
"GAGTTCACCCTGCTGCGCTGATCTGCCAGGAGA"	412	60.15
"GAGTTCACACGTTGAGGGAGACGAATCTAGGGC"	412	60.20
"GAGTTCAAGTTGCCCGTTGAGGTAGGGTACATC"	412	60.25
"GAGTTCTTTTGAATCGCCGCGCGGGTGCGTGCG"	411	60.30
"GAGTTCTTAGGAGAAGTCGCGTCCTTGCCTGGG"	411	60.35
"GAGTTCTGTTAGCTGTGGTGGGCTCGGTGGTCA"	411	60.40
"GAGTTCTGCCCTAGTCGAGTCGGTTCTCGACGA"	411	60.45
"GAGTTCTCGCTGTTTCGCTGGCCGCCAAGGGGC"	411	60.50
"GAGTTCGGTTGGGTGTATGCTGAGCCACGGATT"	411	60.55
"GAGTTCGCGGGGCCTCAGGTGGGTATGTCAGCT"	411	60.61
"GAGTTCCGGCCGACTGGGATGTTTCCTCTACGC"	411	60.66
"GAGTTCAGTGAGATCCCAAGGGTTTTTCAGTGT"	411	60.71
"GAGTTCTTCCGTGCTAAATCGTCGGTTCGCTCT"	410	60.76
"GAGTTCTGCCGTGCGGTTGGGGATCGGCGCAGG"	410	60.81
"GAGTTCTGCCGGGACCGAAGTTGAGAGTTGTCT"	410	60.86
"GAGTTCTCTGTTGCGGGCTAGACCCATCCGTCC"	410	60.91
"GAGTTCTCGGACGGCACGGGCGGTCTTGACGGT"	410	60.96
"GAGTTCTCGCTACCATTTGAAGGTAGGTTGTTT"	410	61.01
"GAGTTCTATAGGCTACCGAGTTGCGGTGTGCTT"	410	61.06
"GAGTTCTAGGCGAGTGGTCAAGGTGCTCTGACC"	410	61.11
"GAGTTCTACCGTCGGCGGGAGTGTAACCAGATC"	410	61.16
"GAGTTCGCTCTTCCGCTTTGGGTTGGCCTTGCC"	410	61.21
"GAGTTCGCGGTCCGGGGCCAACTGGTTGCTTCG"	410	61.26
"GAGTTCGAAGATTTCCCCTGGAGCTTATCGAGG"	410	61.31
"GAGTTCCCTCGGCTAAATTGCTAACACGTAGAC"	410	61.36
"GAGTTCCCGGTGTCGAGTATTGGCGGGGTACCT"	410	61.41
"GAGTTCAGGGGCTGTTTCTGTGTACCGCGTCTG"	410	61.46
"GAGTTCTGTGGACCTCGTCGTTGGTTCGTGAGA"	409	61.51
"GAGTTCTGGCGCGTCGGGTCCGGGAAGTGGGCT"	409	61.56
"GAGTTCTGCCGTCCGTGGTGACAACTTGTGTCG"	409	61.61
"GAGTTCTATTGTGCGAGGGACAGGAGCGGGTCC"	409	61.67
"GAGTTCTATTAGTACCTGACGCCTGAAGTAACG"	409	61.72
"GAGTTCTACTTGCGAATTGGAGGCCGACGGGTC"	409	61.77
"GAGTTCCGAAAGAGCTGGGGCGTTAGTAATAGA"	409	61.82
"GAGTTCTGGAGACCATAGAGAGAAGGCTGGGAT"	408	61.87
"GAGTTCTGCCTGCGGCTTCTTGAACTACGGAAC"	408	61.92
"GAGTTCTGCCAGTTACGGGGCGGGCGGTTGCGC"	408	61.97
"GAGTTCTATGGAGAGACGTAGGCAGAGTAGTCG"	408	62.02
"GAGTTCTATCGGTACGCGCGAGAACGAGCACAG"	408	62.07
"GAGTTCGTCGGGTGTGTGAATCTGGACTTGCAC"	408	62.12
"GAGTTCGAGCGAAAGTGGTCGGGGCAGCATGCC"	408	62.17
"GAGTTCCCCACTGGAGTCGTCTTAATGTGTGAA"	408	62.22
"GAGTTCTGCCGTCGTTGCAGTGCTCGTCTTTCT"	407	62.27
"GAGTTCTCTATAAGGCATACAATGGCTGGATCT"	407	62.32
"GAGTTCTATTTTTGTTCGAGAGGCCCTGCGGTG"	407	62.37
"GAGTTCGGGCGCTTACGCAATCGTTTTCGGGGC"	407	62.42
"GAGTTCGGCTCGGCGTGGAGTAAAACGTAGAAC"	407	62.47
"GAGTTCGCTGGGACGTAAGGGTTGCTAGAGGTT"	407	62.52
"GAGTTCGCTAGTTTATTAAGGAGTGCCCTAGGT"	407	62.57
"GAGTTCGATCCGCGGTCTGACCGTGCTGTGGCT"	407	62.62
"GAGTTCGAGTATGGGCATCGGTGGCGGTCGGCT"	407	62.67
"GAGTTCGACTGCCCTCTAGATGGGAGACCAAAC"	407	62.72
"GAGTTCCGTGGGCGTGCGTGCGGACTTCGGTTT"	407	62.77
"GAGTTCACGAGGGTTTCTTCGATTACTATGGCT"	407	62.82
"GAGTTCTTGAGCGACCAGTGGTGGAGTAGGGCA"	406	62.87
"GAGTTCTTACGGACTTTCGTGGTCCCAGTCCGC"	406	62.92
"GAGTTCTGGGGTCCGCGTTGGCAGGTATAGACC"	406	62.97
"GAGTTCTCGCGGGCGGGAGGTGACTCGGCGGTT"	406	63.02
"GAGTTCGTGTGTTAACAATCTAGGCCACCGGCT"	406	63.07
"GAGTTCGTGCTTGGCGCACGGGGTTACGAAGTC"	406	63.12
"GAGTTCGTCGGGTCGTTTAACGCTGGGGTGTTC"	406	63.17
"GAGTTCGGGGGGACGGCGGTCTAAAATAGGCTG"	406	63.22
"GAGTTCGGCCGGCCGGGTTTATGTGGTACGCTG"	406	63.27
"GAGTTCGACCGCGACGCTAGGTGAGACGACTTG"	406	63.32
"GAGTTCCTTGTCTTTTTGGTATGACTCGGCTCC"	406	63.37
"GAGTTCCGCGAGCACCTGGACTTGCCGCGCTCG"	406	63.42
"GAGTTCCAGCGGTTATTGTGGGTATTCCATGTT"	406	63.47
"GAGTTCAGCTGAGTTCGGGTCGACCGTTGGTCG"	406	63.52
"GAGTTCTTGATAATGGTCAAAATGTGCGTATGC"	405	63.57
"GAGTTCTGCGGGGAATGCGATTGTAGTCGGGAA"	405	63.62
"GAGTTCTCTGGGGCATGTTGCGACCGACTTCCT"	405	63.67
"GAGTTCGGCAGAGCTTTTTCGTGGGGTGAGCGG"	405	63.72
"GAGTTCGGAAAACACCTCGGAAATCAGTCAGTC"	405	63.77
"GAGTTCGCCCGGTCGCAATTAAGTCTAGAATCA"	405	63.82
"GAGTTCCGTTCTCCCTGTGTCGGCCGGGGCTAC"	405	63.87
"GAGTTCCGTGTTGGACATTTGGCGCTCGGGAAG"	405	63.92
"GAGTTCCAGGAAGATTCTGTGTGTACGGTGGCT"	405	63.97
"GAGTTCCAACGGAGGGGTGGCAGCTATTGTTCA"	405	64.02
"GAGTTCAGCCATCTTTTGTGGTAAAGTCTGGCC"	405	64.07
"GAGTTCTTGGGGCCGTGTTGGTTGGCAAGTGTG"	404	64.12
"GAGTTCTGGTGGGCCCGTTAGTTATTGATTTTC"	404	64.17
"GAGTTCTAGAAAGCGCCGAAGGAGGGTCGGCTC"	404	64.22
"GAGTTCGGTCAGTGAGACACTGGTGGACTTTTA"	404	64.27
"GAGTTCGGATGGCCGCCTGTCTAAAACGAGATT"	404	64.32
"GAGTTCGATTGCCCCTGTTGGCGCAGTCTCTCG"	404	64.37
"GAGTTCCGATTGAGGTTCCTCGCTTGAGGGTCG"	404	64.42
"GAGTTCCAAATTCTCTCGGCGTTTGGGGGCGAC"	404	64.46
"GAGTTCTCTGAGTTGTGTGTACGTGTGAGTAGA"	403	64.51
"GAGTTCTATCGGCGTGTTTAGAGTCGTGGAGTT"	403	64.56
"GAGTTCGGGGGTTGCAGAGAGAGCCCTCTCTAG"	403	64.61
"GAGTTCGGCTGGCGATCCGGTGAATACTCGGTG"	403	64.66
"GAGTTCGGCCGTCTATTGGCGGTTTGTCGGCTA"	403	64.71
"GAGTTCGCTCGCAGGCTCCTGTATGTGGCGACG"	403	64.76
"GAGTTCCTCCGGCCTTAATTATATCGTCGGGGC"	403	64.81
"GAGTTCCTACGGTTTGCTGGACTACGGGCGCGT"	403	64.86
"GAGTTCCGTAGGCCGCACTAGTGGGGTAAAAGG"	403	64.91
"GAGTTCTGGAGTTAGCCTCGTGTTTACCACCGT"	402	64.96
"GAGTTCTGCGGTCATGACGGGGGCGGTCGAGCA"	402	65.01
"GAGTTCTCTTCTACAACTTCGCGGGATCGGGGA"	402	65.06
"GAGTTCTCCCCGGCTAAGGAAATCTGTTGTTTC"	402	65.11
"GAGTTCTAGGCAGGACCCGGTGTAGTAATGACA"	402	65.16
"GAGTTCTACTTCATGTACGTTTTTCGTGCTTGC"	402	65.21
"GAGTTCTAATGTCGGGACTGCGAAAGTCTGGGC"	402	65.26
"GAGTTCGTCCGCTTCAGACTATGTTGGGTCGCG"	402	65.31
"GAGTTCGGCGGTCAGTTCTCGGATTACGGGGTG"	402	65.36
"GAGTTCGCTTGTGCGCCCTGGTGTGAGTTAGAT"	402	65.41
"GAGTTCGATGGGCGGCTGTGGTCCCAGTTCGGA"	402	65.46
"GAGTTCGAGCGCGAGTTGTGGGAAAAGTATGCC"	402	65.51
"GAGTTCCCTGGGACGTCGGCAGTTTGTATGCAC"	402	65.55
"GAGTTCCACGATGGGCACCGAATAGACTCGCCT"	402	65.60
"GAGTTCTGCCCAGTAGTCTAGAGATGGGTCATC"	401	65.65
"GAGTTCGCTTTGCCACCCGTTATGCTTGTGTCC"	401	65.70
"GAGTTCGATAGGCCAACGGGGAGCCTTTCGTGG"	401	65.75
"GAGTTCCTGCCCTATCAGTTGGGCGAGCGCTGC"	401	65.80
"GAGTTCCCTCATCCTGCTCCGGTTGACCGTACC"	401	65.85
"GAGTTCCCGCGGCGTCGTGCGAGTAGGTTGTCA"	401	65.90
"GAGTTCCCCTGACCGTGTTCCGGTAATAGGGGG"	401	65.95
"GAGTTCCATGCATTTCCTTCAGGGGGTTCGATT"	401	66.00
"GAGTTCAGGTGTCGGACGTTACAGGCTCACACC"	401	66.05
"GAGTTCTGGCGAACTCCACCTGGTCCGCGGAAG"	400	66.10
"GAGTTCTCACCTCGGTCATGGAGACTCGGTCCG"	400	66.15
"GAGTTCTATTGGCGTGTAAGGAGTCGTGGAGTT"	400	66.20
"GAGTTCTATTCGGAACTCAGGCAGATAAGGCCA"	400	66.25
"GAGTTCTATGTTCCGGAGTGCAAGTCGCGTTTC"	400	66.29
"GAGTTCTACCGGCTGTCCCGTGTACGTGCGGTC"	400	66.34
"GAGTTCTACACGTCGTAACGTGGCTGCGGGTGC"	400	66.39
"GAGTTCGTTTGTAGAGTCTCATGTTACAATTAT"	400	66.44
"GAGTTCGTTATGTGTGGATATTGTTCTATAAGC"	400	66.49
"GAGTTCGGTTGTTCACTCTGACAGGGTTGCGCG"	400	66.54
"GAGTTCGGGTACCTTAGGAATGGCTTCCTCGGT"	400	66.59
"GAGTTCCGAAAGAAATGTCAACGATATAGTTAC"	400	66.64
"GAGTTCCCCCCGTGTAGTCTCCTGTATACAAGA"	400	66.69
"GAGTTCATGCGGTGGGCGTGGTAGCGTAATCGT"	400	66.74
"GAGTTCAGACCGCCGTCGTCCCATCGCAAGTGC"	400	66.79
"GAGTTCACAAGTTGGGGAGTGAAACAATGGGAC"	400	66.84
"GAGTTCTGTCGGCAGCAATCTAATGGAACCTGA"	399	66.89
"GAGTTCTGCGGGCCACGATCAGCACCCGTGACC"	399	66.93
"GAGTTCTCTTGGGATCGGTAGGTATACAGAGCT"	399	66.98
"GAGTTCTCGTTGCAAGTATATACTCCGCTGGAC"	399	67.03
"GAGTTCTCCTGTCGCTAGGCGGTTGTACGTCGA"	399	67.08
"GAGTTCTACACCTCGCGAATGCTAATGTTACTC"	399	67.13
"GAGTTCGTTGATTTACGTGCTAGTTCGTGGTCC"	399	67.18
"GAGTTCGTGTGGTGCCTCGGGGGTTAACGGCCT"	399	67.23
"GAGTTCGTGGCGAACGAGCGGCGTGTGACGTTC"	399	67.28
"GAGTTCGTCGTTTGGTTGCCGTTCTGGTGAGCT"	399	67.33
"GAGTTCGGACTACGTAAGAGTACGCAATGGCGA"	399	67.38
"GAGTTCGCTCCCCACCGACGGGTCATGCCGTTT"	399	67.43
"GAGTTCATTGGGCCTTCGCAACGTATTTTGGTC"	399	67.47
"GAGTTCAGTGTTTCTCATGCTTCACTTTGGTAC"	399	67.52
"GAGTTCTGTAGACCGGGTGTGAAATTCTAGGGC"	398	67.57
"GAGTTCTCTCGTAAGCGGGCTCTATTAGTGATA"	398	67.62
"GAGTTCTCCGAGTCGGCGTTGGGAGACTTGACT"	398	67.67
"GAGTTCGGCAGCTCGCCGATCGCGTATTTTTGC"	398	67.72
"GAGTTCGCTGGTTACGGCTCGATGTCAATCCGT"	398	67.77
"GAGTTCGCTCAGCTTTGCGAAGGGCCAACGTCG"	398	67.82
"GAGTTCCGACGACGTCTTGTGCGTCATCACACG"	398	67.87
"GAGTTCAATCGGAGCTGAGTTGACTGTGGGACA"	398	67.92
"GAGTTCTGCTTGGAGTGGCCTGGTGGCTTGCAG"	397	67.96
"GAGTTCGTCGCGGGTCGTCAAGAGACAGGCGCA"	397	68.01
"GAGTTCGGAGTCATTGCAGGTATAGTTTGTCTG"	397	68.06
"GAGTTCGAGCGTGGCGTTTCCGCGGGAGTCGTA"	397	68.11
"GAGTTCCCCTATGTTAGGAGGTATCGTGGCTAT"	397	68.16
"GAGTTCTGTGTGTACATGCTCCTACGTTGTGCC"	396	68.21
"GAGTTCTCGCAACACCAATATTGAATTGGGCGG"	396	68.26
"GAGTTCTCCTGGTAATCGAGTTCCTGAGGGTTC"	396	68.31
"GAGTTCTCCGGATGTTGTTGGGGTCTTCACCCA"	396	68.36
"GAGTTCGGCGGTTTCTAAGTCTTGTGTGTTGGC"	396	68.40
"GAGTTCGAATTGGGCCTCGGGGGCCATTTGTTA"	396	68.45
"GAGTTCCGCTGGGCGCCTAGGCGTGAGACGATC"	396	68.50
"GAGTTCACCCATCACCGACGGACCTGTCGACGC"	396	68.55
"GAGTTCTTTCGTTCGGCGTGCGGACGTCAGCGA"	395	68.60
"GAGTTCTGTGATTTTTGGTGAAAGCTACGGAGT"	395	68.65
"GAGTTCTGACGCGGCCGCAGCTTCATGCGGCAA"	395	68.70
"GAGTTCTAGGGACAGCCTTAATAGGTACGAGGC"	395	68.74
"GAGTTCGGTCGGGGCCGATGGGTGTTCACGAGG"	395	68.79
"GAGTTCGGGCCCGCAATGTCGTGCCCTGGGAGG"	395	68.84
"GAGTTCGAGAGGAAGTCCAGAGGGTACACGTCA"	395	68.89
"GAGTTCACAAGGTTTTTGAGCGAAAGACTGGGT"	395	68.94
"GAGTTCTTTCGGAACTGGGTCGTCCCAGTTCTG"	394	68.99
"GAGTTCTGTGATATTTTTCGGCCTCGCCCCATT"	394	69.04
"GAGTTCTACCTACAGCGTTTGTTGAGCCCGCCA"	394	69.08
"GAGTTCGGTGGGTACAGGTAGTTTTCTATACAG"	394	69.13
"GAGTTCGCTGGGAGGTTTTGGTGAACTTTTTCG"	394	69.18
"GAGTTCGCCCAGGGCCTTACGTGCTGCTAGGTG"	394	69.23
"GAGTTCGCCAAGTGTCGGTGCTGTGTACTGACG"	394	69.28
"GAGTTCCGCGTGTACGACCTTGATTGGGAGGGT"	394	69.33
"GAGTTCCCCTTAGGACGGCTCGCTCGATGGCAG"	394	69.38
"GAGTTCAGTCGTCCCAGTAAGTGACTGCTCCCC"	394	69.42
"GAGTTCTTCGGGCTTGGTCGGTAAGGGTTGATC"	393	69.47
"GAGTTCTTACTGTCGTGGTGACTACATGGGCCC"	393	69.52
"GAGTTCTGTTTAACTGGGTTTTGATGAAGAGGC"	393	69.57
"GAGTTCTGGCATTCTCAGTATGGAACTAGTGGC"	393	69.62
"GAGTTCTATAGCCCATAAGTACCGGTCACGACT"	393	69.67
"GAGTTCGTGGGTGTAACAAGCATTTAGGTCGTT"	393	69.71
"GAGTTCGGAAGTGTCTATGGCCGGCTCTGTAGC"	393	69.76
"GAGTTCCGGCTTGTAGCCTTCTAGCAGGGGTCT"	393	69.81
"GAGTTCCGCGATAACTCCTGGTTCGACACGTTC"	393	69.86
"GAGTTCATCTGCGAGTGTTGGCGTGAATAAAGG"	393	69.91
"GAGTTCAGCCATTTGACCGGTGAATTGGGGATC"	393	69.96
"GAGTTCAAGGTTCGATGTGTAGTGTAGCAGTCC"	393	70.00
"GAGTTCTTGCCTCGGTCTGTACTACGTATTAGC"	392	70.05
"GAGTTCTTCCGCGTGCTTTATGCGGGGGTGAGA"	392	70.10
"GAGTTCTTATTATTACTCGGGCTGCTGGTCGGA"	392	70.15
"GAGTTCTCACGGTGTCGATACGAGGCTGGCTTT"	392	70.20
"GAGTTCGTTCGTACTGACGAGGGTTACGAAAGA"	392	70.25
"GAGTTCGTGCGGCTGGGGTCCTGTCGGTGAGCG"	392	70.29
"GAGTTCGGCTGGATTTCATATTATGCCACGGGC"	392	70.34
"GAGTTCGGCCGGGAGAGGTGCCTTCAGATGTAG"	392	70.39
"GAGTTCGAGCGGGGGTTCTGGATAAAGAGATGT"	392	70.44
"GAGTTCGACTGTTGCTGAGCGCGTCGTTGGTCA"	392	70.49
"GAGTTCGAACATGTCTAGGGGCCGACTGAGTAT"	392	70.54
"GAGTTCCTCCGAGGACTCCGCTCGGCGGTCGGC"	392	70.58
"GAGTTCCAGAGGGCAGTGGCGGGGTCCGGTATG"	392	70.63
"GAGTTCAGTAGATCGGATTGCCCTGGACGGGCG"	392	70.68
"GAGTTCTTATCGTCAATTGTCCTGTGCTTGAGA"	391	70.73
"GAGTTCTGTCAGTGCTGCTGACCCGTTGCAAGA"	391	70.78
"GAGTTCTGGCGTGTCCCCGGTGGGGTTTCGAGG"	391	70.82
"GAGTTCTCCGGACCTTGTGATTTAGGATACGGT"	391	70.87
"GAGTTCTATCGGGAACGGTACGTACGTGGGGTC"	391	70.92
"GAGTTCTACTGTCCCGACGGACGGGCAGTGGAC"	391	70.97
"GAGTTCTAAGTCGTAGTCAGCTTGTCTTGCGTC"	391	71.02
"GAGTTCGTTCTGATGCCATACGGTTTTCGGTGC"	391	71.07
"GAGTTCGCTTCAAAACTACCGGGCGGCTTTACG"	391	71.11
"GAGTTCGCGAGCTTGTCGAGGGATTTGTCGTAG"	391	71.16
"GAGTTCCGATAATAGGCGGTATGTACGGGAGCT"	391	71.21
"GAGTTCCATCGTGTGATTGCGGAATGGAGTGTA"	391	71.26
"GAGTTCATTACGCCTCGGCAAGGACGTGCGGTC"	391	71.31
"GAGTTCAAGCGTTGAGGAGAACATTGCGCTTAC"	391	71.35
"GAGTTCTGGCATTAGCGTGGAGGTCTGTTATGC"	390	71.40
"GAGTTCTCGATGGGTTGTTATCGTGCGCCGGGC"	390	71.45
"GAGTTCGATATGCCATCACGTCGGACGGAGCGA"	390	71.50
"GAGTTCGAATAGTGAGGGTGATGGCCGCGATTT"	390	71.55
"GAGTTCCATGCGCCTTCGCGAGGTGGGTGGAAC"	390	71.59
"GAGTTCAGGTAGCCACTGTGTTTATTGCTACGC"	390	71.64
"GAGTTCAACAGGGGGCGTTGGGCCGTTTTGGCG"	390	71.69
"GAGTTCTTTGTCCGCCCCGTTCTTAGTGTGTCC"	389	71.74
"GAGTTCTTTACCGCAATCCACGTTGTATATGCC"	389	71.79
"GAGTTCTGCCTCCATAGGTTACGGCTGGCTGGA"	389	71.83
"GAGTTCTCGAGGGCTGGATTCTGCATGAGACCG"	389	71.88
"GAGTTCTAACGGTACCGAGGTCGCGCTGGTATC"	389	71.93
"GAGTTCCATTGTGGTTCAGGGGGGGTTCCATTG"	389	71.98
"GAGTTCCAGGCGGGTCCGCGAGGCTCTGCTAGC"	389	72.03
"GAGTTCCACCGTTTGCCGCACCGCCGCGTGAGT"	389	72.07
"GAGTTCTTTAGTGGTCGCTCGGACGTATTGACC"	388	72.12
"GAGTTCTGTGTAGTTCGTTTGTGTTCGATTCCG"	388	72.17
"GAGTTCTGCGGCTGCCCATTTGGGTCGGTTGAT"	388	72.22
"GAGTTCTGCCGTGTGCATTTGTCACGGAGCTAT"	388	72.26
"GAGTTCTCTAAAATTTGGTAGGGCGTTAGGTGC"	388	72.31
"GAGTTCTCCGGCGCTCCGGGGCGTTTATTGTTC"	388	72.36
"GAGTTCGTAAATCACTGTTGGGTTGATCGCGGC"	388	72.41
"GAGTTCGGTTGGTCCCCGTAACGTCGACGAGTC"	388	72.46
"GAGTTCGCAAGAGATGAGGGACGTGTGGGCCGA"	388	72.50
"GAGTTCCGGTGTTTCGGCTGTTGGTGGCCAACC"	388	72.55
"GAGTTCCCTCTGTGGCGGCTTCATCGGGTATTA"	388	72.60
"GAGTTCATCGGGCCGCGCATGTGCCTTCGGGCA"	388	72.65
"GAGTTCAAGAGGCTTCGGTTTCTGTTGGCGCAT"	388	72.69
"GAGTTCTGCCCGGTCTGTCTATACGCACGTTGA"	387	72.74
"GAGTTCTCTCGGCGGCGTTAGTCGCTTAAGCGC"	387	72.79
"GAGTTCTATGACAGGGAGGGGCGCATCTGCCTG"	387	72.84
"GAGTTCGGGGGCTTAGATTTTCAGCCGTTTGGC"	387	72.88
"GAGTTCGATCGGGTTCAGAGCCAGGGGACAAAC"	387	72.93
"GAGTTCGAGGGTAGCCGCAGGGCTTACTCACGA"	387	72.98
"GAGTTCCACGGCGCGCTGTGTGTAAAATCCACC"	387	73.03
"GAGTTCACGAGGCCGACGGAGGGTTGGGACTGG"	387	73.07
"GAGTTCTTGGCTCCAGCATAGTGGTATGCACAA"	386	73.12
"GAGTTCTCTCGGAGGAAAAGAGTACCAGAGCCC"	386	73.17
"GAGTTCTCCGAGGAGCTCTGATTTGGTGGAGTC"	386	73.22
"GAGTTCTACAGTCCTTTAGGTCGATGTTGAGTC"	386	73.27
"GAGTTCGGGGGGCCATGTGGGCTCGACGGGATG"	386	73.31
"GAGTTCGGCGAGTCAGAGAGAGGCCTACAGCGC"	386	73.36
"GAGTTCGCAGGCTCGCAGGTCCGGGTATTATCC"	386	73.41
"GAGTTCCTATAATTCTGTATACTTCCGAGCGTA"	386	73.46
"GAGTTCAGGGGGCGTCGCAGGCGTGCTCGGCAG"	386	73.50
"GAGTTCAACCAGCGGGGCTGAGGGCGTGCTGCC"	386	73.55
"GAGTTCTTCCGGCCGTGACGGGTATCATCGGCA"	385	73.60
"GAGTTCTCTCGTCTTCTTTTAGGTAGGAAGACA"	385	73.64
"GAGTTCTATAGGTCCTGAGGATCTCAGTTGATG"	385	73.69
"GAGTTCTACGGTCGGCAACGGTTAAGTCAGAGT"	385	73.74
"GAGTTCGGAATGGGATAGGGTGGTTCGTTAAGA"	385	73.79
"GAGTTCGCGATGGCCTCGGACTGGGCAATTTCC"	385	73.83
"GAGTTCCTGTGCCTCCAGAAGGGATTGAGGCGA"	385	73.88
"GAGTTCCGCCAGTGGTCAAGTGTACGGCGCGTT"	385	73.93
"GAGTTCCCTCGACCACCGGCGGGACCCAGATCT"	385	73.98
"GAGTTCTTCTGGTTGCTAGGGGAAAGTTGGGAT"	384	74.02
"GAGTTCTCTATTCTCGTATGGTGCCTGCCTTGT"	384	74.07
"GAGTTCTATATCGAACGCTGTGGTTTTCCTAGG"	384	74.12
"GAGTTCGTCGTTGCTCTAGTATGTTTCTGTGCT"	384	74.17
"GAGTTCGCATATCGTCTCGGTTATTTCAATGGT"	384	74.21
"GAGTTCCTGGGGCCGAGCGTCTAGGGCTTCGCG"	384	74.26
"GAGTTCAGAGGATTTCTGTGTGTCGGCGTGCAG"	384	74.31
"GAGTTCTGGCCGTGCCGTTAGGGTGATATGCTC"	383	74.35
"GAGTTCTCGCGTCTGGTAGTGGTATGGGTGGCG"	383	74.40
"GAGTTCGCCGAAAGAGTCTGGGGGTGAGGGTAC"	383	74.45
"GAGTTCGAGACTACACGATGAAGCCTTGAGGGC"	383	74.50
"GAGTTCCTCTAGATGGTAGTGCGCTTCTCGATC"	383	74.54
"GAGTTCCGCTGGTGGCCATGACGGCTGTGCCCG"	383	74.59
"GAGTTCCATATTTCGCCTTAGGCTGTTCTCTGG"	383	74.64
"GAGTTCATCAGATTGAAGGAGTTCGGGGATGGC"	383	74.68
"GAGTTCTGTTGTTATCTTTACGGTGTCAACTCG"	382	74.73
"GAGTTCTGCGGCGTTCCGGAGTGTTGGAAGTGT"	382	74.78
"GAGTTCTAGGGGCGGTATGAAGGTGTAGGGTTC"	382	74.83
"GAGTTCGTTCTCTGCTTAGGTGGTAATGGGGTC"	382	74.87
"GAGTTCGCAACTAGGTGAAGGTGTCTTGGGTTC"	382	74.92
"GAGTTCGATACCCGGGGCTGTGAGTGAGGCGGC"	382	74.97
"GAGTTCCTCTCCCCTTGTATGAGCGGTTCGAGA"	382	75.01
"GAGTTCCGGTATCAGGGATAGCGAGTCGCCGCG"	382	75.06
"GAGTTCCCTATAGAGCCGTGAGGGGTGCTGCAT"	382	75.11
"GAGTTCCATAGGACTCGTTGCACATTGCGTTGC"	382	75.15
"GAGTTCACTCGGGTCGTTCCATGACGCCTGTCT"	382	75.20
"GAGTTCAACCGGCAGACTTAGGGAAATTTCATC"	382	75.25
"GAGTTCGTAGTGTTTGTCGAATATCGGTGGTCT"	381	75.30
"GAGTTCAACCGTGATTAGAGGTGGCCGCATTGC"	381	75.34
"GAGTTCTGGGTCTTACTGTAGTGATGGTAGGCC"	380	75.39
"GAGTTCTACCGGACCCGCAGGTTACCAAAGCGG"	380	75.44
"GAGTTCGTTGAATGTGTTCGGGCTATGCGGAGC"	380	75.48
"GAGTTCGCCTGTGGATCGGGTTGTTCGTTTGGC"	380	75.53
"GAGTTCGCCCTCCCGGGTGGTGTAACTGCGCCC"	380	75.58
"GAGTTCCTTAGTGCCCAGTCTTGGTCTTGGGCG"	380	75.62
"GAGTTCTTTAGTTAGGGGCCAAAGACTCCGCCT"	379	75.67
"GAGTTCTCTCGCCCGTGGTAGTCTGATGGTGTG"	379	75.72
"GAGTTCTCAGTATGTAGCAAGCTTCCTAGGGCA"	379	75.76
"GAGTTCTAGACGTCGCGACGTTCTCCCGGCGGG"	379	75.81
"GAGTTCGGTCGTTCTAGGTAGAGCCTTATGTGC"	379	75.86
"GAGTTCGGTCACGGAACCGGGGGCTCAGTCCGT"	379	75.90
"GAGTTCGGCGACGGGGCTAGTGTTGGGCGAACG"	379	75.95
"GAGTTCCTCATCACCGGTATCGTTCGTCATGCC"	379	76.00
"GAGTTCCGCCGATCGCACACGCTTTTTGTGCTC"	379	76.04
"GAGTTCAACAGGGCACCAGCGGATTTCAAGCTG"	379	76.09
"GAGTTCTCCCTGAGTCGGTAGGATGATTGCCTC"	378	76.14
"GAGTTCGGTCTGGATTAGGTTCGTAAAATCTCC"	378	76.18
"GAGTTCGCTTTAAAGCGCCGATTCTCCGGGGAC"	378	76.23
"GAGTTCTGATTGGCACCGCATTTCCGTTTTGGC"	377	76.28
"GAGTTCTCGCATGACGCTAGGCAAGCTGGGGGC"	377	76.32
"GAGTTCCTCCGTCGTGCGCGCGGTCTCTGGAGC"	377	76.37
"GAGTTCCACCAATTCTGTTTATCATCCGGTGGC"	377	76.42
"GAGTTCAATAAGGCGCGGAGACCCAGTGTGTGT"	377	76.46
"GAGTTCTGGTCGTCAGTCTGTAGTTAGTGTGCT"	376	76.51
"GAGTTCTGCAAGGGCTAAGTTGTACGGGTGAGA"	376	76.55
"GAGTTCTCGCGACGTCTCGTATGTTGAGTCGTG"	376	76.60
"GAGTTCTAGCGCAAACATTCCGGGAATGAGGAA"	376	76.65
"GAGTTCCGTCCGGGAAGGCGAGGACGAACGTTC"	376	76.69
"GAGTTCCATGGGTGTTGTGGTAAGCGCAGTTTC"	376	76.74
"GAGTTCTTATTGACTGGGAGAATTATGTTGATC"	375	76.79
"GAGTTCTCCAGAGGTATATGGTATGGAAGAATA"	375	76.83
"GAGTTCTAGATGTGCTAAGGTTTTTACCTATCG"	375	76.88
"GAGTTCGTGCGTGATAAAAGGTGTCGGCGCCGA"	375	76.92
"GAGTTCGGGGTGGGTTTTGTAAGCTCTCACAGG"	375	76.97
"GAGTTCAGGCGGTCCCCCCCGGGAATTTAGTGA"	375	77.02
"GAGTTCTGTTGGGTCGACGCACGCCCACTGGCC"	374	77.06
"GAGTTCTGATGGCCCCCCTTGCGTCGGTCGGGC"	374	77.11
"GAGTTCCTCCTTGCTGGCTGGTGCGTCTGGACG"	374	77.15
"GAGTTCTCGCGTGAGTCCTTGGGTTGGCTTGGA"	373	77.20
"GAGTTCGGGTGTGGGTCGAGGCGTCTGTACACA"	373	77.25
"GAGTTCCTCTTACGTGCACCGCATCAGTGTTTC"	373	77.29
"GAGTTCCATGGTTCAGCAGATGCTGGTACCTCT"	373	77.34
"GAGTTCATCCGGTATTGAGGAGTTAGGTGAAGC"	373	77.38
"GAGTTCTGCCTGTATTGGGTGGAAGGTCGGGAC"	372	77.43
"GAGTTCGGTACCGGTCTTCTTTGGCTCCCGTGT"	372	77.48
"GAGTTCGGGGACCGGTTTTTACTGGTTTCGCGC"	372	77.52
"GAGTTCCGTGAGGGCTCCCTGAGGTAACTTAGA"	372	77.57
"GAGTTCCGTCGTCGACGTCCGGCTGTCCGTGGT"	372	77.61
"GAGTTCATCCTGGACTTGGATCGTGCTATTTCC"	372	77.66
"GAGTTCTTGAGAGAGTATTTGTACTCGTTCGGG"	371	77.70
"GAGTTCTCTAAACAGTAGGGGCAGCAATGGGCA"	371	77.75
"GAGTTCGGTGGTTGCTCGTGTTGGGAATTGAGA"	371	77.80
"GAGTTCGGGCAGGTTTTGGGTACTGGTGAGTGT"	371	77.84
"GAGTTCGGAACTCTGTTGTGAGACCATGCGTGG"	371	77.89
"GAGTTCACAAAGGCGTCGTCGGGGTCGTCACTG"	371	77.93
"GAGTTCTGTCTGAGCTGTTGTATTTCACCGTGC"	370	77.98
"GAGTTCTGGGCGGACGGCTTTTCAATGTTATTT"	370	78.02
"GAGTTCTCGGGGCCCTCCTGGAAGCTGCCGGGA"	370	78.07
"GAGTTCTAGTTTTTACCCCTGGCTACGCTCGCC"	370	78.11
"GAGTTCGTTGAGGTTTCGTGCCCCCTAGGAGGG"	370	78.16
"GAGTTCAGGAGAGCGTAATGTTGGGCGGACTGG"	370	78.21
"GAGTTCGGTCGGCGGGTTTGGAGACACTGTTGA"	369	78.25
"GAGTTCGGCTGCGCTTCACGGTGCCTGCGCTCG"	369	78.30
"GAGTTCGGCCAAGCCCTCGGGTTGCCAATTCCG"	369	78.34
"GAGTTCGCACGGGCCTTCCGCGCAGAGTGCCCG"	369	78.39
"GAGTTCGATCAGGCTCCGGGGCGTCCGCGGGCT"	369	78.43
"GAGTTCCGTAGCAAGCATTGTGGGCGCAGGTTT"	369	78.48
"GAGTTCCCTGTCGTTTGCGTGCTCAGAATACAC"	369	78.52
"GAGTTCACGGGGACCAGTGGGTGCGGAGTGTCG"	369	78.57
"GAGTTCTTTAGACGCTGTATGGGTCAATGGTAT"	368	78.61
"GAGTTCTGTTTCCCCGTGGCTCGCTGGTGGTGT"	368	78.66
"GAGTTCTGCCCGGCGTCTTGTTATTTGGGCTCC"	368	78.71
"GAGTTCTGATGGTTGTCGTCGGCGTCAGCGATC"	368	78.75
"GAGTTCTAGACACCGGACTGGCGACGGATGAGA"	368	78.80
"GAGTTCGGTGTGCAGTGCGACTTGTCGAGGGGC"	368	78.84
"GAGTTCGGTCATCGTGCCTGGGCGACATTGCGC"	368	78.89
"GAGTTCGCAGAAACCCATTAGCGATTTTGGAAG"	368	78.93
"GAGTTCAAATGTTCCCCTTTGCCAAAGCCAGGG"	368	78.98
"GAGTTCTACTGGTCGCGGCAGGCCCCTGGTCTC"	367	79.02
"GAGTTCGGTCGGAGTATATCGGGACGTATGTTT"	367	79.07
"GAGTTCAATATGCACTCTCTGTTCTTGGCCCAG"	367	79.11
"GAGTTCTGTAAGGTCCGGGGGGGCCTAGAGCGG"	366	79.16
"GAGTTCTGGTGGGGAGCGGCCGCGCCGAAGTCT"	366	79.20
"GAGTTCTCTACTTATTGCGTTGCGCCGCTCGAG"	366	79.25
"GAGTTCTCGTTGATGGGTGGGTGGCACCTGTAC"	366	79.29
"GAGTTCGGCAGGGCAGGTGGTATCAATCTACCC"	366	79.34
"GAGTTCGCCACTTCGGATCATCGGTGCGTTGCC"	366	79.38
"GAGTTCGAGGGGTATTGGCGGGATCAATCGGCG"	366	79.43
"GAGTTCGAGCGGATTCGGAGTTAATGTCCACGC"	366	79.47
"GAGTTCCGAGGTCTTTCGTGATCTGTTTTGCTC"	366	79.52
"GAGTTCTTGCGGGTCTTGGACTGACGGCGCTGC"	365	79.56
"GAGTTCTGGCGCGATTGTTAGCAGTTCGTCTTC"	365	79.61
"GAGTTCTCGCGGCCGGTGTGGGGAGTATCAAGA"	365	79.65
"GAGTTCGGGAGTGACCCATAGGTAAATGGGTCC"	365	79.70
"GAGTTCGCTCAAGTACGGTCGGGTTGAAGGGCC"	365	79.74
"GAGTTCGCACGAATCGGCCACGCAGAGATTCGC"	365	79.79
"GAGTTCTTGCTTTCCTTTTTCAATGGTGTTAGG"	364	79.83
"GAGTTCTGTAGAGTTGCGAGGTTTGGTCTCTTC"	364	79.88
"GAGTTCTCGGTCGGCTAGGTTGTGCTTCAAGGC"	364	79.92
"GAGTTCTCCCCGGCCGAGGAATCTCGACCAGGA"	364	79.97
"GAGTTCGTCTGGCGCTTCGGAGTGTTGTCAACG"	364	80.01
"GAGTTCGACGGCGCTGCCTTGGGTTCGATTGAC"	364	80.06
"GAGTTCCTCCTGGCCCGTCTTTGCGAATCGGCG"	364	80.10
"GAGTTCTCCGCGCAGGAGGTGGCTCGGGGTGTC"	363	80.15
"GAGTTCGACCGGGGGGGCGAGAGGGTAGCGTTA"	363	80.19
"GAGTTCCACGGTCGGCCGTCGACTGTCTATCTC"	363	80.24
"GAGTTCATTTTCCAGCGTGGCCATTGTTAATGG"	363	80.28
"GAGTTCTGCGATCCGTGTGAGCTTCGGCCCGCA"	362	80.32
"GAGTTCGCGCTGACTGCGTTTGGGGTTCGGCAA"	362	80.37
"GAGTTCGACAGGACGGGGAGACTTTCGCTAGGG"	362	80.41
"GAGTTCCCCTGTGGGTCTTGAGTTGTTAGGTGC"	362	80.46
"GAGTTCAAACTCGTATCGGTACAATCTCGCTCG"	362	80.50
"GAGTTCTCGTTAGTGGTGGAGTAGCGTGTACTC"	361	80.55
"GAGTTCGCGCGACTGTAGGTAATGGCGCTGGGG"	361	80.59
"GAGTTCGCCTGGGCGTACGCGCTGCTGTGGGGA"	361	80.64
"GAGTTCGAACAGCCCCGTGTGTGAGGCGCGACA"	361	80.68
"GAGTTCCTAGTATGACGTTCTGTTGCTGTGTCC"	361	80.72
"GAGTTCTGCGTAAAACCAAGGGGGTGGTGGTGA"	360	80.77
"GAGTTCTATGGGCCCTGTAGGGTCCGTCTGGTC"	360	80.81
"GAGTTCTAGTGAAATTGGGGACCGCTGTGGCCC"	360	80.86
"GAGTTCGTAAGAAAGCAGTGGGAGTACTCGTAG"	360	80.90
"GAGTTCTGGTAGTAGCTGCTGTTGGTTCGACGC"	359	80.95
"GAGTTCTATCCAGGCGGAGCGTGTTATCAGGTC"	359	80.99
"GAGTTCGTGCTGCACCCGTAAGGTGATCGACGC"	359	81.03
"GAGTTCGTACCAGGCGCCTGTCCGGGATCGCCA"	359	81.08
"GAGTTCGCTGGCGTCGGTCTTTTACGAATGATC"	359	81.12
"GAGTTCGAGTTGCGTCGGTCGGGGGGTATGGTG"	359	81.17
"GAGTTCTATTGGCAGTAGTGGGAATGCCACGGA"	358	81.21
"GAGTTCTAATGTCTCGGGTCGGCGTTACGGTTG"	358	81.26
"GAGTTCTAACGGGAACATTAACGGTAAAGTTTC"	358	81.30
"GAGTTCTAAAGGCCTTTCGGGAGCTCCCTGAGA"	358	81.34
"GAGTTCGGTCGGCGTCTGATGGGGAATATGAGG"	358	81.39
"GAGTTCGCCCGGACGACGAGCCTGTGTGGTTCA"	358	81.43
"GAGTTCCGGAGGTAAAGAAGGGCCGTTCGGTGC"	358	81.48
"GAGTTCTGCCGGCGTGGTGAAGACTGCTAGTTC"	357	81.52
"GAGTTCTCGTTGTCGCCTTAGCGTCGGAAGACT"	357	81.56
"GAGTTCTATCAACGGGGTTGGGGGCCAATTATG"	357	81.61
"GAGTTCTAGCTGACCCAAGTGGGTCGCTGGTTG"	357	81.65
"GAGTTCGGATGGCGGTGTAGGCCATGACAGTCG"	357	81.70
"GAGTTCGCAAATCTCTGCCATTGTGTGTAGGAT"	357	81.74
"GAGTTCCGCGCCGCAGGATGTCTTGGTGCCCTC"	357	81.78
"GAGTTCATAAATCGGTTGAGATGTTGTCGGAGC"	357	81.83
"GAGTTCACTATGACTTTCGCCGGTCCATGGGCC"	357	81.87
"GAGTTCGTAAGTTTACAGTGAGGATATGCGGCG"	356	81.92
"GAGTTCCACTATTTAGCCTTGGGTTGGACGTCC"	356	81.96
"GAGTTCTTGTTGTTGTTAGGTGTGTTGAGAGCG"	355	82.00
"GAGTTCTCTCGGGTTATTGGGGCCTTAGCGCGG"	355	82.05
"GAGTTCTCTCGAGAGATCTGGATATTCAAAGCG"	355	82.09
"GAGTTCGTCCAGGCCGCCGGCGGGCCTCGGGTA"	355	82.13
"GAGTTCGGCCGGTGGTAAGGGGGGAGTCCATCC"	355	82.18
"GAGTTCGACCTGGGAAAATTAGGCTTGCCTTTG"	355	82.22
"GAGTTCTTCCGTCGTTTTCGGAGGGGGGTTAGG"	354	82.26
"GAGTTCTGGGGTTGCACTCGGTAACCGCGGAAT"	354	82.31
"GAGTTCTCGGGCAGGTTTTGGTAATCGGATCAC"	354	82.35
"GAGTTCGCCTGGTACATATTGTGGCGCTGGGTT"	354	82.40
"GAGTTCGAGCAGGGCTCGCCGCTGGCGTTAGGT"	354	82.44
"GAGTTCATTAAATCTCGGTGCCAAATGCGGTCC"	354	82.48
"GAGTTCTGTTTGACACAATTCTGGGGCTCTGAC"	353	82.53
"GAGTTCTGCATCAGTGCACCCTAGCTCATGGGT"	353	82.57
"GAGTTCTATCTGTTGACGAAGGCTTTTCGGGCG"	353	82.61
"GAGTTCGTCGGTTGAGGAGGAGGTTGTTGAACC"	353	82.66
"GAGTTCGCAGCTCGAGGGCTGTGGGATTCGAAC"	353	82.70
"GAGTTCATGGGACGGCAGGTCTTTGGTAAGCCC"	353	82.74
"GAGTTCTGGGTCGACGCATTCTGTACGCCAGAC"	352	82.79
"GAGTTCTCCAGTGGGTCCTGGTCGTCATGCGCC"	352	82.83
"GAGTTCGATTGATAGGTTTAGACATCTGGAACC"	352	82.87
"GAGTTCGACCGGTAGGGGGGGGCAATTGGCTTT"	352	82.92
"GAGTTCAGGCAGTACCCCTTCGGGGTTGGGACC"	352	82.96
"GAGTTCTGTTGTGGTGGACCCTGCTTTCGCCTC"	351	83.00
"GAGTTCTGGGTTACTTCTTGGTGTCTCCGTCTA"	351	83.05
"GAGTTCTCTGAGGCGAGGAGTTGGTGCTTGTGG"	351	83.09
"GAGTTCGGCTTTAGCGCGGGATGTCTCTCTTCG"	351	83.13
"GAGTTCAGGGCGTCTCTTCTGCTCGGTCGTGGA"	351	83.18
"GAGTTCTCGTATGGTTGGTGCTATTCTATGAGC"	350	83.22
"GAGTTCGTATGGGGATTCAGAGGGCTACGGGTT"	350	83.26
"GAGTTCGGCCGCTCAGCGTGGGGTGGTGACAGG"	350	83.31
"GAGTTCGCGCGCGTCGCAACTTTTTCGTGGTTG"	350	83.35
"GAGTTCCATTTGTACTATGGTTGGCTACCCCTG"	350	83.39
"GAGTTCAGAGCTGACATTGTCTCTCGTATTGGA"	350	83.43
"GAGTTCACGTGGGAGTTTGAAGGACCCACGATC"	350	83.48
"GAGTTCGGTTGGTCAGGAGAACGACAGCTCCTT"	349	83.52
"GAGTTCCTCGTCATTGTGTCGAGGTGTGGCCGC"	349	83.56
"GAGTTCCCGATGCTTAACTCTTGCGACGAGGTG"	349	83.61
"GAGTTCTGCTATGTCGCCGGTCTGAGTTCCTGA"	348	83.65
"GAGTTCTCTTATGATTTTAGGGTAATACTACGC"	348	83.69
"GAGTTCGTCTCTTAGAGTGGGGGGGCGATACGT"	348	83.73
"GAGTTCCGACGTCTGTATTCGCATGCGGCCATG"	348	83.78
"GAGTTCATAGATGACGGGGTGAGGGCACTCAGC"	348	83.82
"GAGTTCTTTCGGCCGCATGACGGGGGCCGGAGG"	347	83.86
"GAGTTCTCCTTGCGTATGCATGAGGCGTGATAT"	347	83.91
"GAGTTCGGTGATCGGCTGTCGTATGGTGGGTCC"	347	83.95
"GAGTTCGCGGCTGTACTTTGGCCGCGGCTACTT"	347	83.99
"GAGTTCGCACGTACGTGGAGGGGATAGTTGGCC"	347	84.03
"GAGTTCGCACGAGTTTAACAATGGCCGAGGTCC"	347	84.08
"GAGTTCCTGGAAAATTGCGTCGTGTGTTGTTCG"	347	84.12
"GAGTTCCAAGCGTAACATTGGGGCAGGCGGCAG"	347	84.16
"GAGTTCGCCCGTGCATTAAGGGAGGGAGCGCCC"	346	84.20
"GAGTTCGAGCGCAAACCCGGGTGCGGGCGATTA"	346	84.25
"GAGTTCCGGCGTTGGTTAGGAGTGTGTACGCGT"	346	84.29
"GAGTTCCCTGGTGTTAACTCTTGCGTGTTCCCT"	346	84.33
"GAGTTCTTGCATGCTGCTTGTGGTCGCCCGGGG"	345	84.38
"GAGTTCTGGTGGGGGGCATGCTGCGTGCTGGCC"	345	84.42
"GAGTTCGCTCATGGCACTGGGTGAAGAGAAATT"	345	84.46
"GAGTTCCATTGGCAGGGGTGGTGGGATCGGCGG"	345	84.50
"GAGTTCTGGCGGCTGCAGTCTGACCGGCTGGGC"	344	84.54
"GAGTTCCGCATGTATCTTCAAGAGTGGCGCTGC"	344	84.59
"GAGTTCATATTAGTCTAGCCGGTTCGTAGGTGC"	344	84.63
"GAGTTCTGAGAGGGGCATACGAGGACGAGATCC"	343	84.67
"GAGTTCTCTGTAGGAGTGTCGGGGCTGGCGCGG"	343	84.71
"GAGTTCTCGTGGGTGTCGGGGGATGGTCGTCGT"	343	84.76
"GAGTTCTCGGGGTCAACTGGATTTGCGACATGC"	342	84.80
"GAGTTCGGTAGTATGCTGGGGTCGGGCTTGTGG"	342	84.84
"GAGTTCGGCCGGTGCCGCCTCGAAACGGAGCGT"	342	84.88
"GAGTTCCTTTAATCGTTGGTACCCCGATGCAGA"	342	84.92
"GAGTTCAGACGCTGGCCCTGGTAGGGGTTGGTT"	342	84.97
"GAGTTCACATACCTTTTTTGAGGAGTGGGCCCC"	342	85.01
"GAGTTCTACGGTAGTCCTTTACATGAGCGACAG"	341	85.05
"GAGTTCCGTACGCGTGGGTCGCGCCCCAGCAGA"	341	85.09
"GAGTTCCCTCTTGATAACGCTCCACATGCGGGG"	341	85.13
"GAGTTCTTATGGCTCTTACCGTTGAGTTTGCGC"	340	85.18
"GAGTTCTGTAGGCCGCGTGGGTGCTGCCGATTC"	340	85.22
"GAGTTCTCGCATACTCCAAGGTGGATTGGATGC"	340	85.26
"GAGTTCTAGGCTGGGATAGCGGGCGCCCGTGGC"	340	85.30
"GAGTTCGAGTGGTGGTCTGGGGATTTGCGAGCA"	340	85.34
"GAGTTCCCTGAGTTGTGGTCGCGGGCAGATCTC"	340	85.39
"GAGTTCACAGGGGTCGAGCGCGGGTAGCCTACG"	340	85.43
"GAGTTCTGTCGTACGTGATGGGCGCCTCTTCCG"	339	85.47
"GAGTTCTGTAGTTAATGCGGACGGATTCGGGTC"	339	85.51
"GAGTTCTGCCAGCTCGTATGGAGTTGGGGCGGC"	339	85.55
"GAGTTCGTGCGGTTTCTCACGTAGGCGCAGTGG"	339	85.59
"GAGTTCGGGCAGCATATGGGGTGGCGTCCGGGC"	339	85.64
"GAGTTCCTGATGTTGTCGGAAGTCGCGTAGGGC"	339	85.68
"GAGTTCTAGCGTAGCCGTTGGGTGGGTACATCA"	338	85.72
"GAGTTCGGCCTAAACGACCGACCGCATCTTACG"	338	85.76
"GAGTTCCACCCTGTGTGGGGGGTTCTTCGGGCC"	338	85.80
"GAGTTCGGTTGAGGCCGGAGGCTGGGAGTCCGC"	337	85.84
"GAGTTCCTGCCCTCCAAAGGAGTTCGTGCAGGA"	337	85.89
"GAGTTCTCGCGCATTATTCAGCATTGAGGGGTC"	336	85.93
"GAGTTCTCACCGCCATGTTCCTGCCAGTGATTC"	336	85.97
"GAGTTCTAATCCGTGCGGGATTGAGCCTCCTAT"	336	86.01
"GAGTTCGAGGCTTATTGAATACGGTGCAGGTGC"	336	86.05
"GAGTTCTCGCCAGGCCTGTGATATCTAAAGTCC"	335	86.09
"GAGTTCACACTCTGACTTTCACTAGCTGCGAGG"	335	86.13
"GAGTTCTGTATACACTTGCAGCTACCTGTCTCC"	334	86.17
"GAGTTCGGGCTTGATGATACAGTCTGTGCCGAT"	334	86.22
"GAGTTCAACCTGCTGATGGGCGCGTAGAGGACT"	334	86.26
"GAGTTCTGTCCAACAGCCTGGTTCATGCTAAGC"	333	86.30
"GAGTTCTGATGTCGTGAGCCAGGTCCTTCTGGC"	333	86.34
"GAGTTCTCTTGGAGGGTTACCACAGTACGTTTG"	333	86.38
"GAGTTCTCCGCTCAACACCTGGCCTGCCGGTTC"	333	86.42
"GAGTTCTAACGGTATGGATCGGGAGTATTCCGG"	331	86.46
"GAGTTCGTTCGGTGTCGATGTGGTTATGGGCGT"	331	86.50
"GAGTTCGATTGGCGCTGCCCGTTCTGTTGGGGG"	331	86.54
"GAGTTCCGTCATGGTATTGGGGGCGGGCGTTCA"	331	86.58
"GAGTTCTAAGGGTGTCGTTCTAATGTCGTGGGA"	330	86.62
"GAGTTCTAACGCAGGCCTTATTAATGTATATCG"	330	86.67
"GAGTTCGGGTTGCCTGAGGTGGCGGGGGTCGCC"	330	86.71
"GAGTTCGGGCTCAGTAGCGGGGACGATTCGACC"	330	86.75
"GAGTTCCAGTCGTCGCGTAAGCGCCGGAGGGGC"	330	86.79
"GAGTTCTCTCTGCTGGATGGTCCGTGGGTGTTT"	329	86.83
"GAGTTCTCATGTCAGTTTCGGGTATGTCCGTAC"	329	86.87
"GAGTTCCCAGATAGCACTAGGGCTGCACAGTAC"	329	86.91
"GAGTTCTGGTGGTAACCGATACGACGTCCATCA"	328	86.95
"GAGTTCGTCCGACAACTTGGATGTAGAGGGCGA"	328	86.99
"GAGTTCGAGCGCTGCCGACAGTGATACGGATGA"	328	87.03
"GAGTTCGACTTGGGGCAATCCGATCGCCTAGGT"	328	87.07
"GAGTTCCGACTGGACGTGGCTCCGGATTGGCTC"	328	87.11
"GAGTTCGGTGGGACCTGTTGTTAACGTCGGTAG"	326	87.15
"GAGTTCGCTCGGTACTTGGTTCAGGATTGGTGT"	326	87.19
"GAGTTCGCGTCAGTAGTTTGTGGGCGTCCGCTC"	326	87.23
"GAGTTCGAAAGTGTCGCTTTTACAGGAATGGGA"	326	87.27
"GAGTTCTCTCTGAGGGCATGCGTAAGTTCTGCC"	325	87.31
"GAGTTCGTCTGCTCTCGGAGGCTCGCTGGTCCG"	325	87.35
"GAGTTCCTCCGCCTTCCACGGTCCGTTCGGGGC"	325	87.39
"GAGTTCCATACGGCATGCTGGGGGCTCTGGGTC"	325	87.43
"GAGTTCTGGCGATGGTGGTCGAGTTCTCTGGTT"	324	87.47
"GAGTTCTGACGAATCACGAGCCGCCATGTTCTG"	324	87.51
"GAGTTCTCGCGGCTTGGATGGAGTTTCGCGGGC"	324	87.55
"GAGTTCTAGGGTCATCCTCCTTCTTCTCTGGTA"	324	87.59
"GAGTTCGTTTGACAGTATAGAGTCTACTAGCTA"	324	87.63
"GAGTTCCTGAGTTACAATTATAGCAGCAGGCGT"	324	87.67
"GAGTTCCCGTCGGTGGTACTGGTATCGTCAGTC"	324	87.71
"GAGTTCTGGATTTATCTTATGGGGACGGACTTC"	323	87.75
"GAGTTCTCAAGCTAGTTGTTGTATGGTGGGGCC"	323	87.79
"GAGTTCGCTCGCAGTTCCATTTAGCAGTGCGGA"	323	87.83
"GAGTTCGCCCGTTCTAGTGAACGGTGCAGGTAC"	323	87.87
"GAGTTCTTCGTAGATTCAAGGAAATTGGCGGCC"	322	87.91
"GAGTTCTTAAAGGTGTACTGGGGTGCCCTGGGT"	322	87.95
"GAGTTCGGTATTCGCGTTCGGTAGTCGTCGGCG"	322	87.99
"GAGTTCGTCCCCCTGCAATTACATGGGAGCCGG"	321	88.03
"GAGTTCCCTGGGTAAGACGGTCGTAGCAGGTTT"	321	88.07
"GAGTTCCATCGTCTCCTTCGTCTAGTGCTCAGA"	321	88.11
"GAGTTCTCATCGCATCTGTCGGTAGGGTTAGGC"	320	88.15
"GAGTTCTATGGAGCAGGTAGGGGTTTTCTTTGA"	320	88.19
"GAGTTCGTACGGTCATACGGGGTGTGCCAAGTG"	320	88.22
"GAGTTCATGTGGCAGTCTGGGTGGCTCTAGGAA"	320	88.26
"GAGTTCTGCCGGTTAGAGTGGATGGCATTGCAG"	319	88.30
"GAGTTCTAATTGTGAGTGCCGGATGTGTCTGCG"	319	88.34
"GAGTTCGTGGGCCTCCGCTGTCCTATCAGGTTC"	319	88.38
"GAGTTCGACCGAGTCGAATTAAGTTTTCAGATC"	319	88.42
"GAGTTCGAAAGGAACCAACTAGGCGGCGTCAGA"	319	88.46
"GAGTTCTCGTGCCAGGCTTATCGGGTCCCTGTA"	318	88.50
"GAGTTCGTCAGGGGCTCGTGGTCTCATGGTATG"	318	88.54
"GAGTTCCGGCGCTGGAGTCTGTCAGGCGGAGGA"	318	88.58
"GAGTTCAAAGGGGGACGGTGGCTACATTTGAGC"	318	88.62
"GAGTTCTGGAGGTCGCGATGAGGGTTGGTTTGC"	317	88.66
"GAGTTCTGCGGTCCCGGGTGAGATTAACCGTGG"	317	88.70
"GAGTTCGTAAGAACAACTGTGGGGCTCCGAGGG"	317	88.73
"GAGTTCGGTGCGCAGGGGCTCCTGCCAGCACAC"	317	88.77
"GAGTTCAGGTGTCTGTGAGGATTATCCGGAGCG"	317	88.81
"GAGTTCAGAGGAGTCAACCGGGTACGCTACCCC"	317	88.85
"GAGTTCTATTAGGCACAGTAGGGTGAGCGGTCA"	316	88.89
"GAGTTCTATAAGGCTCCGTGCGTCTGTTCGGGC"	316	88.93
"GAGTTCGTCGAGTAGTTGTCTGAACGAGGAGCG"	316	88.97
"GAGTTCTCGTTCATCTCTGCGCGGGGGGGGAGA"	314	89.01
"GAGTTCGTGCGGGACAAAGGGTGATTTTGGTTC"	314	89.05
"GAGTTCCAACAGCTAGAATGGACTCAGGCGTGC"	314	89.08
"GAGTTCTGAGGGCTTCGGTGTGCACTTTGGTAT"	313	89.12
"GAGTTCCTGCGATGGAGTGGCCCGGACTCCAGT"	313	89.16
"GAGTTCACGTGGTCAGGTTCCAGTTGGGATAGC"	313	89.20
"GAGTTCTGCACAAGGGGTCGTCGACGCGCCTGT"	312	89.24
"GAGTTCCCGCGTCAGTGCAAGGGGGGGTCATTC"	312	89.28
"GAGTTCTCTCGTGGTCAGGTGCTTAGTTCATCC"	311	89.31
"GAGTTCTACTGAACGCCAGGAGATGGCCGGGTC"	311	89.35
"GAGTTCTAACTGTGGCCGTGAGGTCGGTCATCA"	311	89.39
"GAGTTCGTCGGCCGTGTCGACGAAGGTATGCAC"	311	89.43
"GAGTTCGAATGTTCAGCGGCCGGTGCATATAGA"	311	89.47
"GAGTTCTGTCAGCACCTTTTGGATATTGCGTGG"	310	89.51
"GAGTTCGTGTGGATTACTCAGGGCTATGGGGCC"	310	89.54
"GAGTTCGCCCGGTCTCCCTTATCAGCATGGTTC"	310	89.58
"GAGTTCTTCTTACGCCCGGGGGTGTGGGAGTGG"	309	89.62
"GAGTTCCGGTGGGACCACGGGTACCCGGCGGCC"	309	89.66
"GAGTTCTTTGGAGGCCATGGGTCGAGGGCGTTA"	308	89.70
"GAGTTCGGTCGGTGGCGTGGGCGGTCGTTTTTT"	308	89.73
"GAGTTCGGGTCCGTGATTGAGGGAGGATTCAAA"	307	89.77
"GAGTTCTGCCTCGCGCCAAGGTCGACATTCTGC"	306	89.81
"GAGTTCGACCGAGAGCGAGGCGGGTGGCCGCCG"	306	89.85
"GAGTTCTCGCGAGGCTACAGGAGTTGCCGTCGA"	305	89.88
"GAGTTCGCCCAAATGTCCTCCCGTCGTACGCCT"	304	89.92
"GAGTTCGCAGTTCATGTGAGGGGATGTCTGTCG"	304	89.96
"GAGTTCCCTCGGGCTCTCGGAGGACGAGCGGCT"	304	90.00
"GAGTTCGTTGCGGGCAACGTCCGTTAGCACCGC"	303	90.03
"GAGTTCCATCCAGAAGTGTGTGCGCTTCTGGAG"	303	90.07
"GAGTTCTATCGGAGGCACTGGCACTGGCGACTG"	302	90.11
"GAGTTCGTTCTGTCTGACCTCTGTCCTAGGCTC"	302	90.15
"GAGTTCGTACGTCCGAGGGGAGAACCTCGGACT"	302	90.18
"GAGTTCGTACGGCAATCGGAGGAGGTCTAGGGG"	302	90.22
"GAGTTCCAGTGTCCAAGTCGACCTATCATTCCG"	301	90.26
"GAGTTCAGGTAGTTCTCAGTCGTTCCGCGGAGC"	301	90.29
"GAGTTCTTAGGGGGGCTCGGAGCGGATGGGGGG"	300	90.33
"GAGTTCTGATGGATTGTCGGATGTCACACGCAA"	300	90.37
"GAGTTCGTGGGCGTTTTCACGTGCAGCGGGCGT"	300	90.41
"GAGTTCCGGTAAGGGCTTCATGCATATTGTTCC"	300	90.44
"GAGTTCCCCCGGGAGTATTATTATCTCATGGCG"	300	90.48
"GAGTTCAAGGGTCCGGCATGGTATTCATGCCTT"	300	90.52
"GAGTTCTGTAGTTGCTCGTCGGTGCATGGTTCT"	299	90.55
"GAGTTCGGTCAGGCGGATATGTCACTGGTGAGT"	299	90.59
"GAGTTCAATTGTTAACCTAGCTTGGCGATGTCT"	299	90.63
"GAGTTCTGTCTGTGGTGTCGTGGAGAGCAGAGC"	298	90.66
"GAGTTCTGTACTCTGTCCTGAGCCGTCCTGCCA"	298	90.70
"GAGTTCGGTCGGCAAGGGTGATGGTCTAGCTGG"	298	90.74
"GAGTTCGCGGCACATGGGGCATGGTGTGGCTCA"	298	90.77
"GAGTTCCATCCTTCCCTCTGAGGGTCCTTGGCC"	298	90.81
"GAGTTCCGTGTCTGGTTTCTCGAGGGGATTTTC"	296	90.85
"GAGTTCTTGTTCGTGTGTCGTGTAGCCGCATTA"	295	90.88
"GAGTTCTATCAGGCGCAAAGCGGCACGCTGCTC"	295	90.92
"GAGTTCTCCGGTTCAGTTGGCGGGCTGGGCAGA"	294	90.96
"GAGTTCGACGTCGCGAGAGCCCTACGGTGCGTG"	294	90.99
"GAGTTCTGCTCGGATGGAAGGCGACCGTCAGGG"	293	91.03
"GAGTTCTAGCGTCCCGATTGGGGATCTTAGAGA"	293	91.06
"GAGTTCTGGTCCCGTGGCTTAGGTCCACGGGCC"	292	91.10
"GAGTTCAAGGTGAGGTGGTAAGTCCTATGGGCC"	292	91.14
"GAGTTCGGCATAGGTGTTGGCCCCCCAGTGAGA"	291	91.17
"GAGTTCGAACGGCGGCTCGGGTTCGAGGGGGCC"	291	91.21
"GAGTTCTCTAGTTCCTATTGGCGTATCGGAATC"	290	91.24
"GAGTTCCGATTCTAATGAGCTGGTGTCTTACGT"	290	91.28
"GAGTTCAACCCCCCGCTGTGGGCCTCACATATT"	289	91.31
"GAGTTCTCCGTGTTTTCTTGCCCTCAGTTTAAC"	288	91.35
"GAGTTCGGCCGGGTCCTTGGCTCCTAGCCGCCC"	287	91.38
"GAGTTCGACCGTTGCCGGGCACAATTTATTCTC"	287	91.42
"GAGTTCAGGGCCTAATTTTGGCGTGCTAAATAG"	287	91.46
"GAGTTCTTAATCCTCTAATTATAACGTCGATAT"	285	91.49
"GAGTTCCATTGTTACGATGGGTGGGAGTGGCTC"	285	91.53
"GAGTTCTTTCGCGCCGCGAAGAGTTCGGGGCCC"	284	91.56
"GAGTTCGGTCAGCGTTCTAAGTGAAACGGGTTT"	284	91.60
"GAGTTCCGCGTTCGGGCTCGGCCGTGTTACGTT"	284	91.63
"GAGTTCAAACGAGATGCTCGAAGTGTGAGGTTG"	284	91.67
"GAGTTCTCGCGTTGACCATGATGGTATAGACCT"	283	91.70
"GAGTTCGCTCGAAGGTAGGGGTGTTTGGTGTCG"	283	91.74
"GAGTTCAGATGGGTCCGGCGATACGGTATACCG"	283	91.77
"GAGTTCGTCTGGAGCTCAAAGCCTAGGAATCAG"	282	91.80
"GAGTTCCCGGCTCCCCCCTTACGGCTGGGGCTT"	282	91.84
"GAGTTCTCCGGCCGGCCGCGGTGCGGGTATGTC"	281	91.87
"GAGTTCCCAGGGACGACTGAGGGACGTCTGTGC"	281	91.91
"GAGTTCACGACGCTTCTCTGCGTGGTTGTTATC"	281	91.94
"GAGTTCAATCGTCATGGCCTGGGCTCGACCGGG"	281	91.98
"GAGTTCTTTTTGCCGTGCTATTCAGCCCGAGTG"	280	92.01
"GAGTTCTTTCGGCTGGTTTAACGTTCTGTAGCC"	280	92.05
"GAGTTCTACGGGGAGCGTTGGGTTCGAATATAT"	280	92.08
"GAGTTCGATGGGTAGGGCTCAATTGGGACGATA"	280	92.12
"GAGTTCGAGCAAGGCTGAGAAGGTCTGGAACGC"	280	92.15
"GAGTTCACCCGGCCGGGGTGAGGTCTGCTTGCA"	280	92.18
"GAGTTCTGGACGCGGCGTTCATCGGGCGGGCGT"	279	92.22
"GAGTTCTCCTGGCAGGTGTCAGATCAGGCGACG"	278	92.25
"GAGTTCTGCGGGAGCAGTGTATTCTCTCTGGGA"	277	92.29
"GAGTTCTACCGGCACCCGTGTTGGTGCGTGGCC"	277	92.32
"GAGTTCGGCCGGTGTCCCTACGGCCGAAGAGTG"	277	92.36
"GAGTTCGGAGGTTCACCTCCACTCCCCAGTGCT"	277	92.39
"GAGTTCAGGGACGGAGGGGAAGCGTATTAGACG"	277	92.42
"GAGTTCAACTGTCTGGGGTCGTCATTCCGTTTG"	277	92.46
"GAGTTCGGTCCGTCCTCCTACAGGTTTGTCAGT"	276	92.49
"GAGTTCGACCAAAAGCTATGAGCAGACCCAGTA"	276	92.53
"GAGTTCTTGCCTCAGATGGTGGGTAGCGGTAGC"	275	92.56
"GAGTTCTATAGCCACCGATCGCTGAGTTCTTGG"	275	92.59
"GAGTTCCTCCAACGCGCGGTAATTGTCATCGTT"	275	92.63
"GAGTTCTCCGGTTCGTGGTGGACGAGGCAGACC"	274	92.66
"GAGTTCGGGACGGCAGCTGGTCGTCTGTGGGCT"	274	92.69
"GAGTTCAGCCGGACGTCGGCGTAGCGGCGCCTA"	274	92.73
"GAGTTCACCGATTGGCCTTTTGGGAGGCCACGC"	274	92.76
"GAGTTCCAGCGGAAAAGCCGGTTTCATCACTGT"	273	92.80
"GAGTTCGGCAGTCACCTTTGTCCGTGCTGGGTC"	272	92.83
"GAGTTCAGGCAGCAGGAGGCCGGTCACAAGTAA"	272	92.86
"GAGTTCAGCGAGAGGTCTAGGTCCGGTAGGCTA"	272	92.90
"GAGTTCGGCGCGCCAGTAGAAGGGGCGTTAATT"	271	92.93
"GAGTTCGCATGAGGGCCAGGTGACCGCGGGCGC"	271	92.96
"GAGTTCCTTCGGTCTTCGGGTATATCTAGGCAT"	271	93.00
"GAGTTCCCAAGAAGTTCTGTGTCATTCCGGGTC"	271	93.03
"GAGTTCAGGAGACAGGGCGTTACAAAATGGCGC"	271	93.06
"GAGTTCTTGCCGTTGGGGGGCTTGATGTCCCGA"	270	93.10
"GAGTTCTGGCACCTGCAGAACGGGCTCGAGGCC"	270	93.13
"GAGTTCGGAAACAAGCCAAAGACCCCTAGCGGC"	270	93.16
"GAGTTCCCCAGAGCACTGTTGAGTCACGTGCCA"	270	93.20
"GAGTTCTCAAGTCGTTTTTTCGTGGCTTTCTCC"	269	93.23
"GAGTTCGGTGGGGCGGCAGAGTCGGCTCGATCC"	267	93.26
"GAGTTCTGTAGATCCTGCGCAATAGGGTAGTTC"	266	93.29
"GAGTTCTCCAAACTCGTGTAACGTTAGCGGAAC"	265	93.33
"GAGTTCATGCGTACCGCAGCGGGGGGAAGGCCT"	265	93.36
"GAGTTCGCCGATTAACGTAAAACGTGTAAACGT"	264	93.39
"GAGTTCCGTGGACAAGTCTCGGGCGGTAGGAGA"	264	93.42
"GAGTTCCGGCCTCGGCAGTGACAGCGCTGCCGG"	264	93.46
"GAGTTCACAGTCCTAACTTCCGAGAGTGTGCCG"	264	93.49
"GAGTTCTTGGGGGTGGCGGTACATCTTCGGGGT"	263	93.52
"GAGTTCCTCGGGGTGGACGTTGCGGGTCGGGCC"	263	93.55
"GAGTTCACGCAGTAGTCTGGAGGGCTACCTACA"	263	93.59
"GAGTTCTCTAGTGAGGACCGCGTTTTATCATCT"	262	93.62
"GAGTTCGTCGAACGATAGTATGCCTAGTGCTGT"	262	93.65
"GAGTTCCACGAAGTTGACTAGGTACATAATCAC"	261	93.68
"GAGTTCTTCTTGGCCCTTTTATGTGCGGTCTCA"	260	93.72
"GAGTTCTTAGCCTTCGCCGGGCATGTGCTCCGG"	260	93.75
"GAGTTCTACCGGAAGCAAAGGGGACGAACGTGC"	260	93.78
"GAGTTCGGATGACAATCGGGACAGTCGTCGCGG"	259	93.81
"GAGTTCTGAGCGCAGGGATGGTGACCCGCAGCT"	257	93.84
"GAGTTCTCCCGGTGAGTCGGGTAACGCACTCTT"	257	93.87
"GAGTTCTACGGCCGCCGGCGATGTTTATTGTGC"	257	93.91
"GAGTTCGCTTCTCGCCGGCGAAATCATGTGAGG"	257	93.94
"GAGTTCGATCTGGGGGGCTAGCGATCCTCGTGC"	257	93.97
"GAGTTCCACGGCGTCCGAAATCGGACTTCGGCC"	257	94.00
"GAGTTCTTAGGCCACACTGGCCGTTGTTGGGGA"	256	94.03
"GAGTTCTCTAGATGCTTCTCACCCGCACGACCC"	256	94.06
"GAGTTCGGGAAGTGTTCGGCCAGATTTATTGTT"	256	94.10
"GAGTTCACGCGCCGATGATGGCGCTCCGTGTCT"	256	94.13
"GAGTTCTGTAGAGTGGTGTTAACTCCCGGGTCC"	255	94.16
"GAGTTCTGCGGGACTAATGATCGAGAGCGTTAC"	255	94.19
"GAGTTCGATCGCCTATCCTGGTTATTGTTCCTG"	255	94.22
"GAGTTCTTGGGGGAGCTAAGTAACGTCAGGTGT"	254	94.25
"GAGTTCTACCGTCAGATGTCGAGTGAAATCGGT"	254	94.28
"GAGTTCGTGCGAGTGTAGTGTGGATCGCGCTAG"	254	94.32
"GAGTTCCTGGAACAGGTTGGGTGGCGACCTTCA"	254	94.35
"GAGTTCCGGTGGTTCTTCGGATATCGCAGTTTT"	253	94.38
"GAGTTCAGGAGATTGTCAGGGAGTCGTTCGAGG"	253	94.41
"GAGTTCTAAAACCGGTCATGGCCCGGGTTTCAA"	252	94.44
"GAGTTCTGGCTGGCGGGGGTGTGTTTGTCTTCA"	251	94.47
"GAGTTCTTGAGGCCTTATAGGGGGGGGGTTGAG"	250	94.50
"GAGTTCTTTAGCATCTTGTTGTATGTAGTCCTG"	249	94.53
"GAGTTCTCGCGGCCCGCTGGGGGGGACTGAGCG"	249	94.56
"GAGTTCGAATCGGAAATCGTGAACCATTAATTA"	249	94.59
"GAGTTCTGCAAGTAATTGGCGGTATTGCCGTTC"	248	94.62
"GAGTTCGGCCAGCCGATGTGGCGTTCTTCGAGT"	248	94.65
"GAGTTCCCTGTCCGCACCTGGTGGTCTTGGGGG"	248	94.69
"GAGTTCCCGAGAGGCTAGATCCGTTTAGGTTCC"	247	94.72
"GAGTTCAGCAGTGACGGAGTGCGCGTTTTAGTA"	247	94.75
"GAGTTCTCGCAAGAACCTTTTAAAGGGTCTACG"	246	94.78
"GAGTTCGTTATCCTGACGAGTCCCCCCAGCGCT"	246	94.81
"GAGTTCGGCGATTACCATTGATGGTCAGGAACG"	246	94.84
"GAGTTCGTGTGTGAAGCAGCTGATTTGTTGAGT"	243	94.87
"GAGTTCGCTCGTTGCAAAAAGGCTGGTGACCGA"	242	94.90
"GAGTTCATCTAGCGGGGATGTCGGCATGAGTTC"	241	94.93
"GAGTTCCTGGAGCGCCTTGGAAAGCGGTTCCGA"	240	94.96
"GAGTTCCTCCGGGGCTGTATGTTTGATAGAACT"	240	94.99
"GAGTTCGTATTATCCTTAAAAAGTGCATGACCT"	239	95.01
"GAGTTCTCGAGAACCCGGTGCCCATGGTGGTCT"	237	95.04
"GAGTTCTCACGGCGGGCACCAGGGCAACGACAA"	237	95.07
"GAGTTCTCTCGGACTTAGTGGGGTCGGTCGCCG"	236	95.10
"GAGTTCTTTAGTCAATACTTTGAGGCTAGGCCC"	235	95.13
"GAGTTCCCTCTTTCTAGCAGTGGCTATATTAGA"	235	95.16
"GAGTTCTCCGGGCGTGCCACGCGTGGCGTGTCA"	234	95.19
"GAGTTCGTTTTGTGGGCATCCCATGCTAATTAG"	234	95.22
"GAGTTCTGAGACCATCACACGCGGGAGGGCGGC"	233	95.25
"GAGTTCGTAAAGCTTTGGTAGTTTCCTTCTGTG"	233	95.27
"GAGTTCTTTCGCGATTCTGGTGATGTTTGGCTT"	232	95.30
"GAGTTCTCGTCTGGGCGCGTGCGCTGAGTCTGG"	232	95.33
"GAGTTCTATCGGCGTCTAATGCGCTGGGCTATC"	232	95.36
"GAGTTCCTTTGGTACTGAGAATATGTATGTTAG"	232	95.39
"GAGTTCCTCTACTGTAGATGATGTTCTTGGTCG"	232	95.42
"GAGTTCTATTTTGTTTAGTGGGCATGTAAGCTA"	231	95.45
"GAGTTCGAGTGTCTGCCTTGGGACTTACCGGAG"	231	95.47
"GAGTTCATGCAGTCTGACAAGCGTCTCTGGTAA"	230	95.50
"GAGTTCACCAAGCTATTGTGGGCGATGGTTTAC"	230	95.53
"GAGTTCGAGCATGCGCGAGATATAATGGTGTCA"	229	95.56
"GAGTTCCTGCATGGGCCTGGGACGCTACGGCAA"	229	95.59
"GAGTTCCCAATTCGCCTCTTACCTTCGGTTTTA"	229	95.62
"GAGTTCGGGGAGGTATCGCGTTGGTCGGGGCCG"	228	95.64
"GAGTTCACACAAGGACATTACGATTACAGTCCG"	228	95.67
"GAGTTCTCTAGCCGTCAGTTCATGAGTCGGTGC"	227	95.70
"GAGTTCGTTTGTTAAGGTTGGCTGGCTGGTTAG"	227	95.73
"GAGTTCGGCAGAAGTGTCGGCCTAATGGCCGTC"	227	95.76
"GAGTTCTACCGTTAGGCAGCGGCACGGCATGCA"	226	95.78
"GAGTTCCGGGGCGTTTCTGGGCTTTATCGATCC"	224	95.81
"GAGTTCTCGCTGTAGAAGTACTCATTATGGGCA"	223	95.84
"GAGTTCCGTTGTCAGTTGAGCGGGCGAGGATCT"	223	95.87
"GAGTTCAACGAAATTGACGATAGCCTTAGTCCC"	223	95.89
"GAGTTCACGGGCATGGCGTGTCCCGCTGGTTCC"	222	95.92
"GAGTTCGTGGACTTGTCTACCGTATGGGTGTTC"	221	95.95
"GAGTTCGGTGTATATAGAACTTGTTGTTGTAGA"	221	95.98
"GAGTTCGCGATGGTGTGATGTGGACTGAAAGGG"	221	96.00
"GAGTTCCACCGAGGTGCCTTACCGCGAGTCAGA"	221	96.03
"GAGTTCTGTTGGGAGCCCTGGGGTTCCTGGCCT"	220	96.06
"GAGTTCGTACTGGCTAGGGCGTGTCCTTTTAGT"	220	96.08
"GAGTTCTTGAGGTACCCAGGGGGGTTTTGGATA"	219	96.11
"GAGTTCGCTGAGTCCCCCTTGGGGGCTTGGCAC"	219	96.14
"GAGTTCCGGGCACATGGGCGGTGGTAAGGATTG"	219	96.16
"GAGTTCCAGTGTTCGCCTGGGAGGTCGGAGCAG"	219	96.19
"GAGTTCTTGTGACCCCGGTATGTGGTGCTGCAG"	218	96.22
"GAGTTCTTGAGAGGGTGTGTTTTTGCATCTAGC"	218	96.25
"GAGTTCGTCCCGGCTGGCTCTGGTCTCGGAGGT"	218	96.27
"GAGTTCTTTTTTTGCTGGGGTAGATCTGGCGGC"	216	96.30
"GAGTTCGCTAACTGTCCGCTTTCCTCGTCTTGA"	216	96.33
"GAGTTCTTCCTACAGAGTGGAGTGACGATGACA"	215	96.35
"GAGTTCCCACAGGAGTGATGGCGGGTTGTAGAG"	215	96.38
"GAGTTCTATCTCGATATATTCGATCCCTGGGGT"	214	96.40
"GAGTTCAGAAGTTCATGCGGTGTTCGGGCGGCG"	213	96.43
"GAGTTCTGTTAATCGTCATTGTACCATATTGCG"	212	96.46
"GAGTTCGTCTCGGAAGTTCTGCGGTCGGCCCAC"	212	96.48
"GAGTTCTTAGCCTACAGGTTCGATGTCACGCGG"	211	96.51
"GAGTTCTCGCTGCTTGAGGAAGGTCGAGATAGT"	211	96.53
"GAGTTCTAACGTCGTCCCCGAGGATAAAAGGGC"	211	96.56
"GAGTTCTCGCTCCTGTGGTCGGATTTTTAGTTC"	210	96.59
"GAGTTCGTGCTAGTATGGGGATGTTCCGAGTCG"	209	96.61
"GAGTTCGGTTGGTCGCGTGGTGAGTTGGGCCGG"	209	96.64
"GAGTTCCTAAGGGTCAGCGCTGACTGCGGTCCA"	209	96.66
"GAGTTCTACTGGGTGGGGGGAAGTCGTTGGGGG"	208	96.69
"GAGTTCGATAATCATCAACAGTGCGATTAGCCA"	208	96.71
"GAGTTCCTATGGTACTCGGTAAGTCGGATGTGC"	208	96.74
"GAGTTCCGGTGGGATTAGTGGTTTGTATTGCGC"	208	96.77
"GAGTTCTGGCTAGTGTGGTGTGGAAGAAGAGTA"	207	96.79
"GAGTTCTGCGAGCTACTCGAGTCACGGCTGTGG"	207	96.82
"GAGTTCTAGGTGCTTTCGGGGGTTAACTCCAGT"	205	96.84
"GAGTTCAGGTTTCCATCCTCGTCGGGAATTAGA"	205	96.87
"GAGTTCTGCTGTGACGCGGGGCCTTGGGAGCCG"	204	96.89
"GAGTTCGTTGCCGTCGGTTGTGTCCTTTTGTGG"	204	96.92
"GAGTTCCAAGACATTGCGAGATTTGGGCTCGGA"	204	96.94
"GAGTTCTGTCGTTGCCCTGGTCAGTTAGCCTTA"	203	96.97
"GAGTTCTGATAACCGCAAGTGGCTGTGATTGTT"	203	96.99
"GAGTTCGGGGTGTAACGCTAGTGTATTCGGGGA"	203	97.02
"GAGTTCTCTCATCCACGATTTGATGTCTTAGGG"	202	97.04
"GAGTTCTAGAGGCGATTGTATGGATGTTGGCGA"	202	97.07
"GAGTTCTACGTTCGCCAAAGGGTGGGACCGTTA"	201	97.09
"GAGTTCGGCTGGTGGCTGCGCGGGTGGGAGCTC"	201	97.12
"GAGTTCATCGGAATTGGGTCAAGAGCGCATAAG"	201	97.14
"GAGTTCTGATCTCTAGGGTGGCGTCACGGTAGC"	199	97.17
"GAGTTCTCTCCTCGCAGTCCTGAGTTGTGGTTC"	198	97.19
"GAGTTCTCTTGTTAGGAGTGGTTTCTACGGGGC"	197	97.21
"GAGTTCTCTGTGCCGGTAGTACCGTCTCTAAGG"	197	97.24
"GAGTTCTCCGGTCAAGCTGTGCAGTGGGGGCAT"	197	97.26
"GAGTTCTTTCGGCCAACAGAATGCGTTGTGTGG"	196	97.29
"GAGTTCTAGCTGGGCTCGGTTGGGATGCTCATG"	196	97.31
"GAGTTCCAAACAGTACAATAGCTACGGTGCCCT"	196	97.34
"GAGTTCTCGTGGGGCGTGTAGGTGGCCTCGGAC"	195	97.36
"GAGTTCTCCCAGCCACGATAGAGTAAATGGGAT"	195	97.38
"GAGTTCCCGGGGGCGCCTTGGTAGATTGTCACT"	195	97.41
"GAGTTCTCTCAAGCTCCGGCTGCAGGCTTGAGC"	194	97.43
"GAGTTCTCATGGGGTATTTGTTGGCAGCAGGGT"	194	97.46
"GAGTTCCGATGGGCTCGGTGGTTTCTTGAACCA"	193	97.48
"GAGTTCAATTGTTCGGCTTGGAAATACTGATGC"	192	97.50
"GAGTTCTCGCGTCAACATTCACGTGACCCGTGA"	191	97.53
"GAGTTCACTAGCCTGTGGGTAAGGGTGAGGCGA"	191	97.55
"GAGTTCATCTAGGATAGGGGGGGTCCGTCGTGC"	190	97.57
"GAGTTCAGGACACAAATCTGGGAGACGGTGGGC"	190	97.60
"GAGTTCACTCGCACCGTTGGGTATTACTCGAAT"	190	97.62
"GAGTTCTCGTTTAAACGCGCACGTGCGGTGTGG"	189	97.64
"GAGTTCTCCTGGTCCATCTAGCGGCTTAACCCT"	189	97.67
"GAGTTCGTTGAAAAAATAACGTGTCGCTACTCA"	189	97.69
"GAGTTCGTCCCTCCTTTATGTAATGCCCTTCGG"	189	97.71
"GAGTTCTCGTTGGTTCAGTGGTGAGGCGGTTCG"	188	97.74
"GAGTTCCCGCAGACTGATTAGCCCAGGTGACTG"	187	97.76
"GAGTTCTGGTCTGAGCCCGTGACGTGCTAGGTT"	186	97.78
"GAGTTCGACAGGGAAAGAAGTTGGAGCTTCGCA"	186	97.81
"GAGTTCTCGTTCCATATTTGGCGCGTGAATCAC"	185	97.83
"GAGTTCTGTGGGGCGATCCTACGTCGTGGGGGT"	183	97.85
"GAGTTCGGTTTGCAGTCCTGGTGCAGAGTACTG"	183	97.87
"GAGTTCATCCGAGTGCGTAAGTCGGGGTTGGGC"	183	97.90
"GAGTTCAAGCACGGGGAGGTGGACCTTACGTCA"	183	97.92
"GAGTTCCCACGGCAGCGGTCCATGGGAACGCAA"	182	97.94
"GAGTTCTTATGGGTCGTTGGGCGATGTGACAAG"	181	97.96
"GAGTTCGCGGGGGCCGTATAGTAGTTAACATGG"	181	97.99
"GAGTTCGAGATGGGAGGGTGAGGACTAACACGG"	181	98.01
"GAGTTCCATGTCATTGGGTTCGCCAAATAACGG"	181	98.03
"GAGTTCTCCCGATGTTCCCTGGTGGGGTTGTAT"	180	98.05
"GAGTTCTATAACGGCAGCAGTGCGTGGACATGA"	180	98.07
"GAGTTCCTCTCCTATCCATGGTATTGCAGTTCT"	180	98.10
"GAGTTCTGACGTATCAGATGGCAATGTCGGGTT"	179	98.12
"GAGTTCAGGTTTTTAACTCGGAGCATGGCTTGT"	179	98.14
"GAGTTCTTCGAGGTGATTATGAGTACGCGGCCA"	178	98.16
"GAGTTCTGTCGTATAGCTGAGGGTCACGCGTTA"	177	98.18
"GAGTTCTTAGGGAAACTATGGGACGATGTGTTA"	176	98.21
"GAGTTCTCTGAGTGGGTTCTGCGGTATTTTACG"	176	98.23
"GAGTTCCATGGTTCGCTCGAAAGTTTTGCATGA"	176	98.25
"GAGTTCAACGGTCGGGAAACGGGTCAGACGTCA"	176	98.27
"GAGTTCTCGCCAAAGTGTGGGTATGGGCGCCAC"	175	98.29
"GAGTTCTATTGTCAGTAATAGTCGGAAGAGTCC"	174	98.31
"GAGTTCCATATTTAGGCATGACTGTCCTAACAT"	173	98.33
"GAGTTCGTTAGGCACGCTTGTGCGTGGTTCACG"	172	98.36
"GAGTTCGTGCGTGATACAGGGAGTCTTCGGGAA"	172	98.38
"GAGTTCGGTGTTATAGAGTATGGTGTTGGCCAG"	171	98.40
"GAGTTCATCGGGCTTCCCGGTGAGGTAGTGTTC"	170	98.42
"GAGTTCGGGGGCGAATCGTATAGGCGTGATCTC"	169	98.44
"GAGTTCCGCTGGTACGGAGCAGGCCAGCGTAGA"	169	98.46
"GAGTTCAGCCGGGCTCCATGCGCACGTGCGAGA"	167	98.48
"GAGTTCGCTGTCCGGAGTCGTCCTCTGGTAGGC"	165	98.50
"GAGTTCCAGTGGGGCTATGTTTCTCGTATTTTT"	164	98.52
"GAGTTCATCGGCGTAGGTTGGAGCAATTGTTCT"	164	98.54
"GAGTTCTCGTACACTAGTTGTCTCCGTGAGTTG"	163	98.56
"GAGTTCCTTCTCTAGTTCGAGGATGGTTTATTT"	163	98.58
"GAGTTCCCACCTCGGTTGGGGCTCCAGTGGGAC"	162	98.60
"GAGTTCTTGCATATGTGCGGGTGGTTAGTTTCT"	161	98.62
"GAGTTCGTTCGGCGTGGTGGGGTACGTGAGTCA"	161	98.64
"GAGTTCAGTCACTTTGGCCGTCGGGGCCCGTCC"	161	98.66
"GAGTTCGCCCGGACTTTGTGTTGTTGGCAGTCC"	158	98.68
"GAGTTCACATTACTACAGTGGGGGCGATGAGTA"	158	98.70
"GAGTTCTGCCACGATTTTGGAAGTTGAGGCAAT"	157	98.72
"GAGTTCGATTATTGGGGGACGCGGGCACGATGA"	157	98.74
"GAGTTCTCTTAGTGAAAGGGTTGACTCTAGAGC"	156	98.76
"GAGTTCACTCGTGTGGCGTGGTCTTAGCATCGG"	156	98.78
"GAGTTCATTTAGGTGAGTAGTAGTTAAGCGTGC"	155	98.80
"GAGTTCTACCGTCAATTGAAGTTGCCTTTGCGC"	154	98.82
"GAGTTCGTTTCCCTTTTCAGGGCCGTGATTTTT"	154	98.83
"GAGTTCCACGATGTCCTAAGGGATTGATCACGG"	154	98.85
"GAGTTCAGATGCTGCGTGTAGCTGTGTGCGTGT"	154	98.87
"GAGTTCGCTACGATCGATGGGCTGCGGCGGTTC"	153	98.89
"GAGTTCTTGAACCTGTCTGGGATGGAGCGAGGA"	152	98.91
"GAGTTCCTTGTACGTTCTCGTGCATCACATAGC"	147	98.93
"GAGTTCGGGACGGAACCCCGGTGTGTGGACGGC"	146	98.95
"GAGTTCTATCGCAAATCATATAGTTAGACGTTC"	145	98.96
"GAGTTCTGGTCCTGGGATGAATTGTTCATCAGA"	144	98.98
"GAGTTCCGCGTCAGGGTCGGTGGTCTCCCGCCG"	143	99.00
"GAGTTCTGACAAAAGGGAGTAAGAGGGGTTCGC"	140	99.02
"GAGTTCCGAGTGCCTCGGCTTCCGTCCTGGCTT"	140	99.03
"GAGTTCATAGATTATTACCGGAAGTTACTCCCG"	140	99.05
"GAGTTCAGAGTGCGTAGTTACTGCACGCTCGCC"	140	99.07
"GAGTTCTCTCATCTTCTTTGGAGGTGTTCAGCG"	139	99.09
"GAGTTCTTAGGGCAGAAGATGGACTAATGGTCA"	138	99.10
"GAGTTCGGCCCGCTTCTTTACGGGCTCGGAGGC"	136	99.12
"GAGTTCCCGCTCTCCTTTGTTTAAGGTGGACCT"	136	99.14
"GAGTTCTAGGAGTACAATGGTCTTGTTTGGGGT"	133	99.15
"GAGTTCGACCGGTGCTCTTTTGATGCAGCGGTT"	133	99.17
"GAGTTCAATCGAGTTCCGGGGCTGATGTGATGG"	133	99.18
"GAGTTCTGCGTCAAACAAGATTTACGCTCGAAT"	132	99.20
"GAGTTCAGGTGAGTGTATCGAGATCGTCAAAAT"	132	99.22
"GAGTTCAAGTTGAAAGGGGGAGTACTAGAAAAA"	132	99.23
"GAGTTCGAACGGCAGTTGGCCCAACGCGTGTAG"	131	99.25
"GAGTTCGTGGTGGCTCCGCTACGGATCAAGTGT"	130	99.27
"GAGTTCGACAGCGCCCGGGGTGAGGCCGTATAT"	130	99.28
"GAGTTCTGCCCGGTTGATCCTAACCCTAGATGG"	129	99.30
"GAGTTCTACCGGCTTGTTTTAGGTTACGCGTTG"	129	99.31
"GAGTTCGCCGGGCAGTCCGAGACCCTCTAGGTG"	128	99.33
"GAGTTCGAGGCCTCCTTCGCAGCGGTCTACGCG"	128	99.34
"GAGTTCCTCGGTTGATGCTCGGGTCCTGCTTCC"	128	99.36
"GAGTTCATCCGGTGATCGGGTTCTCTTTAGACA"	127	99.38
"GAGTTCTCGCCAGCATAGGGGTTGAGCCGGTCC"	126	99.39
"GAGTTCGCATTAACGGAGGGGCCCCGGCTGTGC"	125	99.41
"GAGTTCAGGTGATCCTTAGTCTCCCGGTGTCGC"	125	99.42
"GAGTTCTATGGAAGCTCTTGCGAGCGTCGGTTC"	124	99.44
"GAGTTCGGGCCGGTGCGAGTAAGTGCCGGTAGT"	124	99.45
"GAGTTCTAACCTGCAAACGGAGGCAGTGTATGT"	123	99.47
"GAGTTCGACTCGTAGAAGGCGTTGTCACCGGAG"	123	99.48
"GAGTTCTTTCAGTAGACGGGGGTACTCGGAACT"	121	99.50
"GAGTTCCTGGGTGCGACGCGATGCACTCAACAC"	121	99.51
"GAGTTCCCGTGCCAACTGGGGTGTTGAATGGTT"	121	99.53
"GAGTTCTGGTCGACGGCAGGAAGAGAACGGATT"	120	99.54
"GAGTTCAATCCTTGGCGGTGTTGGGGAACATTC"	120	99.56
"GAGTTCTGCGAGCGTGGGCCGGGTTGTTGATCT"	119	99.57
"GAGTTCATGTCGGTAGGCGTCTACCGCTCTCGA"	119	99.59
"GAGTTCGCCTTGAGCTGTCGGGATGGAACGAGC"	118	99.60
"GAGTTCGGGAGCGCATGCTGCTCATTGCTCTCA"	116	99.62
"GAGTTCTAGAATCCCAGTGTTCGGGAACGTCGC"	115	99.63
"GAGTTCCCGATTTGGTATTTAACTTGGAAGTTT"	114	99.64
"GAGTTCAGATGTGCTGGGAGATGTGGTCGGTTG"	114	99.66
"GAGTTCTGGTGCGAGCCGTTGTGGTATCGGTGT"	113	99.67
"GAGTTCTCTCTCGTAATTTATAGTGTCATGGGT"	113	99.69
"GAGTTCGTTAAGTGGACACGGTTCGGCATCAAC"	113	99.70
"GAGTTCCCGTGGGTGGCTTAGGGCTGCTGGACC"	113	99.71
"GAGTTCAGGGGCCGTAACGGGATGCTAACATGA"	113	99.73
"GAGTTCTTCGATCAGTCTGCGGATAGTGTGTCG"	112	99.74
"GAGTTCGTACTCTATTGATGGTCGACGGTCGGT"	112	99.76
"GAGTTCGTATGCAGGAGCTCGTGTCTCTTCCTC"	109	99.77
"GAGTTCCTTCTGCCACAGTCGTCTGCCGATCTA"	109	99.78
"GAGTTCGCTAGGGCGGGGTGTCGTTGCCCTGTG"	108	99.80
"GAGTTCATCTTGATGATTGGGATGACGCGTCCG"	108	99.81
"GAGTTCTACTATTCGAATGCAGAGTAACCGGGC"	107	99.82
"GAGTTCCTTAGTACGCCAGCGGAATGTAGCGCG"	107	99.83
"GAGTTCTGTCACCTCATTCGGGGCTATTCTTTG"	106	99.85
"GAGTTCGCGCGGGCGCCCTGAGGTCGTATAATA"	106	99.86
"GAGTTCGGTGGTCCGATGCTAGCGTATACTAAG"	105	99.87
"GAGTTCTTTCGCGGGACTCGGTGCAAATGGAGG"	104	99.89
"GAGTTCTTAACGTGTCTGGTTCACGTTTTGCAA"	104	99.90
"GAGTTCGGCCGGGAATGTAGGTGGTCAGAGTGG"	104	99.91
"GAGTTCGACCGCAATTGTTGGGGTTGGATAGCC"	104	99.93
"GAGTTCTCCCGAGATCGGTGGGGGAATACGGCC"	103	99.94
"GAGTTCATGCTGCAACGTGGCTAGTACGCAGGC"	103	99.95
"GAGTTCTCCCCAAATGGCCTCCGGTGGGTAGGG"	102	99.96
"GAGTTCGACTGGTGCCAAGGTGGCTTGTTGTAC"	101	99.98
"GAGTTCTCATGGGATCGCGCGTTAAAGGGGTCC"	100	99.99
"GAGTTCGCCTGAGGGTGGCATCTGCAGATTCCA"	100	100.00
