8bp_i510_S66_L002_R1_001-Barcode	8bp_i510_S66_L002_R1_001-Count	8bp_i510_S66_L002_R1_001-SaturationPerc
"GAGTTCGGTTGCTTCGTTAGTCGCCAGCTGCAC"	43139	2.60
"GAGTTCGGCTGTACCCCTTTATCTATATGGAGG"	42308	5.14
"GAGTTCTTGAGGTGGCTTTTGTTTTCAATATTT"	38826	7.48
"GAGTTCAGGCAGACTGGTTGTGGCGCCCCATCG"	37708	9.75
"GAGTTCTTCCCCTTCTGTGATGGGGCTGTGTTC"	34500	11.82
"GAGTTCCACTGGTCCCCGCGTAGGGCACGGCAA"	34300	13.89
"GAGTTCGGTCGGGAATCATGGCAAGGATATTAC"	33978	15.93
"GAGTTCGCGCTGATCGCGACCGATGTGGAGGGG"	32615	17.90
"GAGTTCGCGCGGAAGTTCGGACGGATGCTATGA"	32289	19.84
"GAGTTCCCCAGTTGTCGCTGGTAAAGGTCCCGG"	31554	21.74
"GAGTTCAATTCGCAGCCGATGGGTCGCTTTATC"	29168	23.49
"GAGTTCTTCACATTTAGGGGGTAAGTCTGGTAA"	29091	25.25
"GAGTTCTGGCGGCCCGGTTCCTATCCCGGATTC"	28375	26.95
"GAGTTCCGGCGTGAATGGAAGTGACTTACGCCG"	24667	28.44
"GAGTTCTATCATGGTCAGTGGTGTGCGGGTAGA"	21964	29.76
"GAGTTCTGTCGTCAGCTCGGGATGCGGGCGCCA"	21353	31.04
"GAGTTCTGTCGCGGGGGGCGGATGAGAACGGAC"	11778	31.75
"GAGTTCGGCTCGTTGGAGGTAGGTAGCTCATCA"	11549	32.45
"GAGTTCTTCAGTACAGGGTAGAGCCTAAGGCGT"	11260	33.13
"GAGTTCGCTCGTGATTTGCATCTCTACGTGGGC"	11047	33.79
"GAGTTCGTCAGGGTTCGAAGGTTTTTGTATCGC"	10878	34.45
"GAGTTCTCATCGGCCGGCTACGCTGTGTCATGT"	10141	35.06
"GAGTTCGACAGCTCAGGGTAAGGTAGGTCTAGA"	10112	35.66
"GAGTTCTTTGGTTCCGTTTGGCGCTGTGTAGTC"	9138	36.21
"GAGTTCGGTTGTCATCGGAGGTGTCCCACGTTC"	8780	36.74
"GAGTTCTACTGCTATACATCTTGTCGGCGCACC"	7766	37.21
"GAGTTCGCAAGCACGCGGGAGTAGGGGGAGTAG"	7642	37.67
"GAGTTCAACTGGTCGCCCAAGCGACGTATGTGG"	7553	38.12
"GAGTTCTCACAGAGGGCCCAGCATCCCGTGCAC"	7261	38.56
"GAGTTCTCGTGTTAGCTCGGGCGTCACCTCGGA"	6561	38.96
"GAGTTCAAGGGTCCTCCGTGGAGACTCTCCCCC"	6329	39.34
"GAGTTCGCTACATCCTCCGTTGAGTATTTCGGC"	6183	39.71
"GAGTTCTCGTTGATGGGTGGGTGGCACCTGTAC"	6107	40.08
"GAGTTCGTCTGGTTCCGATGTTGGTAGTAGCAT"	5989	40.44
"GAGTTCTGCCTCGTGTAACGTAGGGGGTGTCGT"	5747	40.78
"GAGTTCGCTTCGGGCTTGGGGTCGCTGAGGCGT"	5687	41.13
"GAGTTCAGCCACTCTCCATTAGAAGGGTTCTCT"	5684	41.47
"GAGTTCGTGGAACTTAAGGACTGTAGGAGGTTT"	5500	41.80
"GAGTTCAGAGAGGCGGTCGGGTCGGGGTGCATC"	5298	42.12
"GAGTTCGGCTGGAGCCTGCGACTATTGGGCGCG"	5253	42.43
"GAGTTCTAGAGGCGCGTCGCGATGGAATATTGA"	5195	42.75
"GAGTTCAACACTGTGCCGGCAGACTTATTAGAC"	5181	43.06
"GAGTTCGGGGAATCGCGTCAGCGGAAGGGGTAG"	5084	43.36
"GAGTTCGTTGCCGTCGGTTGTGTCCTTTTGTGG"	5058	43.67
"GAGTTCTGGGTCTTAGCGTGTGCAGGTACATCG"	4992	43.97
"GAGTTCAACTGGCGGGTCGGGGAGCGACGAAAA"	4956	44.27
"GAGTTCGGAGATGAACAGGGGCGGTAGCTCTTA"	4920	44.56
"GAGTTCCTCACGTGCAGCGAAACGAGGGTCCGG"	4904	44.86
"GAGTTCAGGCCTGTGTCGTGCATAGGTCTATCG"	4817	45.15
"GAGTTCCGTGCTCTGGTGGTAGTGGCACCCCGG"	4801	45.44
"GAGTTCTGCCAGAAGTGGTCGAGTCCCCAGTCT"	4792	45.73
"GAGTTCTCGATTACGCCCGTGCGGCTCGCGCCG"	4617	46.00
"GAGTTCGCTTGGCCACCCATCGAGTGGGCGTTG"	4459	46.27
"GAGTTCTAATGTCTCGGGTCGGCGTTACGGTTG"	4383	46.54
"GAGTTCTGCTCGCATCTCGTATGCTCCGGGAAC"	4380	46.80
"GAGTTCACACGGCCGACGGGGTGTCTCGACGTT"	4320	47.06
"GAGTTCATGACCTCGCACCCGTTCTCGGGATTG"	4266	47.32
"GAGTTCTCCGGTCCGCGGTAAAGCGGTAGCTTC"	4250	47.57
"GAGTTCGGTGGAAGGGACGGGTGATTTCCGTAC"	4250	47.83
"GAGTTCTCGAGGGACAATTGACTCGTGCGGTTG"	4206	48.08
"GAGTTCGGCCATATTCAGCCAAAAGGGTGAGGC"	4120	48.33
"GAGTTCTCGAAATCCTTATAATGAGAATGAAGG"	4041	48.57
"GAGTTCGCATTGACGTGACTACGCGCTTTAGTC"	4016	48.81
"GAGTTCACCGACATCGCCAAGTTGGAATCCGAT"	4006	49.05
"GAGTTCTGCGGACAAAGGTAACTCTGGCATGGC"	4002	49.30
"GAGTTCTGTCGGCGTTAATCTGGCTCTACCAGT"	3995	49.54
"GAGTTCACGACTATTACGTCGTCATAGGCTCCA"	3945	49.77
"GAGTTCGTGCTGTGGCATTCAGGGGGTCGTCGC"	3878	50.01
"GAGTTCGTGGCGGACCTTAGGCATTATCGGGTC"	3836	50.24
"GAGTTCTATCGGCAGTGCTGTGGTGCATAGAGG"	3668	50.46
"GAGTTCGGATGGGTACTGGGGCGTCATCAACAC"	3637	50.68
"GAGTTCTCTCGGGCTGGCTGAAGGCAGGTCTGA"	3605	50.89
"GAGTTCGACCGCACTTTGGTTGAATGGGGACCT"	3462	51.10
"GAGTTCCACTGGGGTTTGTGCGTCGTTGGGGAT"	3460	51.31
"GAGTTCATAACATAACGGAGGCGTCGCTCCCGA"	3453	51.52
"GAGTTCTCAAGAAGAGGAGCATAGCTACGAAAC"	3401	51.72
"GAGTTCGTCGGCGCGACGACGGCGCGGTTGTAC"	3339	51.92
"GAGTTCGGGTGTCAACGATGGGTTTGGGAGATA"	3330	52.12
"GAGTTCTGGTGGCAATCGTTGTGGGCTGATGTC"	3329	52.32
"GAGTTCTAGGGTGAGAGCTTTGTGGTATGACCG"	3327	52.53
"GAGTTCTTGTTGCCAGTGAGCTGTGCCCCGAGA"	3312	52.72
"GAGTTCAACCAGTGGAGTTCGGTTTGACGGTGG"	3311	52.92
"GAGTTCGCGTAACTCCTCGCGAGGGTTAGATTC"	3276	53.12
"GAGTTCTACGGGGTGCTCGGGTAAGGTGTGAGT"	3251	53.32
"GAGTTCCTATGCAGGATTTCTTTGCCGGTTGGG"	3244	53.51
"GAGTTCTGACGAATCACGAGCCGCCATGTTCTG"	3214	53.71
"GAGTTCTATGGGTGTCCTGCCATTTGACTTCGG"	3203	53.90
"GAGTTCCTTCTCGACGGCCAGTGCGTCCGCGTT"	3185	54.09
"GAGTTCGTAAATGAACGGTGTGCGCCTCGGGGG"	3162	54.28
"GAGTTCCCTAGACGCGTGATGGGCAGCGGGCTA"	3108	54.47
"GAGTTCAACAAGGCGCGTGAGGGGCTATCATGC"	3108	54.65
"GAGTTCTGAAGGAAATGACAGTGACTGCGTGTA"	3098	54.84
"GAGTTCTCCCGGGCACCTCGTAGCCTAGTAGTC"	3080	55.03
"GAGTTCTCGAAGCTGGTTTGTGGATGACGTTGT"	3065	55.21
"GAGTTCGAAACCGGATCTGGGCATCCTGCGGTC"	3065	55.39
"GAGTTCGCCCGAAATCTATGCAGTGACCCAAGG"	3064	55.58
"GAGTTCGTCCACAACCTACTGCATATTCGCACT"	3062	55.76
"GAGTTCAAAGTAAAACGGGGGTGTCAGGTGGTA"	3046	55.95
"GAGTTCTCCCTGGGACGGTACGTGTGTACCTCC"	3044	56.13
"GAGTTCTAAGGTGCCAGGCATCAGTGTCTATCC"	3040	56.31
"GAGTTCCGCACGATCTGATGGTTTTCTCTTGCT"	2966	56.49
"GAGTTCTAGCGTTTGACAAATGGTAATCAGCCA"	2964	56.67
"GAGTTCTGTAGGGCGCCATGGGCATAGCCCTGC"	2952	56.85
"GAGTTCTGACGACGGCGTGGTGTTGTTGAGTGC"	2918	57.02
"GAGTTCTGGTGCGTTCGTCGGGCTGCACCTGCG"	2803	57.19
"GAGTTCCCCGGTGTTGTTTCTGGAGTTGGGCCA"	2774	57.36
"GAGTTCTAGCGCCGGCCCCGGGTCCGACACTTG"	2752	57.52
"GAGTTCTGCGGGGAGAAAGAAGGCTGCATTCCG"	2747	57.69
"GAGTTCTTTTAGACATGCGCGCACCGTTAGTTC"	2738	57.85
"GAGTTCGGAGCGCAGCGGCATGGTTGTCCGACT"	2730	58.02
"GAGTTCGCTAGTTATTCTAGTCGTTTCGGGCCC"	2724	58.18
"GAGTTCTGTCGTTCCGGTACGCCCGGAGCCCTA"	2706	58.35
"GAGTTCTACTGGCTCCAAGAAAGATTTGGTGGC"	2704	58.51
"GAGTTCTTTCGGGTTTCGGCTTATCCCTAGCTG"	2645	58.67
"GAGTTCCTTGACCTACTCTGGGCGCTATGTAGA"	2630	58.83
"GAGTTCGCGAAGTGCTGGCGTCTGTGTCCATGT"	2629	58.98
"GAGTTCAACCAGTGTTCATAGGACGACCGAGAC"	2607	59.14
"GAGTTCGGGGTGGGTCGCGTCAGCATATCGGCA"	2594	59.30
"GAGTTCACGTTGTGCACGTGGCTTATCGCTTTC"	2579	59.45
"GAGTTCGCGCTGGACTTTGAGACGGTCATAGGC"	2577	59.61
"GAGTTCGAATGTCGTTTCGAGCACGATCTAGAC"	2574	59.76
"GAGTTCAGTCGTTCGTCGTCTTCCTTGAAAAAA"	2540	59.91
"GAGTTCGTTTATCCGCTTCGCTCGGCGTGGACG"	2535	60.07
"GAGTTCGCGCGGTCCTCAGCGAGGTGTGCGGGG"	2519	60.22
"GAGTTCGCGATGACTGCGGGGCAAGTGGCCGGC"	2515	60.37
"GAGTTCTTGTATCCGGGTAGGCAACATCTGGGC"	2498	60.52
"GAGTTCGTGGGATTCAAGCCTCAATGGCTCGGT"	2456	60.67
"GAGTTCGGGGGTCCCTAGGTTTAAGTTATGTCA"	2445	60.82
"GAGTTCCCTAGGTCCCCGAGTTTTTGTAGGCCA"	2428	60.96
"GAGTTCTCTGAGCCGTGTGGATATTGTGGAATT"	2405	61.11
"GAGTTCCATCTGTTTCTTTTGAAGTGACCAAGT"	2399	61.25
"GAGTTCGGCTCAATCCGCTGGCGTCCATTACTC"	2398	61.40
"GAGTTCATCGCGACGAGTAAGTTTTCGCGGACC"	2394	61.54
"GAGTTCCGGTGGGAGGTGTCTGAGTCATCCTTA"	2393	61.68
"GAGTTCGGCATGACTCGCGGAGGATCAAGTGAG"	2385	61.83
"GAGTTCGTCCCGAGACATGGCACTCTGTAGCTC"	2374	61.97
"GAGTTCTTTCGGAATTGAAGCGATTGCGCGGTT"	2372	62.11
"GAGTTCAACCGGGTCACTTGACACCGGTGAAGT"	2369	62.26
"GAGTTCACCGTGTAATCGGGGGGATACCTACGT"	2357	62.40
"GAGTTCTTGTTCCCGTGTGAGCAGCCGAGTCTC"	2325	62.54
"GAGTTCCTGCGAATACAGGCACGGTTATTCGGC"	2321	62.68
"GAGTTCAATGGCCGTCAAGGTAGGTGTGGAGCC"	2310	62.82
"GAGTTCCGGTATTTTCTCAAATCAAGCCTTACG"	2270	62.95
"GAGTTCCTTCGGTTGATTCAGGACGGTACCGAA"	2220	63.09
"GAGTTCGGGGTATCACTTTAGCCTTCCGTCGCA"	2208	63.22
"GAGTTCAGGTTTTTAACTCGGAGCATGGCTTGT"	2186	63.35
"GAGTTCTTCACATTTCTCCGTCCTCCTGGACGG"	2184	63.48
"GAGTTCTCGGTGCACCATCCTCTGTTTTTACGC"	2159	63.61
"GAGTTCTGGGTGCGGGCGTGACCATTCTGGCAT"	2143	63.74
"GAGTTCCCGGGTTTGTCTAAGGAACCAGGCAGC"	2134	63.87
"GAGTTCTCTGCGACGGCCATAAGCGACGAATGT"	2117	64.00
"GAGTTCTAACGGGAGTGTTGGTGAGGACGGCTT"	2110	64.12
"GAGTTCTCGACTCACACTTGGTGTCTATTGGGT"	2101	64.25
"GAGTTCGCGCGTGGGCGTACTTTTGGGGAAGGA"	2084	64.38
"GAGTTCACGCAGGAGAGAACGCATGCGGGCTGT"	2081	64.50
"GAGTTCTTGGAAATGAGGACGCTAGAGACGTCC"	2064	64.62
"GAGTTCGGGAGGTTTGTCGTCTTGAGTTCGGTC"	2056	64.75
"GAGTTCACGTGGGCGGTTCAGCGTTATTCGGGG"	2053	64.87
"GAGTTCTCGTCTTTCGCTTGTGCTCCTTGGAGA"	2024	64.99
"GAGTTCAGTTGGCGTCCTTCGCCGGTCCCCACA"	2022	65.12
"GAGTTCTAGGGTCAGCGAGGTCCCGTGCTTTCC"	2021	65.24
"GAGTTCGGGACGAGTATATCTCAATTGCCATAA"	2020	65.36
"GAGTTCCAGAGTACGCCAGTTCCTTGGGCATAT"	1993	65.48
"GAGTTCTACAGTTCGGTAGGAGGACGACAACAG"	1972	65.60
"GAGTTCGTTCGGCAGCTTCCCCGTCAAAGCTAC"	1951	65.71
"GAGTTCGTGTGCTGCGATGACCCGATTCGGAGG"	1943	65.83
"GAGTTCCGGCATCTAGCAAGGCTATTAGAGGGA"	1934	65.95
"GAGTTCTCCTCTGCTACGGCGCACTTGTTAGGG"	1917	66.06
"GAGTTCTGGCGGGTGACACTAGTTGAGCGCCGA"	1898	66.18
"GAGTTCTGAGGTGTCAGCCGACGGTGGTGGCGC"	1887	66.29
"GAGTTCGTCTGAATGGGGGGGAGTCGTTGTCCC"	1885	66.40
"GAGTTCGTGTTTGGCCCTGGTTGGCGAGGCCGT"	1873	66.52
"GAGTTCGCAATGATCTATTGGCGGACCTGGAAT"	1864	66.63
"GAGTTCATGCGAGGCATAGGGGATCGTAGCGGT"	1859	66.74
"GAGTTCGGGTGATAGCTGAGTGATTGCGCGAGA"	1850	66.85
"GAGTTCTCCCGGCAGGTCTTCCGGGTCGCGCGA"	1847	66.96
"GAGTTCTGGTCGTGGATACAAAGACCTTTTTTT"	1846	67.08
"GAGTTCCGGTGGGAGACTTTGTTTTCCGCGCGA"	1836	67.19
"GAGTTCTACCTTCTTTCGTAAAGTAGAGTCGAC"	1814	67.29
"GAGTTCGGCGAGTACTACTCTGGAAGACGTGGC"	1807	67.40
"GAGTTCGTGGTCATAGATGGAAAGCGATTGAGG"	1806	67.51
"GAGTTCGCAGTCATGCGGTCCGGTCGATCAGGC"	1793	67.62
"GAGTTCGTGACGAAAAAAGGTTGAGCTCCGTGG"	1792	67.73
"GAGTTCTTTTTCTCCTGTCCAGTGGGGTGTTGG"	1772	67.83
"GAGTTCAATAACCCAAACGGTGGACGTGCGTGT"	1771	67.94
"GAGTTCGAACGGCGGCCAGAGGCACTAACGTGT"	1742	68.05
"GAGTTCCGCTGAGAAATCAGCCGCGTGCGAGAG"	1742	68.15
"GAGTTCGCTATGGTGGTTACGGCTGGGAGATTT"	1736	68.26
"GAGTTCTTTCGGCCTTCCATATAGCTACGGGTT"	1707	68.36
"GAGTTCATCTGGGGGCTCTCTATGTTGTCTGAG"	1704	68.46
"GAGTTCTGACGTCCGCACGGGTGAGTGCTGTCT"	1689	68.56
"GAGTTCGACTCTTTGTCAAGGAGGCTTATGTCG"	1686	68.66
"GAGTTCATTAGCGGGGTGGAGTCCTGCTCAAAT"	1682	68.77
"GAGTTCTATCGGTATCTCGGGCAGGCTAGTATA"	1663	68.87
"GAGTTCTTCGGTCGTGGAGGGGGGCCCGAAAGT"	1659	68.96
"GAGTTCACAGTTGTGTCGGATCGCCTCGGTTCT"	1654	69.06
"GAGTTCTACTGAGGTCGAGAAACTTTACCAACG"	1653	69.16
"GAGTTCGTACTTGGATCGGGCGGTCCTTCGGCT"	1652	69.26
"GAGTTCGTTAATAATCAATGCGCAAGCATGTGA"	1646	69.36
"GAGTTCGAATGACAGTGTTTTACAAAGGGTCTG"	1646	69.46
"GAGTTCGTTGAGAACACTTGGCAGTGGCAAGCC"	1633	69.56
"GAGTTCTCTGAGGCGATATTGTCCGGGTGGGCC"	1619	69.66
"GAGTTCGATTGTCGGATAAGATAACTTCCGTAA"	1602	69.75
"GAGTTCTCTGCGTAGACGGTGTCGGGGAGAAAG"	1600	69.85
"GAGTTCTTACGGCGACTCGGCCTGTTTTCGTCG"	1599	69.95
"GAGTTCAAGGCGATGATGCCTCGTCTAGATTGA"	1597	70.04
"GAGTTCTTCGCTGGACCCTGCGGCACACCTGTC"	1580	70.14
"GAGTTCTTGCAGGTGTTTGAACCACCTCGGCGC"	1576	70.23
"GAGTTCGAACAACATGGATGGGGGGTCGAAGCT"	1576	70.33
"GAGTTCTGCCTATGGCGGTTAGGCTTAGCGTTA"	1575	70.42
"GAGTTCTGGCGTAACGCTTGTCTAAGCGGGGCG"	1567	70.52
"GAGTTCACGTGGGATGCTGGTACAAGTCTGTCT"	1567	70.61
"GAGTTCTCCGACCCCTGGCACGCTGGCCCTTTT"	1557	70.70
"GAGTTCGAACGGGAGTATAGGCTGGGTGAGCCC"	1546	70.80
"GAGTTCGATGTGTTCGGGGGGCGCCTGTAAGGG"	1542	70.89
"GAGTTCTTCTAGTGAACTGAGCGGACTAGGGGT"	1504	70.98
"GAGTTCCGTTCTCTCGTGCTATGGACGGATTGT"	1482	71.07
"GAGTTCGTACGTCAAACCGACCCGTAGGCGCGG"	1481	71.16
"GAGTTCTCGGGCTGCCTTCCACCGGTTACCGCT"	1470	71.25
"GAGTTCCCGCGTCGGCGACGTTCTTAGGGTGCT"	1469	71.34
"GAGTTCCTTCTGTTGAGATGGCTGAGAGTGAGC"	1466	71.42
"GAGTTCACTTTGCTTGTGCAGATAGGCGATTTA"	1464	71.51
"GAGTTCTTTCCCTCTGTGTGGGAGTTTCGCATG"	1445	71.60
"GAGTTCTATATATGCATGTGCAGTTTTCCGTCC"	1445	71.69
"GAGTTCCAGCGAGGGAGCTGATCAAAGCCAAAA"	1430	71.77
"GAGTTCTTCGGCAACTAGGGTTGTGCCCGGGGC"	1425	71.86
"GAGTTCGGAGTTTGGCGGGCTTGTCTCGACTCC"	1417	71.94
"GAGTTCCCTAGCTGGTCTCCGGGCAGACTCCGC"	1409	72.03
"GAGTTCAATGGATGTCGAAAGATATGGTAACTA"	1400	72.11
"GAGTTCGGTAGGTTGGCGTGTGGGGCTTTGCAC"	1399	72.20
"GAGTTCGCGTAGGCCCTCGGCCGTCGGTTTCTC"	1380	72.28
"GAGTTCCATGAGGAGTCTGGATTCCCTGCGTGA"	1380	72.36
"GAGTTCTCTTCTCCCTGCGAGTGACCATGATCG"	1379	72.45
"GAGTTCGGGTGTTCCTAATGCGAGTAGTCGCGA"	1376	72.53
"GAGTTCAACGGGCATCGGAGATTGCGTGGAGGC"	1376	72.61
"GAGTTCTAAGCTATCGGGAAGTCTACGCAGTTT"	1374	72.69
"GAGTTCATACGGTTCGTGCCGTGAAGACCTCGG"	1367	72.78
"GAGTTCTAACGTCAACACTGGCGGAGGCCGTCG"	1361	72.86
"GAGTTCTCGTTCGTGGCTTGCCGGTGTCGAGCT"	1357	72.94
"GAGTTCATGATTCGTTTCAGGGCTGGTCTGAGG"	1356	73.02
"GAGTTCTATTGTGGCATTGTCCGAAGTTAATAG"	1355	73.10
"GAGTTCGCGCTTCGCTGGTGCAGGTGCACACTA"	1344	73.18
"GAGTTCTATCGGCATCATTGAGTAAGTTGGAAG"	1339	73.26
"GAGTTCGACCTCGGGCTCAATATCTGTCTCGCC"	1336	73.34
"GAGTTCCTTCCCTTTTTCGGTTCGACTTCTTTC"	1331	73.42
"GAGTTCATGCGATTAGGGTCGCTCGTTTACTCA"	1331	73.50
"GAGTTCCTCCGCCGAACCGGGCAACTCCACGTA"	1326	73.58
"GAGTTCTGGGTTGTGTGCTCAGGTTCGTCATCT"	1318	73.66
"GAGTTCTGGCAGCTGTGGGGGGAAATTTGGTCC"	1316	73.74
"GAGTTCTTCCGCCAATATGCGACGTGTGCTCGT"	1315	73.82
"GAGTTCCCGCTGGCGACCGCGGGGTTTGTCCTC"	1305	73.90
"GAGTTCTAGTGGGAGTATGGTGCGTAAGAGCTC"	1303	73.98
"GAGTTCGACTGGCGAGGAGCTGGGTGGCCGCCA"	1303	74.06
"GAGTTCGAGAGTTCGCCTGGCCGTTGGCGTGTC"	1300	74.14
"GAGTTCGACTAGCCATTGGTCTCGGCGGCGCTC"	1294	74.21
"GAGTTCGGTTCGGTGAGCTCCAGCGTCGTGCTG"	1287	74.29
"GAGTTCGAGCTGCATGAAGGTCATCGGACAGTT"	1273	74.37
"GAGTTCAGCGGGTGTGAGAGTCTGCGGCCGAGA"	1268	74.44
"GAGTTCGCACGCCTGCCCTGCTATCGGTAATAC"	1261	74.52
"GAGTTCGAACGACGATTTGACTATTCTATAGTT"	1256	74.60
"GAGTTCTCGTCGGAAGCGAGTGATAATTAAGGA"	1255	74.67
"GAGTTCTTGAGTGGCTTGGGAAATTGCACATGA"	1247	74.75
"GAGTTCTGCTTTGTCCCGGTGTATACGCTCGGC"	1240	74.82
"GAGTTCTCGTGGCGTCACGCGTTATCTCGGCCG"	1237	74.90
"GAGTTCGATAAGTCCCGGTAGTGTCAGTCTAGG"	1218	74.97
"GAGTTCGTTCAAGCTCTTCGGAAGCTTGTGTAA"	1217	75.04
"GAGTTCCATCGACTCGTTGGGGATATACGCGTA"	1205	75.11
"GAGTTCTCAAGGTAGCAGGAGAGTGGGGGACCG"	1203	75.19
"GAGTTCGTTCGGATGTTTCGTTATCAATCGGTC"	1203	75.26
"GAGTTCGAGCGTCAAACATCACGGAAAAGGATC"	1202	75.33
"GAGTTCTATTGGCTGTGGATCGTTCCGCCGTCT"	1199	75.40
"GAGTTCTTAGGAGAAGTCGCGTCCTTGCCTGGG"	1194	75.48
"GAGTTCTATTTTTGTGTTTCAAATCAGGGACAC"	1193	75.55
"GAGTTCTTCATGGCCATCGTTGCGCTCCTGTCC"	1179	75.62
"GAGTTCTCCGAAGCATGTCGATGTTGTACGGTG"	1176	75.69
"GAGTTCCATCTGGGAAGTGGGGGGCCGCTATGT"	1176	75.76
"GAGTTCCGGCGCGGCTGATGCCCGGTGGCTAGA"	1160	75.83
"GAGTTCGTCGAGCCGCTTCACTAGCTTGTCTCT"	1158	75.90
"GAGTTCTCCAGTCAAAGCCGAGGCTGACGGGTC"	1157	75.97
"GAGTTCATGGTCCTTCACTACGGGTTGTCCGCA"	1146	76.04
"GAGTTCGCTCCCCGTATTGTTCCTCGACAGGTT"	1143	76.11
"GAGTTCCGGTCGGTTATCGTGGGAAGATTCTTA"	1138	76.18
"GAGTTCAATCCGGCGCCCGGTCTCTCGGGTTGG"	1137	76.24
"GAGTTCACTGCTTTCGTATACGACAGGAACGCA"	1136	76.31
"GAGTTCGGCTGGGAGGCGGGGGCAGGTCGATGG"	1135	76.38
"GAGTTCGCTTCCGAGAGTCGGGGTTGCCGTATC"	1130	76.45
"GAGTTCGAAAGCCATTATACGGATGCGCGGTCT"	1129	76.52
"GAGTTCACGGGGACCAGTGGGTGCGGAGTGTCG"	1127	76.58
"GAGTTCGTCTGGTTACCCTAGCGGGGTTAGACT"	1117	76.65
"GAGTTCGTTACGGAGCATAGGCGTGTACTTCAT"	1104	76.72
"GAGTTCTTTTGACCTTCGGTGCGAAGTGCTTGT"	1103	76.78
"GAGTTCTCAAAATTTTAGTGGTGCTTCTGGGTA"	1099	76.85
"GAGTTCAATCGACTATGCGGGTAATCAAGGGTG"	1094	76.92
"GAGTTCTGTCGGATACCATAGGGGACCGGTGGC"	1093	76.98
"GAGTTCTGTTGTCCTACTTTTTCTCTACTATGA"	1090	77.05
"GAGTTCGCTCGGTTGCCGGAGCGAGTGCACTGA"	1083	77.11
"GAGTTCACGTCTTTTCCCGTCTGTAGTCTACGA"	1081	77.18
"GAGTTCTCTGTTCCAAGGGGGCGATGGTGCGGA"	1075	77.24
"GAGTTCAGCCGTTTTCCGCGGGGCAGCATTCTC"	1070	77.31
"GAGTTCGTTTTTTAACGCAGTTATAGACGTGGC"	1069	77.37
"GAGTTCGAAGAGACTCTATCGGAACGGGCAGAC"	1065	77.44
"GAGTTCTTTCATAGATCTGAATACCGCATGTCA"	1062	77.50
"GAGTTCGTTTCACGCCCTGTCCTAGTGGGGCTG"	1059	77.56
"GAGTTCCACCGGATCGACGAGGATAGTCGTTTT"	1057	77.63
"GAGTTCGGGGCGCAGTTGGTGCCCTTCAAGTGG"	1056	77.69
"GAGTTCTGAAAGTAACCTGGCGGATGCGGGTCG"	1052	77.75
"GAGTTCCCTAGTACGCCGTATAGTACCCTGAGC"	1044	77.82
"GAGTTCGTTTGGCAATCTTCTGGCTGTCGTATC"	1043	77.88
"GAGTTCTGTCGTCAACGGTAGGGGATCAGGTCA"	1034	77.94
"GAGTTCGCAAGTGCCCGATACCCCGGTGAACCG"	1034	78.00
"GAGTTCACACTGTGCACCTGAGGAGGCTTGTGC"	1031	78.07
"GAGTTCAATCAGCAGTGTGGGCTAAGTCGACCT"	1030	78.13
"GAGTTCTACGCAGAGTTCTGTTGGGCGGCTTCC"	1026	78.19
"GAGTTCTATTGTGATGTTGGTCGTCCTGAGCTA"	1025	78.25
"GAGTTCCTGTAGCCATGAGTCCGATATGTTGGA"	1024	78.31
"GAGTTCTCACGGTATTTTACATATGCACCGTCA"	1023	78.37
"GAGTTCTAAAGGGACTTGTGTTACTGAGTTTCC"	1021	78.44
"GAGTTCGACTGCCCGTCTTGGGGTCGCTGATGT"	1020	78.50
"GAGTTCCAAAGGTGTGGTATAAGTCCTTGAAAA"	1015	78.56
"GAGTTCTCCCACCCGGCTAAATGGTTGTTGGTC"	1009	78.62
"GAGTTCGTATGAATCGTGAGGTCCCGGAGGGGA"	1007	78.68
"GAGTTCTCTCGGCGTTGTCAGTTTCTTATAAGC"	1005	78.74
"GAGTTCTGTAATGGCTCGTGCGCTCGGGCCCGG"	1001	78.80
"GAGTTCCTCTACCGTAGTTCGCCGACGCTGGGA"	997	78.86
"GAGTTCTGTCATGCTCTCCTTTGGCGAAGGTCA"	996	78.92
"GAGTTCTGGTGCGAGCCTAAGTATGCTGGGACT"	996	78.98
"GAGTTCTGTTGGCTGTGAGGCAGGGGGAAGATA"	988	79.04
"GAGTTCTTGAGTTATGTATGGCTGCTGTTTGAT"	984	79.10
"GAGTTCTTGCGGACGCGCTCGCGACGTCACCGG"	977	79.16
"GAGTTCTCTAGACAGCGGTTAGGTCTTAGATGT"	974	79.22
"GAGTTCGACCAGTGCCGGGCCCGTTACCGGTGG"	974	79.27
"GAGTTCTCACACCCGGTGTTATTAGGGCGGGCA"	964	79.33
"GAGTTCCTGGCGGGAGCAGTTTCTTGTGACGGG"	964	79.39
"GAGTTCACATAGTCCAGGTACTGATACTGGTGC"	964	79.45
"GAGTTCTCGAATTTCTCTCTGGCTTGGCCTGGA"	962	79.51
"GAGTTCTATTTTCCACCTTGGGGTTGCTACAGC"	961	79.56
"GAGTTCGATTGGCAGCCCAAGGGGGTGCCTGGC"	961	79.62
"GAGTTCCGTGTAGTACCGCCATAAAAGCGTATG"	956	79.68
"GAGTTCACGCGGAAGTCCCGGGAATTTCCCGAC"	947	79.74
"GAGTTCTACAACTGGGCGAAGGGTTACGGACAC"	938	79.79
"GAGTTCAGGAGTGCACCAGAGTGGGGCTGGAAA"	936	79.85
"GAGTTCGCATGAGGGCCAGGTGACCGCGGGCGC"	935	79.91
"GAGTTCGAGTGCTCAGTGGATCGTCGGATGTGG"	929	79.96
"GAGTTCTTATAAACGTAGTCTCGATTGCCGTGT"	918	80.02
"GAGTTCTCGTGGGGTGCACGGGTCCATTGGCCG"	915	80.07
"GAGTTCCACAGCGGGGACGAATTGATTGGAAGT"	913	80.13
"GAGTTCTATAGGCATCCATTGGTGTAACGTGTT"	910	80.18
"GAGTTCGGCAGGTCGAGCAGCGGATTGCCTCGT"	905	80.24
"GAGTTCAACCGGGGCTGGTGAGGTTACCGCGAG"	904	80.29
"GAGTTCTCTCTGTCGCGGTGGGGCCGTTGGACC"	901	80.34
"GAGTTCGCTACCGACCAGTATCGGAGTTGGCGG"	890	80.40
"GAGTTCTTGGCGTCGGGGTAGCAGAGGTGGACG"	885	80.45
"GAGTTCATATTGTTCGAGCCCTAGGCGGTCTTT"	880	80.50
"GAGTTCCCGCTGGGTTTAGGATGCATCCCAAAG"	871	80.56
"GAGTTCTTCAGCTAGGTAAGCTGCGTGCCCCAG"	868	80.61
"GAGTTCGATCGTACGGTCGTAGTGCGAACTTGA"	867	80.66
"GAGTTCGCTTGGGGGCTAATGGAATCGGGAGGT"	865	80.71
"GAGTTCGGATGGTCCGTTTAGCGACGTGCGGGT"	857	80.77
"GAGTTCTGCTGGTCAAATAGTGGGTCTGCTTCC"	856	80.82
"GAGTTCGAAGTGACCATGAGGTTACCATCCTCT"	853	80.87
"GAGTTCCATGTTATGCCGTCCTATCGCTCGTCG"	847	80.92
"GAGTTCACGGGAACCAGCTTGGGTGGTTCGCGG"	847	80.97
"GAGTTCGCGCGGTGACTTTCGCAGGTATGGTGG"	845	81.02
"GAGTTCCCTTTCTATTCTCTGGAGCATCGCTCC"	845	81.07
"GAGTTCTACTCACTATGTCGTATCCACGGACTA"	842	81.12
"GAGTTCTGGAGGGGCTCCGAACGATGGTAGGAG"	830	81.17
"GAGTTCCGTCACCCGGGGTGAGCTCACCCGGTG"	827	81.22
"GAGTTCTATCGTGATTGTGTTGTAAAGATCCCG"	819	81.27
"GAGTTCGCGGGGAGGCTTGGGTTATGGTCGGTG"	813	81.32
"GAGTTCTGTCGGTGGGGTTGGCGAGCCGCGCAC"	808	81.37
"GAGTTCTCCCGGCAGCCGGTCTGACCAGGGGTC"	805	81.42
"GAGTTCGGTACTATCGTATAGGATAGTGCGTTG"	804	81.47
"GAGTTCGTCGCAAGGGCGCGTTGACGGGAATGC"	800	81.51
"GAGTTCGGAATGGGATAGGGTGGTTCGTTAAGA"	799	81.56
"GAGTTCTGCTATCTGTGTAGTGGTGGTCTATGA"	796	81.61
"GAGTTCGGGCACAGGTATTATGTAGTATCTATG"	795	81.66
"GAGTTCTATCGTCACTGACCGATTCCAGTTCGA"	794	81.71
"GAGTTCGATTGCAAAGCGACACAGAGCATTTTA"	794	81.75
"GAGTTCCGGCGTTGACGAGGGCAATCCGCCTCT"	793	81.80
"GAGTTCCGCCGGCTAAGAGGGATGGATTGGTGA"	788	81.85
"GAGTTCGTATGCGGGATGGGGAGGGTGCATTGG"	785	81.90
"GAGTTCTGTGTAGTTCGTTTGTGTTCGATTCCG"	778	81.94
"GAGTTCTGGAGGGCACTTAGTCGCAGTGTATAA"	777	81.99
"GAGTTCAAGGGTCAGTCCGGGGATCGTGGCAGC"	777	82.04
"GAGTTCGGCTTCCCGTGTGGGGCATTGAGCGGA"	772	82.08
"GAGTTCGTTTGCGAATTATATCGTGGTAATACG"	770	82.13
"GAGTTCATGTGGATCTGTAGATGTGATACGTCT"	770	82.18
"GAGTTCGAACAGATTAGCTGGTGACCGGGCAGA"	769	82.22
"GAGTTCCTTTAGGCCAGATGGCGGTGTCCACGA"	767	82.27
"GAGTTCCGAATGTTGTGTTCGCCTTAGTTATGA"	766	82.31
"GAGTTCCTCAGTTCATTAGTGGCTTCCATGATG"	761	82.36
"GAGTTCAGGGGGATGTATGGCATCCTTCAGGGC"	761	82.41
"GAGTTCTATGGGTTCCAGTACAGTTTGGTAAGA"	760	82.45
"GAGTTCTACAATCAAACAGGTTTAAGGCCTCTG"	757	82.50
"GAGTTCTAACAGTGGGTTTGAAGGCAGTGTGCA"	757	82.54
"GAGTTCTCGTCCAAACCATATCGAAGTTGCTCT"	756	82.59
"GAGTTCTGCGGTGGAGCTTCCTGCGCTTCGGCC"	754	82.63
"GAGTTCGGGCAGCATGTTGGGGAGTGTTCGCAA"	753	82.68
"GAGTTCGGGTGTTGTCTAGACCTAATGTCGTGC"	752	82.72
"GAGTTCGGTTAGGCGCTCTACTGAGGGTTCATG"	749	82.77
"GAGTTCGGCTGTGTCCTTGTGATGAGTAGGCAC"	748	82.81
"GAGTTCCAGTGAACAGGGTAATGTTAAGCTGAT"	746	82.86
"GAGTTCTCGCGGATCAGGGAGGTCCCAACGTGT"	744	82.90
"GAGTTCTAGGAGTGGTAATCAGAACCGTCTTCA"	740	82.95
"GAGTTCCATAGCATTGTTGCGCTCTCATATGGT"	739	82.99
"GAGTTCAGGTGGCCGTGGGGGGCCACACGCGGG"	727	83.04
"GAGTTCCAGCGGAAGTAGAGAACGTGTGCAAGC"	725	83.08
"GAGTTCTTCCCTCCTCTCTGATCGGGAGTTAGA"	724	83.12
"GAGTTCTGCGGTTATGTCTCGGTTTATGGGGTG"	718	83.17
"GAGTTCTCTTATCGACAGGCAGCGTCTGGGACC"	715	83.21
"GAGTTCTAGTGGCAGTCACGGCTGCTTGCGTGA"	714	83.25
"GAGTTCACCCTGGCGGAGTTACGTTACCGACGC"	710	83.30
"GAGTTCTTAAGGAATTTCGCGGTCTTCGGGCCA"	708	83.34
"GAGTTCTATCAAACGCACGGCGAGGGTTTACTA"	706	83.38
"GAGTTCTACTGGTCGTTCTGCGGATCGCATTCC"	704	83.42
"GAGTTCGTTCTGCCACTTTCGAGATGGGCGGCT"	700	83.46
"GAGTTCGTCCAAGATTCTTACTCTTTTAACTGG"	700	83.51
"GAGTTCTGCTAGAGTCATCCATCACCAATGGGG"	695	83.55
"GAGTTCGTGGGAATATGGTGATCACGGGTACTT"	695	83.59
"GAGTTCTCGCGGTCCTCCGAGGCGATTTTGCCG"	691	83.63
"GAGTTCGGCCGGGCGGCAGGCGGTCCTTGGTTG"	690	83.67
"GAGTTCGTCTGCTGTGAGAGTGAAGGCCTGCCT"	688	83.72
"GAGTTCGCCAGGTAATCGTGGGATGGGCCCAAC"	688	83.76
"GAGTTCTTATGCCCTGTCGTCGATCGTAATCAG"	687	83.80
"GAGTTCCCGTCGTCACGCTAGTGCCGGCAGTAT"	684	83.84
"GAGTTCGCTCCGACAACTCTTAGTGCGCACTGG"	683	83.88
"GAGTTCGGTGTATCGGTTTTTAGTGGTTTCCTA"	681	83.92
"GAGTTCTTGATCGGAGAGATTCTTCCACACAGC"	680	83.96
"GAGTTCTTCGGACTGCTTCAGGACTAAGGGTGT"	678	84.00
"GAGTTCGCTTCTCTCGCGGTCACGCCGCTGGTC"	674	84.04
"GAGTTCCGTCGTGCTTCCAAGATTTCGAGACAA"	674	84.08
"GAGTTCTTGAGGTAATTGAGTCAAGAGCGTATA"	673	84.12
"GAGTTCTCTACGGAACAGTGTGGGTTCTCCGGG"	672	84.17
"GAGTTCTGCCGGAAGCCGTTGGGGTGTCGCGCG"	668	84.21
"GAGTTCTTGCGGGTGCCTGGGTGAGGCCTGCGG"	667	84.25
"GAGTTCTTCCGGCACATCCGACGGCACTGTAGG"	665	84.29
"GAGTTCGGATACGAGCTGTGGTGCTCCCAATGT"	663	84.33
"GAGTTCTTCGATCAGTCTGCGGATAGTGTGTCG"	656	84.36
"GAGTTCTAGATCGTTCAGACTCTGCCGGTATGA"	653	84.40
"GAGTTCAATCGCATGTGGCTCTTTAGACTTTGG"	652	84.44
"GAGTTCTCCGAGTCCACTGCAGGGGTAATGTGT"	651	84.48
"GAGTTCGCGCGTGCCTCATCTTCGTCACGCTCC"	650	84.52
"GAGTTCATAGTTTAGTTCAGCGGGTTTGCGAAT"	649	84.56
"GAGTTCACGGAACTATATGCGATACCTGGTTAA"	649	84.60
"GAGTTCGTCCATCGTCGATAGACCCTGCTTGGG"	647	84.64
"GAGTTCTTGCGGGTAACGGGTCATCGTCCTGCC"	646	84.68
"GAGTTCGTCAAATGATTCCCGTCATTCTGCTGG"	646	84.72
"GAGTTCTTGTGCGCTGGCCGAGCGAGCTCGGTG"	645	84.76
"GAGTTCAGGAGTCCACCCCGCGGTGGATTCTCT"	640	84.79
"GAGTTCTCCGGCCGCCAAAATTGTGGGTGTTTC"	639	84.83
"GAGTTCGGCCAGACCGACAAAGTATGACCGGGC"	639	84.87
"GAGTTCAACGGTTAGGACAGATGCGTTGCAGTA"	638	84.91
"GAGTTCTGGCCGCATGCTGAGGGGTGCGGAAGG"	634	84.95
"GAGTTCGCTCGTCTCTTTTGGGTGTATAGCTCA"	629	84.99
"GAGTTCGGCTAGGACCTGTTACGGTGGCCGATG"	626	85.02
"GAGTTCTCGTGTCTACGTGAATGAGACGAGTTT"	624	85.06
"GAGTTCTTTGGGATTTATTGCGGATATCGATAA"	617	85.10
"GAGTTCTTCTGGGCCGGTGGGTGCACCTTGGCA"	615	85.13
"GAGTTCAGGTCCGATGCGTGTCTATTGGGCCTC"	615	85.17
"GAGTTCAGTCGGAGCAAACTTTGGGGCATGTGG"	610	85.21
"GAGTTCCCGCGATAATCTGGACGATCATCGTGA"	609	85.24
"GAGTTCCTTCTACTGGTGGGAGAAATCCCATGT"	604	85.28
"GAGTTCTGTGAGCCATGACGAAGGCTCAGAGTA"	603	85.32
"GAGTTCTGCAAGTCGTGCTGTCGACTATGTGAT"	601	85.35
"GAGTTCGGGAATTATAGAGGAACATGGTAAAAT"	601	85.39
"GAGTTCAGTGGGTCGAGCAAGATGCTCCTCGGT"	594	85.43
"GAGTTCTGCACCGTCCTACTCGCTGACACGCAC"	593	85.46
"GAGTTCTCATGGCCATAGTGTAGGCGTCGGTTT"	589	85.50
"GAGTTCTCGGCATAACCCAAAGGGCGCATATGT"	585	85.53
"GAGTTCTCCTTATCTCGTGTTGGTCGGCGGATT"	585	85.57
"GAGTTCTGGCGCGATTATAAACGACGTTGTGTA"	584	85.60
"GAGTTCTCGAGAAACAATTGGGAAGGAAGGTGT"	583	85.64
"GAGTTCGCGGACAATCCATGAACGTTAGTGGGG"	582	85.67
"GAGTTCTATTGGCTGCTTGGGCGTCTCTCCACG"	579	85.71
"GAGTTCATCCGACCTAGGTTTCAGTCAGAGTCA"	579	85.74
"GAGTTCAACGGAAGGTCCTGGGGGTTAACGGCT"	577	85.78
"GAGTTCTAACGAGGGGCCCGATTAGGCGTCGGA"	575	85.81
"GAGTTCTTCCCGTCACTGGGTTCTCGTTCGGCC"	573	85.85
"GAGTTCGCGCGTCCGTCTGGCGGAATGCCGCGA"	570	85.88
"GAGTTCGGGGGAAAATTCTGGGGTCTATAAGTG"	566	85.91
"GAGTTCCTAGGTCGGACTTTTGTGGGGTTGCGT"	566	85.95
"GAGTTCTGCTGTATCTTAAGATCGATCCGAACA"	561	85.98
"GAGTTCGTCAAGGGGGGCAGGTTTGGGTATATC"	558	86.02
"GAGTTCACTCGCTAACGTAGCTAACTAGTGTGG"	557	86.05
"GAGTTCGGTTATGCCGACACGAGCTTCCCGCTT"	553	86.08
"GAGTTCAGTTGCCCCTGTGATCGTTGATGTTAA"	551	86.12
"GAGTTCGTTCATGGCTGGGGAGGCTATGTGTTT"	549	86.15
"GAGTTCTAGCGCATCGCCGGTGGGAGTTGAGTC"	548	86.18
"GAGTTCTTTGGTGTGCAATCTCTTACTATGTTA"	546	86.21
"GAGTTCGAATGAAGGGTGAGGTTTCGCCGCGTA"	546	86.25
"GAGTTCGCGTCGACACTATCGGGTCCCTCGTCG"	543	86.28
"GAGTTCACGGGCCGTTAGTAAAAGTAGGTCCGC"	540	86.31
"GAGTTCGGTTCTTTCAGGTCAGGTATCCGGATC"	536	86.34
"GAGTTCCGGCCGCCCTGTTCGTGATTTGTTCGG"	536	86.38
"GAGTTCTAGTTTTTACCCCTGGCTACGCTCGCC"	535	86.41
"GAGTTCTCCGAGGCCTTCGGCTCTTGGACCTTC"	534	86.44
"GAGTTCGAGAACTGTTGGGTAAGTCCAATGTAC"	532	86.47
"GAGTTCACTGGTATGGATTCAGCGCGTCTATAG"	532	86.51
"GAGTTCTGTGGGACTCGATCACTAGAGTAGTCA"	531	86.54
"GAGTTCGCTTGGGTGGCCCGAGGTTCCCGGCGC"	530	86.57
"GAGTTCAGATGGGTCCGGCGATACGGTATACCG"	530	86.60
"GAGTTCGCTCGGACGTCGATTCGATTCTAATGA"	529	86.63
"GAGTTCGCTAGGGAATGACGGATTTGCTTTTGG"	528	86.66
"GAGTTCTTTAGGGGGTTAGGAGGGCGTGGTCGT"	527	86.70
"GAGTTCGACGAGGTTATGCAACGTCCGTTATTC"	527	86.73
"GAGTTCCTTGTTCCTTCAGTGACCTCATGTCTA"	526	86.76
"GAGTTCTTCCTCGGGCGTCGTAGTTCAGGGCCA"	525	86.79
"GAGTTCTATAGGACACGAGAGGGTCGGGTTCGG"	522	86.82
"GAGTTCACGAACGCGTTCTGGCTTGTCAGTTAC"	519	86.85
"GAGTTCTATCTGACGTGTTCTAGGTTACAATGG"	518	86.89
"GAGTTCTTCAACTATCCTGTGTTGATGAACTTG"	517	86.92
"GAGTTCGCTCGGAATAACAGGAATCCGTTGAGT"	516	86.95
"GAGTTCTCACGGTCGATGCGGTGAGGTTTGCTC"	513	86.98
"GAGTTCAACAATCACACGCACAAAGTGGTTTCA"	513	87.01
"GAGTTCTATTAGCACCGGGGGTGACGTAATTTC"	512	87.04
"GAGTTCGCCTGGTAGGGTAACGGCCTGGGGAGC"	512	87.07
"GAGTTCTACAAGCAACGGACCAGGGGTCCATTT"	511	87.10
"GAGTTCGTATGGCTTGCCTCGGTCTGCTCGAGG"	510	87.13
"GAGTTCGTCCTAGCATGGTTCGCCTTGGCGAGA"	509	87.16
"GAGTTCGCCTATGCCTCGGGAGGGTAGCGACCG"	506	87.19
"GAGTTCGTTCGACTCCGGGCCGGATGGAGAGGC"	505	87.22
"GAGTTCTCCAGAGAGGGGCGATGGTGGCGGTCG"	504	87.25
"GAGTTCTAAGAGGTGGAGTTGTGACAAAAGGCA"	504	87.28
"GAGTTCTTCAGTCAGGCATGATCCTAATTGTCA"	502	87.31
"GAGTTCGGTTGTCCAAACCGGCCACTGTTGGGC"	502	87.34
"GAGTTCATTCGGGTGAACCCTGCTGTTGGGATT"	502	87.38
"GAGTTCCTTTGTCTCGAGCGTTGAGGTTGCTCT"	499	87.41
"GAGTTCGCGCTTCAAACGTCTTAAGTGTACGGA"	497	87.44
"GAGTTCGTTCGTGTGTCTCTGCCAGCAGAGGCA"	496	87.46
"GAGTTCGCCCACCGTTTTCGTCTACGTGGGCAC"	494	87.49
"GAGTTCGACGGGCGGTGCTGGTGGCCACGCTAC"	492	87.52
"GAGTTCTTCGCCATCGCTTTTGGCGATTAAGGA"	491	87.55
"GAGTTCTATTCGTGCCTGTGTGCTATGGCATGG"	491	87.58
"GAGTTCCCGAGTTTCGTGTGGTAATTCCAGTTC"	490	87.61
"GAGTTCTGGTTGCTGAGCTTCAGAGGTGACTGG"	488	87.64
"GAGTTCGTGGGGGATCGCACGAGGATTTTGAGT"	485	87.67
"GAGTTCATCTTTCCTTTACATGATTTAGGTCAA"	485	87.70
"GAGTTCGTGCGGGATATGTTGTCTGTCATTGAG"	484	87.73
"GAGTTCGGGTGTGGGTCGAGGCGTCTGTACACA"	484	87.76
"GAGTTCTCAGGGCGCTGAGTAGATAAGGAAGCT"	483	87.79
"GAGTTCTTCAAGCGTAGAACGTGTTTTGGTTTG"	481	87.82
"GAGTTCTTGCGACCGTGGTGGACGATCTCACAT"	480	87.85
"GAGTTCGATAAGCATCAGGGAGGTGGCAAGGCC"	473	87.87
"GAGTTCGGTCTGCCGGCAGTAGGGAACGGGGCC"	471	87.90
"GAGTTCATTCGTTGACTAGACGGAACTCCGGCC"	471	87.93
"GAGTTCGCACCGCAGGACTGATGCTGGAGGCTC"	470	87.96
"GAGTTCTCTTCTTCGCACCTGAGTTCTCCGTTT"	469	87.99
"GAGTTCTACTGGTTATCTGGTCATACGCGGCTG"	467	88.02
"GAGTTCCTTATTTTCGTGTTAGTGAGTCTGAGT"	467	88.04
"GAGTTCGTCTGACCCCGAAGTTCTAGTGCAGCG"	464	88.07
"GAGTTCTTCCTGTAGTCGTGATGGTGCTTACTC"	463	88.10
"GAGTTCTCTCCCTTCCGACAGGTTGGGTTCATG"	463	88.13
"GAGTTCCCCAGTTAACGCCAGCTAACATTCGGC"	463	88.16
"GAGTTCTTCCGCTCGTGGACAGGACGATAGGGA"	461	88.18
"GAGTTCTAGTACAGGTGGACGATAGACGTGCCG"	461	88.21
"GAGTTCGAACGGTCCTCCGGAGAGATTCAGACC"	460	88.24
"GAGTTCAGGCACGACCGCCAATGATCGGTGTTA"	460	88.27
"GAGTTCCAAGTTGGCTCTCGTCCTACACTCCCT"	458	88.29
"GAGTTCGAGCGCGAGTCTACGTGGTGCTTTGGA"	457	88.32
"GAGTTCGTTTGTGTCTGAGTTTTTCGTTGATTC"	456	88.35
"GAGTTCTGGGGTTCGCCGAAACGGTGAATGGAC"	455	88.38
"GAGTTCTGCCGGTCGTTTCCCCGGCGTCCGGGG"	455	88.40
"GAGTTCTCCGATCATCGCTGAGGGCGCCGATCA"	452	88.43
"GAGTTCGCGAGTCTTTGATGCACTGGGTTTCCC"	451	88.46
"GAGTTCCAGCGATCCTGATCAGATGGACACAGA"	451	88.48
"GAGTTCAATGGAGGTCGGTAGAGACCGCCATAA"	450	88.51
"GAGTTCGATCGAACGTAGATTATTTTCTTGGTG"	448	88.54
"GAGTTCACGTAGGTGTATCGGTGGACTTTACCC"	446	88.57
"GAGTTCTAATGAAAAAAATGAGACGATTCAGTC"	445	88.59
"GAGTTCGAGCGCTACCGTCGCTGGTCCATAGAG"	444	88.62
"GAGTTCCGGACGCGCGTAGCGGGGCTGGCGAAA"	444	88.65
"GAGTTCTGGTCTCTGCGGTAGTGACTAGGGAGA"	443	88.67
"GAGTTCTGGCGGTGAGCTAGAGGTGCGTGCTAC"	441	88.70
"GAGTTCTGGTGTCAAGGTATAGGACGGAACTGC"	439	88.73
"GAGTTCGGCCTTACCGGGTAGCCTCATATAGTT"	439	88.75
"GAGTTCTCCTGACCGCCAGGATCATGGTGTACG"	438	88.78
"GAGTTCGTTCGGATATGTTCTATATTTACATGA"	438	88.80
"GAGTTCAGGGACGGAGGGGAAGCGTATTAGACG"	438	88.83
"GAGTTCTGCAACGTGACGTGACGGAGTCTTGTG"	436	88.86
"GAGTTCTCTCGACTGATGGCATTTAGTTTGATC"	436	88.88
"GAGTTCTTGGAAACGTCGTGAGGACACGTTCGA"	435	88.91
"GAGTTCGTTCGGGGGAGGCTCGTTGCCATGGAA"	434	88.94
"GAGTTCGCGTGGGATCGCATACTATGCATGAAC"	432	88.96
"GAGTTCAGGAGGCGTTCTGGGAATCCAATGGAA"	432	88.99
"GAGTTCTTGTAAGGGTAATTTAGCCAAATTCCG"	430	89.01
"GAGTTCTGGCGCTCGTGGTTAGGAATTTCTACA"	428	89.04
"GAGTTCGACGGTCACACTTGTAATATCGGGTCC"	428	89.07
"GAGTTCTTCGCGGCATGGGGGCGTATTCTCACC"	427	89.09
"GAGTTCGATGTGACCATATGGCCCATGGCGATC"	424	89.12
"GAGTTCGAGCTGCTTAGGGGGATTCGGCGGACT"	424	89.14
"GAGTTCCCCGGCGTCCGTGTAGAAAGCGTTTCG"	422	89.17
"GAGTTCGTACTAGAACAGGAATGTGCCCCCCTG"	421	89.19
"GAGTTCGCCCCAACGTATTCGCTCCGACTATTT"	421	89.22
"GAGTTCGCTCGCGGCAATGGGAGCGGTTAGAAA"	417	89.24
"GAGTTCTCCAGGTTCCCTTTCTAGCTGTCGGGG"	416	89.27
"GAGTTCCATAAACGGTCGTTGGGATTACTATGG"	416	89.29
"GAGTTCAATCGGCTACGTGGAGGGCCACAAAAC"	416	89.32
"GAGTTCAGTGATGGTCACGTATGCGGACCGGTG"	415	89.34
"GAGTTCTTGGCCCTAAGTGCGCTCTGCAGGAAT"	414	89.37
"GAGTTCTTCGGTTCCCCATCACTCTGGTTCTGG"	412	89.39
"GAGTTCTTCGGAACTTATAACTTATGACGGTCC"	412	89.42
"GAGTTCGTGAGGCGGCCCCGGTGTGGACTACCA"	412	89.44
"GAGTTCGTGCATACTCCTTGCCAGAATCTCCCG"	410	89.47
"GAGTTCAGTATTAAGTTCTGGAGGTATGAAATG"	410	89.49
"GAGTTCTTTCAGAAACAAGTGCATCCTTCATGT"	408	89.52
"GAGTTCGATGATGAGCAGGCGCGTCTTCAGTCT"	408	89.54
"GAGTTCTCTTAACCGCAAGTGGAAATCAGATGG"	405	89.57
"GAGTTCCGCTGAGTTTAGTATCTTTGTGGGTGA"	405	89.59
"GAGTTCCCTCGTTTACGCCAGCGTCGGATACGG"	405	89.61
"GAGTTCAAACTCGTATCGGTACAATCTCGCTCG"	405	89.64
"GAGTTCTCCGTAGCCTTTGTGTGTGGGAGGTCT"	404	89.66
"GAGTTCTACAGGCACTTTTCGTAACCTGCGGCC"	400	89.69
"GAGTTCGCCCCGGAGAATCGGCGCGGTTACGGG"	400	89.71
"GAGTTCGCTCGGCTGTTTCGCGTTCGGTTATAA"	399	89.73
"GAGTTCTCCCGATAGCGGTGGTATCAGCTAATC"	398	89.76
"GAGTTCGGGTTGTCACGCTGGTGACGTCGCGGG"	398	89.78
"GAGTTCTTCTGGTGCCGTTATGGGCTTCTACCC"	397	89.81
"GAGTTCCTTCCGCCTGTGGCAGACTGAGGTAAC"	397	89.83
"GAGTTCGGCCAGGTCTGTTGTCGGCCTGCAGTT"	396	89.85
"GAGTTCCTGATGGTATGGAAGGATACAGCGTTG"	396	89.88
"GAGTTCTGTCATTAACCGATGTCACGGATGGGT"	394	89.90
"GAGTTCGTAAGGTCCCGCAGTTCTTATATGTCA"	392	89.93
"GAGTTCCATATCTCGGCCTTGTGTCTGTGGGAC"	392	89.95
"GAGTTCTTCTTTCTATCTACTAGCGGCCCTGTT"	389	89.97
"GAGTTCTCTTTTTCGATATGATAAGTACGAGTC"	388	90.00
"GAGTTCTCCGTGTGAGTTGCCGATGTGCAATGG"	388	90.02
"GAGTTCTCCCAAAAGTATCAATATTGATCTTTC"	386	90.04
"GAGTTCTTCGATTGGCCCCGGGCTAGTTCGTGG"	385	90.07
"GAGTTCTCTTTTGGGCTGGTATTTTATTCGAAC"	385	90.09
"GAGTTCTGCCAGAGGCAAGGGGGGTGTTTTGAC"	383	90.11
"GAGTTCTCTTGGCAGTATGGCTAACCGAGTTGA"	380	90.13
"GAGTTCACGTCATAGGCTGGGGGCATACAACCT"	380	90.16
"GAGTTCGGAGGGTGGTCGTTGGAGTATTCTTCC"	378	90.18
"GAGTTCTGGTATCGACAGCGTGCGTGTGGCGGC"	376	90.20
"GAGTTCTGTAGGAAAGCGCTAGGAGCGCAGAAC"	375	90.23
"GAGTTCGTTATCCGCGTCATGGAGCCCCCGCCT"	374	90.25
"GAGTTCGCCTGCGGATGCTCATTAAGGCATTCC"	374	90.27
"GAGTTCCTGATCTTTTATCGGCTACCTGCGGGT"	374	90.29
"GAGTTCAATCGGCCTTGGGTTAGAAGAAGGGGA"	374	90.32
"GAGTTCCAAAGGACCGATATCGGGTACCTCTCC"	373	90.34
"GAGTTCTCTTGCTATGAATACTCCGAGGGTGCG"	372	90.36
"GAGTTCTGGGGCTTCCGGTGATATCTTAGTATT"	371	90.38
"GAGTTCTGGCAGCACCAAACTGATCGTCGGACA"	371	90.41
"GAGTTCATTCGGGACAACTATCGTCTCCGGCCG"	370	90.43
"GAGTTCTGGGGTTGCACTCGGTAACCGCGGAAT"	369	90.45
"GAGTTCCTCTCGGGGGTTGGCCAATGTGAAGCC"	369	90.47
"GAGTTCTTGCGGGAGCCATGAACGGGTCTTACG"	368	90.49
"GAGTTCGATCTGAAATTCAGTGCTACAGTTTAC"	368	90.52
"GAGTTCCTTTGGCAGTTAACTCTTCCACAGGTG"	368	90.54
"GAGTTCTTCGGTAATCGTTTGGAGTAAAAGCTT"	366	90.56
"GAGTTCTGGCGGCGACTCGAGAACTTTCGTAGA"	366	90.58
"GAGTTCATGCGGGCGTTCGGTAGTGGTTTTGTG"	364	90.60
"GAGTTCTGGTGTCGTTGGAATCGTCTGTAAAAT"	363	90.63
"GAGTTCTGTAGGGAGTCTTGACATCGCGGGGAC"	362	90.65
"GAGTTCGCGACTCGGGCTGTGTCTCCTAAGGTG"	360	90.67
"GAGTTCGCTGGTCTTCTCTTCGGATACATAGCG"	358	90.69
"GAGTTCTACTGGGGGCAGTGAAAGGCACGATCG"	357	90.71
"GAGTTCCATCAGAACCTAGTTGTCACTAGTTTA"	357	90.73
"GAGTTCTGTCTGTGGTGTCGTGGAGAGCAGAGC"	356	90.76
"GAGTTCCGTCGGGGGGCCTAGCGAAGTGAGAGA"	356	90.78
"GAGTTCTACTGGGGGCGGTGGGCTATCCCAACG"	355	90.80
"GAGTTCGTCGGTCACAATGCAGGCGGACGGTCG"	354	90.82
"GAGTTCGGTAGCTAGCCTTGGGGTACATAGGGA"	354	90.84
"GAGTTCTTGGGCCCCGTGGTATTTTCGGTACTG"	353	90.86
"GAGTTCGGACTTGCGATACACGTTAGCATCCCG"	352	90.88
"GAGTTCTGCCTTCGGTTCTTATTTCACTAAAGC"	351	90.90
"GAGTTCTCCCGGCATTGAACGTGTGGGGGGGGT"	349	90.93
"GAGTTCTCCAGGGCCTTCGGCCGACTCTCGGGA"	349	90.95
"GAGTTCTATATGACTGGGCGTGTCGTTGGTCGG"	349	90.97
"GAGTTCTAGTCCAAGTTGTCTCGTCAGTATTGT"	349	90.99
"GAGTTCCATCAGCGACGTCGGCACCGGCACTCC"	349	91.01
"GAGTTCGGTCTGGCGTGTTTGAGGACTCCATCT"	348	91.03
"GAGTTCGGTCGTTGTTGCAAAGGGGGTTTGTCG"	348	91.05
"GAGTTCGCGAGATAATTGAGACGGGATCTGAGT"	348	91.07
"GAGTTCCCTGTCCGCACCTGGTGGTCTTGGGGG"	348	91.09
"GAGTTCATGTTGGAAGAGGTACTTCTTTTTCTA"	347	91.11
"GAGTTCACGGGCTGGTGTCGGTTTGCGCTCTGG"	347	91.13
"GAGTTCGTCTGCACACTCGCGGGAATACGCGCA"	345	91.16
"GAGTTCGGTGGGAATTGATCATATCAATGCTCC"	344	91.18
"GAGTTCGATTGGCTCTCAGGGTGAAGTACGCAA"	344	91.20
"GAGTTCAAGCGCCTAGGCTCACTGCGTTCATTG"	341	91.22
"GAGTTCTCACCGTATCGAGGGGGTCGACGAGTC"	338	91.24
"GAGTTCGGCAGATTAACGTGAGGGCGGTCGTTA"	338	91.26
"GAGTTCGCGAGGCTACTGGTGCGTGGGGAATCA"	338	91.28
"GAGTTCTTTCGTGTACTGTTGCGATATCCGAGG"	337	91.30
"GAGTTCCAGTGTAATCCAACCTGATCTTATTCT"	337	91.32
"GAGTTCTCGACTCCGATTTTAAGCCATATAGTT"	336	91.34
"GAGTTCAAGAGGCGGTTTTGCTACCGTGAAGGG"	333	91.36
"GAGTTCGTGGGTTTACTCCAAGGATTTCGTCGT"	332	91.38
"GAGTTCGAAGTGTCTGTGGGTGTTGTGTTGCGA"	331	91.40
"GAGTTCTCCTGGCACCCGGTATGGACTCGACGC"	330	91.42
"GAGTTCAGTTTACAGTCTGGGGGGGTCAGGGCC"	330	91.44
"GAGTTCGGAAAGAGATGCGGGTTCATAAGGGTG"	329	91.46
"GAGTTCAGTCGGTATCAGGCACGTTAGTGGTTG"	329	91.48
"GAGTTCTGTAGGTTGCTGTATCGGTTTCTGTTC"	328	91.50
"GAGTTCGTAGATCTAGCGTGTGGAAGTCTACAC"	328	91.52
"GAGTTCTTCCGGCATCGTCCGGGTCGTGGGCAG"	327	91.54
"GAGTTCTTAGGGCTACATTCATATTTACTAGGA"	326	91.56
"GAGTTCCTGTGCCTCCAGAAGGGATTGAGGCGA"	326	91.58
"GAGTTCCGATAGCGTGCTTTCCAAGGGCGTTGC"	326	91.60
"GAGTTCTCGGAGGCGTCATCCTCTTTTTGGTCC"	325	91.62
"GAGTTCTACAGTCGCGAGTAGGACGTATATTAT"	325	91.64
"GAGTTCGTTCACTTCCAAGTGCGGCTGGCGCTA"	325	91.66
"GAGTTCAGTGGGCGTGCTGAGGGACAACTTCCG"	323	91.67
"GAGTTCGATGCCCGGTCGACGGGTCGCTGCTTG"	322	91.69
"GAGTTCTGGAGGGAGTATGACGTTCGCTTGGCA"	321	91.71
"GAGTTCTCGCTGTAGAAGTACTCATTATGGGCA"	320	91.73
"GAGTTCGTCAGGGCACTCTAGGAATGGATGGGG"	320	91.75
"GAGTTCAGGGGTCGCTGCAGCTGGTTTCGAGTG"	320	91.77
"GAGTTCAACCCATCTGCATCCTGAGTTGGTTAA"	316	91.79
"GAGTTCTTCTTTGCATTGCAGGAAGGTTCTGGA"	314	91.81
"GAGTTCTCTCGCATAGCTTCTTGCTGTCCTTTA"	313	91.83
"GAGTTCTGGGTGCCGTCTTAACAAATCGGACTC"	309	91.85
"GAGTTCCGACGAATAGGGCCCGTCGTGGCTATC"	307	91.87
"GAGTTCAAAGGGAGTCCGTATGGTCGATCGTTC"	306	91.88
"GAGTTCTGGATGGATCGGTAATATCGTCGATTA"	305	91.90
"GAGTTCTGGAGTTAGTTCGTTGGGTGAGGAAAC"	305	91.92
"GAGTTCTGCCCTGTGATCGAACGGTTCTCGTCA"	304	91.94
"GAGTTCGCTTCTCGCCGGCGAAATCATGTGAGG"	304	91.96
"GAGTTCATCCGGGTATCACTCACTTGTCGATTG"	304	91.98
"GAGTTCAACATGCCCGGCTTACCCTCACAGGTT"	304	91.99
"GAGTTCGGGAGTCGCGCCCGGCCAGGGTGGCTT"	303	92.01
"GAGTTCGGCTTCCAAAATGGGGTATGAGGGTCG"	303	92.03
"GAGTTCCATCGGCAGTCGTTGAATCGATCATGG"	303	92.05
"GAGTTCAACCGGTACAGTAGGGAGTCTACGTCG"	303	92.07
"GAGTTCGCTAGAAATAGTTGCGGACGGCGAGAA"	302	92.08
"GAGTTCTTTAAGGAGCGTGGCTGTTGGGGATCG"	301	92.10
"GAGTTCCAGTGGCACCTCTGGCATAGTGTAAGT"	301	92.12
"GAGTTCAAGAGTCTGTCTGTCAAGATCCATTTC"	300	92.14
"GAGTTCTGTCCACTGTCGATAGCCGCAGCGAGA"	298	92.16
"GAGTTCGGAGGCCCTCCGTAGGAGTGTCAAGTG"	298	92.17
"GAGTTCGCTCGGCGGTAATGGATGTAGTATTGT"	298	92.19
"GAGTTCCGTGACTACTGTTCTCTTGGCGTGGCT"	298	92.21
"GAGTTCAAGTTGAAAGGGGGAGTACTAGAAAAA"	298	92.23
"GAGTTCTCCTCATACGTTGGGCGTCGACACATG"	297	92.25
"GAGTTCGTTCACATGTTGTGTTATGGATGCTTG"	297	92.26
"GAGTTCGGGACGCTTTCCCGGTCGTGTGTATTT"	297	92.28
"GAGTTCTAGCGATCTCCACGGTAGGAGCTGTCC"	296	92.30
"GAGTTCGGTCCTCACGTCTAGATTCGGTGCTCA"	296	92.32
"GAGTTCAAATGCCTTATATGTGGAAGGTCCGTG"	296	92.34
"GAGTTCTCGAGGCGTCAATTGGGACTTACGGCG"	295	92.35
"GAGTTCTAGCGGACGAACTCGGTACGGTGTGGG"	295	92.37
"GAGTTCCATCTGTCTTTCCCAGAACCGGCGAGG"	295	92.39
"GAGTTCTGTCGCCGGGTCGATTAGCTTGAGTGC"	293	92.41
"GAGTTCTGTCGACCATTGTTGAGTCGGATATGT"	293	92.42
"GAGTTCTGATGCGACAAGATTAATTCTTAGTAG"	293	92.44
"GAGTTCTAGCATAGGGGTTGGCGTCGCCAGTGA"	293	92.46
"GAGTTCTACATTGAGGCTTCGCATTTCGTGGCT"	293	92.48
"GAGTTCGCATGGCCTTCTATGGACACTTTATGG"	293	92.49
"GAGTTCGGCTAGCCACGGGGATTGCGGGGGGCT"	291	92.51
"GAGTTCTATTCGCGTACGTTGTTTATTAGGGGC"	290	92.53
"GAGTTCTGGGCTCTTAAGCCGGAGGCGGATCTG"	289	92.55
"GAGTTCTGGCGGAGCCCGTCACCTCTGGCGGCT"	289	92.56
"GAGTTCGCGCTTTTAGCGCTGACGTTTGGATGC"	289	92.58
"GAGTTCCCGCCTAATCGGGGAAGGCGGATCGCT"	287	92.60
"GAGTTCGCTACAGTGCTCGCCTTGGGCCCAGTT"	286	92.62
"GAGTTCTTTGAGGTACGCGCGAGGTAGCCTTCC"	285	92.63
"GAGTTCTTGCGGGGAGCGAGGCTACAGGCACAC"	285	92.65
"GAGTTCGGAGGGGCTCTGTGGTGTCTGACCTCG"	285	92.67
"GAGTTCGACAGGCTGTGTGGGTGTCATCAGACC"	285	92.68
"GAGTTCTCTCGATCTTAGTGACCGGGGTGACGG"	284	92.70
"GAGTTCGTTGTGCACAGGTGACGGCATGGGGAG"	284	92.72
"GAGTTCAAGATGCCTCCTGCGGGCGATGAATAC"	283	92.74
"GAGTTCTATATACCATGCTGGAGGTGTGTCCGG"	282	92.75
"GAGTTCGGGTCACACCCTCGAGGGGCAGCTTAA"	282	92.77
"GAGTTCTCACGTGATACAGGTCTCTGGTGGACG"	281	92.79
"GAGTTCTTGGGCGTTCAACGACGAAATGTTCGT"	279	92.80
"GAGTTCTCATGGTCATTGAATGCACTGAGGTTG"	279	92.82
"GAGTTCGCACAGTGGGGCTGATCTGGGTGCGGC"	279	92.84
"GAGTTCGAACAGTCTTTCAGATAAGCCAGGCTC"	279	92.85
"GAGTTCTGTGTGTCAAGGTTGAACCTTGCGCCG"	278	92.87
"GAGTTCGTTGGGGGTCTTTCACTACTGCGGGAT"	276	92.89
"GAGTTCTTGTGTGTTGTTCGGGCGCGCCGTTTT"	275	92.90
"GAGTTCGGGACCACTCGGCGGATTCAGTGGATA"	275	92.92
"GAGTTCGCTTGGGGCTGAGAAGGGCGACAAGTC"	275	92.94
"GAGTTCTTCATTCCTTAGCTTGTCTTACCGCGA"	274	92.95
"GAGTTCTGGTGTTGTGCTAGAGCGCCACGACGT"	274	92.97
"GAGTTCGGACGTGCAAAGGGTGGAAAACGTTCC"	274	92.99
"GAGTTCGGCGCTTCGTCACGGACACCTGATCGA"	273	93.00
"GAGTTCTCGTAGCGGCCAGACCGTCGCAGGCCC"	272	93.02
"GAGTTCTCATGTACCCAGCGGGGTAAAAGGTGG"	271	93.04
"GAGTTCCTAAGCGATTCCTTCCATCGGGGTCGG"	271	93.05
"GAGTTCATAATCTTGTTCAGGAGTTGTGTCTGC"	271	93.07
"GAGTTCTGTTCGTAGCCGGGGAATTGGATACCC"	268	93.08
"GAGTTCTGACGTAATTGCGCAGCATGTTGAATT"	267	93.10
"GAGTTCGTGTGCGCCCGCAGGAGGTGATTCGTT"	267	93.12
"GAGTTCCGGCGGCAAGGGGGGCCGCGTTTTAAG"	267	93.13
"GAGTTCAATTGGCGTCCTGGGTATTGTCAACGT"	267	93.15
"GAGTTCTGTCAGCGGGTTGAGGAATAGTTGTTT"	266	93.16
"GAGTTCTCTTATAGCGGTAGGGGTCGCAGGTCT"	265	93.18
"GAGTTCTCAGCGCTGTTGCTGCATCGTTCGTTC"	265	93.20
"GAGTTCTTGTGATGTTCTCTGAGCTCGTGGTAG"	264	93.21
"GAGTTCTGTGTTTCATCAGCGGGTCATCCGTGG"	264	93.23
"GAGTTCATGAGGTTGGTAAGGAGGCAGCGGCAT"	264	93.24
"GAGTTCAGTTTTGGCTCATATGGTCTGGGGGCC"	264	93.26
"GAGTTCGATGCTTAGATATGTGAACCGGGCCGC"	263	93.28
"GAGTTCCCGCCTGGCGTGTGCTGCCGGGGCGTT"	263	93.29
"GAGTTCTCGGATAGGTCAGGTTGGCCTGTGTCA"	262	93.31
"GAGTTCTCCGCGCAACGGTGATCTCGTCCGTCG"	262	93.32
"GAGTTCGTATGGGAACAATTGATGCATTGTTTG"	260	93.34
"GAGTTCGTTATACGACAAGTAGATAGACGGAGT"	259	93.35
"GAGTTCGCTCAAGTACGGTCGGGTTGAAGGGCC"	259	93.37
"GAGTTCGACCAGTGTCCTATAGTTCATCCGTGT"	257	93.39
"GAGTTCTGGGTCCCCCCGGTGTGACGGTAGGCG"	256	93.40
"GAGTTCGTGGGGGGTTTTTCGATGGTCGATTAT"	256	93.42
"GAGTTCGCTTGTGCGCCCTGGTGTGAGTTAGAT"	256	93.43
"GAGTTCGACTAGGTCTAGTATAATGCTATACTG"	256	93.45
"GAGTTCGACCGGCTGTAATCGGTCTTCGTCGGG"	256	93.46
"GAGTTCGCTGGGAGGTTTTGGTGAGCTTTTTCG"	255	93.48
"GAGTTCCGGTGGCCCGTATAGGTCTCCACTGCT"	254	93.49
"GAGTTCTACGCGCCGTCGTAAGACAATCCGCGC"	253	93.51
"GAGTTCAAGGGAGAAATCGCATTCGCGCCCGCG"	253	93.52
"GAGTTCTTTCTCCTTCCGAGGTGTTGACATACC"	252	93.54
"GAGTTCTGGCGTGTTGATGTGGGTTAAGGTTTC"	252	93.55
"GAGTTCGGCTGAGTGTTCAAGAACCTGGTTGCT"	252	93.57
"GAGTTCTACTCGCAGTGGTGCGGAGGTCGGTGG"	251	93.58
"GAGTTCGGGCGGTTTTGGTAGAGTCATGGGTTA"	251	93.60
"GAGTTCGCCAGACATAGTCGAAAACGTTGTAGC"	251	93.61
"GAGTTCGGACTCTGGTCAGTTCGTCAGTCGTCC"	250	93.63
"GAGTTCGCTCACCGGTCCTATGGGCATGTACGA"	250	93.64
"GAGTTCCGCCGAACCTGCTGGTGACCTTCGGAG"	250	93.66
"GAGTTCTCGGTGTTCTGCTTGGCCCTTTCCCTT"	249	93.67
"GAGTTCTATTGATAGTATAACGGTAGCCGGTAG"	249	93.69
"GAGTTCGGCCAGGGTCGGTGTGATACCCGGGCG"	249	93.70
"GAGTTCATGTGCCAAGACTGGTGGGTAGTCAGC"	249	93.72
"GAGTTCCCCGCCTTAGACTGCGTGCTCGTAGCT"	248	93.73
"GAGTTCACGCTTGGAGGGGGCGACGAGCAGATT"	248	93.75
"GAGTTCGTTCGTCAGGAGTAGGACCATGGTGAC"	247	93.76
"GAGTTCGGTCGCACCGTGGGGGTTGTCGTCCCA"	247	93.78
"GAGTTCTGATAAGCGTGTGCAGGCCCGTGGAGA"	246	93.79
"GAGTTCCAGTCGTGGGCCTGTTGTACCGGTACC"	246	93.81
"GAGTTCTTTTAGTCCGCGGGGGGCCCACGGTGC"	245	93.82
"GAGTTCGTGCTGGGCCCCAGATGACACATGAGT"	245	93.84
"GAGTTCGGGCTTGGCCGTGGATAGCTAACGCCG"	245	93.85
"GAGTTCGATGTTTACTCGTGGTAGTGGGCAGTA"	245	93.87
"GAGTTCGATGGAGCTGGGTGCCGTATTCGGGGG"	245	93.88
"GAGTTCGATCGTTGAATGTAGTAGAGGCATGGC"	245	93.90
"GAGTTCCATTAGCTTTTGCAAGTCCGTGCGTCG"	245	93.91
"GAGTTCCGGGGGTCTTCCGTGGTTTGTTTGTCC"	244	93.93
"GAGTTCTTCAGGATGCACGGGGGACACCCGTTT"	243	93.94
"GAGTTCTCGCGGAAGCGCTGCCGGTTCAAGGTG"	242	93.96
"GAGTTCGGGCAGCATATGGGGTGGCGTCCGGGC"	242	93.97
"GAGTTCCAGACAGTCCTCCCGCGGCCTGGCAGA"	242	93.99
"GAGTTCTAGCTAAGTAGCGGTAGGTCCGCGGTA"	241	94.00
"GAGTTCGCTGGGCTCTGAGTAAGGCACTGGTGA"	241	94.01
"GAGTTCTCTCACAGTGGAGCGAGGGCGTCTAGC"	240	94.03
"GAGTTCGTCCGGCATGCCGGTGGTGCATAGAGG"	240	94.04
"GAGTTCCTTTCAGATCTGGAGGCGTCTAATGAG"	240	94.06
"GAGTTCCAGCGCAAACGGGGCCGTTGCGAATGC"	240	94.07
"GAGTTCTGGGTGTGCCTCGTGGGGCTTGGTCCT"	239	94.09
"GAGTTCTCCGCGGATAGGGGAAGGCTCGTTTGC"	239	94.10
"GAGTTCCGCGGTTTTTTCGTACCGGTTGGGTCT"	239	94.11
"GAGTTCTGTAGGCGCTAAGAGGCAAATTCTTCA"	238	94.13
"GAGTTCGCAGGTCAGCTGTGCTTAAGGGCGTTA"	238	94.14
"GAGTTCATCGGTGAGGAGGAGGCCTGCGGGCGC"	238	94.16
"GAGTTCTATCATCGTCGATAGGGTGGTTTCCGG"	237	94.17
"GAGTTCGCGCGAGGTTATGTCACGCGTGGGCTG"	237	94.19
"GAGTTCGATGGGGAGACTTCGGGAGGATTACAC"	237	94.20
"GAGTTCTATCATGATTGATACAGCCTCCGGGTC"	236	94.21
"GAGTTCCAGTGTGGGCCATAATGTGGTCGCGCA"	236	94.23
"GAGTTCAAAGGGTGATTTTTACGAGTAAAAGGG"	236	94.24
"GAGTTCTTCAGGCACCCAACGTGTTACAGATCG"	235	94.26
"GAGTTCTGCTTAGCGCCCAGGAACTCGCGGCCA"	235	94.27
"GAGTTCTCAGCACTATCGGTGGGGCGTCAGTCA"	235	94.29
"GAGTTCCCTCGCAATAGGACGTCTTAACCTTCC"	235	94.30
"GAGTTCTGCACTTCCGAACACTTGTGTCCCTTC"	234	94.31
"GAGTTCGCGGGGCCGCGTTGAGGACCCGAAGAA"	234	94.33
"GAGTTCCTTGGTCTTCGCTGTTGGGTGGGCGTT"	234	94.34
"GAGTTCATGTGGGATGCGCAGGTGGCGAGCTTG"	234	94.36
"GAGTTCGCTTGGCCTGACTGGGGCCTACGGTGT"	233	94.37
"GAGTTCGTGTGGCTGTATACATGCTTTCTGTTC"	232	94.38
"GAGTTCGCGGAACCCCTGGGGTCTTCGTTATGT"	232	94.40
"GAGTTCAACTGTCTGGGGTCGTCATTCCGTTTG"	231	94.41
"GAGTTCGGTTCTGAGGGTAGTTGCGGTATGGTG"	230	94.43
"GAGTTCAGGGGCAAGGTCGAATGGAGGCCGTCG"	229	94.44
"GAGTTCTGGCCTTCGTCCAGGGTCTCGACATAT"	228	94.45
"GAGTTCTCGGCAATATCTAACGTGGCTCCTGTG"	228	94.47
"GAGTTCGTTCATCGTGGACTTTGTGGTCTGTTA"	228	94.48
"GAGTTCCTTAGCTCGTTCGGGTCGATCTTCGAT"	228	94.49
"GAGTTCTACGGGAGCTGTCCAGAGTCATCGTGC"	227	94.51
"GAGTTCAGCAGTGACGGAGTGCGCGTTTTAGTA"	226	94.52
"GAGTTCTACCAGGTCAACGGTATGACTTCGTCG"	225	94.54
"GAGTTCTAATGGTAAGCCTTGACTCCTTAAGGA"	225	94.55
"GAGTTCGAGTGTGTTTAAAAGTACCGTCTGTCT"	224	94.56
"GAGTTCACCTTTTATGCTATGTATCCAGGGATA"	224	94.58
"GAGTTCAATGGTCAGTACTCAGTCTACTGGCGT"	224	94.59
"GAGTTCTCCTGTTCGTGCCGGTGTAGCGGCCAT"	223	94.60
"GAGTTCGGTTGGTCACAGTATCGACGTCGTTGC"	223	94.62
"GAGTTCAGCCATTTGATACTATATCGTTGTTCG"	223	94.63
"GAGTTCTTGTGTAATTTTGGGTGACCACAGTCC"	222	94.64
"GAGTTCTCCCGGTCCGCGACTCCATATCTGGGG"	222	94.66
"GAGTTCGATGTTGCTTGGCGGGTTCTGTGCCCG"	222	94.67
"GAGTTCTTAAGCGGTACCAGTGGAGCGGCCTTT"	221	94.68
"GAGTTCTGTTGACAATTGGGGACGGTTCGGTGC"	221	94.70
"GAGTTCTCGCGATATTGCGGTACCTTTGTCTGG"	221	94.71
"GAGTTCGCCACTTATTCGTGGGGAGGACCGATC"	221	94.72
"GAGTTCCGTCGCCTTCTCGAGTTATCGGGGTAA"	221	94.74
"GAGTTCCGGTTGGCGGCCGCGGGCGAGCAAGTA"	221	94.75
"GAGTTCACCTGGCCCTACGGATCAACTTGGGTC"	221	94.76
"GAGTTCTATCGGTCGCCCGGAGAGGCATAAAGC"	220	94.78
"GAGTTCGGCGGTCTACGTGCGTTTCCTTGACGT"	220	94.79
"GAGTTCGATAGAGTGACGACGTGTTAACACAAA"	220	94.80
"GAGTTCCTATTCTGGGGTGTTTAGGCCCTCTCT"	220	94.82
"GAGTTCAAGGGGCCTTCCATGTGTTGGTGGGTA"	220	94.83
"GAGTTCTTCTTCCACTCCGGAGTGGTGCAGGTA"	219	94.84
"GAGTTCTCCGGTGTTCCCCGTGAATGCTTGTTG"	219	94.86
"GAGTTCGCTACTCAACGAAGGGAAAAAGAACGT"	219	94.87
"GAGTTCGAATCGCCGGATTGTCGATCTCTGTTG"	219	94.88
"GAGTTCAGTCGTCACGAGTCTTGTTCTTGGTAC"	219	94.89
"GAGTTCACCTTTCTAGCGTGTTGTCGGTGAGTA"	219	94.91
"GAGTTCTTGAGCGGGGTTGAGTGGCAGCGTTGA"	218	94.92
"GAGTTCGGTCGTGGGTTATGGGCCAGGCCCTGG"	218	94.93
"GAGTTCGCGCTCGCCGGGGGGCGTCTCAGTCTG"	218	94.95
"GAGTTCGCGCCTCTCTTCCTCTGTACTTGGTGT"	218	94.96
"GAGTTCCGAAGTCGGCCCTTGGTTCTAGCACCT"	218	94.97
"GAGTTCTATTAAAATCAGCGGTGTCGGCGTCAT"	217	94.99
"GAGTTCGAGCATATCACCGGGCGGCTCCGCATA"	217	95.00
"GAGTTCTTTCAGTGTCCTTGGTTATACGAAGAC"	216	95.01
"GAGTTCTGGAGTAGGTATTGGTTCAATGGAAGT"	216	95.03
"GAGTTCTAGGTTTTCCTCCGATGAGGGTCGGCT"	216	95.04
"GAGTTCCGGGCCCATTGCGTTTGGTGAGCCCGC"	216	95.05
"GAGTTCCACGGTCTTCGGATAAGATGCCACGGG"	216	95.06
"GAGTTCTGGTGTTCCTGCGCTGTGGCCTCGAGG"	214	95.08
"GAGTTCCGCAACCTTTTTCGGTTTCTTTGAGCG"	214	95.09
"GAGTTCGATCAGTAGCGTGAGGCACAGGTCTCA"	213	95.10
"GAGTTCCACGGTCGGCCGTCGACTGTCTATCTC"	213	95.12
"GAGTTCTGTGGTTTCTGGTGCTCTGGATCGCCC"	212	95.13
"GAGTTCGGGCTACGCTCTACTCGCTGTGTCCTC"	212	95.14
"GAGTTCGCAGAGACAGGATGTAGACGGTGGTGT"	212	95.15
"GAGTTCGATAAAACGGGTCAGGACCTGACGTGT"	212	95.17
"GAGTTCGAGCCTCCCGCCAGGCATCGGGTGCGA"	212	95.18
"GAGTTCACCCGTCACCACGGTTGTGGACCGTTG"	212	95.19
"GAGTTCGCTACTTACTATGGGGCAACCGGGTGT"	211	95.21
"GAGTTCTAGCGGTGTAAAGTCTTGTGGGGTTGA"	210	95.22
"GAGTTCTGTCTCATGCAATCTTCGGACCCGTCA"	209	95.23
"GAGTTCGATTACAAGTGATGGGGGCTTCCATGA"	209	95.24
"GAGTTCCACGGGATGTCGGTTTAGTGAGTCAGT"	209	95.26
"GAGTTCTCAATAGAGTGTGGGGGGTTTCTGGTC"	208	95.27
"GAGTTCACAGTCCTAACTTCCGAGAGTGTGCCG"	207	95.28
"GAGTTCTCTGTGGGTCTATAGTCACGGCGGTGC"	206	95.29
"GAGTTCTACCGCCACTTTTGTCGGTTGTTCAAT"	206	95.31
"GAGTTCTTTTATGTTCAGTTGGCGCCGAGATTC"	205	95.32
"GAGTTCTCATGGCCACGGAAACATCAACTACGG"	205	95.33
"GAGTTCGGTTGTTGCCAGTTTTAGTAGATGCGC"	205	95.34
"GAGTTCGTATGTGTTCCCGGTCAGCCAAGGTCC"	204	95.35
"GAGTTCGCCAGGCTATTTCTGGGCCTAGTGCGG"	204	95.37
"GAGTTCAGTGTATCGGAACAGCGTCGTTGGCTG"	204	95.38
"GAGTTCTGGGTGCGGCGAAGGTGTGTCGGAGCC"	203	95.39
"GAGTTCTAACCGGGCTTATGGTGAGGAACGTCG"	203	95.40
"GAGTTCCATGGTTTCCTAGGGTCGGGTCTGTCT"	203	95.42
"GAGTTCATGGGTCATCCCGCCGGTAGATGGGAC"	203	95.43
"GAGTTCGTGGTGAAAGAGTGGATGCTGCGCTAA"	202	95.44
"GAGTTCGCGAAGGTCCCAGGATAGTATGACCCC"	202	95.45
"GAGTTCCTGTGTATAGCATGGTGCCGCGGCTCC"	202	95.46
"GAGTTCTGGTGGCGGCCCGTGGGCGGCTGGCCG"	201	95.48
"GAGTTCTCTTGCCTCCCCCTAAGGCGGATAGGA"	200	95.49
"GAGTTCTAGTATGCCTCGAGTTGGCGGGTATAG"	200	95.50
"GAGTTCGTTTAGAACGGTTGGTAGTTTCGTGTT"	200	95.51
"GAGTTCCTCTTACGTGCACCGCATCAGTGTTTC"	200	95.53
"GAGTTCTGGCAACAGAGTAGAGCGTTCGCGACG"	199	95.54
"GAGTTCTCGCCCGTTGGGACATATAGGGGACGT"	199	95.55
"GAGTTCTATTAGGAGAATGTTGTATGGGGTAAC"	199	95.56
"GAGTTCGAGATCGCCCTCATACATTAGTGGGGG"	199	95.57
"GAGTTCTTCGGTTCGGTTGTATCAGCGCCTCAA"	198	95.58
"GAGTTCGGCTCGCCCGCACGCTTCACTCCGAGC"	198	95.60
"GAGTTCACATGGAATTTATACTGTCATCCGGGC"	198	95.61
"GAGTTCTTCGCCCGAGACCGAAACCACGTGGGT"	197	95.62
"GAGTTCCCTCGTTGTCAGGTAGTGCCTCGCTCG"	197	95.63
"GAGTTCAATACAACAGTCTAAGAGACGCAACTG"	197	95.64
"GAGTTCTCGTCTTTAGTACGAGATCAAGCGGTT"	196	95.66
"GAGTTCCTACGTTCGTCCTGGGGCGGATACGTG"	195	95.67
"GAGTTCTGCGGGCAGGTCAGGTGACAGTCCTTT"	194	95.68
"GAGTTCTGAAATACCCATGCGCAACAATGGGGG"	194	95.69
"GAGTTCGTTTGATAGCTGTTACGAGCACTATTG"	194	95.70
"GAGTTCGGCCCATTCCGGACAGGTAGGGTTCGG"	194	95.71
"GAGTTCGAGGCTTGGTGACGCGGCTTAAACCTT"	194	95.73
"GAGTTCCGATGGAAGTTTCGTGACGTATCACTT"	194	95.74
"GAGTTCATGTGTATGGTGTATGCCAGCGGGTTC"	194	95.75
"GAGTTCAGCGCTTGCCGGCGGCGCGTCCTCCTT"	194	95.76
"GAGTTCTCCAAGTGTCCCTTACGCTGGCAGGTT"	193	95.77
"GAGTTCGGTGTATATAGAACTTGTTGTTGTAGA"	193	95.78
"GAGTTCGCCGCTCCCTTGGTATGACGGCTGTGG"	193	95.80
"GAGTTCGATTGGCCCGTTGGGTCTGTGGGGGTA"	193	95.81
"GAGTTCAGCGAAAGTCTGGGGATGTTATTGCTC"	192	95.82
"GAGTTCTCTAGATGACGATCAAGGCGATTATCA"	191	95.83
"GAGTTCAACCAAGCCTTCTGATGCTGGTGTTGA"	191	95.84
"GAGTTCTCTCACCGGCGCGAATACCATGCCGTC"	190	95.85
"GAGTTCGTTTCATTTTAGGCATGACACCGGCGC"	190	95.87
"GAGTTCCTTAAGTTGTGTGTGAGAGTGACCGGA"	190	95.88
"GAGTTCTCAGGCAAGGCCTGTGTGGGTCATTGG"	189	95.89
"GAGTTCTATCGGCGGTCTTGGAGTCGTGGGCGA"	189	95.90
"GAGTTCGGTCATGATGTCCGGTGGTAGTTGGGG"	189	95.91
"GAGTTCGGAAATCCCCTTCATTGGCGGTAGTCT"	189	95.92
"GAGTTCCTGTGTGCTACTGAATGACGTTTGTGG"	189	95.93
"GAGTTCCGTCATCACAGGGGGCGCGGGCCTCCG"	189	95.94
"GAGTTCCATCGGCGTAAATGGCGACGTGTGCCG"	189	95.96
"GAGTTCCACCGTAACAGGAGCGATGGGATTCAG"	189	95.97
"GAGTTCTACTGCCTTGGTTAGCCGTGATGCGGC"	188	95.98
"GAGTTCTAACTGGAACCTTGGGGGGCGCGGTCC"	188	95.99
"GAGTTCGTTTCTGACATGCCACTAAGATCATCG"	188	96.00
"GAGTTCGCCCGTTCTAGTGAACGGTGCAGGTAC"	188	96.01
"GAGTTCCCGTTCCCGTACATGAACCGAGTTATA"	188	96.02
"GAGTTCCCCTTTGCTCATCGGACCGCTGCGTCA"	188	96.04
"GAGTTCCGACGTTTGTAACTAGTCTGGGTCTCG"	187	96.05
"GAGTTCTTGGCTTGGCAGATCATTTTTTAGTTT"	186	96.06
"GAGTTCTTCCACCCGACAGGATATATGGAATGG"	186	96.07
"GAGTTCACCCCAATGTCAGACTGATTCTTGTTT"	186	96.08
"GAGTTCTTTAGTGCTTTCGTGGCTATTGAGCTT"	185	96.09
"GAGTTCGTGTATTCCACTCGGGTTAGGAGGTTG"	185	96.10
"GAGTTCGATCGTAATAACGTTGGTTTATCCTCC"	185	96.11
"GAGTTCTTGCGCCCGGTCTACCAAGGGTGCGGA"	184	96.12
"GAGTTCGATGAGCGGTGTGAACGTGACAAGTCA"	184	96.14
"GAGTTCGACAGGTGGAAACGTGGTTGTTAAGGG"	184	96.15
"GAGTTCTTGCAAAATAATGAATAGGTTTTTGGT"	183	96.16
"GAGTTCTCAAAGTCACGAGGGCGTCTGCCTCGA"	183	96.17
"GAGTTCTATAAGGCGTTGTGGGCACAGATGGTG"	183	96.18
"GAGTTCCTTGTCTGCACGCTCACTTGACCTGTG"	183	96.19
"GAGTTCTATTGGTTGTAGCGGATTTGAGGGCAG"	182	96.20
"GAGTTCGATTGGTAAGGTGTTCTGTATACAAGA"	182	96.21
"GAGTTCTGGTGGCTGTAGCTGTCGGTCGCCACG"	181	96.22
"GAGTTCAACGTGTTTGCTCGTGGTTTTATTGGC"	181	96.23
"GAGTTCTACGGCACCTCGAGGGGTGGCTCTTTC"	180	96.25
"GAGTTCGTTCGGGTAAGGTGTGCTCCTTTGACG"	180	96.26
"GAGTTCCTTTATGACAGGAGATGGTTCGGGCTG"	180	96.27
"GAGTTCTCCCGTCCCTCCTCATAGAGTGTGAGA"	179	96.28
"GAGTTCTCCATCTCTCCCTCGACCGTGATTGGC"	179	96.29
"GAGTTCTCATGTCAGTTTCGGGTATGTCCGTAC"	179	96.30
"GAGTTCTATCGGCCCAAGGGGCGCAGTAAAGTG"	179	96.31
"GAGTTCTAGCAACCTTGATTGGACCCTGCACAC"	179	96.32
"GAGTTCTAGATGGTGCGTGTCAATTAGATTGAT"	179	96.33
"GAGTTCTAATGTATTGTGAGGGCAGGATCGATT"	179	96.34
"GAGTTCGGTAGGTTAGATTGCGTCGATCGACCC"	179	96.35
"GAGTTCCGAGGGCAAGGTAGGTTTTAAATAAGA"	179	96.36
"GAGTTCTAGCGTGAACTTTAACGGTGGCTTCAT"	178	96.37
"GAGTTCGGCTTGTTCTACCTCGGTCATCTGGCC"	178	96.39
"GAGTTCCTGGGGCCTCGTAATGGTCACTCGGAG"	178	96.40
"GAGTTCATTGCGGGGCTGCGGCAGGTGTCGCGA"	178	96.41
"GAGTTCACGGAGTCAGGGGAGTTACGTCAATGG"	178	96.42
"GAGTTCTGAGGCAGGGCGTCGGGTACGTCGTTC"	177	96.43
"GAGTTCTAAATGGATGTTCGCGGCACGGCGATT"	177	96.44
"GAGTTCGATTGCGACAAACTGTGTGCGCTGCTA"	177	96.45
"GAGTTCAGTAGTAAGTTGTGATGGTCGCCCTCA"	177	96.46
"GAGTTCTGCGGCTCACACTGCGATCTAGCTACT"	176	96.47
"GAGTTCTCCGCGGGTAATGACGGATGGGTACTT"	176	96.48
"GAGTTCTAGGCGTAGGCTCCGGGAAGCTTAGCA"	176	96.49
"GAGTTCTAAAGGGATGGATAAGGAGTTCAGTGC"	176	96.50
"GAGTTCGGCTGGCGTTACGGTGCGACGTGGTGC"	176	96.51
"GAGTTCGATTGGGTGGTCGTTTATGATCTTGAA"	176	96.52
"GAGTTCATCCGGTGATCGGGTTCTCTTTAGACA"	176	96.53
"GAGTTCAGAACTTATTTTTGGTCCGTTAGGGTA"	176	96.54
"GAGTTCTGTGTTGTTGGTTGATCTGTGGCCTGC"	175	96.56
"GAGTTCTCGAATCAAGTTGAGCTCGCGCCGTTG"	175	96.57
"GAGTTCTAGTGGGGTTATATTGGCCGAATGCGA"	175	96.58
"GAGTTCTTATAACACGCAGAATTGCCTTGGTAC"	174	96.59
"GAGTTCTGTTAAAGTCCTAAGATGAATACGCCA"	174	96.60
"GAGTTCTCTCGAAAGGGAACGTGTGTCTAGTAC"	173	96.61
"GAGTTCGGTCGGCGATATTAGCAGCCAGGGCGG"	173	96.62
"GAGTTCGGCGTGTCGAGGTGGTGTAGGCGGCCC"	173	96.63
"GAGTTCCAGTTTCTGGGGGCTAGAGTTCTGGCA"	172	96.64
"GAGTTCACTTGGCCCGATGTATATTCGGGGTGA"	172	96.65
"GAGTTCAAGCTCCGGGCATCGCGGTGTCCAGTC"	172	96.66
"GAGTTCAACACGGTGTGATGTGGTCGAGCTAAC"	172	96.67
"GAGTTCGTAGGAGCATCCATGTCGCGTTGAGTG"	171	96.68
"GAGTTCTTCGGAGTTAAATGAGGGAGTATGCGT"	170	96.69
"GAGTTCTTCAAGGAAGGAGGGCGGCTGTGGGTC"	170	96.70
"GAGTTCTGGAGTTAGCCTCGTGTTTACCACCGT"	170	96.71
"GAGTTCGAACGGTCAGGGGGGTGGAGGCTCCGT"	170	96.72
"GAGTTCAGCCGGGTCACGGGACGGTCACGCGCC"	170	96.73
"GAGTTCAACCCGGAATCCTCGTGTGCTGGGCTG"	170	96.74
"GAGTTCCTAGTGGGAGTTTCGGGCGATGCCGGG"	169	96.75
"GAGTTCGACTCACGCTCGTAATCGTTATCTCTA"	168	96.76
"GAGTTCGACGGTGTCGGTGACACGGAACGCTCC"	168	96.77
"GAGTTCAGGTTTTCCGTCGCGGTGAAGTAATGT"	168	96.78
"GAGTTCTATCTTAATTCCGATGTAACGTGCGTC"	167	96.79
"GAGTTCGGCCTTAGGGCGGATTCACAGATTCTA"	167	96.80
"GAGTTCTCAAAGAAGTGCGTGAGTCAGCGGGCA"	166	96.81
"GAGTTCTAAGTTTGGACCCTGGGGTCGGTCTTC"	166	96.82
"GAGTTCATTTAAGTGCCGTAGGTAAGGCTGCGC"	166	96.83
"GAGTTCTGAGTCTCTTCGGAGTCCGCTTAGAGA"	165	96.84
"GAGTTCTCAGGTTAATCGTATGGGGGTCCGGTG"	165	96.85
"GAGTTCGCTTATGTTCTGGGACGTCGTCGTGTG"	165	96.86
"GAGTTCGACGATTTGTGTCAGAATGAGCCGTCA"	165	96.87
"GAGTTCCTTTGTCGACTCCCGGTCGACTGCAGG"	165	96.88
"GAGTTCCGAGGACAACTAAGGAAATAAATGTCC"	165	96.89
"GAGTTCAAGTGGCAGTGTTGAAACTATCAGATT"	165	96.90
"GAGTTCTCTCGGTATAGCTGGGCATGGCCGGGC"	164	96.91
"GAGTTCTGGAGTCGTGAGTCGGTATTGATGTGA"	163	96.92
"GAGTTCTATCTGGTACTATGCGGATCTGCCTCC"	163	96.93
"GAGTTCGTGGGGGGATAGGTAAACATTTGTTAT"	163	96.94
"GAGTTCGGTAGGTGATCCTGGTGTATTTCACGT"	163	96.95
"GAGTTCCGTTGGCTTTTTTTGGGTAGCTCGCGC"	163	96.96
"GAGTTCCGAGGTGAGTGGTTCCACTTCAGCTTA"	163	96.97
"GAGTTCCCGGTGTTCCAACCCGAGTGGTCGCAA"	163	96.98
"GAGTTCGTACAAACCCGTACACAGCGGGTGTCC"	162	96.99
"GAGTTCCCGATTTCAAAGGGCTGGATAGGACGC"	162	97.00
"GAGTTCAGTCAGGAGTTCTTCTATGGGGTATTA"	162	97.01
"GAGTTCTTTTCCTGATACAAGAGTGGGGCTTCC"	161	97.02
"GAGTTCTTTGCCGTGTTTATGTAAACGTGATAA"	161	97.03
"GAGTTCTTCGCATGTTCAGTGGGAATGGCGTCA"	161	97.04
"GAGTTCTCTCCCGGTTACTATGGGTTCGTGGCA"	161	97.05
"GAGTTCGATTTTCCTTTTTCGGGCTTTTCGAGC"	161	97.06
"GAGTTCGACTGATGTTGCGTTGGGCGTGGGTAC"	161	97.07
"GAGTTCCTTTGTCAGAGGCGGTACGATTTATTC"	161	97.08
"GAGTTCTCTTGGGCGCGGGAGGGTCCATGCAGG"	160	97.09
"GAGTTCTACGGGGTCGACATGGCTCTCTTCTCC"	160	97.10
"GAGTTCGGACACCCTTTCGCAGAAGCGTGGATC"	160	97.11
"GAGTTCGCAGTCCTAGTGAGAGGGCGAGTGGTG"	160	97.12
"GAGTTCCGGTCGCTCTCGTCTGTGTGCGAACTA"	160	97.13
"GAGTTCAACCTGGTAGGGCATTGATGTCGTTCC"	160	97.14
"GAGTTCTTTCAGCGGAGGTAACAAATTTTACTC"	159	97.14
"GAGTTCTATAGAAGGCCGGCACGTAATCTGCGC"	159	97.15
"GAGTTCGTCTCCCTGTTGTCGCCGTATGCTCCA"	159	97.16
"GAGTTCGGACGGCATAACATATCTTAGACTTCC"	159	97.17
"GAGTTCGGACACCGCTCGTGTTGTTTCATTCGG"	159	97.18
"GAGTTCGCTCGGTTTTTCTGTGACTGTGTATGA"	159	97.19
"GAGTTCGAGGGGCGCCAGAGGTCGAGGATTGTG"	158	97.20
"GAGTTCGAACGCTAAGAAGGCACTCTGGTGTTC"	158	97.21
"GAGTTCACTTCTCATGGCATGGGATGTGTCGGA"	158	97.22
"GAGTTCTCCCCGGCTAAGGAAATCTGTTGTTTC"	157	97.23
"GAGTTCCAGGACCGCCCCAGGCGCTCTCTCAAG"	157	97.24
"GAGTTCCCGGGCGAAGCAGGTGCCAGGCAGCTT"	156	97.25
"GAGTTCAATGGCACATGCCGGTCTCGCTGGCTA"	156	97.26
"GAGTTCTCGAGCTGCCAGTGGGAGGGTTAAACC"	155	97.27
"GAGTTCTCCGCTTCTCCAGGGACCATCTGGTAA"	155	97.28
"GAGTTCGCTCCGTCCCCGGGGTGTCGTGGACCT"	155	97.29
"GAGTTCCCCGTTGCGGCGGGTAGTAAATAGACG"	155	97.30
"GAGTTCCAGCACCCAGACCGACCCGGGTCATGG"	155	97.31
"GAGTTCTTCACCCGATCTTCTTCCCGGAGCCTA"	154	97.31
"GAGTTCGTGTCAGCGACGGCTTTCACCGGGTGA"	154	97.32
"GAGTTCGCTGATCCAGTTTCATGTATTCGGTGG"	154	97.33
"GAGTTCGCGAGGGGATGAGGATGACCGAAGTCC"	154	97.34
"GAGTTCATCCGGTCCGTTAGGGTGGATTGGACT"	154	97.35
"GAGTTCAGGCACTCGCCACGATCGCGTGATCTC"	154	97.36
"GAGTTCTGGCTCTTGCTTAGAATGGGTCCGGAA"	153	97.37
"GAGTTCTCTCGACTCAAGTCTCGAGGAAGGTCG"	153	97.38
"GAGTTCACTCGGCAACGGTTCGGGTTTTGTAAT"	153	97.39
"GAGTTCGGCTCGGACATCCGGTGGTAACCTGGG"	152	97.40
"GAGTTCATGGTGATCGCGTTTAGCGTACTGAGA"	152	97.41
"GAGTTCTGTCTTTACCATTGAGAGTGTTTATCT"	151	97.42
"GAGTTCGTACAACCGCACGGATGACATGCGTGA"	151	97.43
"GAGTTCGGTTTTCCTTAGGGCTCATTTGAGTGT"	151	97.43
"GAGTTCGACATTATGGTAACCGGGGCTATGTAC"	151	97.44
"GAGTTCCCTTACTTGCTGGGGGGATTTCGATGC"	151	97.45
"GAGTTCAGGCTAACATTCTGAGGTCTACGGGTG"	151	97.46
"GAGTTCTGTCGTGAGCTTGCCGTTCGTCCGTCG"	150	97.47
"GAGTTCTCGGGGCTGACGGGGTTCGGCTTGGGT"	150	97.48
"GAGTTCTAACGGCGGAGGTGGTGGCTGTGATGG"	150	97.49
"GAGTTCTAAAAAGGGCCTAATTGAAAGCATTTA"	150	97.50
"GAGTTCGCCTCTTCGTTGAATGTTGCTTCGCGG"	150	97.51
"GAGTTCACATGATGGTAGTCGCGTTGTCCGGGC"	150	97.52
"GAGTTCTTTCTTTGGACTAGGAAGGGTCGGGTG"	149	97.52
"GAGTTCTTCCCGTGCTCGCAATGGGGCAGGCCC"	149	97.53
"GAGTTCGGGTAACTTCCGCGATACATCTTGTTC"	149	97.54
"GAGTTCGAGCGGCGGTAATGGGTGTTGGGATTT"	149	97.55
"GAGTTCCTTCACAATTGCAGGCCAGTTACGAGG"	149	97.56
"GAGTTCTCTCGTACGGTTCGAGACCCACGGCGT"	148	97.57
"GAGTTCGTCGAGGGTACTTGATGATTAGAAACT"	148	97.58
"GAGTTCCCCTCAGGAACGGGGTTAATCCCCGAC"	148	97.59
"GAGTTCACCGACGCACGGGGGCGACAGCACTCG"	148	97.60
"GAGTTCTACCCTGGCCCCTGAGGTTCGCTAGCG"	147	97.61
"GAGTTCGTCCGTCTTTCCGAGGGTGGTCAAACC"	147	97.61
"GAGTTCCCGCGAGATTAGGGGTCGCGGACTCGC"	147	97.62
"GAGTTCAGGGAAGTGTGGTGGCCATGCGTTCGG"	147	97.63
"GAGTTCGTATGGGCTTAATGTGGATGGTATTCC"	146	97.64
"GAGTTCCTTACGCGTCCCAATAACGCACTCTGG"	146	97.65
"GAGTTCCGAAATCCTCGTTCGTAACGGCTGTCG"	146	97.66
"GAGTTCAGCTGGTCGATTGTCGTCGTAAAGTGA"	146	97.67
"GAGTTCTCGGGGATACTGATGTGACAGTGCCGG"	145	97.68
"GAGTTCGAGTGATTGGAGGTCGCCGTGGTAGTC"	145	97.68
"GAGTTCAGTTGGCAGTACGGATGCTGATCGGTG"	145	97.69
"GAGTTCTTCAAGCGGTAGAGTGTGCATGCGTGA"	144	97.70
"GAGTTCTTATGGCGCGTTAAGCGACGCGGCTGG"	144	97.71
"GAGTTCGTTTGGGTCAGTTATTCGACGAGGATG"	144	97.72
"GAGTTCGCGGGACCTGGGGGGCTAGGTGGGCCC"	144	97.73
"GAGTTCGATAACTATCCATGTCGGTCTTGTGGA"	144	97.74
"GAGTTCCTCTAGTTCCTACTGGTGGGACCGAGC"	144	97.74
"GAGTTCCGTCCGCCGTTAAGGTGCCCTAGATTC"	144	97.75
"GAGTTCTATCAGCCGTCGTGGTGTCAGGGGTTC"	143	97.76
"GAGTTCGTTTGTGACCTTGTTCCGTTTATGTGT"	143	97.77
"GAGTTCGTGGACTTGTCTACCGTATGGGTGTTC"	143	97.78
"GAGTTCGTCAGTTAACGTTAGGTTTGGTCATAT"	143	97.79
"GAGTTCGCCAAGTGTCGGTGCTGTGTACTGACG"	143	97.80
"GAGTTCTTTTAGTAGTGTCCTACTCACGGGCGC"	142	97.81
"GAGTTCTTCTGGGCTCCTCGGTGGTGAGTTATA"	142	97.81
"GAGTTCTGATGGGATTGACGATGCTTTTAGTGG"	142	97.82
"GAGTTCTCGGGGGACTCCGATGAGCTAGCGTTA"	142	97.83
"GAGTTCTATCGGGCTCCCTAATCCGGGAGGTGG"	142	97.84
"GAGTTCTTCCGAGAGCTCGGGGCTTATGTAAAC"	141	97.85
"GAGTTCTCTTGGAGCTGCACTTGCGTTATCGCA"	141	97.86
"GAGTTCTCATTGGACTGTTTTGGCCAAGAGAGG"	141	97.86
"GAGTTCGGTTGTAAAGAGTTAGGTGGTCGGTTC"	141	97.87
"GAGTTCCGGGACGGACTATCGAAGGACGAGCAC"	141	97.88
"GAGTTCCGAAGTGCTTGGGGGGGGGGCGTGTTG"	141	97.89
"GAGTTCCCGAGACCGTCAAGTGATCTGTGGTAT"	141	97.90
"GAGTTCATTTTCAGAGTGTCCTTGCGGGCGGAT"	141	97.91
"GAGTTCTCGCAAGTGCGACTGATGCGGCGATTT"	140	97.92
"GAGTTCTAGCCGGGCTAATACGTTCCTGCGGGG"	140	97.92
"GAGTTCTAAGGCACGGCTACCGGCCTCAAGCCA"	140	97.93
"GAGTTCGGGGGACGTTGGATTCTGCCGTCGTTC"	140	97.94
"GAGTTCACAAGGTAGCGGTGGCTACACTGGCCC"	140	97.95
"GAGTTCGTGCGTATCCGGTCATGACCGCGGTTC"	139	97.96
"GAGTTCGTACGGCGTTACGGGAGATTCCGCCTG"	139	97.97
"GAGTTCGACTTGCGGTGACTTTGTCGTAAGGTA"	139	97.97
"GAGTTCAAAGTCCATTTTTAAGGACTGCCGTAT"	139	97.98
"GAGTTCTTAAAGGTGTACTGGGGTGCCCTGGGT"	138	97.99
"GAGTTCTGTCATCGAGACTCAGTTAGGCCGTAG"	138	98.00
"GAGTTCTGCCGTTTCTATACGCTACTTCGGGAG"	138	98.01
"GAGTTCGTGAGGCCAGGTCTCTTTCGAACGGGA"	138	98.02
"GAGTTCGATTGAGACCGTTGGCAGCGATATCGT"	138	98.02
"GAGTTCCGGTCGAAGGAGTCGTCTGGCTATGTT"	138	98.03
"GAGTTCATATGTCCTCACTAGAGTTGGTTGTGG"	138	98.04
"GAGTTCTCTGGCCCAGACCCGTCTACTCCGATG"	137	98.05
"GAGTTCTCTAGTTCCTATTGGCGTATCGGAATC"	137	98.06
"GAGTTCTCCAGTACTCCTTCGGCGGGTCGCTCA"	137	98.07
"GAGTTCTATCGGGTTGCCTTAACCCACCCGCGC"	137	98.07
"GAGTTCTACTGTATCCTCTTTCTTCAGGACGGT"	137	98.08
"GAGTTCGGATGACATTATTGGGTACTGGCGTTG"	137	98.09
"GAGTTCGCAGGTTGGCGGAGTCTTCGACCGCTC"	137	98.10
"GAGTTCGCAGATGGTCTCTGTCGAGACGCGAGT"	137	98.11
"GAGTTCCGCTAGATTGTGAGCAGAAGGTACCTC"	137	98.12
"GAGTTCATCCGTTGGTGTAGGCGGCGCGGAGCT"	137	98.12
"GAGTTCTGGCGATGTGGGGAGTTTCGGTCGGGC"	136	98.13
"GAGTTCCCCTCGTTCTCGGATGCTATCATACGA"	136	98.14
"GAGTTCAAGTTGGCTCAGTGTTGTTTCTGGGTG"	136	98.15
"GAGTTCTCTTGCTATTAATAGGCTAGAAAGGCG"	135	98.16
"GAGTTCTCGTTTGACGCCTCTCGGATACCAGGT"	135	98.16
"GAGTTCTCGAGTCCATCGCGGCAAAAATGATTC"	135	98.17
"GAGTTCCAGCGTCGACACGTATGGCAATCGCCC"	135	98.18
"GAGTTCATTCGGAAACAATGTGGGTGAACCGTC"	135	98.19
"GAGTTCTAATATGCAGCTATTGTGTGCCTCGTA"	134	98.20
"GAGTTCGGTGAGAAGCGGAACTAGGACCTTTCT"	134	98.20
"GAGTTCGGGCGTACATTAGCGCAAACTAGCAAC"	134	98.21
"GAGTTCGGCACTCCGCGTGGTTGTTCCTCCTTG"	134	98.22
"GAGTTCCGCTTAAGTAGGATACGGCCACCTTCT"	134	98.23
"GAGTTCTGCCTAGAAAACTGCTGGGAGCCTGGA"	133	98.24
"GAGTTCTATGTAACAGATGGAGCAGGTGGGTAA"	133	98.24
"GAGTTCGGACGACCTTCGTATTCTATCCAGTTC"	133	98.25
"GAGTTCGACCTTCCAGCATGAGAGCTCTTGCCG"	133	98.26
"GAGTTCTGGTGCGTTCGCTTTCATTCTTGGAGG"	132	98.27
"GAGTTCTCTTGGACTGGATATTATTGTGAGTTC"	132	98.28
"GAGTTCTCAAGGCCCCTGAGTTCGCTGGATAAC"	132	98.28
"GAGTTCGTGCAAGAGTGGTGTCGTGTCGCGGAC"	132	98.29
"GAGTTCGGCAGGTACTCCGGCTGAGGATGGGGA"	132	98.30
"GAGTTCTTTGTTTTTCCAGGTTGTCCCCGGTGC"	131	98.31
"GAGTTCTACAAGTTTGTGCATAGGCTGCGGAGC"	131	98.32
"GAGTTCGGTCGGTATCCGTTTTATCTCTGCCGA"	131	98.32
"GAGTTCGAAACGGCCTCGTAGTGATTCAAGGAG"	131	98.33
"GAGTTCATGTAAGGTCCTTCGGTCGGCGGTCAT"	131	98.34
"GAGTTCATCCAGTACGGGTCGCGGAGGGAGTCC"	131	98.35
"GAGTTCACAGGGTGGCGCTCTCACTGTGGTTGA"	131	98.36
"GAGTTCACACATGCTCGCGGGCAGTCTCTACGA"	131	98.36
"GAGTTCTGTCTTACTTTTTGGAATTTATTGAGA"	130	98.37
"GAGTTCTGACGGGTCCAAGGCGGTCGCGATGGT"	130	98.38
"GAGTTCTCTGCAATCATCTTGTTTACGCTCCTG"	130	98.39
"GAGTTCTACCAGATCCCTTGTGGGCTGCTGTCG"	130	98.40
"GAGTTCGGCCATCTTTGTTTGGGCCGTTGGTCA"	130	98.40
"GAGTTCGCACGGGGTACGTGGGGATGCCGACGA"	130	98.41
"GAGTTCCTCGGCTCATTGGATCGCCTTCGTCTT"	130	98.42
"GAGTTCCGATCGGTGGCGGGCTATTCAGGTCCG"	130	98.43
"GAGTTCATCGAGTATATTCGAAATCGTTCAGAA"	130	98.43
"GAGTTCTGTATTGAACCGTATTCATGTCTTGCG"	129	98.44
"GAGTTCTGCTTAGTCAACGCTGGGGCGCGGAAT"	129	98.45
"GAGTTCTGATGGAAGCGGCTCGCCGTGAGGACG"	129	98.46
"GAGTTCTCCCCCAAAAGAGGAAGAATGCTCTAA"	129	98.47
"GAGTTCGGTGGCCAGAGTTGGTTGTTTCGCGCT"	129	98.47
"GAGTTCGGGATTGTACCTATACATTGCCTCAGG"	129	98.48
"GAGTTCGACTTGAACGCGAGGTCGAGCACTGTG"	129	98.49
"GAGTTCTCCCGAGCCTGTAGATCGGGTCGATCT"	128	98.50
"GAGTTCTATCGAACTGAAGCTTGTGTAGTGGCG"	128	98.50
"GAGTTCTACAATTTGTGGTCGTCTTTGACCGGC"	128	98.51
"GAGTTCTAACAGCAGTTCGGTAATCATTTTGTA"	128	98.52
"GAGTTCGCCTGACTTCAGTGTGGCTTTTGGGAA"	128	98.53
"GAGTTCGCAGAGGCGTATAGGCGGCAACGACCC"	128	98.53
"GAGTTCCATGTGCAACATTCGGGTCAATGGCGT"	128	98.54
"GAGTTCAGACGCGCATTAAACGGAAGGACCGTA"	128	98.55
"GAGTTCTTCACGGAACGATGGTGGGACCCACGG"	127	98.56
"GAGTTCTACTCGGCAGCGTAGTATGGGCTAGAG"	127	98.57
"GAGTTCGCCGGAGTCTTGTGTCAAGGAGGGTAG"	127	98.57
"GAGTTCGCCAGGAGAGTTGGTGTAAGGTGCCTT"	127	98.58
"GAGTTCGACCAGCAACGTTCTGCGACCCCCAGA"	127	98.59
"GAGTTCAAACTAAACTGATGGCGCAGGGACCTG"	127	98.60
"GAGTTCTCTGGCCAGCAGTTGTGTCATACGCGT"	126	98.60
"GAGTTCTCCGCCATGCGTGGAGGTCGGGAACGA"	126	98.61
"GAGTTCTAAGAGTAGTGGTGTGGGAGTCAGATA"	126	98.62
"GAGTTCGTCCGGTCGGCGTCTGATTCTCAAAAA"	126	98.63
"GAGTTCGAGTGGGACTGAGGATCAATGTGAGTA"	126	98.63
"GAGTTCGAGCACAGTTATTATAGGGTTTCGGAC"	126	98.64
"GAGTTCGAAGTTAGGACGTAGGGATGTTCGGCT"	126	98.65
"GAGTTCCTGCGTCCTTCTAGGTAGTCCCACTGT"	126	98.66
"GAGTTCCATCGGATGCGTGGGGATTAGTGGGTC"	126	98.66
"GAGTTCCAACGCGATCGTGGGTCTGCCGGTCAC"	126	98.67
"GAGTTCTTCTGAGACGTCGCTGTGTGTTTTTCT"	125	98.68
"GAGTTCTGTCGGCGGCGATACGTAGTGGGAGGA"	125	98.69
"GAGTTCTCTCGGCGTAATAGCTACTTCTCCAAT"	125	98.69
"GAGTTCGGTAGTTTGTTGTCCGGATTAGGGGTT"	125	98.70
"GAGTTCGCCTCATCTTCGTGGGTAAGCTAGTCT"	125	98.71
"GAGTTCGAGGGGCATGGTGCGACAAATAGTGCT"	125	98.72
"GAGTTCCGATGTCTGGTTTATCCTGTGGGCTCG"	125	98.72
"GAGTTCCAGGCTTGAGGTGTATCTTGTAGGGAT"	125	98.73
"GAGTTCACACCCTGTTGTTACGGAAGACTGGTT"	125	98.74
"GAGTTCTCACTCAACACTATACGCCCGCGTCCG"	124	98.75
"GAGTTCGGAGCGTCTCCCGTGCGGCGGTGGCGG"	124	98.75
"GAGTTCCTTGAGGGTGTTAGAGAACAGGAGTGA"	124	98.76
"GAGTTCACGCAGCAGCAAGGCCCCGTGCGGCGT"	124	98.77
"GAGTTCTGCCGTAGCGACGGGGATTGCGTGGTT"	123	98.78
"GAGTTCTATTGTGTGGTGGATGTCGGTTTGCCT"	123	98.78
"GAGTTCGTGCGGATATACGTGAATCGCTTTGTT"	123	98.79
"GAGTTCGTCGAGTTTCGTCGGGATCGTCAACGC"	123	98.80
"GAGTTCGTCCCGTTAGGAGCGCGACGATAAACA"	123	98.81
"GAGTTCTCCTGGGACGTCGTATGTCGGAGGGGC"	122	98.81
"GAGTTCTCCCGAGATCGGTGGGGGAATACGGCC"	122	98.82
"GAGTTCGTGATGACGCCCTACGCGCTACTATGA"	122	98.83
"GAGTTCCTCCTATGATCGTCGTGGGGTTACATC"	122	98.84
"GAGTTCCCGATAACCTTTCCGTACCCAGGTGCT"	122	98.84
"GAGTTCCCGACCAACCCGGAGAGGCCTGTGGAT"	122	98.85
"GAGTTCTGTAGTTACCAATCAAAGGTTGATGTG"	121	98.86
"GAGTTCTCTGAAGTGTCTCTGCGTCCGGAGGAT"	121	98.87
"GAGTTCTCCCAGCACCGACATGGTATGGGGCCA"	121	98.87
"GAGTTCTCCCAAGGCTCGAAGGCCAGTTTTTTC"	121	98.88
"GAGTTCTATGGTCAGCGTACGTGGTCTCCACGC"	121	98.89
"GAGTTCTATAGCGCGGGGCTAAGGCTTTTTTGG"	121	98.89
"GAGTTCGTGAGGCGACTCTGCGTACGTTCATCT"	121	98.90
"GAGTTCGGTAGGCCACACTTGCGACCGCGGGCT"	121	98.91
"GAGTTCGGGCCGGTGCGAGTAAGTGCCGGTAGT"	121	98.92
"GAGTTCGCCAAGCAGATGTCAGGATGTCTAGTC"	121	98.92
"GAGTTCGATCCATGCAGGTGAGGATTAGGGTGG"	121	98.93
"GAGTTCCCGCCCATTATATGCCCTTACTTGTTA"	121	98.94
"GAGTTCATACGAAATCTCTGTTGTCCTGGAGGG"	121	98.95
"GAGTTCACTGGACTCCATCGACTCCGTTTTGCA"	121	98.95
"GAGTTCACCATCCAATGTTGGTACGCTGGGTAC"	121	98.96
"GAGTTCTTAAGTAAAGAAGGCGGCAGGCGGTCA"	120	98.97
"GAGTTCTCGGTTTAGTCTTCATGGAGGATGTCA"	120	98.97
"GAGTTCTATGGGGCGCCTCGCCGTATGGTATGC"	120	98.98
"GAGTTCTAAACACTGCTACGTGGTCGCTGGTCC"	120	98.99
"GAGTTCGGGAATCGCAGCGGTGAAGGTACGACG"	120	99.00
"GAGTTCGAAAGTACCTGGTAAAGATACGAATAG"	120	99.00
"GAGTTCCTCCGGCGCGCGGGCTATCGTGTGGCA"	120	99.01
"GAGTTCCATAGGTTCGGTGGTCTCTATTTCCGC"	120	99.02
"GAGTTCTGTCGATTTAGTCCATGTCGTGTGGAC"	119	99.02
"GAGTTCGGTTATGCGCCCTGGAGGGTATTACTT"	119	99.03
"GAGTTCGAATGAGACCCCTACACGCCCTGGACG"	119	99.04
"GAGTTCCGCTGGGCGCCTAGGCGTGAGACGATC"	119	99.05
"GAGTTCCATCTCTACGTGGGATAGGTGCACCTA"	119	99.05
"GAGTTCTTTTTTTTTGGTCCCGGCTTATGTAGA"	118	99.06
"GAGTTCTGAGTTTAGGTGAGAGGAGTCTTATCA"	118	99.07
"GAGTTCTCGTTGCGGGATGGGGTCGTAGGGAGA"	118	99.07
"GAGTTCTCGCGGCAATCGTGGGTGATCCCCCCC"	118	99.08
"GAGTTCGTGGGCCGCGTGACCAATGTCGCGGCC"	118	99.09
"GAGTTCGTACAGTGCATAAACTAGAGTCCCCGT"	118	99.10
"GAGTTCCTCCGTCACTGGTGTCGTGTTCTTGCC"	118	99.10
"GAGTTCTTAAGTGTTGGCTGGTGGTATTCGTGA"	117	99.11
"GAGTTCTGTGGGTCAGAGTGGTGATAGTCCACA"	117	99.12
"GAGTTCTGCTTACGATAGTTTAGCAAATGAAGC"	117	99.12
"GAGTTCTGCTGAGCTGCGTACGGAGATATCTCC"	117	99.13
"GAGTTCTCTGTATTGAGCTGGGTCCCGGGCCTC"	117	99.14
"GAGTTCTACGGACCGTGGAGTGGTTCGTGGCGC"	117	99.15
"GAGTTCGTTCGGCGCCCGTGCGTGTGTATAGAA"	117	99.15
"GAGTTCGACCGACGGTATGGGGGATTTAGGTGG"	117	99.16
"GAGTTCCTTCGCGCACAGGGCGGAGCCAGGTTC"	117	99.17
"GAGTTCCGACGTGAGTCGGTTAGCCCGCTGGTC"	117	99.17
"GAGTTCACTAGCTTACGTCGTCTTTCTTAGGGT"	117	99.18
"GAGTTCTCTGTGGCGGGGCCTTACTGGAGCTGG"	116	99.19
"GAGTTCGTCTGGCGTTGCTGGCTTTGGGGTAGC"	116	99.19
"GAGTTCCGCATGGCCCGAGGGGAAGTAATGGGT"	116	99.20
"GAGTTCCGACGATTCGGTGTGGATCGTTGGGAC"	116	99.21
"GAGTTCACCCGCGTGGCCCGGTACCGTTTCTAA"	116	99.22
"GAGTTCAAGGTGTTGGCGCAGCACTACTGCAAG"	116	99.22
"GAGTTCTGGAGGAAATCAACGGCTCGTTCAAGA"	115	99.23
"GAGTTCTGCAGACTGTATAGATCTGCGACGCAC"	115	99.24
"GAGTTCTCAAAAGTAGGGAACTGACCAGATAAC"	115	99.24
"GAGTTCTATGGAGAGACGTAGGCAGAGTAGTCG"	115	99.25
"GAGTTCTAACATTCATGCTGAGGTCCTGGCCGA"	115	99.26
"GAGTTCGGTCCGGGCGATTATTCCCTCTTTATT"	115	99.26
"GAGTTCGGGGGTAAAATAGGCTCCTTTTGGGAG"	115	99.27
"GAGTTCGGGGGGCATTCCTGCTTTCAGCTAGGC"	115	99.28
"GAGTTCGGCCCTGCCGGATTGTGGCCTCGGTCC"	115	99.28
"GAGTTCGATCGTCAGCTGACCCACCGGTGTTCC"	115	99.29
"GAGTTCGAGTCGCGAGGGACGTGGTGCAGTCTT"	115	99.30
"GAGTTCCGCACGGTCCTGGCGGATAGCCTAAGC"	115	99.31
"GAGTTCTGGCGCTGGTTGAGGGCCTGGTGTCTG"	114	99.31
"GAGTTCTCCGGGGTGTCCAGGGCTGTGTAGCGA"	114	99.32
"GAGTTCGTGACGGTACCGTGGGCATGTGGATGT"	114	99.33
"GAGTTCGGTCACCCCTGGGGGGCTTGTGGCTTG"	114	99.33
"GAGTTCGGCCCAAACGCCCGGCGGCCCCTGCGG"	114	99.34
"GAGTTCAACTAGGCGCCACAGTCAAATTCCGGT"	114	99.35
"GAGTTCGTCAGCGCTGGGCGCTCGTATTATTCA"	113	99.35
"GAGTTCGCGGGACTGTGTGGGGGGTCGGCATTC"	113	99.36
"GAGTTCCGTAGTCTGTCGTATCGAGGTGGCGGG"	113	99.37
"GAGTTCCAGCGAGGATGTGATCGATTTCCGTTT"	113	99.37
"GAGTTCAGGCGACAGTTGTGTGGTTTGAGGAGC"	113	99.38
"GAGTTCACCCCTGCGGGGAGCAGTAAGGCCCCA"	113	99.39
"GAGTTCTGTCGCAGCGGGGGTTTCGGACACTAT"	112	99.39
"GAGTTCTCTCGGTCATAGTCCGCTCGTCCAGGG"	112	99.40
"GAGTTCTCGCTCTACCTGTTCGACCATTGTCCT"	112	99.41
"GAGTTCGGGGGGGTCCGATGAACTTCGGGCTCG"	112	99.41
"GAGTTCGAGTGACGGTACGGATGTGGCGTCTTG"	112	99.42
"GAGTTCGACGTCACCGGGTTTGTCACCGGTAGT"	112	99.43
"GAGTTCGAAGCATGCACGTACCCACTGGGGGGC"	112	99.43
"GAGTTCCTTTGGGGGGGTCGAGGTATACTGCCT"	112	99.44
"GAGTTCCATAATTGCCCGGTAGCGTTCGCGGGG"	112	99.45
"GAGTTCTTAGCAATAGTCGGGGGGGCTATATTC"	111	99.45
"GAGTTCTGTGGGAAGTTTTGGAGCTCGGTCTGA"	111	99.46
"GAGTTCTCCGGGGGTTTTAGAGACTGTGTAATA"	111	99.47
"GAGTTCGTCGGAGCGGAAGTCGCGATTGGGGTC"	111	99.47
"GAGTTCGGCGTTCTACGAGGTACGAGGATTAGC"	111	99.48
"GAGTTCGCTTGGCGCCCCTTGAAATCGTTGTGC"	111	99.49
"GAGTTCGATGGGTTGTGTGGTAAGCTAAGGACC"	111	99.49
"GAGTTCGAGTCGTGGGAGTGGTGTACTCGAGCT"	111	99.50
"GAGTTCGACTAGCTGGATCGGGGAAGAGGAGTT"	111	99.51
"GAGTTCCTCGGTCAGGGCCCATCCACAAACTCT"	111	99.51
"GAGTTCAATCCACCTCGCTGGGCCTTGCTCTCC"	111	99.52
"GAGTTCTGACGGTAGTTGGGGGGCTCGGTTTTT"	110	99.53
"GAGTTCTCCCATTTTACTGCATGTCCGGGCTGT"	110	99.53
"GAGTTCTCACGGTCTCCTGGGGCTTGACGGTGC"	110	99.54
"GAGTTCGGTTACGGCCCGTCAACTCGCGGTCAC"	110	99.55
"GAGTTCGCTGGCTGCCCGTTCATTGCTCCATCA"	110	99.55
"GAGTTCGAGCGATCAGGAGGCTACTGGAATTGA"	110	99.56
"GAGTTCTTGGTGTATATGGGCGATGGGCACTCA"	109	99.57
"GAGTTCTTATGGCATCCTGGTCTTGGGACACGT"	109	99.57
"GAGTTCTGGACGTTCGTGACCGTGCGACCACCC"	109	99.58
"GAGTTCTGATCGCCGTGTAACGGTTCTCTGCGT"	109	99.59
"GAGTTCTCCCCGGAGGGTGTATGTGATGGTGGT"	109	99.59
"GAGTTCCCCTGACCGTGTTCCGGTAATAGGGGG"	109	99.60
"GAGTTCCATGTATCCGGCGACGGGGGGCGAAAG"	109	99.61
"GAGTTCTTGTCTGGGTTTCTGGGACTTCGAGAC"	108	99.61
"GAGTTCTGCTGTTTCGTAATGTTCCGGTGAGGT"	108	99.62
"GAGTTCTCTTGGGCACGTTCGTAGTCGTGGTGT"	108	99.63
"GAGTTCTCGAAGCCGACGAGGGATTGGCCGGTG"	108	99.63
"GAGTTCTATGGCTCGACGCTCAGTGCGTCCTTT"	108	99.64
"GAGTTCTAGCGTGTCGTATGCAGGGCGATACGG"	108	99.65
"GAGTTCGCAGACAGACGTTCCTGTTTGAAATCT"	108	99.65
"GAGTTCCACTGTCGGCTTTATCGGGGACTGGGT"	108	99.66
"GAGTTCAGTCCCGTCCTTAACGTACATGAATAA"	108	99.67
"GAGTTCGGCCGGTGCTTCTGGGGTTGTCTTCGA"	107	99.67
"GAGTTCGATTAGAGACGGTGGTTTCGTAAGGCG"	106	99.68
"GAGTTCGAGCACCCGTCAGGATTTCCTCGGACA"	106	99.68
"GAGTTCCGCGGGGCGACAAAGTGTCGTTCGGGG"	106	99.69
"GAGTTCCGCCCTAGTGCGGTTCCAGGGTCGCGC"	106	99.70
"GAGTTCCATGGAGGTCGGGACGATACGTTACAT"	106	99.70
"GAGTTCTAGCGTTCACTTGCACCGTGGCCGAGA"	105	99.71
"GAGTTCTAGCGGGTGCGAAGGTATAGCCTGTGC"	105	99.72
"GAGTTCGGGCGCGCGCGACTGACTCTCCGAATA"	105	99.72
"GAGTTCGCTCGGGCGCCAAGGTGTTAAACTCCG"	105	99.73
"GAGTTCGCTCGCGGGTTACCAATGCGCGTATGT"	105	99.74
"GAGTTCGATCTCCTGTCTCCTTGTCTATCTTTC"	105	99.74
"GAGTTCCTCCTGGTTTCGAGTGGGGTGTCGGTA"	105	99.75
"GAGTTCAGCCAACTCTGTATCGTTGGTCAGAGT"	105	99.75
"GAGTTCTTTCAAGGGGGAGGGTAGATCCCGGGC"	104	99.76
"GAGTTCTTACGAGTCCGCCGCTGTCGCTCAAGA"	104	99.77
"GAGTTCTCGCATTTCCGGAAGCGATGGCACTGG"	104	99.77
"GAGTTCGTTGCTTGACCGCAGACCCCTGGGGTA"	104	99.78
"GAGTTCGTTCAAGATTGCTGGGAATGTGTGTTC"	104	99.79
"GAGTTCGTGCGGAAGGGAATGGTCGCAGCGAAC"	104	99.79
"GAGTTCGCACGTATCAATAAGAAGTGTCGCGGG"	104	99.80
"GAGTTCCGACGTTAAATGTGAATACTGCTAGCC"	104	99.80
"GAGTTCCCGGGGACGCTCATGGGGGATCGTTCG"	104	99.81
"GAGTTCATGGTATCTATCGGCAGGTCGGGTACA"	104	99.82
"GAGTTCTTTCGGTCTAACAAAGGGTTTTAAGCC"	103	99.82
"GAGTTCTTTACAATACTGTCCGAATAGGGGAAT"	103	99.83
"GAGTTCTGGAGGGACGATACCTAGTGTCACAGG"	103	99.84
"GAGTTCGGTTATTGGTGCGATGAAAGGTGAGCG"	103	99.84
"GAGTTCGCATGCGAATAGTGGGGGCAGTGGGCG"	103	99.85
"GAGTTCGACTGGGCTCAGCGGGGAATGGGAGAG"	103	99.85
"GAGTTCTTCTGGAACCGGGGGGCGTTTCTCTGA"	102	99.86
"GAGTTCTGGCATCTACAGTGGCAGCAGTAGGCT"	102	99.87
"GAGTTCGGGTTCTCATGTACATGCTAGTTTTTC"	102	99.87
"GAGTTCGGCAGCAACGTTATGGGTGGGCGTCGG"	102	99.88
"GAGTTCGAGCATAATCGATCCTGGTCAGGGGCC"	102	99.88
"GAGTTCCTTTCCTGGCTTGCTTCTTAGGGCGAT"	102	99.89
"GAGTTCTTCCGCTATCCGGGGTTCCGTGTCTCT"	101	99.90
"GAGTTCTCGGATTGGGTGAGCAACGCTCTTCCC"	101	99.90
"GAGTTCTATGTACTTACGTCGGTGCGTCCTGGC"	101	99.91
"GAGTTCGTGCTACCATCGAGGTGGCAGCTCTGC"	101	99.92
"GAGTTCCGTTGGCCTCGAGAGTAAAGGGAACTT"	101	99.92
"GAGTTCACTCTGTATGTTCGGCGGGGTTCCCGA"	101	99.93
"GAGTTCACGTGCCAATCGTATACCTGGTCATGG"	101	99.93
"GAGTTCAAGTGGTCTGAGCCGGGGGTCTTTCGA"	101	99.94
"GAGTTCAAAAGTCCGTGGGGTTTCCTTGGACGA"	101	99.95
"GAGTTCTTTAAGTGGAATAGGGGCGTCACATAG"	100	99.95
"GAGTTCTGACGGGCGGGAGGCTGGCCTAAAAGA"	100	99.96
"GAGTTCGTGGCGGCATGCTGATGTCGCATGTAC"	100	99.96
"GAGTTCGGGACTTGTCGTAATTCGGCTCTAGTC"	100	99.97
"GAGTTCGCCATTGAAAGTAGTTTTTTTACGATC"	100	99.98
"GAGTTCGATTAGCGGGCGGTAATGTGTCCGTTT"	100	99.98
"GAGTTCCCACGACAACATGGATGAACTTGGTAC"	100	99.99
"GAGTTCCAAAGTAAACTATGGCCCGTGCGTACG"	100	99.99
"GAGTTCATAGACCGTGAGTTGCTCCCAGCCCTC"	100	100.00
