BL-8120_94_S94_L002_R1_001_trimmed-Barcode	BL-8120_94_S94_L002_R1_001_trimmed-Count	BL-8120_94_S94_L002_R1_001_trimmed-SaturationPerc
"GAGTTCTCGGATAGGTCAGGTTGGCCTGTGTCA"	2815	1.57
"GAGTTCTTCTGGTGCCGTTATGGGCTTCTACCC"	2568	3.00
"GAGTTCTTGTTGGTATGAGAGTGGCGGGGGACT"	2562	4.43
"GAGTTCATAATCTTGTTCAGGAGTTGTGTCTGC"	2447	5.79
"GAGTTCATGGGTCATCCCGCCGGTAGATGGGAC"	2130	6.98
"GAGTTCTTTTGAGTCCTTTATCAGCGGTCTGCA"	2027	8.10
"GAGTTCATTTTCAGAGTGTCCTTGCGGGCGGAT"	2013	9.23
"GAGTTCTGCTTAGCGCCCAGGAACTCGCGGCCA"	1936	10.30
"GAGTTCGGCGCTTCGTCACGGACACCTGATCGA"	1930	11.38
"GAGTTCTCACCGTATCGAGGGGGTCGACGAGTC"	1919	12.45
"GAGTTCTAGTACAGGTGGACGATAGACGTGCCG"	1903	13.51
"GAGTTCGAACGGTCCTCCGGAGAGATTCAGACC"	1855	14.54
"GAGTTCTACTATGCGACGCCACAGAGAGGTGCA"	1624	15.45
"GAGTTCTTCAGGATGCACGGGGGACACCCGTTT"	1614	16.35
"GAGTTCCAGCGCAAACGGGGCCGTTGCGAATGC"	1584	17.23
"GAGTTCGGTCGGGTCGGTGGGGGCTGGACGTGG"	1580	18.11
"GAGTTCTGTTGGTGATGTTAGAAATTTCAGTGG"	1538	18.97
"GAGTTCGGCGTGAAGAGCAAGGTTGGTCTGGGC"	1526	19.82
"GAGTTCTTCAGGCACCCAACGTGTTACAGATCG"	1507	20.66
"GAGTTCTCGTTTTTACAGTCAGAGGGGTTTTTC"	1462	21.47
"GAGTTCAGTGGCTACCCGGCTACGCAAGGCACC"	1460	22.28
"GAGTTCTCGAGGTTTTCCGTAACGTACTCTTGA"	1412	23.07
"GAGTTCGCGAGATAATTGAGACGGGATCTGAGT"	1407	23.85
"GAGTTCTTGGGTTTTTTACGTTTGGGCTCTCGC"	1387	24.63
"GAGTTCGTGTAACCTTCGTCCGTAAAATCGCGC"	1296	25.35
"GAGTTCTGCTAGGTCCAGTAGCGACCATAGTAA"	1289	26.07
"GAGTTCTATCGCAGGAAGGAAGGAAAACCACCA"	1154	26.71
"GAGTTCAGCGGTATACGAGTATGCCTGCGCCCG"	1154	27.35
"GAGTTCCTAAATTGCGGAGATGGTTATTTGGCT"	1147	27.99
"GAGTTCGCCAGACATAGTCGAAAACGTTGTAGC"	1128	28.62
"GAGTTCCTTCTGTTGAGATGGCTGAGAGTGAGC"	1119	29.24
"GAGTTCTTGTGGTCGTTAAGGGTCTTGTAGGGG"	1077	29.84
"GAGTTCCAGTTTCTGGGGGCTAGAGTTCTGGCA"	1039	30.42
"GAGTTCGATGATGAGCAGGCGCGTCTTCAGTCT"	1019	30.99
"GAGTTCCCTTCGTCCTTCAGGGGCCCGTGAGAA"	1007	31.55
"GAGTTCGTGACGGTACCGTGGGCATGTGAATGT"	1003	32.11
"GAGTTCCTTGAAGGACGATGTCACGCAGGCTCT"	996	32.66
"GAGTTCTGGCGTCCGAGTTGGGAGTCCTAAGTC"	958	33.20
"GAGTTCTACTTGCTGCCAGGGAGGGTTAAAGTT"	937	33.72
"GAGTTCTATTGGCTGCTTGGGCGTCTCTCCACG"	836	34.19
"GAGTTCGCTGGGGATGACGCGAATGATCTTGGT"	790	34.63
"GAGTTCTACAAGGGGGGGAGGTGCTTCGGGGCG"	779	35.06
"GAGTTCTCTGCGTAGACGGTGTCGGGGAGAAAG"	777	35.49
"GAGTTCGTTTGGCAATCTTCTGGCTGTCGTATC"	773	35.92
"GAGTTCTCTCACTCGTCTGGGCCTCTTTAGAAG"	754	36.34
"GAGTTCTCGGGCTGCCTTCCACCGGTTACCGCT"	748	36.76
"GAGTTCAATAACCCAAACGGTGGACGTGCGTGT"	716	37.16
"GAGTTCTAGAGGCGCGTCGCGATGGAATATTGA"	684	37.54
"GAGTTCCACGTTTTTTCATGTCGATGTTTATGC"	683	37.92
"GAGTTCTGCTGTATCTTAAGATCGATCCGAACA"	677	38.30
"GAGTTCGCGTAGGCCCTCGGCCGTCGGTTTCTC"	677	38.67
"GAGTTCTACCGGGGGCGCTGAGATTTCTCATCT"	655	39.04
"GAGTTCAGTTTTGGCTCATATGGTCTGGGGGCC"	647	39.40
"GAGTTCTTTTAAAGCGGTAGGTGTCAATTCCAG"	642	39.76
"GAGTTCTGGGTTGTGTGCTCAGGTTCGTCATCT"	636	40.11
"GAGTTCTTTAAGTGGAATAGGGGCGTCACATAG"	626	40.46
"GAGTTCCGGGTAGCTCTGGTGTCGCCTCCAGGC"	621	40.81
"GAGTTCTTGTTGCCAGTGAGCTGTGCCCCGAGA"	615	41.15
"GAGTTCTTCTGGGCCGGTGGGTGCACCTTGGCA"	608	41.49
"GAGTTCGCCTGCCGATGCTAGCGCAAGATCTCT"	605	41.82
"GAGTTCTGCTATCTGTGTAGTGGTGGTCTATGA"	602	42.16
"GAGTTCGCACCGCAGGACTGATGCTGGAGGCTC"	597	42.49
"GAGTTCGGTAGGGATAAGGGTTTCAGTACCGGA"	595	42.82
"GAGTTCCTTACGCGTCCCAATAACGCACTCTGG"	591	43.15
"GAGTTCGATTACAAGTGATGGGGGCTTCCATGA"	589	43.48
"GAGTTCGGTCGGGAATCATGGCAAGGATATTAC"	584	43.81
"GAGTTCTTGGGGCCGTGTTGGTTGGCAAGTGTG"	580	44.13
"GAGTTCTCTCGCATAGCTTCTTGCTGTCCTTTA"	564	44.44
"GAGTTCGTTCGGATATGTTCTATATTTACATGA"	563	44.76
"GAGTTCGCCCCGGAGAATCGGCGCGGTTACGGG"	562	45.07
"GAGTTCCCTCAAGATTGGGCGTGCACCTTTGGC"	559	45.38
"GAGTTCACACGGCCGACGGGGTGTCTCGACGTT"	559	45.69
"GAGTTCTATGCTCCGTGCCGTTCATCGCGCGGG"	558	46.00
"GAGTTCATCCGGGTATCACTCACTTGTCGATTG"	553	46.31
"GAGTTCTTTCTGGTGATGGGGTGGGTCAGGGTT"	552	46.62
"GAGTTCGATTGGCAGCCCAAGGGGGTGCCTGGC"	544	46.92
"GAGTTCTGTCGAGGCAAGAGGGACTTATTATTC"	543	47.23
"GAGTTCAGTGGGCGTGCTGAGGGACAACTTCCG"	538	47.53
"GAGTTCGGGCGGGTCGTCTCGGGGTTCTGCTTT"	523	47.82
"GAGTTCATCCCCTCGGTTTTCGGGATGCGGGGA"	518	48.11
"GAGTTCAGTCGGAGCAAACTTTGGGGCATGTGG"	508	48.39
"GAGTTCTAACAAGAATGTGGGCGTTGACCGTGC"	506	48.67
"GAGTTCTGTGGTTTAAGGTCGGAGCTGTGTTTC"	498	48.95
"GAGTTCTACGCGGTGGAGTAGTAAGAAGCAAAC"	497	49.22
"GAGTTCTCGCGATATTGCGGTACCTTTGTCTGG"	489	49.50
"GAGTTCGACAATCTAATTTCGGTAGTGAGGGGC"	484	49.77
"GAGTTCGAGCGATCAGGAGGCTACTGGAATTGA"	478	50.03
"GAGTTCCTGGGGCCTCGTAATGGTCACTCGGAG"	477	50.30
"GAGTTCCGCGCGTACCTGTTTTTCTTCCCACGT"	470	50.56
"GAGTTCGCGTGTTGACATTGGTGTAGGTCGGGC"	463	50.82
"GAGTTCTTGTGGGTACCTCTGCGGGCAAGATAC"	448	51.07
"GAGTTCGGTCGGCGTAATCCAAGTGAAGGGGCC"	446	51.32
"GAGTTCTCTCCGGCGGTAAGTCTCCGAGCGTCC"	440	51.56
"GAGTTCATGTAGTTGATATGGTTTTATTGTTTA"	438	51.81
"GAGTTCGTGGCCGCGCGGTGTCTCCATCAAACA"	435	52.05
"GAGTTCGATAAAACGGGTCAGGACCTGACGTGT"	435	52.29
"GAGTTCCTACGCGTAAATCGGAGATCTACGTTA"	433	52.53
"GAGTTCGTTCATGAGTCGCAATGTCATCTCTGC"	429	52.77
"GAGTTCTGCCAGTCTGCGGGCTACAGTGACTCG"	428	53.01
"GAGTTCGATCGTAAACGCACAGCCTGGGGGTGT"	425	53.25
"GAGTTCTTGTGTCACGTGGGAGTTATCCTGCGA"	424	53.48
"GAGTTCGGAGGGGCTCTGTGGTGTCTGACCTCG"	422	53.72
"GAGTTCACGGGGCTTACTGCATCTTGGGAGAAA"	419	53.95
"GAGTTCTTTGGGATTTATTGCGGATATCGATAA"	412	54.18
"GAGTTCTGCTTTGTCCCGGTGTATACGCTCGGC"	404	54.40
"GAGTTCTTGTAGTCAGCCTGAAGTCAATATATA"	403	54.63
"GAGTTCTTTTTCTCCTGTCCAGTGGGGTGTTGG"	402	54.85
"GAGTTCCACTGGTCCCCGCGTAGGGCACGGCAA"	402	55.08
"GAGTTCCGACGTTCCTCGATGGAAATCCTGCGG"	399	55.30
"GAGTTCCACGGTCGGCCGTCGACTGTCTATCTC"	399	55.52
"GAGTTCAAACTAAACTGATGGCGCAGGGACCTG"	395	55.74
"GAGTTCTGGGGAGCGAGCTGAGATTGCCCTCTC"	392	55.96
"GAGTTCAGGAAGTTTTGTTCATTTTGTGGGTTA"	392	56.18
"GAGTTCTTATAACACGCAGAATTGCCTTGGTAC"	386	56.39
"GAGTTCATGCGATTAGGGTCGCTCGTTTACTCA"	386	56.61
"GAGTTCATCTGTCTCGGGCGCGTCGTCTTGATC"	382	56.82
"GAGTTCCGTTCTCTCGTGCTATGGACGGATTGT"	379	57.03
"GAGTTCGACTGGCTGGGGGGGAGTGTTCTGCTA"	373	57.24
"GAGTTCGGATGTTCAACATAGACTTGTGGGCGC"	371	57.45
"GAGTTCAGGCAGACTGGTTGTGGCGCCCCATCG"	370	57.65
"GAGTTCTTGTGGTAGTGTGAGTGTTGGGTTTAT"	366	57.86
"GAGTTCCCCCGGGCATGGTGGCATGCGACACGA"	361	58.06
"GAGTTCCTCAGATCAGTATTAGTCTATTCGATG"	357	58.26
"GAGTTCCACCATTGGCGCTTGAATTTGCGACTG"	354	58.45
"GAGTTCGCAGAGACAGGATGTAGACGGTGGTGT"	353	58.65
"GAGTTCGATGCTTAGATATGTGAACCGGGCCGC"	352	58.85
"GAGTTCTGGCCCAACAGGTTCCGCGCTCTGTGT"	350	59.04
"GAGTTCTCCGATCATCGCTGAGGGCGCCGATCA"	340	59.23
"GAGTTCGACAGCTCAGGGTAAGGTAGGTCTAGA"	340	59.42
"GAGTTCTATCTGACGTGTTCTAGGTTACAATGG"	338	59.61
"GAGTTCTCACCGGGTTTGCTGTTTTGTTTTGGT"	337	59.80
"GAGTTCCATTAGCTTTTGCAAGTCCGTGCGTCG"	336	59.98
"GAGTTCGCGCTGATCGCGACCGATGTGGAGGGG"	335	60.17
"GAGTTCGGGTCACGTCCTTCCTGTTTTTAGCGT"	332	60.36
"GAGTTCCACATACTAACTCCCTGCCGGTTGTAC"	332	60.54
"GAGTTCTGGTGGCGGCCCGTGGGCGGCTGGCCG"	328	60.72
"GAGTTCTGGCGTTGTTCTGCTAATGTGCCGCGG"	328	60.91
"GAGTTCTCGAGGCCACATTGAGGGATTCATTGT"	328	61.09
"GAGTTCTAGCCCTCGTCTCGTCCTCGCCCGGGA"	326	61.27
"GAGTTCTGGGATTCAGATTGCGGATGTCCATCG"	324	61.45
"GAGTTCTCGAAGCTGGTTTGTGGATGACGTTGT"	324	61.63
"GAGTTCTATTAAAATCAGCGGTGTCGGCGTCAT"	323	61.81
"GAGTTCGATCTGAAATTCAGTGCTACAGTTTAC"	322	61.99
"GAGTTCTCCCAGGCGACGGTCGTTCCATGGTTG"	321	62.17
"GAGTTCTCGCTCTACCTGTTCGACCATTGTCCT"	320	62.35
"GAGTTCGTGGTCATAGATGGAAAGCGATTGAGG"	319	62.53
"GAGTTCGAGTGCCCGTAGCGACCTTGCGTAGCG"	318	62.70
"GAGTTCGGGGGACGTTGGATTCTGCCGTCGTTC"	316	62.88
"GAGTTCCAGAAGGGATAGGGGTAAAACCGAGGT"	313	63.05
"GAGTTCTGTGGTTTCTGGTGCTCTGGATCGCCC"	311	63.23
"GAGTTCACCCCAATGTCAGACTGATTCTTGTTT"	307	63.40
"GAGTTCTTGATTGACAGATCATAGCGCCTGTTG"	306	63.57
"GAGTTCGATGTGACCATATGGCCCATGGCGATC"	306	63.74
"GAGTTCTCCGCGGATAGGGGAAGGCTCGTTTGC"	304	63.91
"GAGTTCTACAGGAAAAAGGGGGGAGCAGCGTGT"	304	64.08
"GAGTTCGGGCGACAGGGCGGCATAGTGTAAAAT"	304	64.25
"GAGTTCTGGCGGCCCGGTTCCTATCCCGGATTC"	303	64.41
"GAGTTCGAGTGACTGTAGGGGGGAGCGCCGTAA"	303	64.58
"GAGTTCTTCTTGTCTAGGTAATCTTCCCTACGA"	302	64.75
"GAGTTCTTACGAGTCCGCCGCTGTCGCTCAAGA"	300	64.92
"GAGTTCGTCCGAGCGAGATGGAGGGCACGGCCG"	299	65.09
"GAGTTCCCTCGTTTACGCCAGCGTCGGATACGG"	298	65.25
"GAGTTCGGATCGTCACTTATTTGCTGGGCAGGC"	296	65.42
"GAGTTCCTCCGTGGGATGTGCGGACTTAGGACC"	296	65.58
"GAGTTCTGGAGTTAGCCTCGTGTTTACCACCGT"	292	65.74
"GAGTTCGATAAGCATCAGGGAGGTGGCAAGGCC"	290	65.91
"GAGTTCTTTATGGAGCGGCGAAGCGCAGTCAGG"	286	66.06
"GAGTTCTGTAATGGCTCGTGCGCTCGGGCCCGG"	282	66.22
"GAGTTCGCGGGACCTGGGGGGCTAGGTGGGCCC"	282	66.38
"GAGTTCATCCGGGCTAGGAGGTCCGTCCGACCC"	280	66.54
"GAGTTCTGTCAGGTATGGTCGCGGCTCGAGCTC"	279	66.69
"GAGTTCGATTAAGATCGTTGTCGAGGCTCGAGG"	277	66.84
"GAGTTCATGTCGGGGCGCTCCAGAGCGCGACGT"	274	67.00
"GAGTTCGCGTGGCAGCCGTATGCTCTTCCGTGC"	270	67.15
"GAGTTCTGGCCTTGGCGGGTCCTTTTTTGCCCC"	269	67.30
"GAGTTCTCTCGGTCGCGGGGCTGTGTCCGCACA"	269	67.45
"GAGTTCCAGCACCCAGACCGACCCGGGTCATGG"	269	67.60
"GAGTTCGTGTGCTGCGATGACCCGATTCGGAGG"	268	67.75
"GAGTTCTACTGGGGGCAGTGAAAGGCACGATCG"	266	67.89
"GAGTTCTCGGGCCCACCGGGGTGGCACCTGTGT"	264	68.04
"GAGTTCTAGTATGCCTCGAGTTGGCGGGTATAG"	262	68.19
"GAGTTCCGCGAGCAATCAACGCACATGGATTTC"	262	68.33
"GAGTTCAATACAACAGTCTAAGAGACGCAACTG"	262	68.48
"GAGTTCGCCATTGAAAGTAGTTTTTTTACGATC"	261	68.63
"GAGTTCGGTAGGGCTTGGGCGGACTTTCGGGGT"	260	68.77
"GAGTTCGGTGGACCACCTTGGCGAGCCCTGGAG"	259	68.91
"GAGTTCGACAGGCTGTGTGGGTGTCATCAGACC"	259	69.06
"GAGTTCTTTTAGACATGCGCGCACCGTTAGTTC"	257	69.20
"GAGTTCTCCAGTCAAAGCCGAGGCTGACGGGTC"	257	69.34
"GAGTTCGGGTGTTCCTAATGCGAGTAGTCGCGA"	257	69.49
"GAGTTCTATCGGTCGCCCGGAGAGGCATAAAGC"	256	69.63
"GAGTTCGGCCTTACCGGGTAGCCTCATATAGTT"	254	69.77
"GAGTTCCGCCGGCTAAGAGGGATGGATTGGTGA"	254	69.91
"GAGTTCAATAGGAGGTATCGTCGGTCCTTGGCG"	254	70.06
"GAGTTCCTCTCGGGGGTTGGCCAATGTGAAGCC"	251	70.20
"GAGTTCTTTCGTGTACTGTTGCGATATCCGAGG"	250	70.33
"GAGTTCTTTCGACCGCGTATGTTATGTGAGCTC"	249	70.47
"GAGTTCTAGGCGTGCCACTGGTACCTGCAATCG"	249	70.61
"GAGTTCGATTATGCTCGGTCGGTCAGTCTGTTG"	249	70.75
"GAGTTCTGTAGGGAGTCTTGACATCGCGGGGAC"	248	70.89
"GAGTTCGTGCATACTCCTTGCCAGAATCTCCCG"	246	71.03
"GAGTTCGGCAGATTAACGTGAGGGCGGTCGTTA"	244	71.16
"GAGTTCTGTCCTCGGGTGCGGTGTGGATATGTT"	242	71.30
"GAGTTCCTTTGTCTCGAGCGTTGAGGTTGCTCT"	242	71.43
"GAGTTCGTGTCACGGCATGCTAGCGTGTCCTCG"	241	71.57
"GAGTTCACTGGCTCCTTAGGAAGGTGCTTGCAT"	240	71.70
"GAGTTCTGTTGGTCGCGCGGAAGTCGAAGGTCC"	239	71.83
"GAGTTCGATCGGCCTGGTCAGAGGGGCCCTATA"	239	71.97
"GAGTTCGGTCGGCGATATTAGCAGCCAGGGCGG"	238	72.10
"GAGTTCTCTTCGCACCGCTCCATTCTTTGCATA"	237	72.23
"GAGTTCTCATTGGACTGTTTTGGCCAAGAGAGG"	236	72.36
"GAGTTCTACGGGAAGCACTGGTCGTGGTGATAC"	236	72.49
"GAGTTCGACTCTTTGTCAAGGAGGCTTATGTCG"	236	72.62
"GAGTTCAATCGGCCTTGGGTTAGAAGAAGGGGA"	234	72.75
"GAGTTCGGCCATCTTTGTTTGGGCCGTTGGTCA"	231	72.88
"GAGTTCGACGGATGTGTTAAAGGTCTAAGGGAA"	230	73.01
"GAGTTCTAGCATAGGGGTTGGCGTCGCCAGTGA"	229	73.14
"GAGTTCGGGTGTATGTTATTAGGACTGGTCGGC"	229	73.27
"GAGTTCTTCAGTTTTGCGGGGTGTGCCCTGGGG"	228	73.39
"GAGTTCGCACTGCACGGTGGTATGCTTCGTTCC"	228	73.52
"GAGTTCTTTGAATTGGGGTGAGTGGCAGGTGTG"	225	73.65
"GAGTTCTGTGGCCGTCTTAGCGGGCGTGATGGT"	224	73.77
"GAGTTCTCCAGGTTTGCATCGTCGGCAGTAGTG"	224	73.90
"GAGTTCTAACAATTGGACGGTTAGAGACTTTGC"	224	74.02
"GAGTTCGGTCGTGGGTTATGGGCCAGGCCCTGG"	224	74.15
"GAGTTCGCTCGGTTCCGCAGCGCAAAGTGCGGT"	224	74.27
"GAGTTCGAAGAGACGTACAGGAGGCGGAGAGGC"	223	74.39
"GAGTTCTGCGTGTCACTTGGGAATTGATCACTT"	222	74.52
"GAGTTCTGAGGGTGATCCTGTGGATTTCGCAAG"	222	74.64
"GAGTTCGGCTGGCGTTACGGTGCGACGTGGTGC"	222	74.77
"GAGTTCGTAGGAGCATCCATGTCGCGTTGAGTG"	221	74.89
"GAGTTCTTCCCCTTCTGTGATGGGGCTGTGTTC"	218	75.01
"GAGTTCGAATAAGAACCGATTGGACTGGGAAGT"	217	75.13
"GAGTTCCGCCGTACCCCGTGCGGACTAGTACTA"	217	75.25
"GAGTTCCGAATGTTGTGTTCGCCTTAGTTATGA"	217	75.37
"GAGTTCTACCGTACACGGGAGGCTTAATGAGAC"	216	75.49
"GAGTTCCGCACGGTCCTGGCGGATAGCCTAAGC"	215	75.61
"GAGTTCTCCCAAGGCTCGAAGGCCAGTTTTTTC"	214	75.73
"GAGTTCTAGCAACCTTGATTGGACCCTGCACAC"	214	75.85
"GAGTTCTTCATTCCTTAGCTTGTCTTACCGCGA"	212	75.97
"GAGTTCGCGCGGAAGTTCGGACGGATGCTATGA"	212	76.09
"GAGTTCCAAAGTAAACTATGGCCCGTGCGTACG"	212	76.21
"GAGTTCTCGTCCAAACCATATCGAAGTTGCTCT"	211	76.32
"GAGTTCCAGCCTGCCTGTTGTAGGGCTTGACGG"	211	76.44
"GAGTTCACATGTTCCCAGGTTGTTGGATGATTA"	211	76.56
"GAGTTCTAATGGTAAGCCTTGACTCCTTAAGGA"	210	76.68
"GAGTTCGGCCCTCTCCCTCAACCTCGTTGTTGG"	209	76.79
"GAGTTCGCGTCAAACGGGTGGTGGAAGGCTAGA"	209	76.91
"GAGTTCTTGTGGCATCAATGGTGTCGACGAATG"	208	77.02
"GAGTTCTATCATGGTCAGTGGTGTGCGGGTAGA"	207	77.14
"GAGTTCTCCCGTGAATATTCCTATGGCTCGTCC"	205	77.25
"GAGTTCGTGCTGTTGTTGGGAGGGCTTGCAGCC"	205	77.37
"GAGTTCACTTGTCCTCGGTCATGGGGTTGGGCC"	204	77.48
"GAGTTCAACAATCTGCCCTCGAGCCTGTTTTAA"	204	77.59
"GAGTTCTATCGGGTCCGATTTTGATTCGGCCCC"	203	77.71
"GAGTTCTATCGGGAGTCGGTGGTCGGGCACGGT"	203	77.82
"GAGTTCGGGTTCTCATGTACATGCTAGTTTTTC"	203	77.93
"GAGTTCCTGCGGTTACGGCCACAACGTCGTGCT"	203	78.05
"GAGTTCAGCCGAACACTGAGGAATAGGCGGATA"	203	78.16
"GAGTTCTCGCGGGTACGTGACATCTGGCTCTAC"	202	78.27
"GAGTTCGACCCGACCCTCTGGGACCTACGCCTA"	202	78.39
"GAGTTCGTATGAATCGTGAGGTCCCGGAGGGGA"	201	78.50
"GAGTTCGGGTGGCAATATTGGGCCCGGAGGTAA"	200	78.61
"GAGTTCTTCGCCCGAGACCGAAACCACGTGGGT"	199	78.72
"GAGTTCGATCGGACGGGAGGCGGTGGGGGGTCC"	199	78.83
"GAGTTCCAGTGGCACCTCTGGCATAGTGTAAGT"	199	78.94
"GAGTTCTTGAGTGACCATAGGGGGATATAGGCG"	198	79.05
"GAGTTCCATGAGGAGTCTGGATTCCCTGCGTGA"	198	79.16
"GAGTTCTGGAGAGCGTGTCATAGTGGTGGTTGG"	197	79.27
"GAGTTCAGCGGGTGTGAGAGTCTGCGGCCGAGA"	197	79.38
"GAGTTCTCACACCCGGTGTTATTAGGGCGGGCA"	195	79.49
"GAGTTCGACCTCGGGCTCAATATCTGTCTCGCC"	195	79.60
"GAGTTCCTACGTTCGTCCTGGGGCGGATACGTG"	192	79.71
"GAGTTCATTCGGAAACAATGTGGGTGAACCGTC"	192	79.81
"GAGTTCTGATGGTCGTTTTTCTAACGTGAGCGC"	190	79.92
"GAGTTCTCTAGGACGCGCCGGTCCCAGCGAGTT"	188	80.02
"GAGTTCGAGCGTGATCCATGGGGAAGTTCGCGG"	188	80.13
"GAGTTCGTGCGGTTACCGGGGTAAATTTCTCTC"	187	80.23
"GAGTTCTTACGTCAACCAGTGCTGTCCATTGGT"	186	80.34
"GAGTTCGGGCTACGCTCTACTCGCTGTGTCCTC"	186	80.44
"GAGTTCTCTCCGCTCCCCTGAGTCCGGTGGCTT"	185	80.54
"GAGTTCTCCAGGTTCCCTTTCTAGCTGTCGGGG"	185	80.65
"GAGTTCGCTCGCTCTCGTGCGCAAGTGCGGTGT"	185	80.75
"GAGTTCCCCTCGTTCTCGGATGCTATCATACGA"	185	80.85
"GAGTTCGCTCGAAGGTAGGGGTGTTTGGTGTCG"	184	80.95
"GAGTTCTCTGAGCCGTGTGGATATTGTGGAATT"	183	81.06
"GAGTTCGCCAAGTGTCGGTGCTGTGTACTGACG"	183	81.16
"GAGTTCAGCCACTCTCCATTAGAAGGGTTCTCT"	183	81.26
"GAGTTCTCTGGACATAGATGGTTGGCGCCGGAC"	182	81.36
"GAGTTCGCCCGACACGTCTTATGACCGGAGGGG"	182	81.46
"GAGTTCACCTTTCTAGCGTGTTGTCGGTGAGTA"	182	81.56
"GAGTTCAACTTGTCTCTGGTCTATTCGATTCGT"	182	81.67
"GAGTTCTTCACGTCTTCAGATGGTGGGAGTCGC"	180	81.77
"GAGTTCTAGATGATACCTACCCATTTGTCGTTC"	180	81.87
"GAGTTCGTTTCTGACATGCCACTAAGATCATCG"	180	81.97
"GAGTTCTCATATCAGCGTTGGGGTCAGCCCGGC"	178	82.07
"GAGTTCGGCCGGCATCATTAAGAAGGACTGGTA"	178	82.16
"GAGTTCACATGATGGTAGTCGCGTTGTCCGGGC"	178	82.26
"GAGTTCGATGGGGAGACTTCGGGAGGATTACAC"	176	82.36
"GAGTTCCAGTGTGGGCCATAATGTGGTCGCGCA"	176	82.46
"GAGTTCAGCGGTGCCGGGGGTGTACACGTTGTA"	176	82.56
"GAGTTCGTGGGATTCAAGCCTCAATGGCTCGGT"	174	82.65
"GAGTTCGCGAGTCTTTGATGCACTGGGTTTCCC"	174	82.75
"GAGTTCGTAGGTGGACAGAGGGATTAGCCTAGA"	173	82.85
"GAGTTCGCATCGTCAATGTGAGGCCAGGGCGAT"	173	82.94
"GAGTTCATGATTCGTTTCAGGGCTGGTCTGAGG"	173	83.04
"GAGTTCCTCAGTTCATTAGTGGCTTCCATGATG"	172	83.14
"GAGTTCCGCACGATCTGATGGTTTTCTCTTGCT"	170	83.23
"GAGTTCGCTAACGTTTCCAGCGAGTAAGTAGGC"	169	83.33
"GAGTTCTGGTATCTCATCATGTAGGTGATGCGG"	168	83.42
"GAGTTCTAACGGCCGTGAAGAGATCTGGCGCCC"	168	83.51
"GAGTTCTAAACACTGCTACGTGGTCGCTGGTCC"	168	83.61
"GAGTTCGAGAGTTCGCCTGGCCGTTGGCGTGTC"	168	83.70
"GAGTTCGTGTTTGGCCCTGGTTGGCGAGGCCGT"	167	83.79
"GAGTTCACGTCGGGGTCGAATGGGCCGCCTTGT"	167	83.89
"GAGTTCAGGAGTCCACCCCGCGGTGGATTCTCT"	166	83.98
"GAGTTCTATCCCCAACCTTCTGACTTCTGGGCG"	165	84.07
"GAGTTCAGTCTCGATTTTTCAAGTGGGCGGTTT"	165	84.16
"GAGTTCTCGTCATAGCGCGGATGTGGCTATACC"	164	84.25
"GAGTTCATATTGTTCGAGCCCTAGGCGGTCTTT"	164	84.34
"GAGTTCTCGGCATAACCCAAAGGGCGCATATGT"	163	84.44
"GAGTTCTCCCATCGGCGTCGTCGCGGTCTGCGA"	163	84.53
"GAGTTCTACTCACACGAATATCGCCAAGGTCGC"	163	84.62
"GAGTTCTAATACGAGCCGCGGTTCCGGTTGGGT"	163	84.71
"GAGTTCGGTTACCGCCCCTGATATGTATGTGCT"	162	84.80
"GAGTTCAACTTCTGTTTGGTGTCATGGGTAGCA"	162	84.89
"GAGTTCCACCGGCAGCAGTGGAAAAAAATTTCT"	161	84.98
"GAGTTCAAAGGGTGATTTTTACGAGTAAAAGGG"	161	85.07
"GAGTTCGACTTGAACGCGAGGTCGAGCACTGTG"	160	85.16
"GAGTTCCGTGACTACTGTTCTCTTGGCGTGGCT"	160	85.25
"GAGTTCCCGCTGCTGGCTTAAGCGATCTTGATG"	160	85.34
"GAGTTCTCTGCGACGGCCATAAGCGACGAATGT"	159	85.42
"GAGTTCAATCCGGCGCCCGGTCTCTCGGGTTGG"	158	85.51
"GAGTTCTAGAGTGAGTCGTGCAAATTTTCAAGG"	157	85.60
"GAGTTCGACTGATGTTGCGTTGGGCGTGGGTAC"	157	85.69
"GAGTTCTCGTGTTAGGCTACGTGGGTCTGCCGT"	156	85.77
"GAGTTCTCGCCTGGGACGGGAGGTAAGTCGACG"	156	85.86
"GAGTTCATCAGATTGAAGGAGTTCGGGGATGGC"	156	85.95
"GAGTTCTACAGGCACTTTTCGTAACCTGCGGCC"	154	86.03
"GAGTTCACGTTCATACGGGCTAGACCTTGGGAT"	154	86.12
"GAGTTCTGTCGGATACCATAGGGGACCGGTGGC"	153	86.20
"GAGTTCCTTGACCTACTCTGGGCGCTATGTAGA"	153	86.29
"GAGTTCTGGCGGATAAGGACGAGGGTGCGGCAA"	152	86.37
"GAGTTCGGGTGCTAGAGCTGGTCAGGTGAGCCC"	152	86.46
"GAGTTCGACCGCACTTTGGTTGAATGGGGACCT"	152	86.54
"GAGTTCAGTTGTCGATATAGGCAGTCCCTAGTC"	152	86.63
"GAGTTCTCTTGGCATCAGAGGCCGATTGGGTTT"	151	86.71
"GAGTTCGTGATTCATCATGGAGGGTTCTGATTG"	151	86.80
"GAGTTCAACCTTCATTGCGGCGGCTCCAGCAGA"	150	86.88
"GAGTTCTGTAGTTACCAATCAAAGGTTGATGTG"	149	86.96
"GAGTTCTCGATTACGCCCGTGCGGCTCGCGCCG"	149	87.05
"GAGTTCTAAGTTTGGACCCTGGGGTCGGTCTTC"	149	87.13
"GAGTTCGGGCACAGGTATTATGTAGTATCTATG"	149	87.21
"GAGTTCCTGTAGCCATGAGTCCGATATGTTGGA"	149	87.30
"GAGTTCCATGTTATGCCGTCCTATCGCTCGTCG"	149	87.38
"GAGTTCATGCGCTGAGGAATGGGTAGCTGGTTG"	149	87.46
"GAGTTCTCCGGGGGTTTTAGAGACTGTGTAATA"	148	87.54
"GAGTTCAAGAGGAGCGATTTGGTATTCAGTCCT"	147	87.63
"GAGTTCAACCCGGATTTAGGTGACAGGTTGTTC"	147	87.71
"GAGTTCGGCTGGTGGCTGCGCGGGTGGGAGCTC"	145	87.79
"GAGTTCGGACGATTGGGCTGTGAGCAGACTTCG"	145	87.87
"GAGTTCTCCCTGGGACGGTACGTGTGTACCTCC"	144	87.95
"GAGTTCTCCCGTAGTAGATGGTTTTGGTCGAGG"	143	88.03
"GAGTTCTCCATAGGTGTACGCCGCCCAGGGCGG"	143	88.11
"GAGTTCTCCAGGGCCTTCGGCCGACTCTCGGGA"	143	88.19
"GAGTTCTACAAGGATATGCAAGGGCCGGGAAGA"	143	88.27
"GAGTTCTACTGAGGTCGAGAAACTTTACCAACG"	142	88.35
"GAGTTCGCGCTGGACTTTGAGACGGTCATAGGC"	142	88.43
"GAGTTCTTATGTCATGCTGACAGCTTATGGTCC"	141	88.50
"GAGTTCTCTCTGTCGCGGTGGGGCCGTTGGACC"	141	88.58
"GAGTTCTCGTGGTCAGTTTTGGAGGGGGAATGT"	141	88.66
"GAGTTCTCGTGGGGTGCACGGGTCCATTGGCCG"	141	88.74
"GAGTTCTCGTGATAATCGTAGGGTGCTAACGGT"	141	88.82
"GAGTTCCCTGTTGCCTATAGGCGCTTGCATTTG"	141	88.90
"GAGTTCACGGAACTATATGCGATACCTGGTTAA"	141	88.98
"GAGTTCTACAAGCAACGGACCAGGGGTCCATTT"	140	89.05
"GAGTTCGTTCACATGTTGTGTTATGGATGCTTG"	140	89.13
"GAGTTCCCACGCTCTTGCTCGGGGCAATTATGC"	140	89.21
"GAGTTCCATCTATCCGCTGGCCTCGGTCAAGGA"	140	89.29
"GAGTTCTGAAACCTCCTGTGGCGGCGCGCGGTC"	139	89.37
"GAGTTCCATTGTGCTCTTCGCTCCCTACGGAGT"	139	89.44
"GAGTTCTGCTTACGATAGTTTAGCAAATGAAGC"	138	89.52
"GAGTTCTGCCGTCCGTGGTGACAACTTGTGTCG"	138	89.60
"GAGTTCTGCCAGAAGTGGTCGAGTCCCCAGTCT"	138	89.67
"GAGTTCTAGTAGAATCCCTTCGAGCGCCGCAGA"	138	89.75
"GAGTTCCGGGCTATTTGGCGGTTTCTCTGAGGC"	138	89.83
"GAGTTCCAGTCGTGGGCCTGTTGTACCGGTACC"	138	89.90
"GAGTTCTCCTTTTAGAAATGCCGTTTGTGTGGT"	137	89.98
"GAGTTCGTATGGCTTGCCTCGGTCTGCTCGAGG"	137	90.06
"GAGTTCGCGCGCGTGTACCCATTTCCAGGGTTT"	137	90.13
"GAGTTCTCTACGGAGTGTCGGTGTGGGCATGGT"	136	90.21
"GAGTTCTATATGACTGGGCGTGTCGTTGGTCGG"	136	90.28
"GAGTTCGGTAGGTGTGATCCTGTTACACTGATT"	136	90.36
"GAGTTCGGCTTGCCACTTCTAGACGGATTCGGC"	135	90.44
"GAGTTCGATCGTACGGTCGTAGTGCGAACTTGA"	135	90.51
"GAGTTCCCGATGACGTGAGGCAGTCGCTTGCCC"	135	90.59
"GAGTTCATCTGGATTTGGTGGGGTCATCTGTGG"	135	90.66
"GAGTTCTTTATTGCTCGGGGGGAAGGACCACGC"	134	90.74
"GAGTTCTCGAGGCGTCAATTGGGACTTACGGCG"	134	90.81
"GAGTTCGGAGGGTCGATTTCTGGTAGTTCGGCC"	134	90.89
"GAGTTCGCACAGTAGTTGGGATGTCGTGCGGCG"	134	90.96
"GAGTTCGACCTCGCTCATGGACGGTGGTCGGTG"	134	91.03
"GAGTTCAATGTCCACCCTTAATGTGCCATCGTT"	134	91.11
"GAGTTCTTGGCGTGGCTTCGTACAGGACGTGGA"	133	91.18
"GAGTTCTGTCGTTGCCCTGGTCAGTTAGCCTTA"	133	91.26
"GAGTTCTCGGAGGGGTGTTTCCGTTAGTTGTTC"	133	91.33
"GAGTTCTAATGCTTGGTTGTAGCGCGCAGGCGA"	133	91.41
"GAGTTCAACCAGTGGTTTAGGCTACGAGAGTAA"	133	91.48
"GAGTTCTTGCTGTTTCAAGGTAGTCGTCCGTGT"	132	91.55
"GAGTTCTGCGTACTCGTTGGAATTTATAAATTT"	132	91.63
"GAGTTCAGGGACGGAGGGGAAGCGTATTAGACG"	132	91.70
"GAGTTCTATTATGTCAAAAGTGTTTTTGGCTTG"	131	91.77
"GAGTTCGTTCGAGCCCTAAGTACGTTTTATCTC"	131	91.85
"GAGTTCGGCCGATGTCCGTGCTAATCCCTGTAT"	131	91.92
"GAGTTCGACTGGCGCAGCCTGGGCTCTGGGCGG"	131	91.99
"GAGTTCGCTCGCGGGTTACCAATGCGCGTATGT"	130	92.06
"GAGTTCGCCTGCGGATGCTCATTAAGGCATTCC"	130	92.14
"GAGTTCACACGGTTCTTCTGTGCCCGGTGTCAG"	129	92.21
"GAGTTCTTCCGGTGTCCGTAGTGTCCACCCGGT"	128	92.28
"GAGTTCTCGCGGTCCTCCGAGGCGATTTTGCCG"	128	92.35
"GAGTTCTCCAGTCGGGATGCCTTCGTTTCATCT"	128	92.42
"GAGTTCGACAGTTGAAGGAGACGAGTTCACCGC"	128	92.49
"GAGTTCCTTCCCTTTTTCGGTTCGACTTCTTTC"	128	92.57
"GAGTTCGTCGAGGGTACTTGATGATTAGAAACT"	127	92.64
"GAGTTCGCGTGGTCTTCAACAGATCATGAATCA"	127	92.71
"GAGTTCGATTGAGACCGTTGGCAGCGATATCGT"	127	92.78
"GAGTTCCTAAGGCTCCCCTCAATGCGTAATTGG"	127	92.85
"GAGTTCCCGCGTCGGCGACGTTCTTAGGGTGCT"	126	92.92
"GAGTTCTGTCGTTCAGCATCGTGTCGAGGGTCG"	125	92.99
"GAGTTCTCGGTTCTCTGCTCATAGTCTCTAATG"	125	93.06
"GAGTTCTACCGGCGTGTCCGGCTCGTTGATAGA"	125	93.13
"GAGTTCGTTCAACAGGGTCGAGCGGGTCAGTCG"	125	93.20
"GAGTTCGCAAGGCAGCGGTGAGGTTTTCTTGCG"	125	93.27
"GAGTTCATTTAAGTGCCGTAGGTAAGGCTGCGC"	125	93.34
"GAGTTCACCAGGCTGTCTTCGTGCTCTCTGCCA"	125	93.41
"GAGTTCTTACACCTTGTGTCGACAGGTGTGCAC"	124	93.47
"GAGTTCTATTGTGATGTTGGTCGTCCTGAGCTA"	124	93.54
"GAGTTCATGCGAGGCATAGGGGATCGTAGCGGT"	124	93.61
"GAGTTCTCTACTGTGTGGGGACCGCCTTGGCAA"	123	93.68
"GAGTTCGTACGGGCTTGGTTTGGTGGAGGATGC"	123	93.75
"GAGTTCGGTGGAAGGGACGGGTGATTTCCGTAC"	123	93.82
"GAGTTCCAGAAGGTAAAAGGGTGTTCGAGTCAC"	122	93.89
"GAGTTCTGGTGAAGTGTATCACAGCTTGCATGG"	121	93.95
"GAGTTCTATTACCTGCGGGGCGAGTGGGATTGT"	121	94.02
"GAGTTCGATGTGTTCGGGGGGCGCCTGTAAGGG"	121	94.09
"GAGTTCCGGAGGTCTCCGGGGTTGAGTCTTATA"	121	94.16
"GAGTTCTGCGGTGGAGCTTCCTGCGCTTCGGCC"	120	94.22
"GAGTTCTAGTCCAAGTTGTCTCGTCAGTATTGT"	120	94.29
"GAGTTCGGAATGGGATAGGGTGGTTCGTTAAGA"	120	94.36
"GAGTTCGCCCGGCTCGGATCTCGTCCGGCCGCG"	120	94.42
"GAGTTCGATTGGCTCTCAGGGTGAAGTACGCAA"	120	94.49
"GAGTTCGAAAGCCATTATACGGATGCGCGGTCT"	120	94.56
"GAGTTCATTTGGGCCACGGGGTTTAAACGGCGG"	120	94.62
"GAGTTCATGAGGTTGGTAAGGAGGCAGCGGCAT"	120	94.69
"GAGTTCGTCGGGTCACTCTGGGTTTGATCGTGA"	119	94.76
"GAGTTCGGGACTTGTCGTAATTCGGCTCTAGTC"	119	94.82
"GAGTTCGCGGCCTCATTTTTAGTGTTACAGAAA"	119	94.89
"GAGTTCGCAGACTCCCTCCGCGAAAACGTGTCC"	119	94.96
"GAGTTCTTGGCGGGCACGTTTGCAATCCCGCGT"	118	95.02
"GAGTTCGTTGCCGTCGGTTGTGTCCTTTTGTGG"	118	95.09
"GAGTTCGGTCGGCATGGTGAAGAATTTCTGGCG"	118	95.15
"GAGTTCGAGAGGTGAAAGAGCTTAGGGCGGACA"	118	95.22
"GAGTTCTTGTCTGGGTTTCTGGGACTTCGAGAC"	117	95.28
"GAGTTCTCAAGGTCTTAATGCTGGTGGGCGTTT"	117	95.35
"GAGTTCTATCGGCGGGCTAGGCAATCTCCATCT"	117	95.41
"GAGTTCGTATGGGAACAATTGATGCATTGTTTG"	117	95.48
"GAGTTCGGTTAGTGCTGTGGTTAAATGGGAGCA"	117	95.55
"GAGTTCGATCGTAATAACGTTGGTTTATCCTCC"	117	95.61
"GAGTTCCCCGGGTCGGGAGCGTGACTGGTGATG"	117	95.68
"GAGTTCTGCCAGAGGCAAGGGGGGTGTTTTGAC"	116	95.74
"GAGTTCGCGTCGTCGTCGCAGAGGGGGGAGTCT"	116	95.80
"GAGTTCATCCGTAGGCGATCGTATATCTCCTCC"	116	95.87
"GAGTTCACTACAGGATTAGGGTCAGGCTCTTTC"	116	95.93
"GAGTTCAATGATGCCACGCCGTGGTCTCCGCGG"	116	96.00
"GAGTTCTCGAGGGACAATTGACTCGTGCGGTTG"	115	96.06
"GAGTTCGGACTGCAAGACGAGTCTGTTCGATGT"	115	96.13
"GAGTTCGCAGGACAACAATGGGGATACTTGTTC"	115	96.19
"GAGTTCGAAGCGTGATAATGGGAAGGGGTATGA"	115	96.25
"GAGTTCACGTGCGGTCCTCGGCGTCTGCAGAGC"	115	96.32
"GAGTTCAACAATCAAGCTTGCTGTTTACTATCC"	115	96.38
"GAGTTCTAGGGTCAGCGAGGTCCCGTGCTTTCC"	114	96.45
"GAGTTCACTAGTAAATCGGATGGACTGCTAGAG"	114	96.51
"GAGTTCTGGACGTTCGTGACCGTGCGACCACCC"	113	96.57
"GAGTTCGATAGGGGGCTATGGGTTCGAGTCGAG"	113	96.64
"GAGTTCGAAGGGACTCCGAAGGAGTACGGCCAA"	113	96.70
"GAGTTCTGTTGGCTGTGAGGCAGGGGGAAGATA"	112	96.76
"GAGTTCTCTTCTCCCTGCGAGTGACCATGATCG"	112	96.82
"GAGTTCTCTAGACAGCGGTTAGGTCTTAGATGT"	112	96.89
"GAGTTCGGGTGAGTACACTGGCAACTATAGTAG"	112	96.95
"GAGTTCACGTCTTTTCCCGTCTGTAGTCTACGA"	112	97.01
"GAGTTCTGAGGCGTTTAGAGGAGCCGTGTTTTC"	111	97.07
"GAGTTCCATTGGTAGAGATGATACCGCAAGTAC"	111	97.13
"GAGTTCAGTGAATTATGTGTTTGTCCGTGATTA"	111	97.20
"GAGTTCAGTCCCGTCCTTAACGTACATGAATAA"	111	97.26
"GAGTTCTACGCAGAGTTCTGTTGGGCGGCTTCC"	110	97.32
"GAGTTCGCTGATCCAGTTTCATGTATTCGGTGG"	110	97.38
"GAGTTCTACTGTGCTCCGTGTTGTAAGGGGGCC"	109	97.44
"GAGTTCCGTTTGCCACGTTTCCTAACTATAGGT"	109	97.50
"GAGTTCCCGGCGCGGCTCCGAATCAACCGTAAG"	109	97.56
"GAGTTCATGCCCCATGTATGGGGCTTATTGTTA"	109	97.62
"GAGTTCAGATAGGCAAACTCGGAAGCACTCTCA"	109	97.68
"GAGTTCGCGTGAAAGACATCCTCGGGATCTACC"	108	97.74
"GAGTTCGATCCATGCCCCGGAAGCCAGGCGTCT"	108	97.80
"GAGTTCCCGTTCCCGTACATGAACCGAGTTATA"	108	97.86
"GAGTTCCACTGTTCCCCTCGATGGGGCTTTGTT"	108	97.92
"GAGTTCTGTCGGCGGCGATACGTAGTGGGAGGA"	107	97.98
"GAGTTCGCATCGAAATTGTTTTAAGCGAGCGGC"	107	98.04
"GAGTTCATCCGGTCCGTTAGGGTGGATTGGACT"	107	98.10
"GAGTTCTGCGGCTCACACTGCGATCTAGCTACT"	106	98.16
"GAGTTCTCCGCTTCTCCAGGGACCATCTGGTAA"	106	98.22
"GAGTTCTAGCGTTTGACAAATGGTAATCAGCCA"	106	98.28
"GAGTTCGTACGTCAAACCGACCCGTAGGCGCGG"	106	98.34
"GAGTTCAGATGGGTCCGGCGATACGGTATACCG"	106	98.40
"GAGTTCTCAAGGGCCTCGGCAGCATCGAAAGGC"	105	98.46
"GAGTTCGTCAGGGTTCGAAGGTTTTTGTATCGC"	105	98.52
"GAGTTCGGCCAGTCCGGAGGGCGATTAACCTGC"	105	98.57
"GAGTTCGAGCGGCGGTAATGGGTGTTGGGATTT"	105	98.63
"GAGTTCCGAGCTACGGCCGTCGGTCAAAGCACT"	105	98.69
"GAGTTCCCGTTGTTGCTTCATGGTCTCGCGCGC"	105	98.75
"GAGTTCGGTCTACGTCCCAGCTATAGTTGCTCG"	104	98.81
"GAGTTCCTTCGGTTGATTCAGGACGGTACCGAA"	104	98.87
"GAGTTCCCTATGTGTAGTTGGGTATTTAGGGGT"	104	98.92
"GAGTTCCCGATCTTACAATTTGCGGTCGGTTTA"	104	98.98
"GAGTTCAGTTTACAGTCTGGGGGGGTCAGGGCC"	104	99.04
"GAGTTCTCGAATTTCTCTCTGGCTTGGCCTGGA"	103	99.10
"GAGTTCGCAAGCACGCGGGAGTAGGGGGAGTAG"	103	99.15
"GAGTTCAGACAACTTTAGTTAGGTGAATCCATT"	103	99.21
"GAGTTCTTTTGTCGCTTCGCACTCACACCTGTC"	102	99.27
"GAGTTCTTGGAGAGTTGGGGTGTATTTCAGTCG"	102	99.33
"GAGTTCTGTGGGAAGTTTTGGAGCTCGGTCTGA"	102	99.38
"GAGTTCTCGTTTGACGCCTCTCGGATACCAGGT"	102	99.44
"GAGTTCGGAGTTTGGCGGGCTTGTCTCGACTCC"	102	99.50
"GAGTTCGATTGGGCCTGCCTCTTGCTTGGGTGC"	101	99.55
"GAGTTCCCCTTTGCTCATCGGACCGCTGCGTCA"	101	99.61
"GAGTTCACGAGAGTTACCTCATGAACTTTGGTG"	101	99.66
"GAGTTCACCTCATAATGTGATCGTGCCTGGACG"	101	99.72
"GAGTTCAACCATTCGCATAAGGTCTCGTCGGGC"	101	99.78
"GAGTTCTTGGCGCTGCGTGGGCAAGTAGGGTGT"	100	99.83
"GAGTTCTCCCTTGGCTGGTGATGCCGGCCGTCA"	100	99.89
"GAGTTCTATCAAAAGGTGTTGGCGTTGTCGTCT"	100	99.94
"GAGTTCCCGAGACCGTCAAGTGATCTGTGGTAT"	100	100.00
