BL-8120_37_S37_L002_R1_001-Barcode	BL-8120_37_S37_L002_R1_001-Count	BL-8120_37_S37_L002_R1_001-SaturationPerc
"GAGCTCATAACACAAGGTAG"	1350884	38.18
"GAGCTCATCGAGAGTTGTTG"	1349517	76.32
"GAGCTCATGATGCCGTGTTA"	188047	81.63
"GAGCTCGCGATCTGTTAATG"	110399	84.75
"GAGCTCAGTAGTGCGTCGCG"	50202	86.17
"GAGCTCGTGTTGTTACAAGT"	45314	87.45
"GAGCTCACTGCCCTCCCTTT"	40291	88.59
"GAGCTCACCCCGGCCGTAAT"	32442	89.50
"GAGCTCCCACTAAATCTCTA"	30205	90.36
"GAGCTCGTAGCCTGTTTTGG"	26163	91.10
"GAGCTCCTACGTTTATTTGT"	23782	91.77
"GAGCTCGATACGACTGTTGA"	23777	92.44
"GAGCTCACGGTTAGGTATAG"	21402	93.05
"GAGCTCGCGTACAACGTAGT"	21138	93.64
"GAGCTCAACGTATGTTTGGG"	19766	94.20
"GAGCTCAATCAAGCAATTTG"	17844	94.71
"GAGCTCTCCAGCAGTGCTGC"	13568	95.09
"GAGCTCCACAGCCCTGTTGT"	13013	95.46
"GAGCTCGTATCAAAATTAGT"	12954	95.82
"GAGCTCAAATACAAGATAAT"	11659	96.15
"GAGCTCCGCCTATGGGTTCA"	11098	96.47
"GAGCTCCAGCTTATACACGG"	8996	96.72
"GAGCTCGTTTCGTTCCTCAT"	8917	96.97
"GAGCTCATACTTAATTTCTG"	8787	97.22
"GAGCTCTTTCCGCAGCGACA"	6656	97.41
"GAGCTCGTCATTTACTGTTG"	6531	97.59
"GAGCTCTCTTGACCCAGGTG"	5917	97.76
"GAGCTCACTCGTTGGTATAC"	5622	97.92
"GAGCTCTATAAAAGAATGAG"	5125	98.07
"GAGCTCTGAAGATTTTTGCA"	4738	98.20
"GAGCTCAAAACACAATGAAG"	3852	98.31
"GAGCTCGCATGTACTTGCAG"	3694	98.41
"GAGCTCTTTAGATTGGGCGT"	3107	98.50
"GAGCTCGTACCTGTTCGTCT"	3006	98.59
"GAGCTCATAAAAAAATGTAG"	2287	98.65
"GAGCTCTCTTCTTTCACGTA"	1970	98.71
"GAGCTCATAGAGAGATGTAG"	1509	98.75
"GAGCTCATCGAGAGTAGAAG"	1473	98.79
"GAGCTCATAACAAAAGTAAG"	1472	98.83
"GAGCTCTTAATTTATATCCC"	1424	98.87
"GAGCTCAACTAGAGTTGATG"	1413	98.91
"GAGCTCAAAACAAAATATAC"	1274	98.95
"GAGCTCAACGAGAGAAGTTG"	903	98.97
"GAGCTCAATATATGTATTGA"	897	99.00
"GAGCTCAAAAAACAAGTTAG"	880	99.02
"GAGCTCAAAGATAGTTGTTG"	822	99.05
"GAGCTCATAAAACAAGAAAG"	786	99.07
"GAGCTCATTTACCTATGTGT"	765	99.09
"GAGCTCTATTGGCATTTGAA"	694	99.11
"GAGCTCATCGAGAGATTATG"	685	99.13
"GAGCTCATAACACAAATTAT"	656	99.15
"GAGCTCCTAATAATGGACAG"	645	99.17
"GAGCTCATCGAGAGTAGTGT"	599	99.18
"GAGCTCATAACACAACGTCT"	582	99.20
"GAGCTCAAAACAAAAGCTAG"	531	99.21
"GAGCTCAACGAGAGGTGTAG"	522	99.23
"GAGCTCCACATAGGGTAATC"	483	99.24
"GAGCTCGGCTGGTGTATAAG"	472	99.26
"GAGCTCATCTAGATATGTTG"	472	99.27
"GAGCTCAAGCACAAACCGTA"	466	99.28
"GAGCTCAAAGTCGGTTCTCG"	401	99.29
"GAGCTCCGTTAGTTTTACGC"	393	99.31
"GAGCTCTTCCGAACGGCATA"	387	99.32
"GAGCTCAAAAAAAAAGGAAG"	370	99.33
"GAGCTCGGGATAGTTTATTG"	360	99.34
"GAGCTCAAGATTACGTGTTA"	354	99.35
"GAGCTCATAAAACCATGTAA"	340	99.36
"GAGCTCATCGATAGTGGTAG"	338	99.37
"GAGCTCAGTGCAAAAAACTT"	332	99.38
"GAGCTCGTGTACTAGTGCTA"	331	99.38
"GAGCTCATAGAGATTAGTTG"	331	99.39
"GAGCTCACATGTTAAGTGAG"	327	99.40
"GAGCTCATCGAGAGAAGATT"	315	99.41
"GAGCTCATAACACAACGAAC"	309	99.42
"GAGCTCATCGAGATGTGATG"	304	99.43
"GAGCTCATAACACAAGCAAT"	303	99.44
"GAGCTCGGTTCGTTTTGGGA"	302	99.45
"GAGCTCAAACATAGTTATAC"	302	99.46
"GAGCTCTCCATCGGATCTCG"	286	99.46
"GAGCTCAACGAGAGTTTTTT"	284	99.47
"GAGCTCTGCGGCGCCGCATA"	279	99.48
"GAGCTCGGGGATACAAAACG"	273	99.49
"GAGCTCATGTGCCCTCGCCC"	270	99.49
"GAGCTCATGATGCCGAGAAA"	265	99.50
"GAGCTCAACGACAGTTGTGG"	260	99.51
"GAGCTCATCAAGACTTGTTA"	255	99.52
"GAGCTCGAGAACAGTTAATG"	247	99.52
"GAGCTCAAGATGCCTTGATA"	237	99.53
"GAGCTCTAACCGCTAGGGAA"	235	99.54
"GAGCTCTGGTTAGGGCGTAG"	233	99.54
"GAGCTCTAGTAGGGTCATTT"	230	99.55
"GAGCTCCATCGCTAATTATG"	223	99.56
"GAGCTCAAAAAACAACATAT"	222	99.56
"GAGCTCATAGAGAGTTGATT"	216	99.57
"GAGCTCAAGACCACTTGACA"	216	99.57
"GAGCTCATCCTCAGGAATGG"	215	99.58
"GAGCTCATAACACAATCTCG"	214	99.59
"GAGCTCACTGCGATACTAGT"	212	99.59
"GAGCTCCTCCTACCAATCAT"	207	99.60
"GAGCTCTGCTGGCGGATTTT"	203	99.60
"GAGCTCATCTATAGTAGTTG"	199	99.61
"GAGCTCGGTCTTTAATTGAA"	197	99.62
"GAGCTCTTATCACAGAGAAA"	196	99.62
"GAGCTCAAACAGAGTTGTAG"	196	99.63
"GAGCTCATCTAGAGTTTAAG"	195	99.63
"GAGCTCAGACAAAGGGTTTG"	194	99.64
"GAGCTCATACGTGTATCGTG"	193	99.64
"GAGCTCATATTAGAGAATGG"	191	99.65
"GAGCTCGATTCATCTTAGTC"	190	99.65
"GAGCTCATCGAGACAAGTAG"	189	99.66
"GAGCTCCTGTTTCAAGTGTG"	187	99.66
"GAGCTCTTTCTGGCGATAGA"	186	99.67
"GAGCTCATCTACTGTTAGGT"	183	99.68
"GAGCTCATAACAAAATGAAA"	183	99.68
"GAGCTCTTAAGCTAGGTGGC"	176	99.69
"GAGCTCTAAAGCGAGGTAAA"	176	99.69
"GAGCTCAAAACACAAGTAAA"	175	99.70
"GAGCTCGCGATAAGTTAAAG"	173	99.70
"GAGCTCTTGGCCTAGGTGCC"	172	99.70
"GAGCTCTATGGCGGAACTGC"	172	99.71
"GAGCTCTAAGAAAGCTTCTA"	172	99.71
"GAGCTCATAAAACAAACTAG"	171	99.72
"GAGCTCGTACTTACAACTGA"	169	99.72
"GAGCTCATGAAGCAGTGATA"	167	99.73
"GAGCTCAAGAAGCCGAGTTA"	167	99.73
"GAGCTCCACCATGCGTTACT"	166	99.74
"GAGCTCCCTCATTGAAAATC"	165	99.74
"GAGCTCCAGAATAAAAGTGA"	164	99.75
"GAGCTCATCGAGATTTGTAT"	159	99.75
"GAGCTCGCCATGGTTTTTAT"	158	99.76
"GAGCTCGATGTCCCTCAGAA"	158	99.76
"GAGCTCATATCCAAATTTAA"	158	99.77
"GAGCTCAGAGGTTAATAGTA"	156	99.77
"GAGCTCATTAAGCCGTGTAA"	154	99.77
"GAGCTCATAGACAGTTTTTG"	154	99.78
"GAGCTCTTAACCCGTTGTTA"	151	99.78
"GAGCTCCCAAATCAGGTGTA"	150	99.79
"GAGCTCATGTACAGCTTGTT"	150	99.79
"GAGCTCATAACAAAAAAAAT"	150	99.80
"GAGCTCTGTTCACGGATAGT"	148	99.80
"GAGCTCCTGGATTGAAAATC"	148	99.80
"GAGCTCAATTCGACGGCTTG"	148	99.81
"GAGCTCTGACTGGAGAAAGG"	144	99.81
"GAGCTCGTTTCGGCTTGACA"	144	99.82
"GAGCTCGTGGTGGTTACCCC"	143	99.82
"GAGCTCGCAAATAATCTGGC"	142	99.82
"GAGCTCACGATTAGAAAATG"	140	99.83
"GAGCTCACATTTGGAGCCCG"	136	99.83
"GAGCTCGTCATTGCTTTTGA"	135	99.84
"GAGCTCATCGACAGATCTTG"	135	99.84
"GAGCTCAAATATACTTGAAG"	135	99.84
"GAGCTCGCGAACTGAAAATG"	133	99.85
"GAGCTCTGTAGATGAAATTG"	132	99.85
"GAGCTCGACCTATTGTCCCA"	132	99.85
"GAGCTCAGACAGATCCATAC"	131	99.86
"GAGCTCATCCACAGTTGATG"	130	99.86
"GAGCTCACCGTCCAGCATTT"	130	99.87
"GAGCTCACCGCATTGTTCGA"	128	99.87
"GAGCTCTTCAAGCGCATCGT"	127	99.87
"GAGCTCATTAGCACAGGGTC"	126	99.88
"GAGCTCGACGGATTCGGGCT"	123	99.88
"GAGCTCATCGATACATGTTG"	123	99.88
"GAGCTCATCGAGAGGAGGTG"	123	99.89
"GAGCTCAAAGAGAGATGATG"	123	99.89
"GAGCTCGTTGCAGCACGGAG"	122	99.89
"GAGCTCATGATGCATAGTTA"	122	99.90
"GAGCTCGAAGTTGAGCTCCC"	121	99.90
"GAGCTCAAGCCTGAACACCC"	120	99.90
"GAGCTCTCTCATAGTACTTG"	119	99.91
"GAGCTCCCGCGAATGGTAAA"	119	99.91
"GAGCTCATCTAGAGTATTTT"	119	99.91
"GAGCTCGCTATACGTCCACT"	118	99.92
"GAGCTCTAGCCGTTAGATCA"	117	99.92
"GAGCTCGCTATGACGGGGAA"	115	99.92
"GAGCTCATGACTGTTATGGT"	115	99.93
"GAGCTCTTTCAGATTGCTAA"	114	99.93
"GAGCTCAGTGTGTCGGAATG"	114	99.93
"GAGCTCATATAGAGATGTTT"	112	99.94
"GAGCTCATGATGACGTTATA"	111	99.94
"GAGCTCATCCGTATTACTCT"	110	99.94
"GAGCTCAACGAGATTTTATG"	110	99.95
"GAGCTCGAGCTACGTAAAAA"	109	99.95
"GAGCTCGAGACTTAACAGTG"	109	99.95
"GAGCTCGTCCAGACCACGTT"	108	99.96
"GAGCTCGGGCCCTCGTTAGG"	108	99.96
"GAGCTCGCATGTGAATGGTA"	108	99.96
"GAGCTCACAGATTATGTGCG"	108	99.96
"GAGCTCTTACAGGTGATTGC"	107	99.97
"GAGCTCATTAGGCTCTCTAG"	107	99.97
"GAGCTCAACGATAGTTATAG"	106	99.97
"GAGCTCCTGGTAACCAGTAA"	105	99.98
"GAGCTCGTGGAGGGACATTG"	104	99.98
"GAGCTCACGCGTGCGGATCA"	104	99.98
"GAGCTCAACCAGAGTTGTTC"	103	99.99
"GAGCTCTGCAAGCCTGTCAA"	102	99.99
"GAGCTCGTGCCGGGTATATG"	102	99.99
"GAGCTCGTTTAAAAATGAGA"	101	99.99
"GAGCTCGGAATTAATTAGAT"	100	100.00
"GAGCTCCCAAGGCGGTTGTT"	100	100.00
