BL-8120_57_S57_L002_R1_001-Barcode	BL-8120_57_S57_L002_R1_001-Count	BL-8120_57_S57_L002_R1_001-SaturationPerc
"GAGCTCACTCGTTGGTATAC"	178543	10.02
"GAGCTCATAACACAAGGTAG"	129171	17.27
"GAGCTCGCATGTACTTGCAG"	103437	23.08
"GAGCTCGTACCTGTTCGTCT"	101649	28.78
"GAGCTCATCGAGAGTTGTTG"	99650	34.37
"GAGCTCATGATGCCGTGTTA"	65247	38.04
"GAGCTCGCGATCTGTTAATG"	35558	40.03
"GAGCTCATTTACCTATGTGT"	29370	41.68
"GAGCTCAGTAGTGCGTCGCG"	25159	43.09
"GAGCTCTCCAGCAGTGCTGC"	25151	44.50
"GAGCTCAAGCACAAACCGTA"	20597	45.66
"GAGCTCTATTGGCATTTGAA"	20566	46.81
"GAGCTCCACATAGGGTAATC"	18418	47.85
"GAGCTCACATGTTAAGTGAG"	15699	48.73
"GAGCTCTTCCGAACGGCATA"	14272	49.53
"GAGCTCAATATATGTATTGA"	14082	50.32
"GAGCTCTGCGGCGCCGCATA"	13194	51.06
"GAGCTCGTGTACTAGTGCTA"	10230	51.63
"GAGCTCGGCTGGTGTATAAG"	8650	52.12
"GAGCTCTTGGCCTAGGTGCC"	8575	52.60
"GAGCTCAGACAAAGGGTTTG"	8501	53.08
"GAGCTCCGTTAGTTTTACGC"	8407	53.55
"GAGCTCTAGTAGGGTCATTT"	7561	53.97
"GAGCTCCAGAATAAAAGTGA"	7537	54.40
"GAGCTCAGAGGTTAATAGTA"	7478	54.82
"GAGCTCAATTCGACGGCTTG"	6861	55.20
"GAGCTCGCTATACGTCCACT"	6751	55.58
"GAGCTCTTAAGCTAGGTGGC"	6662	55.96
"GAGCTCGCCATGGTTTTTAT"	6650	56.33
"GAGCTCCACCATGCGTTACT"	6562	56.70
"GAGCTCCCAAATCAGGTGTA"	6441	57.06
"GAGCTCATCTACTGTTAGGT"	6352	57.41
"GAGCTCGTACTTACAACTGA"	6313	57.77
"GAGCTCAGACAGATCCATAC"	6280	58.12
"GAGCTCCTAATAATGGACAG"	6136	58.47
"GAGCTCGATTCATCTTAGTC"	6047	58.81
"GAGCTCGAGCTACGTAAAAA"	5834	59.13
"GAGCTCATACGTGTATCGTG"	5698	59.45
"GAGCTCTTAACCCGTTGTTA"	5676	59.77
"GAGCTCTATGGCGGAACTGC"	5647	60.09
"GAGCTCATTGTAGTCTGCCG"	5466	60.39
"GAGCTCCTACGTTTATTTGT"	5263	60.69
"GAGCTCCCTCATTGAAAATC"	5240	60.98
"GAGCTCACACGACATTACAT"	4992	61.26
"GAGCTCTAGTATGTGCGTCA"	4840	61.54
"GAGCTCATGACTGTTATGGT"	4752	61.80
"GAGCTCTAGTCGGTTAGTTA"	4658	62.06
"GAGCTCGCTATGACGGGGAA"	4625	62.32
"GAGCTCTGGGTAGGGGGACA"	4517	62.58
"GAGCTCGGGATAGTTTATTG"	4496	62.83
"GAGCTCAGTGTGTCGGAATG"	4483	63.08
"GAGCTCTGGTTAGGGCGTAG"	4309	63.32
"GAGCTCGGCGTGTCTCGGTT"	4191	63.56
"GAGCTCGGAATTAATTAGAT"	4174	63.79
"GAGCTCCCAAGGCGGTTGTT"	4156	64.03
"GAGCTCTGCTGGCGGATTTT"	4127	64.26
"GAGCTCACAGATTATGTGCG"	4034	64.48
"GAGCTCTGTTCACGGATAGT"	4032	64.71
"GAGCTCCCTCTCCGCACGTA"	4025	64.94
"GAGCTCGCGAATGTTGTGCG"	4002	65.16
"GAGCTCATCCACGGCTTTAG"	3961	65.38
"GAGCTCGGATGTTCTGGATA"	3957	65.60
"GAGCTCTTACAGGTGATTGC"	3921	65.83
"GAGCTCCTGGATTGAAAATC"	3869	66.04
"GAGCTCTCCATCGGATCTCG"	3785	66.25
"GAGCTCGTACAAGGAACGGC"	3662	66.46
"GAGCTCATACGTTGTGTCAT"	3503	66.66
"GAGCTCAGTGTGTAGGGCTC"	3371	66.85
"GAGCTCTAAAGCGAGGTAAA"	3313	67.03
"GAGCTCCTCCTACCAATCAT"	3148	67.21
"GAGCTCGGTCTTTAATTGAA"	3057	67.38
"GAGCTCGATATTTACGGGAT"	2992	67.55
"GAGCTCATCAATTAGCTCCC"	2982	67.72
"GAGCTCTTTACCCGGCTACA"	2959	67.88
"GAGCTCCCACTAAATCTCTA"	2863	68.04
"GAGCTCTAAGAAAGCTTCTA"	2730	68.20
"GAGCTCGATGTCCCTCAGAA"	2727	68.35
"GAGCTCGTGGAGGGACATTG"	2713	68.50
"GAGCTCAATCGCATCTCATA"	2684	68.65
"GAGCTCTGTTTTAGTGCGAG"	2677	68.80
"GAGCTCCGTGCCTATTTTGC"	2664	68.95
"GAGCTCCTGTTTCAAGTGTG"	2647	69.10
"GAGCTCCGATTGCAAAATTT"	2645	69.25
"GAGCTCCGTCAACCATTTAT"	2629	69.40
"GAGCTCGGAAGTGCAGAAAA"	2613	69.54
"GAGCTCTGTAGATGAAATTG"	2608	69.69
"GAGCTCAAATCGTTTTTGTC"	2572	69.83
"GAGCTCTACTCGTAGATTAA"	2527	69.97
"GAGCTCCGCCTACACGAGAC"	2513	70.12
"GAGCTCGATTGCTATCGCTT"	2506	70.26
"GAGCTCTTATCACAGAGAAA"	2494	70.40
"GAGCTCATATTCATAGTAAC"	2492	70.54
"GAGCTCGTAAGTCCATTTTT"	2464	70.67
"GAGCTCGACATATTCAGCAT"	2423	70.81
"GAGCTCATATCCAAATTTAA"	2409	70.95
"GAGCTCGATAGTTAATTAAA"	2403	71.08
"GAGCTCATAATTATTTATGT"	2394	71.22
"GAGCTCTTTCAGATTGCTAA"	2376	71.35
"GAGCTCTTCAAGCGCATCGT"	2342	71.48
"GAGCTCGCGCCGAATCATTC"	2329	71.61
"GAGCTCGAACGAATTTTATA"	2249	71.74
"GAGCTCAACATTCTGGTATT"	2110	71.86
"GAGCTCTATGTCACGAGTTA"	2053	71.97
"GAGCTCAGCTCATCCAGATC"	2028	72.08
"GAGCTCTATCATATAACGAT"	2025	72.20
"GAGCTCAATCTTATGACAAG"	1987	72.31
"GAGCTCGGTATATTACGCGG"	1978	72.42
"GAGCTCCTGGTAACCAGTAA"	1957	72.53
"GAGCTCTGACTGGAGAAAGG"	1937	72.64
"GAGCTCTTATTCACGATAGT"	1928	72.75
"GAGCTCAACGATCAGAAAAG"	1924	72.86
"GAGCTCTTGTCCATATCTGA"	1922	72.96
"GAGCTCATTAGGCTCTCTAG"	1921	73.07
"GAGCTCGTCTTTGGAATAAC"	1915	73.18
"GAGCTCATGTACAGCTTGTT"	1890	73.28
"GAGCTCTTTCACTAGCTAAG"	1808	73.39
"GAGCTCGTTTCCTCAGCCCG"	1771	73.49
"GAGCTCATCCTCAGGAATGG"	1738	73.58
"GAGCTCGACCTATTGTCCCA"	1721	73.68
"GAGCTCCTCAAAAAATATCG"	1695	73.77
"GAGCTCCTAGTAACGAATCA"	1668	73.87
"GAGCTCTGAGATTGCAAGTC"	1640	73.96
"GAGCTCCCGCGAATGGTAAA"	1600	74.05
"GAGCTCGTTTAAAAATGAGA"	1566	74.14
"GAGCTCTGTCGATTCCGTTG"	1561	74.23
"GAGCTCCAAAAGCTGGTGGC"	1526	74.31
"GAGCTCTAGCAGTATGTCGT"	1520	74.40
"GAGCTCGATTGCGGACGGGC"	1519	74.48
"GAGCTCCTCACCTTGCTTTA"	1496	74.57
"GAGCTCGGTAGCGGGTTAGC"	1492	74.65
"GAGCTCTCACTTTAGTATTA"	1487	74.73
"GAGCTCACTAAATACCAAGT"	1487	74.82
"GAGCTCTCTGTATTCTCTGA"	1484	74.90
"GAGCTCGATGATTCTATTAC"	1448	74.98
"GAGCTCTCCATTTAATCTCA"	1446	75.06
"GAGCTCAGGAAAAAATTATT"	1445	75.14
"GAGCTCTAATAACTGGTCAG"	1436	75.22
"GAGCTCAATATCTGTGGCTG"	1395	75.30
"GAGCTCTAGTATTGTTACCG"	1362	75.38
"GAGCTCAGATTATGGGTAAT"	1341	75.45
"GAGCTCCTTAAAATATGAGC"	1340	75.53
"GAGCTCGTGCGTGGATAATC"	1299	75.60
"GAGCTCGCGTCTTTTAAGAA"	1294	75.67
"GAGCTCGCATGTGAATGGTA"	1280	75.75
"GAGCTCGTACACAGAAACGA"	1263	75.82
"GAGCTCACATTTGGAGCCCG"	1252	75.89
"GAGCTCAGTGTTCGTGCTTA"	1227	75.96
"GAGCTCCCGTGTCTTAACGA"	1224	76.03
"GAGCTCTAAGTATCAAACCA"	1219	76.09
"GAGCTCGGACCCGGCACTGG"	1194	76.16
"GAGCTCAGTAGTCTATTTCT"	1187	76.23
"GAGCTCCCGATACGACTATT"	1186	76.29
"GAGCTCTAGAAGCGAACACT"	1173	76.36
"GAGCTCATAAAAAGTATATT"	1167	76.43
"GAGCTCTTCATTCACATTAC"	1136	76.49
"GAGCTCCTCTACGAGGTGCA"	1115	76.55
"GAGCTCGATACCCACGGCAT"	1114	76.61
"GAGCTCAACGGATTGAGTCT"	1107	76.68
"GAGCTCGATACGTCGCGTCG"	1099	76.74
"GAGCTCGTGGTGGTTACCCC"	1086	76.80
"GAGCTCTCATAATTTTACGA"	1050	76.86
"GAGCTCTTCCTGGCAGTACA"	1025	76.92
"GAGCTCCGAATATTTAATGT"	1019	76.97
"GAGCTCGTCCAGACCACGTT"	1015	77.03
"GAGCTCTCATCAGATAACAC"	1007	77.09
"GAGCTCCCATCCAAGAAGCC"	1003	77.14
"GAGCTCCTACCCTGATCAAA"	990	77.20
"GAGCTCATATTAGAGAATGG"	990	77.25
"GAGCTCGTGCCGGGTATATG"	986	77.31
"GAGCTCACCTCCAGTGTTGT"	984	77.36
"GAGCTCGATCCTGAAATCCT"	969	77.42
"GAGCTCAACAAACACTGTTC"	961	77.47
"GAGCTCGGTTCTGTTGCTTT"	941	77.52
"GAGCTCTTTCTGGCGATAGA"	895	77.58
"GAGCTCGTGGACAGTTTGTC"	892	77.63
"GAGCTCAATCATTACGTTCT"	877	77.67
"GAGCTCCATGGTTGCAGGGT"	874	77.72
"GAGCTCGTTAAAGTTAGGAT"	872	77.77
"GAGCTCAGGGTCGCTGATCT"	871	77.82
"GAGCTCCTTAGGGGTTCTAG"	856	77.87
"GAGCTCCGTATATGTATTTG"	841	77.92
"GAGCTCATGCTATGCTCTAG"	840	77.96
"GAGCTCGGCGCCGGATGGTA"	838	78.01
"GAGCTCATGACGTCTTCGAT"	838	78.06
"GAGCTCACGAAATGGACCTA"	837	78.10
"GAGCTCATAAGGCGTAAACT"	836	78.15
"GAGCTCTGTGAATACTTTTG"	832	78.20
"GAGCTCATCTATGAAATATA"	832	78.25
"GAGCTCATCTTTGGGGCATA"	829	78.29
"GAGCTCAGTCTAGCGTGTGA"	823	78.34
"GAGCTCCTGATTATTGAAAG"	818	78.38
"GAGCTCATGGCAAATTAGCT"	812	78.43
"GAGCTCGTGGTGTTTAGAGT"	811	78.47
"GAGCTCTCGATATGTTCATC"	808	78.52
"GAGCTCATCCGTATTACTCT"	806	78.57
"GAGCTCAGGTGAATAAATTG"	799	78.61
"GAGCTCAAGCAGAAGACGGC"	794	78.65
"GAGCTCGAGCACTCCGTGTA"	789	78.70
"GAGCTCCGCGCAATGTGGGA"	777	78.74
"GAGCTCGACTGGGTTGGCGA"	773	78.79
"GAGCTCGTTGCAGCACGGAG"	771	78.83
"GAGCTCTTCTTCGATGGGTG"	758	78.87
"GAGCTCCTGTCTTAAGTGAC"	747	78.91
"GAGCTCGACTCGTGACACTT"	737	78.96
"GAGCTCCTAACTACGGGTCT"	737	79.00
"GAGCTCCCCCTTGACGTTAT"	737	79.04
"GAGCTCTGTTAAAATCGACA"	727	79.08
"GAGCTCCAGCCCGGGAGAAA"	720	79.12
"GAGCTCACCATATACCTTGG"	719	79.16
"GAGCTCGGTATCGCGCATTT"	713	79.20
"GAGCTCTGATTGGTGTATAA"	704	79.24
"GAGCTCAAACATAGAAGTCA"	695	79.28
"GAGCTCTTTATGAGAAAAGA"	692	79.32
"GAGCTCTATAATCGGAGGCA"	692	79.36
"GAGCTCTGAGATGAATCTTT"	688	79.39
"GAGCTCGTGCAGATGGTGAG"	686	79.43
"GAGCTCTACTTACACGTAGG"	680	79.47
"GAGCTCCGGGGTGGAAATTC"	678	79.51
"GAGCTCGTTTTATTTAAAGG"	676	79.55
"GAGCTCGGACTGTAAAATTA"	676	79.58
"GAGCTCCACTTTGCCACACC"	669	79.62
"GAGCTCGCCTATTGGCTCGG"	651	79.66
"GAGCTCCAGTGCGTGTTTTC"	651	79.70
"GAGCTCTCCTGTGTTTCCTC"	649	79.73
"GAGCTCCCCCATAGTACACG"	644	79.77
"GAGCTCGCATAGAAACATTA"	643	79.80
"GAGCTCCCAATTAACATACT"	639	79.84
"GAGCTCCGGAGTCGGGTATA"	635	79.88
"GAGCTCACACGCTGCAGTAT"	635	79.91
"GAGCTCGGATGCGTTCTGAA"	632	79.95
"GAGCTCAGATTCTTAGCATA"	624	79.98
"GAGCTCGTCTTTATTGTTCT"	620	80.02
"GAGCTCATGATGATGGTCCC"	619	80.05
"GAGCTCGGCTCGTGCACAAT"	616	80.09
"GAGCTCCTTTGAATGTAAAG"	615	80.12
"GAGCTCTCCCTGCGCAACAC"	614	80.15
"GAGCTCAATCAACATTCTGC"	609	80.19
"GAGCTCGACATCAATCAGGA"	607	80.22
"GAGCTCATGTCGGATTCATA"	603	80.26
"GAGCTCGCAACAAGCGGACA"	601	80.29
"GAGCTCATTCGACGTTAGCA"	594	80.32
"GAGCTCCTTTAGATTTCTGT"	593	80.36
"GAGCTCATCTCGCTAAAGTA"	588	80.39
"GAGCTCATGAAGGATTGTAA"	586	80.42
"GAGCTCGTATTGTGTCTTAA"	585	80.46
"GAGCTCATCGTAGATCTGGT"	584	80.49
"GAGCTCGATGTGCCAACGCG"	578	80.52
"GAGCTCATTTATTGAAGCTA"	576	80.55
"GAGCTCTCATTGGTACAGTA"	575	80.59
"GAGCTCCAGCTGTTTATTTA"	575	80.62
"GAGCTCTGCTCTATTCTTGA"	573	80.65
"GAGCTCGGCTTGCGTTAACA"	562	80.68
"GAGCTCTAATTTCAGGCTAT"	555	80.71
"GAGCTCCCTTCACCTATTTA"	554	80.74
"GAGCTCCGACGCGTAAAAAC"	551	80.78
"GAGCTCGTGCAGTTCGGCTC"	548	80.81
"GAGCTCATAAGTAATCTGTA"	544	80.84
"GAGCTCACCAACCTTTTTAA"	542	80.87
"GAGCTCGTTTTGGCTGTGCG"	540	80.90
"GAGCTCGCATTCTCCGTCTG"	534	80.93
"GAGCTCCCCCTGAAAAAGCG"	534	80.96
"GAGCTCTTATGATTCGAACG"	532	80.99
"GAGCTCATATTTGGTTGTCG"	532	81.02
"GAGCTCGTGTAAATAGTATA"	530	81.05
"GAGCTCGGGCCCTCGTTAGG"	529	81.08
"GAGCTCATGAACAGGGAACA"	529	81.11
"GAGCTCTCAGTGGTTTCTTT"	522	81.14
"GAGCTCAAAACGGTCATAAC"	519	81.16
"GAGCTCGTCTAAGCTGGGGT"	515	81.19
"GAGCTCGGTTCGTTTTGGGA"	514	81.22
"GAGCTCTCGGGCAAGTGTTG"	511	81.25
"GAGCTCAGGGCGATGTCGAG"	507	81.28
"GAGCTCCCTTCAAAGGACCC"	506	81.31
"GAGCTCGCCCGTTCTATCAG"	504	81.34
"GAGCTCAAAACACAATGAAG"	503	81.36
"GAGCTCAAAGTCGGTTCTCG"	501	81.39
"GAGCTCGCGTAAAGGGCAAG"	499	81.42
"GAGCTCAAAACATGTTATGG"	498	81.45
"GAGCTCGGATGGAGAAAGGA"	496	81.48
"GAGCTCAGTTTGTGTGCCAC"	496	81.50
"GAGCTCATCATTGCCATACT"	494	81.53
"GAGCTCAGTTGGATTTTGCC"	493	81.56
"GAGCTCCCGGTGTAAAGTTG"	492	81.59
"GAGCTCTCCCTTACCTACGA"	490	81.61
"GAGCTCGGTACTTGTACGCC"	483	81.64
"GAGCTCGAATACATTGACTC"	479	81.67
"GAGCTCCCTCGTGTGATGCT"	479	81.70
"GAGCTCAATCAAGGGATATA"	478	81.72
"GAGCTCTCTCATAGTACTTG"	474	81.75
"GAGCTCAACTTGACATTGTA"	474	81.78
"GAGCTCAGTGCAAAAAACTT"	469	81.80
"GAGCTCACAGTGTGACTTAA"	466	81.83
"GAGCTCTTATTTATTTATGG"	462	81.85
"GAGCTCACTCTTCACACAAG"	460	81.88
"GAGCTCGCCAATTAAGTAGC"	459	81.91
"GAGCTCACGTATTGACGTGT"	457	81.93
"GAGCTCTGGATCAGTCACAC"	455	81.96
"GAGCTCTAATCGGTGTTGGT"	451	81.98
"GAGCTCAAACGAGCATCCGT"	451	82.01
"GAGCTCGTTGACAGATTATG"	450	82.03
"GAGCTCGAGCGTGGTAGTGG"	450	82.06
"GAGCTCATTTCTATATCATA"	447	82.08
"GAGCTCACTCACTGCCTGCA"	441	82.11
"GAGCTCGTTCATACGACGTT"	440	82.13
"GAGCTCTATGTATTAGGTAT"	439	82.16
"GAGCTCAAAGGACGTATGCT"	438	82.18
"GAGCTCATTCGATTGTCGCA"	435	82.21
"GAGCTCTATTTATGTCGGAT"	433	82.23
"GAGCTCGCTCATATCTTGGT"	433	82.25
"GAGCTCGCCTGAACTATTAG"	433	82.28
"GAGCTCTAACCGCTAGGGAA"	432	82.30
"GAGCTCGGCGGGCCCCTATT"	431	82.33
"GAGCTCCGTCAACTTACTAA"	430	82.35
"GAGCTCGAGTAAGTCAACCG"	429	82.38
"GAGCTCTAGTCCCACAGAAA"	428	82.40
"GAGCTCGTTTACTACTGACA"	427	82.42
"GAGCTCGAGATGTTAGCATT"	425	82.45
"GAGCTCACCGCTGTTCTGCA"	421	82.47
"GAGCTCTGGGTCGTTGAGTT"	420	82.49
"GAGCTCATGACCCCGCCGTA"	417	82.52
"GAGCTCAACGGCAGTAGTGG"	417	82.54
"GAGCTCGTTATCAATAAAGC"	416	82.56
"GAGCTCAGTGGTGGAAGAAA"	412	82.59
"GAGCTCTAGCCACCGCGTTC"	411	82.61
"GAGCTCGCGTGTTCATTGTA"	408	82.63
"GAGCTCCATACCAGGAGGTT"	407	82.66
"GAGCTCGGCGTGGTAATAAC"	406	82.68
"GAGCTCGCGATCTTGTATAA"	406	82.70
"GAGCTCACTGTCGGGTGTAT"	406	82.72
"GAGCTCTTCAAGTGGAGATG"	405	82.75
"GAGCTCGAGAATTGACTATA"	405	82.77
"GAGCTCAGAGCAACGTTACC"	402	82.79
"GAGCTCGGTAATGAACCTCA"	401	82.82
"GAGCTCTACTGGCACGATGG"	399	82.84
"GAGCTCGAGTAATGGATCAG"	399	82.86
"GAGCTCACTGTGTCTGAAAG"	399	82.88
"GAGCTCGTTCCGTCTTTAGT"	398	82.90
"GAGCTCGACAGTGAGTACGT"	397	82.93
"GAGCTCATAGTGCCTAGACA"	396	82.95
"GAGCTCTAAGGCACCAGTAC"	395	82.97
"GAGCTCTTTCGAAGCTGAAT"	394	82.99
"GAGCTCATTCTTGCGTGTTA"	394	83.02
"GAGCTCAGATACCATGGTCT"	394	83.04
"GAGCTCTTTGTCTACGTAGT"	393	83.06
"GAGCTCGCAGTATCATCGGG"	393	83.08
"GAGCTCTCATTCCCACATTC"	391	83.10
"GAGCTCAGATCTAACCTAAT"	390	83.13
"GAGCTCAATTTAGGGTGTCG"	390	83.15
"GAGCTCGGGTTACCGTACGA"	389	83.17
"GAGCTCATGTCATAACACTA"	387	83.19
"GAGCTCACTGTGGCAATGCT"	387	83.21
"GAGCTCAATGAGCCGTCCGC"	386	83.23
"GAGCTCTTGAGTCGAACATG"	385	83.26
"GAGCTCCCAAAGCGCGAAAC"	385	83.28
"GAGCTCCAATTTCATAGTAG"	383	83.30
"GAGCTCACTGCCCTCCCTTT"	383	83.32
"GAGCTCATAGCTACGCTGTG"	382	83.34
"GAGCTCACAGTATGAGCTTG"	380	83.36
"GAGCTCTATCATGGCATTAA"	379	83.38
"GAGCTCATTATGTGGCCTTG"	379	83.41
"GAGCTCCTCAACTGCATTAG"	375	83.43
"GAGCTCTAAAGACGTTCTAC"	371	83.45
"GAGCTCGTGGGTTCGTGATT"	371	83.47
"GAGCTCAAAAGCCGGTACAG"	371	83.49
"GAGCTCTTCGCCAGCACCCT"	370	83.51
"GAGCTCCATGACTGTGGTTG"	370	83.53
"GAGCTCTGTCCAAAGGATGT"	368	83.55
"GAGCTCTCTTTTATTTACTT"	367	83.57
"GAGCTCATTTCTGGAAGACT"	367	83.59
"GAGCTCGTATCAAAATTAGT"	366	83.61
"GAGCTCGCCCCCTCTGGGGT"	366	83.63
"GAGCTCCATCAGTTTGGAGC"	365	83.65
"GAGCTCGCTCCCGTTGTGAT"	363	83.67
"GAGCTCAGTTAAAGCGTATA"	363	83.70
"GAGCTCAGTCTGAACTCATC"	363	83.72
"GAGCTCAACCCTCTGCTTTA"	363	83.74
"GAGCTCAGCCATCGAAGCCC"	359	83.76
"GAGCTCTGTGGGGAAACATT"	356	83.78
"GAGCTCCCGTTATTCTTAGC"	356	83.80
"GAGCTCATCATTCGTGTGCT"	355	83.82
"GAGCTCAACCTGGCTAGGTT"	353	83.84
"GAGCTCGCCGTAAGACGCAT"	352	83.86
"GAGCTCTGTATCCCGCAGCG"	349	83.88
"GAGCTCCGCAAAGGTTACTT"	349	83.89
"GAGCTCAATGCGAAATTCAT"	348	83.91
"GAGCTCTCGGTAAGAAGGGT"	346	83.93
"GAGCTCTGAGTAGTACCATC"	345	83.95
"GAGCTCACAGCTAGGATTGG"	345	83.97
"GAGCTCCAAGTGGTCGCATC"	344	83.99
"GAGCTCAACCCGACTAGGTA"	342	84.01
"GAGCTCGGAATAATCGAATA"	341	84.03
"GAGCTCTGTACATTTAAGAG"	340	84.05
"GAGCTCGGCCTGCGCATAGA"	338	84.07
"GAGCTCGTCGCGCCGTCGGA"	337	84.09
"GAGCTCTTGCAGTGGTAGCT"	336	84.11
"GAGCTCTGCTTACTCAACAG"	336	84.12
"GAGCTCGCAGCGACCTTCCA"	336	84.14
"GAGCTCACGTCCCACTCTTT"	336	84.16
"GAGCTCCCCCGTGTTACAGG"	335	84.18
"GAGCTCACTATCTGATTTTG"	334	84.20
"GAGCTCGGTGACTGGAGAAA"	333	84.22
"GAGCTCTGTACATGTGCACA"	331	84.24
"GAGCTCGCATAGTGTTTCTT"	331	84.26
"GAGCTCGTGGGTGGGTTTTC"	330	84.27
"GAGCTCACACATGTAAAAGG"	330	84.29
"GAGCTCAAGTGGGCACTCCG"	329	84.31
"GAGCTCTCGTATACTGAGCA"	328	84.33
"GAGCTCGCACATCAGATTTA"	328	84.35
"GAGCTCTTCTACCCAGAGTT"	327	84.37
"GAGCTCCAGCCACGCTTCCG"	326	84.38
"GAGCTCATGGCTAATCAGAC"	326	84.40
"GAGCTCGTGCTATTCGGCCA"	325	84.42
"GAGCTCGAAGCGTGAGCGTA"	325	84.44
"GAGCTCCTGGTACATCAAAA"	325	84.46
"GAGCTCCGGTATTTAACTTG"	325	84.48
"GAGCTCGTATCGTGCTTTGG"	324	84.49
"GAGCTCAGCAGAGGATCAGG"	323	84.51
"GAGCTCTGACTTAGAAATGT"	320	84.53
"GAGCTCTGGGTCGTATGATC"	318	84.55
"GAGCTCATGCCGTTATGTGG"	318	84.57
"GAGCTCTGGGTCGCAGGTGT"	317	84.58
"GAGCTCGCTATAGGGTGCCA"	317	84.60
"GAGCTCACTTCCCTTAACAA"	316	84.62
"GAGCTCTTTCCACGGGGCAC"	315	84.64
"GAGCTCAACACACACACCAA"	315	84.65
"GAGCTCGGGCATATTGAACG"	313	84.67
"GAGCTCGCACGCTGTAAGAC"	311	84.69
"GAGCTCACGCAGCGGGTGTG"	311	84.71
"GAGCTCGTAAACTGAATTAT"	309	84.72
"GAGCTCGAGTCTTATGGTCG"	309	84.74
"GAGCTCAATTCGCGGCGTGC"	309	84.76
"GAGCTCATTATCTGTTTGTT"	308	84.78
"GAGCTCATCGTAGTCGCATC"	307	84.79
"GAGCTCAACGATATTAGTGG"	307	84.81
"GAGCTCAGTCTGGGGAGAGA"	306	84.83
"GAGCTCAAGAACAAATGCAC"	305	84.85
"GAGCTCTGAGGGGTCATGGA"	304	84.86
"GAGCTCGAGACACTAAATTA"	304	84.88
"GAGCTCATACTGTCTCTCTA"	304	84.90
"GAGCTCACTTTGGATTGGAG"	303	84.91
"GAGCTCGGGCGTGGAACATA"	302	84.93
"GAGCTCCTAGTAGGACCCCT"	302	84.95
"GAGCTCTTAAATTACTTCAA"	301	84.96
"GAGCTCCTGCTCTTCACCAT"	301	84.98
"GAGCTCGATGATTTTCGATA"	300	85.00
"GAGCTCTACCCGCCATATGC"	297	85.01
"GAGCTCGTGCAACCTATATG"	297	85.03
"GAGCTCCACAGTGCTCAAAC"	297	85.05
"GAGCTCAGCCACCCTTATTG"	297	85.06
"GAGCTCGGACTACTTAGCTG"	295	85.08
"GAGCTCGCTGGAACACTGTC"	295	85.10
"GAGCTCTTATTTATTAAATC"	294	85.11
"GAGCTCCACAAAATCATTTT"	294	85.13
"GAGCTCTGGGTGGTAGCCAT"	293	85.15
"GAGCTCTACGACGCACGCTG"	293	85.16
"GAGCTCGTGCTCTAAGAATG"	293	85.18
"GAGCTCAGCGGAGGATGGAT"	293	85.20
"GAGCTCGACACGGCTGTATT"	292	85.21
"GAGCTCAGGCTGTAGCCGGT"	292	85.23
"GAGCTCCAACTATTCATATG"	291	85.25
"GAGCTCTTTTCATATACGTT"	289	85.26
"GAGCTCTGGAGTTATATATG"	288	85.28
"GAGCTCGGTAGGAGTACAGA"	288	85.29
"GAGCTCAGTCTCTGTTGTGG"	288	85.31
"GAGCTCAATAGGATTTTGTA"	288	85.33
"GAGCTCTGTCATGTTACTTT"	287	85.34
"GAGCTCTGGGTTGTGCCGTG"	287	85.36
"GAGCTCTATAAGTCCACTTG"	287	85.37
"GAGCTCAAAAGTGTAGATGA"	287	85.39
"GAGCTCTTGGTAACAGAGTG"	286	85.41
"GAGCTCTCGCCAGAAGTGTG"	286	85.42
"GAGCTCAGGGGTGTCATTGT"	286	85.44
"GAGCTCTGTTGCGCGGCAAA"	285	85.46
"GAGCTCCCTACTGATTATTT"	285	85.47
"GAGCTCTGCCAATGCGTTGT"	284	85.49
"GAGCTCAAGGTTCGAGGGAC"	284	85.50
"GAGCTCGTCCGACGGGCGGT"	283	85.52
"GAGCTCGTCAACTAAACGTT"	283	85.53
"GAGCTCGGCATCACTCATCT"	283	85.55
"GAGCTCGCCGATATGCTTAC"	283	85.57
"GAGCTCATCCTATTACTACA"	283	85.58
"GAGCTCAGGCCGAAGGTATA"	283	85.60
"GAGCTCTGCTTTACATTCAG"	282	85.61
"GAGCTCGTGTCGTCAAGAGT"	282	85.63
"GAGCTCAGGTCCTGGTGCCA"	282	85.65
"GAGCTCGAGCAGATGGGTCG"	281	85.66
"GAGCTCATGAAGAATGACGG"	281	85.68
"GAGCTCTTCTGTCGATTGGT"	279	85.69
"GAGCTCTGATCTAAATATAT"	279	85.71
"GAGCTCAGTCCTTATGGTGG"	279	85.72
"GAGCTCGTTTGTAGATCTAG"	278	85.74
"GAGCTCGTGTTGTTAGGATG"	278	85.76
"GAGCTCATGAAAAGTGTCCG"	277	85.77
"GAGCTCACCTACTCTGTGTA"	277	85.79
"GAGCTCTTGTTTCACACTTT"	276	85.80
"GAGCTCTGTAGAATAGTGGA"	276	85.82
"GAGCTCACACGAAGGTATAC"	276	85.83
"GAGCTCGTTTCAATACAGAT"	275	85.85
"GAGCTCGTACCTGGATCGTA"	275	85.86
"GAGCTCGATATGGGCCGGAA"	275	85.88
"GAGCTCGAACATGGGTATGG"	275	85.89
"GAGCTCCTGAATACGGCCGT"	275	85.91
"GAGCTCATACCACATTGGTG"	275	85.93
"GAGCTCTGCCAATCTTCGTT"	274	85.94
"GAGCTCAAAGCGTCCATCAT"	274	85.96
"GAGCTCGGGATTTTAAGCAA"	273	85.97
"GAGCTCCATCAACGTGGCAT"	272	85.99
"GAGCTCTGCGGATTGCCCCG"	271	86.00
"GAGCTCTTTTGTGAGTATTA"	269	86.02
"GAGCTCTTCGGATCTGGCAC"	269	86.03
"GAGCTCGGTCGTAGGAATCA"	269	86.05
"GAGCTCGCCCGTGTTAAATT"	268	86.06
"GAGCTCGAGCTGGCGTATAT"	268	86.08
"GAGCTCATATACGCCGTATA"	267	86.09
"GAGCTCGGGATTTGATGAAT"	266	86.11
"GAGCTCGGACGGAAGAGTAT"	266	86.12
"GAGCTCGAAGCAGATTTACA"	266	86.14
"GAGCTCGTTTACCCTGTGTT"	265	86.15
"GAGCTCGCAGGAGAGTGTAA"	265	86.17
"GAGCTCACATTTGGTATTTG"	265	86.18
"GAGCTCTGTCCGTCTCCCCA"	264	86.20
"GAGCTCCAATATCACCCACA"	264	86.21
"GAGCTCGATGTAGGGAACTG"	262	86.23
"GAGCTCCGCGATCGTACTGT"	262	86.24
"GAGCTCTAGACGGGGTTATA"	261	86.26
"GAGCTCGTTACGGGGCCTCG"	261	86.27
"GAGCTCATTTTCTGGTTATT"	261	86.29
"GAGCTCATGTTATCGAGATC"	261	86.30
"GAGCTCGTCGTGCAGCATAT"	260	86.31
"GAGCTCGACTTAGTGTACTG"	260	86.33
"GAGCTCGAACCTTTTCGTCA"	260	86.34
"GAGCTCACTTGCTGCTGTCG"	260	86.36
"GAGCTCACAAACAGCCAGGT"	260	86.37
"GAGCTCGGCTGATAAGAAGC"	259	86.39
"GAGCTCTCCGTATCTCACAG"	258	86.40
"GAGCTCGAAGTTGAGCTCCC"	258	86.42
"GAGCTCAAAGCATCAGTCTG"	258	86.43
"GAGCTCACAAGCATACATAA"	257	86.45
"GAGCTCGGAAAGCACGTAGA"	256	86.46
"GAGCTCGCCCCGGAATTGCG"	256	86.47
"GAGCTCTTGTCTTAGCGCGT"	255	86.49
"GAGCTCATGTTACGAGGTGG"	255	86.50
"GAGCTCTGCTGGGCAGCGAC"	254	86.52
"GAGCTCTGATGCACTTTCTT"	254	86.53
"GAGCTCGGATGTACATCATC"	254	86.55
"GAGCTCGACTGTGACTGGTT"	254	86.56
"GAGCTCGTCCGGGAGTCGCC"	253	86.57
"GAGCTCACTTCATTGTTTTA"	253	86.59
"GAGCTCACACGTCGAATGTG"	253	86.60
"GAGCTCAAAACAAAATATAC"	253	86.62
"GAGCTCAGTAGCGTGTACAA"	252	86.63
"GAGCTCTGGCCCTCCCGTAC"	251	86.64
"GAGCTCACTATAAGACGATG"	250	86.66
"GAGCTCACTCGATAGTATAA"	249	86.67
"GAGCTCTGGAACGTTAAGTG"	248	86.69
"GAGCTCTCCCACTAAGGCCA"	248	86.70
"GAGCTCCTGGACGAAGGTGG"	248	86.71
"GAGCTCGGTATGGTACGGTA"	247	86.73
"GAGCTCATGTGGACGTTCTT"	247	86.74
"GAGCTCAGCAACAGGTGTTT"	247	86.76
"GAGCTCAAGGCTAGGCGGTC"	247	86.77
"GAGCTCATGACACTCTCCAT"	246	86.78
"GAGCTCAACGGCTTACTTAA"	246	86.80
"GAGCTCTAGTATCTCTGTAG"	245	86.81
"GAGCTCGTTACGACGAAATG"	245	86.82
"GAGCTCGAACGGTCTGAGAT"	245	86.84
"GAGCTCACACAGGTAACGGT"	245	86.85
"GAGCTCGCAATCCTCTCTGC"	244	86.87
"GAGCTCATATTTCTGTTTTT"	244	86.88
"GAGCTCGTAAGCTAAACATC"	243	86.89
"GAGCTCGCTGTGCCTCATAA"	243	86.91
"GAGCTCGTTATTTTGCTAAG"	242	86.92
"GAGCTCGAAAATCGTGCGTA"	242	86.93
"GAGCTCAATCCGGTACGCCA"	242	86.95
"GAGCTCCGTTAGGGGATTCC"	241	86.96
"GAGCTCCATACACATATAGC"	241	86.97
"GAGCTCGAACATTCTCACAC"	240	86.99
"GAGCTCCACGCTCGGCAGCT"	240	87.00
"GAGCTCGTTTCGTTAACCTG"	239	87.02
"GAGCTCACTTGTGTAGAATG"	239	87.03
"GAGCTCAAAGAAATGACTGA"	239	87.04
"GAGCTCGGTGTGTTGCATTA"	238	87.06
"GAGCTCGGGGATACAAAACG"	238	87.07
"GAGCTCAGTATTGGATTGTG"	238	87.08
"GAGCTCAGATGTGTCGATTG"	237	87.10
"GAGCTCTCAGATACTATTCA"	236	87.11
"GAGCTCGAGGATGTTGAGTG"	236	87.12
"GAGCTCCGGTATGGAAGTAA"	236	87.14
"GAGCTCCGCGATCTACGGTG"	236	87.15
"GAGCTCTCAATGGGGCGGGA"	235	87.16
"GAGCTCGTGTATCAGTTGGG"	235	87.17
"GAGCTCGGTGGGTCTCGCAA"	235	87.19
"GAGCTCGGCCGTCCCGCAGC"	235	87.20
"GAGCTCGGACCGCCCACGTT"	235	87.21
"GAGCTCATTTACGCGTACGA"	235	87.23
"GAGCTCATACACGAGTATGA"	235	87.24
"GAGCTCAGTCTAAGACATGA"	235	87.25
"GAGCTCACCCGGCAGCCGTC"	235	87.27
"GAGCTCGGTTTTCATTTAGG"	234	87.28
"GAGCTCGGCAGGTGTTCCAT"	234	87.29
"GAGCTCGATATGCTGGCAGG"	234	87.31
"GAGCTCATATCAATTAGACA"	234	87.32
"GAGCTCAATTATATGGATGT"	234	87.33
"GAGCTCGATAGCCACTGTGC"	233	87.35
"GAGCTCATACCAGTGGGTCC"	233	87.36
"GAGCTCAGGTGTGGGTTTTA"	233	87.37
"GAGCTCACCGTAAAGTGACA"	233	87.39
"GAGCTCGCTAGATCTTTTTT"	232	87.40
"GAGCTCATGTGAATGTTATT"	232	87.41
"GAGCTCCTGCATTAGGTCGC"	231	87.42
"GAGCTCATCCTTCTGGTGCA"	231	87.44
"GAGCTCAGTTCAAGGAATGC"	231	87.45
"GAGCTCAGTTACCGAGCTGA"	231	87.46
"GAGCTCAGGCTGCGGTCGTC"	231	87.48
"GAGCTCACATGAGTAGTAAT"	231	87.49
"GAGCTCGTCTGCAGGGCGAG"	230	87.50
"GAGCTCGCCCAATGTTTGTA"	230	87.51
"GAGCTCGATGCCATAAGGAC"	230	87.53
"GAGCTCCACCGAGCATGCTG"	230	87.54
"GAGCTCTTCACGTTCTAGGC"	229	87.55
"GAGCTCGCACACTAGTAAGA"	229	87.57
"GAGCTCACCCCCGGTTAATA"	229	87.58
"GAGCTCATATACGACAGATA"	228	87.59
"GAGCTCAATTAGGTAGCATT"	228	87.60
"GAGCTCGGACCATGTAATTG"	227	87.62
"GAGCTCATGCCGTAGTTTGA"	227	87.63
"GAGCTCTGTTTGGTCTAATG"	226	87.64
"GAGCTCGGGACAGCAGATAT"	226	87.66
"GAGCTCGGCAAGGGATGGTT"	226	87.67
"GAGCTCCGGACGTTGCTGAC"	226	87.68
"GAGCTCACAAGTACTTAAAC"	226	87.69
"GAGCTCAAGCTGCAGGGCGG"	226	87.71
"GAGCTCAAGATGCAGCTCAG"	226	87.72
"GAGCTCGGAGAAAGAGAGGG"	225	87.73
"GAGCTCACATGCCGGGGCAT"	225	87.74
"GAGCTCTATATGGTGCTAAA"	224	87.76
"GAGCTCTAGTCGAATTGACG"	224	87.77
"GAGCTCGACGTGTTTGCATC"	224	87.78
"GAGCTCATCGGGTGAATCCG"	224	87.79
"GAGCTCAGACACTAAGTGAA"	224	87.81
"GAGCTCTTACTGTTGGCACA"	223	87.82
"GAGCTCGCCATGGTCGGATT"	223	87.83
"GAGCTCAATGGATGCACAGC"	223	87.84
"GAGCTCAACATATATATAGG"	223	87.86
"GAGCTCTCATAGGCATTTTG"	222	87.87
"GAGCTCTACGATTTTTTTTT"	222	87.88
"GAGCTCGTCACGGTGGGCCG"	221	87.89
"GAGCTCGAGTCTGCTGCGTG"	221	87.91
"GAGCTCTGTGACACATTATG"	220	87.92
"GAGCTCGTAAGTGTGTGTTA"	220	87.93
"GAGCTCATAAAACAATGTAA"	220	87.94
"GAGCTCAGTCGTAGCTGATA"	219	87.96
"GAGCTCAAGGTTTCGGATGG"	219	87.97
"GAGCTCATGCATTACTTTCC"	218	87.98
"GAGCTCACTGGGATACTGAC"	218	87.99
"GAGCTCAACTGTTATATAAA"	218	88.01
"GAGCTCACTCGTTGTAATAA"	217	88.02
"GAGCTCTCCTTCAGGATTCG"	216	88.03
"GAGCTCCGGAGGGATTTGCG"	216	88.04
"GAGCTCCACAATCTGGGTTG"	216	88.05
"GAGCTCATCCTCATGCGGTT"	216	88.07
"GAGCTCAATTAAAATGTGTA"	216	88.08
"GAGCTCTTGTGTCGACACTT"	215	88.09
"GAGCTCGGTGGTTCTAGCAC"	215	88.10
"GAGCTCCAGTCTGATATCAA"	215	88.11
"GAGCTCAGAAAATTGATAGC"	215	88.13
"GAGCTCTGTGTCAGGAAGGG"	214	88.14
"GAGCTCGGTAAGCGGGATTG"	214	88.15
"GAGCTCGAAGCGGTGTCGTT"	213	88.16
"GAGCTCCAGGCATCTGGGTT"	213	88.17
"GAGCTCATTTTTACCTTTTC"	212	88.19
"GAGCTCATAGTCCAACCATA"	211	88.20
"GAGCTCAATGGTGGCTTCTT"	211	88.21
"GAGCTCTGGTTGGGATCACT"	210	88.22
"GAGCTCTCCACTACTTTCTT"	210	88.23
"GAGCTCCTAGACTGCTATAG"	210	88.25
"GAGCTCACCTACACGACAAA"	210	88.26
"GAGCTCTTTAGTAATATAAC"	209	88.27
"GAGCTCTGCGTAGTGGGGCC"	209	88.28
"GAGCTCAATGGCGCGAGCCC"	209	88.29
"GAGCTCGGCTATCCGTCAGA"	208	88.30
"GAGCTCGCTGGAGCATCTGT"	208	88.32
"GAGCTCGCGTCCCCAGGTTG"	208	88.33
"GAGCTCAGTGTGGGATCGTT"	208	88.34
"GAGCTCAGGGCACTCGTGCC"	208	88.35
"GAGCTCCATATTGATGATGT"	207	88.36
"GAGCTCATGGTCTAGTTCTA"	207	88.37
"GAGCTCTGGCGGGTTACACA"	206	88.39
"GAGCTCGTTGATGTGTGCCT"	206	88.40
"GAGCTCATTACAGCAGCAAG"	206	88.41
"GAGCTCAGCGAACTATTTGG"	206	88.42
"GAGCTCTTCAGGTGATAGGT"	205	88.43
"GAGCTCTGCTGGACAGTTGC"	205	88.44
"GAGCTCGCCAATGTGAACGG"	205	88.45
"GAGCTCAATATGGTCCATGA"	205	88.47
"GAGCTCTGTCTGTATGCATG"	204	88.48
"GAGCTCATAGCGTGTAATCA"	204	88.49
"GAGCTCTAGCCGTTAGATCA"	203	88.50
"GAGCTCGACCATGACGTATA"	203	88.51
"GAGCTCGAACTGTGTAGACG"	203	88.52
"GAGCTCATTAGCTTATACAT"	203	88.53
"GAGCTCAAGTGGCATCGACC"	203	88.55
"GAGCTCGGAACATGCGTGTT"	202	88.56
"GAGCTCGCTCCAGAAGACAT"	202	88.57
"GAGCTCCTTGACATTTTACG"	202	88.58
"GAGCTCCGGTAATGACCTAA"	202	88.59
"GAGCTCAGCTTATTTCTTAT"	202	88.60
"GAGCTCTGTTAGAAAGTGTT"	201	88.61
"GAGCTCTAGTAGGCAGAGTG"	201	88.63
"GAGCTCGTATGAATGGTTAT"	201	88.64
"GAGCTCGGTGGGGATGCCTG"	201	88.65
"GAGCTCTCTATCCGCGCGAC"	200	88.66
"GAGCTCTCACTTTGCTGCGG"	200	88.67
"GAGCTCACTTCAATGCAATG"	200	88.68
"GAGCTCAACGTCCGGTATGG"	200	88.69
"GAGCTCTTTCAGTACTCTGC"	199	88.70
"GAGCTCGTGCCTGAGCGATT"	199	88.71
"GAGCTCGGAGGCAGGTCAGG"	199	88.73
"GAGCTCGGACTTAGCCCCGT"	199	88.74
"GAGCTCGCCGGGGAGTATGT"	199	88.75
"GAGCTCGCAACTGATTTCTA"	199	88.76
"GAGCTCGATCGTTGGACGGG"	199	88.77
"GAGCTCGATAATTTGTTATC"	199	88.78
"GAGCTCAACTGGTAGCAATG"	199	88.79
"GAGCTCTTCCATTATATCCT"	198	88.80
"GAGCTCTATTGTTAGACAGT"	198	88.82
"GAGCTCATTTCTGCATTACT"	198	88.83
"GAGCTCATGTTCTTTGTGTG"	198	88.84
"GAGCTCAGAAAAATGGTGCT"	198	88.85
"GAGCTCGTGCGCGACCAGCT"	197	88.86
"GAGCTCGCAGCCTAAGTTGG"	197	88.87
"GAGCTCCTCACGTTTACCCA"	197	88.88
"GAGCTCATGTGCCCTCGCCC"	197	88.89
"GAGCTCATCCGTGTGCCGTA"	197	88.90
"GAGCTCTTATGATGGCACTA"	196	88.91
"GAGCTCTATACTGTCTTCGT"	196	88.93
"GAGCTCACTGCGATACTAGT"	196	88.94
"GAGCTCACGTGATGATTGAC"	196	88.95
"GAGCTCAATCAGTATTAACA"	196	88.96
"GAGCTCGGTTTAAGTCACAA"	195	88.97
"GAGCTCGGACAAGGCCTATT"	195	88.98
"GAGCTCGCGAATAACAAATA"	195	88.99
"GAGCTCGACAGCAGGTTCCG"	195	89.00
"GAGCTCAGTAAAGAAATACA"	195	89.01
"GAGCTCACTTATAGCTGTAT"	195	89.02
"GAGCTCTTGCATAGCTCTTG"	194	89.04
"GAGCTCTGAGGTGAAGGCGC"	194	89.05
"GAGCTCTGAAGCGGGATTGG"	194	89.06
"GAGCTCTCGACGTTCAGGTA"	194	89.07
"GAGCTCTAATTCCTGCCTCG"	194	89.08
"GAGCTCGATATATGGAGCTA"	194	89.09
"GAGCTCGATAACTAAGATGG"	194	89.10
"GAGCTCAGTAGTGTAACTAG"	194	89.11
"GAGCTCACCCACTACTGCTG"	194	89.12
"GAGCTCACATTAACACTACA"	194	89.13
"GAGCTCAGTATAGAACGTGA"	193	89.14
"GAGCTCACTCTTCAGCACTG"	193	89.16
"GAGCTCAAAGATAGATGAGA"	192	89.17
"GAGCTCAAAACTAGCACTTG"	192	89.18
"GAGCTCTGTCCGTTCCGATT"	191	89.19
"GAGCTCGGTGGGCTGTGAAG"	191	89.20
"GAGCTCGGGCTGGAAGAGGA"	191	89.21
"GAGCTCGATGATATATTCGA"	191	89.22
"GAGCTCCCACATCTACAATA"	191	89.23
"GAGCTCATTGTGTTTGAAAT"	191	89.24
"GAGCTCATATTATGTCAATA"	191	89.25
"GAGCTCAGGCGCAATGTCGA"	191	89.26
"GAGCTCGGTTGCAGGTGTTA"	190	89.27
"GAGCTCGGGAGGATCCCTAT"	190	89.28
"GAGCTCGCGTACAATGTCTA"	190	89.29
"GAGCTCACTTAATAGACCCA"	190	89.31
"GAGCTCTGAGCCAAATCAAA"	189	89.32
"GAGCTCGTGAGTGTATTGGT"	189	89.33
"GAGCTCGGTGTGATAATTGT"	189	89.34
"GAGCTCGGGTGTAAAATTAT"	189	89.35
"GAGCTCAGTACCAAGCGGTA"	189	89.36
"GAGCTCGTGGTCGCCAGTAG"	188	89.37
"GAGCTCGTCTTAATATAAGG"	188	89.38
"GAGCTCGTATTGAGATGTTA"	188	89.39
"GAGCTCGGGTCACAGGCTTT"	188	89.40
"GAGCTCGAGCCAAGCCGGCT"	188	89.41
"GAGCTCGACGGGGGGTACGA"	188	89.42
"GAGCTCGACCCGGATAGGTC"	188	89.43
"GAGCTCCCTGGGGTACAGTG"	188	89.44
"GAGCTCATGGAAGAGGTTTC"	188	89.45
"GAGCTCATCCGCCCGCGTAG"	188	89.46
"GAGCTCATATAAGGATGTTA"	188	89.47
"GAGCTCAGAGATAAGCCCTC"	188	89.48
"GAGCTCAACACGGGTCCGAA"	188	89.50
"GAGCTCTTGGCACCCTCCGT"	187	89.51
"GAGCTCGGTTGTTGCGCCAA"	187	89.52
"GAGCTCGGCGACGGGTTATG"	187	89.53
"GAGCTCGGAGGCACCGTGCG"	187	89.54
"GAGCTCGCCACTTGTATATG"	187	89.55
"GAGCTCAAAGAAGTAAAAAA"	187	89.56
"GAGCTCTATTGTCGGATTTA"	186	89.57
"GAGCTCTACTTAACGTTTTT"	186	89.58
"GAGCTCGCGACCTATTATCG"	186	89.59
"GAGCTCAGCATATTATCCAC"	186	89.60
"GAGCTCAGCAATAGTCCTAT"	185	89.61
"GAGCTCAAAAATAAAAATAA"	185	89.62
"GAGCTCTGTGGGTGTGGATG"	184	89.63
"GAGCTCGGATAAGTACCCAT"	184	89.64
"GAGCTCATGTACCGTTCAAT"	184	89.65
"GAGCTCAGGGTTCAGTTGGC"	184	89.66
"GAGCTCAGCCGAATCAGTGG"	184	89.67
"GAGCTCACGGAGGAAAATTT"	184	89.68
"GAGCTCGTCTATGGTTTATT"	183	89.69
"GAGCTCGGTGCATAGTCAGA"	183	89.70
"GAGCTCGAGTGGAGCTTTTT"	183	89.71
"GAGCTCCTGGCTCCAAGCAT"	183	89.72
"GAGCTCCGAGTCGATACAAT"	183	89.73
"GAGCTCAAATATCTGTAAGC"	183	89.74
"GAGCTCTGAGCTTTTTTAAC"	182	89.75
"GAGCTCGGTGTTCGTGGTGA"	182	89.76
"GAGCTCGCTGGTGCTCATCA"	182	89.77
"GAGCTCAGTTTGCTGATTGC"	182	89.79
"GAGCTCAGTTACACGGCTCT"	182	89.80
"GAGCTCAGGACATAAAGTTC"	182	89.81
"GAGCTCTGGCCCTAGTAAGC"	181	89.82
"GAGCTCTCCTTAGAACATAG"	181	89.83
"GAGCTCTCATTGGTCTTTTC"	181	89.84
"GAGCTCTACTGTTGGGCGTA"	181	89.85
"GAGCTCGCCGGGACTCGCGT"	181	89.86
"GAGCTCATTGTACTAGGACA"	181	89.87
"GAGCTCATATTATCGGTACG"	181	89.88
"GAGCTCACATAGTCCTAAGA"	181	89.89
"GAGCTCTGTGCGGTGACACA"	180	89.90
"GAGCTCTACGGTATCGCGGG"	180	89.91
"GAGCTCGTTCGACTGAGCGT"	180	89.92
"GAGCTCGGTTAACATCTATC"	180	89.93
"GAGCTCGGACGGCGGCGGTC"	180	89.94
"GAGCTCCTGTCTCGTACTCC"	180	89.95
"GAGCTCACCCTACTGCCCAT"	180	89.96
"GAGCTCGTAGGATGTATCCC"	179	89.97
"GAGCTCGGACAGATGAATTG"	179	89.98
"GAGCTCACCCAGTTTCATGC"	179	89.99
"GAGCTCGCTCTAACTCTTGT"	178	90.00
"GAGCTCAGCCCTAGTGTTTA"	178	90.01
"GAGCTCACTATTTCGGGTCC"	178	90.02
"GAGCTCAAAAGGGACTACAA"	178	90.03
"GAGCTCGATATGCAGCCAGT"	177	90.04
"GAGCTCACTATTCGCCATGG"	177	90.05
"GAGCTCACGAGACAAATCAT"	177	90.06
"GAGCTCACCGTGTCTTAGTC"	177	90.07
"GAGCTCAAGGCTTTATGAGC"	177	90.08
"GAGCTCTTGGGGGTTGCTAA"	176	90.09
"GAGCTCTACTTCGTTTTTAA"	176	90.10
"GAGCTCGTGGTATCGTCTAT"	176	90.11
"GAGCTCGATTCCGGGGAGAT"	176	90.12
"GAGCTCGAAACGTTTCACTA"	176	90.13
"GAGCTCCCCGGATGTTACTC"	176	90.14
"GAGCTCATGGCTGTGACGTT"	176	90.15
"GAGCTCTCCTCACACGACAG"	175	90.16
"GAGCTCTCATGACAGTAGAA"	175	90.17
"GAGCTCTATGCTATTTCCAC"	175	90.18
"GAGCTCGAGATAACGCGGTA"	175	90.19
"GAGCTCCAAGCGCGGGAGCA"	175	90.20
"GAGCTCAGTAGTATTGTATG"	175	90.21
"GAGCTCAGCGGAGGTGATTC"	175	90.22
"GAGCTCACCTCTCCCGTCAG"	175	90.23
"GAGCTCAAACAGTGTAGCCT"	175	90.23
"GAGCTCTCCAACCGTGTGCG"	174	90.24
"GAGCTCCATCGTCAGTTCTA"	174	90.25
"GAGCTCATTGTACCTAGTTA"	174	90.26
"GAGCTCAGAGGGCTAGCCGG"	174	90.27
"GAGCTCAAGTCGATAACAAA"	174	90.28
"GAGCTCAACCCTTGTTATAC"	174	90.29
"GAGCTCTGTTACGGAATGGA"	173	90.30
"GAGCTCTGGTTGATTACTTT"	173	90.31
"GAGCTCTGCACTCTAGTTAT"	173	90.32
"GAGCTCTCGCGGGTGCAAGG"	173	90.33
"GAGCTCGTGCTCTGTACAAT"	173	90.34
"GAGCTCGGTCCGAGAACACC"	173	90.35
"GAGCTCGAAAAGCACTCTCT"	173	90.36
"GAGCTCATGAATGCCCTCAA"	173	90.37
"GAGCTCAGTCTTAGGGTGTG"	173	90.38
"GAGCTCAACTGAATATCAGT"	173	90.39
"GAGCTCAAATTTTCCTACAC"	173	90.40
"GAGCTCGTCGCGATATTTAT"	172	90.41
"GAGCTCGGTACATCAAATGA"	172	90.42
"GAGCTCGGCATGTGCCTGCA"	172	90.43
"GAGCTCAGGATCACAGCACA"	172	90.44
"GAGCTCTTTTGCGCGGACGA"	171	90.45
"GAGCTCTGGTGTTGACCGTA"	171	90.46
"GAGCTCGTTATAGTGTGTGT"	171	90.47
"GAGCTCGGCGTTAACGGCGC"	171	90.48
"GAGCTCGCATTGTCCGCGTA"	171	90.49
"GAGCTCCGGCGCGGACTGGG"	171	90.50
"GAGCTCCGCTCATGACATGG"	171	90.51
"GAGCTCAGAACTTGTCTCAC"	171	90.52
"GAGCTCTTGCACGGTTCTTT"	170	90.53
"GAGCTCTGTCTGATGGGGAC"	170	90.53
"GAGCTCTGGTACTGCTGTTA"	170	90.54
"GAGCTCTGGGAGGTGTGTGG"	170	90.55
"GAGCTCTCGGATGGAGAAAG"	170	90.56
"GAGCTCTAACGTTGCTTTGA"	170	90.57
"GAGCTCGTGGCTGGACGTGA"	170	90.58
"GAGCTCGATTGGGCTAGGTA"	170	90.59
"GAGCTCCGTGGGATTGTTTT"	170	90.60
"GAGCTCATGTGGACGTAATC"	170	90.61
"GAGCTCACCTGCTGCCGACC"	170	90.62
"GAGCTCTACAGGAATGCAAA"	169	90.63
"GAGCTCAGCGTAATAAGAGA"	169	90.64
"GAGCTCAACCACGATAAGTG"	169	90.65
"GAGCTCAACACACGTGGTAT"	169	90.66
"GAGCTCTTGTGGTTCGCACC"	168	90.67
"GAGCTCTGACTTATATAACG"	168	90.68
"GAGCTCTACCGTGTATTTCG"	168	90.69
"GAGCTCGTAGTTATCAGAGA"	168	90.70
"GAGCTCGTAATAGGATTATC"	168	90.71
"GAGCTCGCTAATGAACACAA"	168	90.72
"GAGCTCATGGGAGGGCCGAG"	168	90.72
"GAGCTCAGTCATAACGCATG"	168	90.73
"GAGCTCACAGCGGGCGTAGA"	168	90.74
"GAGCTCTGAGACGTGTCGTT"	167	90.75
"GAGCTCTCTTTATTGTTATA"	167	90.76
"GAGCTCTCGCCACCGTAATG"	167	90.77
"GAGCTCGGACCGAGGTAAGT"	167	90.78
"GAGCTCGAATGAGGATTGCG"	167	90.79
"GAGCTCATAGTTCGCTATTT"	167	90.80
"GAGCTCACGGGACGTGCGCT"	167	90.81
"GAGCTCAAAGGGGTCACCGA"	167	90.82
"GAGCTCTGGGATGTAAGGCA"	166	90.83
"GAGCTCTAGTGTGGGTATCA"	166	90.84
"GAGCTCGTGGCGTTATCGTG"	166	90.85
"GAGCTCGTATTCTTTGATGA"	166	90.86
"GAGCTCGGCTACGTTCCGAC"	166	90.87
"GAGCTCGCCGTTAGGATTTC"	166	90.87
"GAGCTCCATCGCTAATTATG"	166	90.88
"GAGCTCCAGTGGACAAGTGG"	166	90.89
"GAGCTCATGAACCGTGCGGG"	166	90.90
"GAGCTCATCTATATCACGAA"	166	90.91
"GAGCTCATCACCGCTCAAAC"	166	90.92
"GAGCTCATAGATCATGGTTG"	166	90.93
"GAGCTCAGGACAAAATCGTA"	166	90.94
"GAGCTCACTATATGTTACCT"	166	90.95
"GAGCTCAAGGTTAAGCTATG"	166	90.96
"GAGCTCTGTCTGGGCAACGG"	165	90.97
"GAGCTCGTGCACCGGCCGTG"	165	90.98
"GAGCTCAGATACCGGTTTAC"	165	90.99
"GAGCTCAATTGATATTTATC"	165	91.00
"GAGCTCAAACATTGTTAGGG"	165	91.00
"GAGCTCAAACACCAACATAA"	165	91.01
"GAGCTCTTACCGCGTAGTTA"	164	91.02
"GAGCTCGATTTGTGTATCGC"	164	91.03
"GAGCTCAGGACAACAATGAA"	164	91.04
"GAGCTCAATCAGTATTTCTG"	164	91.05
"GAGCTCTTTGTGCCCGTTAT"	163	91.06
"GAGCTCTTATTAACATAATG"	163	91.07
"GAGCTCTGACACTGGTTTGT"	163	91.08
"GAGCTCTCGCTAGAATAGTC"	163	91.09
"GAGCTCTCCCCGTACAGTAC"	163	91.10
"GAGCTCTATTTACGTGTGAT"	163	91.11
"GAGCTCGAGCGAATTTTTGA"	163	91.11
"GAGCTCGAGAAAGGGCTAGG"	163	91.12
"GAGCTCATCGCGCAGTGTAA"	163	91.13
"GAGCTCATACATTGGTCTCT"	163	91.14
"GAGCTCTTAGCACTACGCAC"	162	91.15
"GAGCTCGTTTATTCCATAAT"	162	91.16
"GAGCTCGGTCTAGGGCGTGA"	162	91.17
"GAGCTCGGATTAAGGAGGTG"	162	91.18
"GAGCTCGACAGGGTGATATG"	162	91.19
"GAGCTCCATTGCTGTGACTA"	162	91.20
"GAGCTCCAAGACCGGGCATC"	162	91.21
"GAGCTCATTGTCAGAAATCC"	162	91.21
"GAGCTCATTATGGTTGCCAA"	162	91.22
"GAGCTCATGTATACAATTCT"	162	91.23
"GAGCTCAGTGGTCTTGGGAG"	162	91.24
"GAGCTCACAGTACTAGTCCG"	162	91.25
"GAGCTCGTCGCTAATTTCCA"	161	91.26
"GAGCTCGATATAAATGGTTC"	161	91.27
"GAGCTCCCCCTCGCGGCTTA"	161	91.28
"GAGCTCTTGATACGTAGTAT"	160	91.29
"GAGCTCTTATCTACATGATG"	160	91.30
"GAGCTCTACACTGCTCACCG"	160	91.31
"GAGCTCGTCTGTGCTTATCA"	160	91.31
"GAGCTCGTCACTATTTGATA"	160	91.32
"GAGCTCCTTAGCATACAATA"	160	91.33
"GAGCTCCGTGGAGTGACCAG"	160	91.34
"GAGCTCCAATATCAAATAGC"	160	91.35
"GAGCTCTGTCACTCTTCTAT"	159	91.36
"GAGCTCTGCCAGACCGACAA"	159	91.37
"GAGCTCGTCGGATTTCTGTG"	159	91.38
"GAGCTCGCTGTCGGGAAGAT"	159	91.39
"GAGCTCGCTCGGGAAGGTCT"	159	91.39
"GAGCTCGCAGATTAACACCA"	159	91.40
"GAGCTCATTGACAGAGCCAT"	159	91.41
"GAGCTCAGCATCCCCATATA"	159	91.42
"GAGCTCTGCCGACTGGGTGC"	158	91.43
"GAGCTCGTACCATCAGTTTG"	158	91.44
"GAGCTCGGTAAGATCGGGAG"	158	91.45
"GAGCTCGCCACGCTCTAACG"	158	91.46
"GAGCTCGATGGGTGCCGATG"	158	91.47
"GAGCTCGAGTTCTGGCGCTG"	158	91.47
"GAGCTCGAATTGAGATCTTG"	158	91.48
"GAGCTCATTCAGGAGCGTTC"	158	91.49
"GAGCTCATGATTGCGTGATG"	158	91.50
"GAGCTCAGGCTGTTTGTAAT"	158	91.51
"GAGCTCAGCAGTAATGGTAG"	158	91.52
"GAGCTCACCCGTGATAATTT"	158	91.53
"GAGCTCACAGCCTTAAGGGT"	158	91.54
"GAGCTCACAGACAGATGTGG"	158	91.55
"GAGCTCTGACTATGTGTACG"	157	91.55
"GAGCTCTAATGTGTCATACT"	157	91.56
"GAGCTCGTTCACGCTTCGGT"	157	91.57
"GAGCTCGTTAGGTTAGACGG"	157	91.58
"GAGCTCGTGGAATATTTGGC"	157	91.59
"GAGCTCGTGATAAACCGTTA"	157	91.60
"GAGCTCGTATCGCATCCTGT"	157	91.61
"GAGCTCGGAATCGTAGAGAG"	157	91.62
"GAGCTCCGTGGGTGTTGAGA"	157	91.62
"GAGCTCCCCAGGTAGAAAGG"	157	91.63
"GAGCTCATCCGGGGCAACCA"	157	91.64
"GAGCTCACTTTACTGTACTG"	157	91.65
"GAGCTCACTCTTGCATTGAC"	157	91.66
"GAGCTCACGTCTTGTGTATT"	157	91.67
"GAGCTCACACACCAATAACC"	157	91.68
"GAGCTCAAGTAGTAAGGTGG"	157	91.69
"GAGCTCTTCCCGCTAGTAGC"	156	91.70
"GAGCTCTATTGATGTTTTAT"	156	91.70
"GAGCTCGGTCGTTTCAAGCG"	156	91.71
"GAGCTCCGGGGCTAGTAAGC"	156	91.72
"GAGCTCTTGATCTGCCTGCT"	155	91.73
"GAGCTCTGGTAACAGTTACG"	155	91.74
"GAGCTCTCTTGAACGAGTTC"	155	91.75
"GAGCTCTAGTTAATTGATTA"	155	91.76
"GAGCTCTAGTCACGGCAGGG"	155	91.77
"GAGCTCGTTCATGCTTTTGC"	155	91.77
"GAGCTCGTGAAGCGCATTAT"	155	91.78
"GAGCTCGACTATACTCATAA"	155	91.79
"GAGCTCGAATATGGAGAAAG"	155	91.80
"GAGCTCCACGTATGCCGCCA"	155	91.81
"GAGCTCCACCGTGTCTCAGT"	155	91.82
"GAGCTCATTGATGGATTGGG"	155	91.83
"GAGCTCATGTCTGTTAGTGG"	155	91.83
"GAGCTCAGGTCATACACTAA"	155	91.84
"GAGCTCAGGCAAGATTAAGG"	155	91.85
"GAGCTCACCAAATGTACCCT"	155	91.86
"GAGCTCAAGACAGTAACTCA"	155	91.87
"GAGCTCTTCAGGGTTCCATA"	154	91.88
"GAGCTCGTCGCTGGTTCGTA"	154	91.89
"GAGCTCGGGAGGGGTGTGAC"	154	91.90
"GAGCTCGCCGTGAAAAGAAC"	154	91.90
"GAGCTCGAAGTCATTCAATT"	154	91.91
"GAGCTCCGCAGTATGAGGGT"	154	91.92
"GAGCTCATATAAGAGGCAAG"	154	91.93
"GAGCTCAAATTAGTTATATC"	154	91.94
"GAGCTCTCCGCTTTGTATTC"	153	91.95
"GAGCTCGTTTCGTTCCTCAT"	153	91.96
"GAGCTCGGATCATTGCAACT"	153	91.96
"GAGCTCAATCAATCAAATAC"	153	91.97
"GAGCTCAATAATGGAGGTTG"	153	91.98
"GAGCTCTGTATACTAATAAA"	152	91.99
"GAGCTCTGGATAGAGGACTG"	152	92.00
"GAGCTCTGGAAATTCCAATT"	152	92.01
"GAGCTCTAGGTCAATGAACA"	152	92.02
"GAGCTCTAGGGGTGCAATAC"	152	92.02
"GAGCTCTAAGAGGCCAGGTA"	152	92.03
"GAGCTCTAAATAAATACAAT"	152	92.04
"GAGCTCGTTGTGTCCCCTAG"	152	92.05
"GAGCTCGTGCTAGTACGGTT"	152	92.06
"GAGCTCGGTCTGGTGAATAT"	152	92.07
"GAGCTCGGCATTAGACCGAA"	152	92.08
"GAGCTCGCAAATAATCTGGC"	152	92.08
"GAGCTCGAGCCCCGTGGTGT"	152	92.09
"GAGCTCATTCAAACTGAGTA"	152	92.10
"GAGCTCATACATTCGTATTA"	152	92.11
"GAGCTCATAACTTTAGCGTA"	152	92.12
"GAGCTCACCGAGTGCTAAAA"	152	92.13
"GAGCTCTTCTCGGTCGGACC"	151	92.14
"GAGCTCTGTCCACCCATACG"	151	92.14
"GAGCTCTGGGTCGGTTAATG"	151	92.15
"GAGCTCTATAAGTATGTGTT"	151	92.16
"GAGCTCTAGCTTAAGTCTCT"	151	92.17
"GAGCTCGTTGGACTCTTGTG"	151	92.18
"GAGCTCGTGTTCAAAGACAA"	151	92.19
"GAGCTCGTCCCATGTTAACA"	151	92.19
"GAGCTCGGTGTGCGGTATCA"	151	92.20
"GAGCTCGGTGGTAGTACCCG"	151	92.21
"GAGCTCGGTGGGTTCCATAT"	151	92.22
"GAGCTCGAGAAGCCGAAAGG"	151	92.23
"GAGCTCGACACAATCGAGCT"	151	92.24
"GAGCTCCAAGTAAATCGTGG"	151	92.25
"GAGCTCACATTTGAAGATTT"	151	92.25
"GAGCTCAATGTAGACTACCG"	151	92.26
"GAGCTCGTCTCCCCATTTTT"	150	92.27
"GAGCTCGGTGGACTGACTAT"	150	92.28
"GAGCTCGGGCTGAAGTGGGA"	150	92.29
"GAGCTCGAGTACATAACACA"	150	92.30
"GAGCTCAGGTCGTATTGAGT"	150	92.30
"GAGCTCAGACCTTATAATCT"	150	92.31
"GAGCTCACTTGAGGTGAATG"	150	92.32
"GAGCTCAAATGTATACACCT"	150	92.33
"GAGCTCTGCATATAACAATC"	149	92.34
"GAGCTCTCGGACGTTGAGCT"	149	92.35
"GAGCTCTCAATCAAAGTTAG"	149	92.35
"GAGCTCGTTTCCTTAGTCTA"	149	92.36
"GAGCTCGATCGCGGGGCGTG"	149	92.37
"GAGCTCGAGTGCGCGTTGTT"	149	92.38
"GAGCTCGAGTGACCGTTTAC"	149	92.39
"GAGCTCCGAGAATTTTTACA"	149	92.40
"GAGCTCACTCGTGGATTCAT"	149	92.40
"GAGCTCACGGTTATTTTCGT"	149	92.41
"GAGCTCTGAATAAGTGTTTC"	148	92.42
"GAGCTCTCCTTGGCGGCATT"	148	92.43
"GAGCTCGTTGTATTCATATG"	148	92.44
"GAGCTCGTGATGGAGTTAAA"	148	92.45
"GAGCTCGTACTCAAAAAGAC"	148	92.45
"GAGCTCGGATATCATCGTGG"	148	92.46
"GAGCTCGAACAACGCTGCAG"	148	92.47
"GAGCTCCGGTCAAGTTTGTA"	148	92.48
"GAGCTCCAGCTGAGTAATAT"	148	92.49
"GAGCTCCAAAGGGTAGTGGG"	148	92.50
"GAGCTCATAGAGCGTTTTCG"	148	92.50
"GAGCTCAGTTACGATATCGT"	148	92.51
"GAGCTCAGTACCCATATCGA"	148	92.52
"GAGCTCAGCTGTCTAAGTTA"	148	92.53
"GAGCTCAGCATCGGACGTCA"	148	92.54
"GAGCTCAGCAATTTGTTGCC"	148	92.55
"GAGCTCACTTCAGATTTATT"	148	92.55
"GAGCTCAAGTACACTATTCC"	148	92.56
"GAGCTCAAAAAACAAGTTAG"	148	92.57
"GAGCTCTAATTTCCCTGCTT"	147	92.58
"GAGCTCGTTTGATATGCATA"	147	92.59
"GAGCTCGTTCTAAACACCGA"	147	92.60
"GAGCTCGTTAGTCATTACTA"	147	92.60
"GAGCTCGTGGCTAAGCGTTC"	147	92.61
"GAGCTCGTAGGGGAATAGCT"	147	92.62
"GAGCTCGCTCAAGCTATGTG"	147	92.63
"GAGCTCGAGTAATGTTATAG"	147	92.64
"GAGCTCCCACTTTGTGATCC"	147	92.65
"GAGCTCACTAGTTGTTAAAC"	147	92.65
"GAGCTCTGTGATACGCCATT"	146	92.66
"GAGCTCTCGACGGAGAACAA"	146	92.67
"GAGCTCGTGCACATGTATTG"	146	92.68
"GAGCTCGTAGTGCTGTGTTC"	146	92.69
"GAGCTCGGCGTGGTGCGGCG"	146	92.69
"GAGCTCGCCCCGTGGCGTCC"	146	92.70
"GAGCTCGCCATATTGCAACT"	146	92.71
"GAGCTCGATTGTGGTTCGTC"	146	92.72
"GAGCTCGAGCGTGATGGTTC"	146	92.73
"GAGCTCGAGACATAATAATC"	146	92.74
"GAGCTCCCAGTACTACTAGG"	146	92.74
"GAGCTCATTATATAAGTAAG"	146	92.75
"GAGCTCATCCGTCGCTTCCC"	146	92.76
"GAGCTCACCCGTATGATAGG"	146	92.77
"GAGCTCACCATGCCGTTTCA"	146	92.78
"GAGCTCTTTACATGTGGATA"	145	92.78
"GAGCTCTTGATGGTAAGCAC"	145	92.79
"GAGCTCTTCCAATGTCAGTT"	145	92.80
"GAGCTCGTTACGCTTGTACG"	145	92.81
"GAGCTCGGTTAAATCGTGTG"	145	92.82
"GAGCTCGGCTTATTGTCAAT"	145	92.83
"GAGCTCGCACAGGAGCACGA"	145	92.83
"GAGCTCGAATTAAAATACTA"	145	92.84
"GAGCTCCGAGGGTACAAAAG"	145	92.85
"GAGCTCATTGTGCTATGTGT"	145	92.86
"GAGCTCAGTTGCGGCATAGA"	145	92.87
"GAGCTCAACTCGCTTTGAAT"	145	92.87
"GAGCTCTTCTTGTGTGTTGA"	144	92.88
"GAGCTCTGCTTGTCTTCGTA"	144	92.89
"GAGCTCTACTGTCGTTAGTA"	144	92.90
"GAGCTCGTGCACATAGAAGT"	144	92.91
"GAGCTCGTAGAGTGGGTATG"	144	92.91
"GAGCTCGGTGTCATGTGTTT"	144	92.92
"GAGCTCGGGGCAGAGAACCA"	144	92.93
"GAGCTCGAGTGATAAGTGTC"	144	92.94
"GAGCTCCTGGCTCTGCACAC"	144	92.95
"GAGCTCCAAACAAGGGTTAA"	144	92.95
"GAGCTCATATTTTTTCCTAA"	144	92.96
"GAGCTCAGCCCGACTTATAT"	144	92.97
"GAGCTCAATATTGAAATGTT"	144	92.98
"GAGCTCAATAGAGTGGTGTG"	144	92.99
"GAGCTCTTGAGACTAACATA"	143	93.00
"GAGCTCTGATTTGGATGTAC"	143	93.00
"GAGCTCTAATAACGGTTATG"	143	93.01
"GAGCTCGTGAATCATTGTGG"	143	93.02
"GAGCTCGGCATTGCGGGTTG"	143	93.03
"GAGCTCCGTGAATCATCCTG"	143	93.04
"GAGCTCCCCAACGAGACCCC"	143	93.04
"GAGCTCAGACAGCCAATGAT"	143	93.05
"GAGCTCACTTGTCACTATTA"	143	93.06
"GAGCTCACGGTGTATGTTGT"	143	93.07
"GAGCTCAATCACCCATTTGA"	143	93.08
"GAGCTCAAGTTGATGAGCAT"	143	93.08
"GAGCTCTGCAAATTGAAGTG"	142	93.09
"GAGCTCTCCAATCGACACAA"	142	93.10
"GAGCTCTCACCTCATTACAA"	142	93.11
"GAGCTCGTTTGTGTAGTGAC"	142	93.12
"GAGCTCGTTGCGTAATATTG"	142	93.12
"GAGCTCGTGAGTTACATGTC"	142	93.13
"GAGCTCGTAGAGGTATTCTA"	142	93.14
"GAGCTCGGACACGTTATAAG"	142	93.15
"GAGCTCGAATTAATAGGTCA"	142	93.16
"GAGCTCGAAGGGTGGGGGTC"	142	93.16
"GAGCTCGAAGGGTAGGACTC"	142	93.17
"GAGCTCCGGGCAGGGTGCAA"	142	93.18
"GAGCTCCCGGAGGTGGTCTT"	142	93.19
"GAGCTCCAAACACATTACTG"	142	93.20
"GAGCTCATTTCAATATCGTG"	142	93.20
"GAGCTCATTGGGCTCTCCGA"	142	93.21
"GAGCTCAGTGGGTCGCGTCT"	142	93.22
"GAGCTCACTGTAATATGACC"	142	93.23
"GAGCTCACCTTTGAAGGTCA"	142	93.23
"GAGCTCACCTGGGTTCACCG"	142	93.24
"GAGCTCACCGACAGTATCCG"	142	93.25
"GAGCTCAATTGAAAAGCACG"	142	93.26
"GAGCTCAATCCATTCATACT"	142	93.27
"GAGCTCAATATTCGTCGCCA"	142	93.27
"GAGCTCAAGGCTAGACAGGC"	142	93.28
"GAGCTCAAGAACACAAACCC"	142	93.29
"GAGCTCTTTCTGTTTTCTAC"	141	93.30
"GAGCTCTGGAATGAGGAAGG"	141	93.31
"GAGCTCTCATTTTAGACCTG"	141	93.31
"GAGCTCTCAGCCTTCTCTTG"	141	93.32
"GAGCTCGAGCTATCGCCATG"	141	93.33
"GAGCTCGAGAGCGTGACACA"	141	93.34
"GAGCTCCCCGAGATTGTAGT"	141	93.35
"GAGCTCATTGCCGGTTATCT"	141	93.35
"GAGCTCACATAGGGTGGAAG"	141	93.36
"GAGCTCAACATTACTGGATG"	141	93.37
"GAGCTCAACAGATAGTCTCT"	141	93.38
"GAGCTCTGTGGAACGGCCTT"	140	93.39
"GAGCTCTGAACGATCGCAGG"	140	93.39
"GAGCTCTCCATGGTGTCATG"	140	93.40
"GAGCTCTAGTCAAGTAAGCA"	140	93.41
"GAGCTCTACGTCGGGTGACT"	140	93.42
"GAGCTCGATACGACGGCAAA"	140	93.42
"GAGCTCGAAAGGATAACGCC"	140	93.43
"GAGCTCCTAGCGGGTTCCCT"	140	93.44
"GAGCTCATGGGGAGTGCCCG"	140	93.45
"GAGCTCAGATCAGGGGAAGA"	140	93.46
"GAGCTCAACTCTGTGGAGTG"	140	93.46
"GAGCTCTTAGTTGGCAAATT"	139	93.47
"GAGCTCTGATACTAATGTGA"	139	93.48
"GAGCTCTCTCAATTTAAGGA"	139	93.49
"GAGCTCTACTGCACGTTTGG"	139	93.50
"GAGCTCGTACAATGCTGCCA"	139	93.50
"GAGCTCGTAAGGTGCGGCCG"	139	93.51
"GAGCTCGGCGTAGTGTTAGT"	139	93.52
"GAGCTCGGATAATCGTATCA"	139	93.53
"GAGCTCCCTGCATTACCGAA"	139	93.53
"GAGCTCAGTATAGCAAAGTG"	139	93.54
"GAGCTCACTCGTAGGTAAAA"	139	93.55
"GAGCTCACCGTAATCGGTAA"	139	93.56
"GAGCTCGTGTCCGATAGCCG"	138	93.57
"GAGCTCGTGCCGGTATACAG"	138	93.57
"GAGCTCGTACCAGAACGTCT"	138	93.58
"GAGCTCGGTTCATTATCGTA"	138	93.59
"GAGCTCGGTCGTGATTGCCT"	138	93.60
"GAGCTCGCTAATCCTCCGCC"	138	93.60
"GAGCTCGCATGTAATAGAAG"	138	93.61
"GAGCTCGATCTGAAACAATC"	138	93.62
"GAGCTCGATCGATTAATGTT"	138	93.63
"GAGCTCCTGGTTCATTGTGG"	138	93.64
"GAGCTCCGTCTGCATTGGTA"	138	93.64
"GAGCTCCATACAAAGAACCA"	138	93.65
"GAGCTCATTGGGACTATTTA"	138	93.66
"GAGCTCATGTAATCCTACTG"	138	93.67
"GAGCTCATGGGGAATCCCAT"	138	93.67
"GAGCTCATAGGTCGCGTGTG"	138	93.68
"GAGCTCATAACACAACGTCT"	138	93.69
"GAGCTCAGCTATCAAGGGGA"	138	93.70
"GAGCTCAGACGGCGTACAAG"	138	93.71
"GAGCTCAGACATGGTATTGG"	138	93.71
"GAGCTCACTACAATCCTTGT"	138	93.72
"GAGCTCACCTATCAGAAACA"	138	93.73
"GAGCTCACACACTAATAGAT"	138	93.74
"GAGCTCAATTGTTGGTGGAG"	138	93.74
"GAGCTCTGCTTCCGACTTTA"	137	93.75
"GAGCTCTCTTCCGTTTGTAT"	137	93.76
"GAGCTCTCAGATTGTGAGGG"	137	93.77
"GAGCTCTAAGGTGAGCTTCA"	137	93.77
"GAGCTCGTCACACGCAACCG"	137	93.78
"GAGCTCGGGAGGGAGTATTA"	137	93.79
"GAGCTCGCCTTAAGTATTGT"	137	93.80
"GAGCTCGCCAGGGGACATGC"	137	93.81
"GAGCTCCGATAACCTTCCTA"	137	93.81
"GAGCTCCAACGGTTAGCCGG"	137	93.82
"GAGCTCATTATGCCCCGCAG"	137	93.83
"GAGCTCATTATATTATGTTG"	137	93.84
"GAGCTCATCGTGCTGCTACA"	137	93.84
"GAGCTCATCGGTCTCAGGAC"	137	93.85
"GAGCTCACATAATCTTTCCA"	137	93.86
"GAGCTCAAAACTCCATGCTT"	137	93.87
"GAGCTCTTAGGATAGGTGTG"	136	93.87
"GAGCTCTGTTGTCTTTCTAG"	136	93.88
"GAGCTCTATGATACGCACAC"	136	93.89
"GAGCTCGTCGTGGATATCAT"	136	93.90
"GAGCTCGTATTTTGGTTCTA"	136	93.90
"GAGCTCGGTGTACATTCTAT"	136	93.91
"GAGCTCGGATGGCTTGAAAA"	136	93.92
"GAGCTCGGATAACAGCCATA"	136	93.93
"GAGCTCGCACTAGGTTGGTT"	136	93.94
"GAGCTCGATGTACGATATGT"	136	93.94
"GAGCTCATGATTGTAAAGAA"	136	93.95
"GAGCTCATCCCGAGGTCTGC"	136	93.96
"GAGCTCACCACCAATGGTAT"	136	93.97
"GAGCTCACATTCTTGCGTTA"	136	93.97
"GAGCTCAATTCCCTGGGGAT"	136	93.98
"GAGCTCTTTGCAAGTCTCAT"	135	93.99
"GAGCTCTTCCAGGTGGCACA"	135	94.00
"GAGCTCTGTCGTGAGACTTG"	135	94.00
"GAGCTCTACTGTTGATGCGG"	135	94.01
"GAGCTCGTTACAAGTGCCTA"	135	94.02
"GAGCTCGTGTATACTGCCTT"	135	94.03
"GAGCTCGTGCAAAATCTACC"	135	94.03
"GAGCTCGTCCTTTACTCTAT"	135	94.04
"GAGCTCGTATATAGTCTATT"	135	94.05
"GAGCTCGGTCGGAGGGAGTA"	135	94.06
"GAGCTCGCTATCCGCGATAT"	135	94.06
"GAGCTCGCGTTATAATTTGA"	135	94.07
"GAGCTCGATGGCCGCCACAG"	135	94.08
"GAGCTCGAGTCAAGTTATAA"	135	94.09
"GAGCTCGAGATTAGATAGAC"	135	94.09
"GAGCTCCCCCATGTCGAACT"	135	94.10
"GAGCTCCAGGACTTTGGTTT"	135	94.11
"GAGCTCATCGTTGTACTGGA"	135	94.12
"GAGCTCACTGAGAGAGGATG"	135	94.13
"GAGCTCACCCACTTGGCGTT"	135	94.13
"GAGCTCACCAGTAGGAATAA"	135	94.14
"GAGCTCACATCTCAGTGCAG"	135	94.15
"GAGCTCACATCCGTTTACTT"	135	94.16
"GAGCTCACACAAAGTGCATA"	135	94.16
"GAGCTCAAGACCGAATCTTT"	135	94.17
"GAGCTCTGTTGTGTACTCGT"	134	94.18
"GAGCTCTGATGCGGTGAGTT"	134	94.19
"GAGCTCTCTTGTATAGTTAA"	134	94.19
"GAGCTCTCACTCCAATTGTA"	134	94.20
"GAGCTCTAAATATCACGGAA"	134	94.21
"GAGCTCGTTACTCACGAATG"	134	94.22
"GAGCTCGTGACATAAAATTA"	134	94.22
"GAGCTCGTAGAAGTGGTCTG"	134	94.23
"GAGCTCGTACTTATGCACAT"	134	94.24
"GAGCTCGGTCGAAAAAGTCG"	134	94.25
"GAGCTCGGGGGGAGAGTAAG"	134	94.25
"GAGCTCGGGAGTTTAGGTCA"	134	94.26
"GAGCTCGCATGTAGATGAGT"	134	94.27
"GAGCTCGCAACGATGGTGTA"	134	94.28
"GAGCTCGATTGTAAACGTAC"	134	94.28
"GAGCTCGAGGGACCCCCTGT"	134	94.29
"GAGCTCGAAACGTCACCTAT"	134	94.30
"GAGCTCCTACAATTTGCGGA"	134	94.31
"GAGCTCCCTAGTAACATCAC"	134	94.31
"GAGCTCATGTCCTTTGCGCA"	134	94.32
"GAGCTCATAGGGATAGACTA"	134	94.33
"GAGCTCAGTGTGGCCGGGCG"	134	94.34
"GAGCTCAGGGGGAGCATTCT"	134	94.34
"GAGCTCACTGGTGTGGCCGA"	134	94.35
"GAGCTCACATGCAGATGCAC"	134	94.36
"GAGCTCAATTAGAGTATCTT"	134	94.37
"GAGCTCAAGTACAAAAATTA"	134	94.37
"GAGCTCAACGTAAGCATCGA"	134	94.38
"GAGCTCTCAGGTGTATTGTT"	133	94.39
"GAGCTCGGGGCATCTAGGTA"	133	94.40
"GAGCTCGCTTGAGGTCCTTT"	133	94.40
"GAGCTCGATACAGTTTGTAT"	133	94.41
"GAGCTCCTGATGCTCAAGGG"	133	94.42
"GAGCTCCGAGAGGATCCGTA"	133	94.43
"GAGCTCCCAAATAAATGATG"	133	94.43
"GAGCTCATCGGTCTAGATTT"	133	94.44
"GAGCTCAGTGAAAGGCTGTC"	133	94.45
"GAGCTCAGCTACTAAGAGAA"	133	94.46
"GAGCTCACGTCCACAGTTGT"	133	94.46
"GAGCTCACCGGTGTTGTGTG"	133	94.47
"GAGCTCACCGAAGATCAACT"	133	94.48
"GAGCTCAAGGTTGAGGGTTG"	133	94.49
"GAGCTCAACAATGCACACCA"	133	94.49
"GAGCTCAACAAATAGGTATC"	133	94.50
"GAGCTCTTTCCGCAGCGACA"	132	94.51
"GAGCTCTTAAGTTGCTAATA"	132	94.52
"GAGCTCTGCTACCTTCAATA"	132	94.52
"GAGCTCTGATACCCTTGTTT"	132	94.53
"GAGCTCTCGGTGCCGAATTA"	132	94.54
"GAGCTCTAACCCGGACATCA"	132	94.55
"GAGCTCGTTTCGGTACTCTC"	132	94.55
"GAGCTCGTTGTATCGTCCGG"	132	94.56
"GAGCTCGTTACAACAGTATG"	132	94.57
"GAGCTCGGGCTGAAGGCCAG"	132	94.57
"GAGCTCGGACAGGGGTGATA"	132	94.58
"GAGCTCGCCGAAGGGAGTGG"	132	94.59
"GAGCTCCCTAGGATTGCTTT"	132	94.60
"GAGCTCATTCGTGCAAATCC"	132	94.60
"GAGCTCATCCAAAACGCTAA"	132	94.61
"GAGCTCATCAGTAGGTGCGA"	132	94.62
"GAGCTCAGCTGGTGGTGCTC"	132	94.63
"GAGCTCAAGGTGTGGCTATC"	132	94.63
"GAGCTCAAGACCACTTGACA"	132	94.64
"GAGCTCAACGCACAGGTTAC"	132	94.65
"GAGCTCAAATAGGATGTATG"	132	94.66
"GAGCTCTCACTGGTAGGGTG"	131	94.66
"GAGCTCTAGGTGTGGCTAAA"	131	94.67
"GAGCTCGGTGTGGAAGGCTC"	131	94.68
"GAGCTCGCTAGAAACATACA"	131	94.69
"GAGCTCGCCTGCGACTTTTC"	131	94.69
"GAGCTCGCCGGTCGGGGGGG"	131	94.70
"GAGCTCGAAACTAATAGAAT"	131	94.71
"GAGCTCCAAATCGGAATCCA"	131	94.72
"GAGCTCATGGGAGAATTCTG"	131	94.72
"GAGCTCAGGGTAAGAAACAG"	131	94.73
"GAGCTCAGCTAAGTAAGATA"	131	94.74
"GAGCTCACTCGCCATACCAA"	131	94.74
"GAGCTCACGTTCAGCCACTA"	131	94.75
"GAGCTCACGATAATAATGTA"	131	94.76
"GAGCTCAATAGCTGGGTTGA"	131	94.77
"GAGCTCAAGGCAGCAAATTG"	131	94.77
"GAGCTCTTACTCGTACTCCC"	130	94.78
"GAGCTCTGTGAGTGATCTAG"	130	94.79
"GAGCTCTATCTAATCCCAGA"	130	94.80
"GAGCTCTATCTAAGACCTTT"	130	94.80
"GAGCTCGTAAATGGGCCTTA"	130	94.81
"GAGCTCGGGTGCGAGTTGTC"	130	94.82
"GAGCTCGGGCGTTAGTATAG"	130	94.83
"GAGCTCCTGCAGGATGCACC"	130	94.83
"GAGCTCCAACGTGCGAACAC"	130	94.84
"GAGCTCATTTAGTATGCCAT"	130	94.85
"GAGCTCATGACGGGTATTAA"	130	94.85
"GAGCTCATGAACTCTTATGC"	130	94.86
"GAGCTCATCCAGTAATATCG"	130	94.87
"GAGCTCACCGTAAGGCATCA"	130	94.88
"GAGCTCAATTATACTGCGTA"	130	94.88
"GAGCTCAATATCGAAGTCAA"	130	94.89
"GAGCTCTGTTAGAGTGTGGT"	129	94.90
"GAGCTCTCTACCTGGTGTGT"	129	94.91
"GAGCTCGGACACAAAGATCC"	129	94.91
"GAGCTCGCACGTTCAGTTAA"	129	94.92
"GAGCTCGCACGATCATCACA"	129	94.93
"GAGCTCCTTGGCGGGGGCAT"	129	94.93
"GAGCTCCGTTGTGTTCTCAT"	129	94.94
"GAGCTCCGTTGATCATAACA"	129	94.95
"GAGCTCATTATTCCTACTCT"	129	94.96
"GAGCTCATGGTCTAACCTAC"	129	94.96
"GAGCTCATGAAGCCGAGATA"	129	94.97
"GAGCTCATACAAGCGATGTA"	129	94.98
"GAGCTCAGCAATAGATCTGG"	129	94.98
"GAGCTCACGGTAAGGTAATT"	129	94.99
"GAGCTCAATTTACTTATCCA"	129	95.00
"GAGCTCAATCCGGATGCGTA"	129	95.01
"GAGCTCAAATGGATATTGTT"	129	95.01
"GAGCTCTTCGTGCGGAGGTG"	128	95.02
"GAGCTCTGACCGTGATAGTT"	128	95.03
"GAGCTCTATTCTGCGTACAA"	128	95.04
"GAGCTCGTTGTGAATGTCAG"	128	95.04
"GAGCTCGTCTCGTTAATTGG"	128	95.05
"GAGCTCGGCTATGCACGCAA"	128	95.06
"GAGCTCGCTGTGTGGCTATC"	128	95.06
"GAGCTCGCTGGGCGTGTGAA"	128	95.07
"GAGCTCCTATAACGAAAATT"	128	95.08
"GAGCTCCAACTACATATGTC"	128	95.09
"GAGCTCATTTATAATGCGGG"	128	95.09
"GAGCTCATCTTGTACGTCCG"	128	95.10
"GAGCTCATAGTGGCGTTATA"	128	95.11
"GAGCTCAGTCGTAAGCTTAG"	128	95.11
"GAGCTCAGAGCTGAAGAGTC"	128	95.12
"GAGCTCAGAACAGCGGTCCG"	128	95.13
"GAGCTCACTGTCGAATGCAT"	128	95.14
"GAGCTCACCGGCACACACTA"	128	95.14
"GAGCTCAATCGATGGTAAAC"	128	95.15
"GAGCTCAAGTGACGGATGGA"	128	95.16
"GAGCTCAACCTGGTGCCGTA"	128	95.16
"GAGCTCTGGGGTCCAACATC"	127	95.17
"GAGCTCGTAGAATAATGCAG"	127	95.18
"GAGCTCGGTGTAGGATTAGG"	127	95.19
"GAGCTCGGGGGGCACGTCAA"	127	95.19
"GAGCTCGGACCGGTGGATTG"	127	95.20
"GAGCTCGCGTATTAACCAAC"	127	95.21
"GAGCTCGCCGGATGGACAAG"	127	95.21
"GAGCTCGCAGAAGTCACTAG"	127	95.22
"GAGCTCGAATTAAAGCGGAC"	127	95.23
"GAGCTCCACAACGATTAATG"	127	95.24
"GAGCTCATTGCCTAATCCCT"	127	95.24
"GAGCTCATTACCACTTGGTA"	127	95.25
"GAGCTCATGCCCCTAGATGA"	127	95.26
"GAGCTCATCACCAGGCACCA"	127	95.26
"GAGCTCATAATAAAAGTTAG"	127	95.27
"GAGCTCACCTGAGGGCAGGC"	127	95.28
"GAGCTCACCACCATGGCGCA"	127	95.29
"GAGCTCAACTATCCTTTATA"	127	95.29
"GAGCTCTGCTGAGTTTGGTG"	126	95.30
"GAGCTCTACACGTAAATGTT"	126	95.31
"GAGCTCTACAATGTGAACTG"	126	95.31
"GAGCTCGTGGGGTGGCGCAT"	126	95.32
"GAGCTCGGTATTAGTTTTAG"	126	95.33
"GAGCTCGAGAAGAAATTAGC"	126	95.34
"GAGCTCCGTAGAAACACATC"	126	95.34
"GAGCTCCGATCTAGGAGGGC"	126	95.35
"GAGCTCCGACATCTACGAGT"	126	95.36
"GAGCTCCCCATTCCAAAGGG"	126	95.36
"GAGCTCCATCGCCAGCTAAA"	126	95.37
"GAGCTCATACACTGTATGAC"	126	95.38
"GAGCTCAGCGTATAGGAATG"	126	95.38
"GAGCTCACTGGCAGATATTG"	126	95.39
"GAGCTCAATTTCATACACGA"	126	95.40
"GAGCTCAATCGGTATAGGCC"	126	95.41
"GAGCTCTGACCTTGGCTTAC"	125	95.41
"GAGCTCTCTGCATTCAGAAC"	125	95.42
"GAGCTCTCGTGGGAGGGACT"	125	95.43
"GAGCTCTCCAAGTTCGGGTC"	125	95.43
"GAGCTCTAGGAACATTCAGT"	125	95.44
"GAGCTCTACGGTCACCTTCG"	125	95.45
"GAGCTCGTTCACTATCGTCC"	125	95.46
"GAGCTCGGTGACTCAACGTA"	125	95.46
"GAGCTCGACTCATCCGTCTA"	125	95.47
"GAGCTCCGTCCGCGCATCCC"	125	95.48
"GAGCTCCGTAAGACATAATC"	125	95.48
"GAGCTCAGGGATACGATAGA"	125	95.49
"GAGCTCAGGAGACCTTTATT"	125	95.50
"GAGCTCAGCATTCAGCATGT"	125	95.50
"GAGCTCAGACCGGACTGTCG"	125	95.51
"GAGCTCACCGTCTGCTTGAC"	125	95.52
"GAGCTCACCGCCCGAAATAC"	125	95.53
"GAGCTCAAACTATAAGGAGG"	125	95.53
"GAGCTCTTCCCACAAATATA"	124	95.54
"GAGCTCTTAGGTTGTAGTGA"	124	95.55
"GAGCTCTGTTAACATTATTT"	124	95.55
"GAGCTCGTTGGTCGGTGCAG"	124	95.56
"GAGCTCGTGTGCCAGTGCCG"	124	95.57
"GAGCTCGTACATGTTAGTAT"	124	95.57
"GAGCTCGCTAATAGATTTGT"	124	95.58
"GAGCTCGATTAGCAGGTTGG"	124	95.59
"GAGCTCCGTTGGCGCGGTTA"	124	95.59
"GAGCTCCGGTGTAGTTTTGG"	124	95.60
"GAGCTCCGGTGAGTAAGTGT"	124	95.61
"GAGCTCCAAATGTGTGGGTA"	124	95.62
"GAGCTCAGTGTGTTGCTCCC"	124	95.62
"GAGCTCAGGCAAAGGGTCTT"	124	95.63
"GAGCTCAGATGTCGCATACT"	124	95.64
"GAGCTCACTCTTGTTTCACC"	124	95.64
"GAGCTCACGCATGTACACAG"	124	95.65
"GAGCTCACAGTGTAATCATG"	124	95.66
"GAGCTCACAGTAAGCGAATG"	124	95.66
"GAGCTCAACCCATAACAATC"	124	95.67
"GAGCTCAAATCTGCATTTCA"	124	95.68
"GAGCTCAAACTGCTTAATGT"	124	95.69
"GAGCTCTTAAAGAAAGAGTG"	123	95.69
"GAGCTCTGTTTTTCCGTTAG"	123	95.70
"GAGCTCTGATTCAACTTTGG"	123	95.71
"GAGCTCTGAGCCCTGCACAG"	123	95.71
"GAGCTCTGAAGGAACACTGG"	123	95.72
"GAGCTCTCGGCCCTTTCTGA"	123	95.73
"GAGCTCTCCCATATCCAATC"	123	95.73
"GAGCTCTAGTTAACGAAGTT"	123	95.74
"GAGCTCGGTGTCTCCATATC"	123	95.75
"GAGCTCGCCCACTTCGCTTG"	123	95.75
"GAGCTCGCATTGACGTCCCC"	123	95.76
"GAGCTCCGTCGTTGTAGACG"	123	95.77
"GAGCTCCGATAAATTATTTT"	123	95.78
"GAGCTCCACACAACAGCGAA"	123	95.78
"GAGCTCATGCCCTAGAGTCG"	123	95.79
"GAGCTCATAAATAGACAGTG"	123	95.80
"GAGCTCAGTCTCTGTGGTTT"	123	95.80
"GAGCTCAGTCACAGTGACCA"	123	95.81
"GAGCTCAGGTAGAATACGTC"	123	95.82
"GAGCTCAGGGCCTGCTCCGG"	123	95.82
"GAGCTCAGCGGCATCTGTCC"	123	95.83
"GAGCTCAGATTGACTTTACA"	123	95.84
"GAGCTCACTATCATTACAGT"	123	95.84
"GAGCTCACCGTGAGAATGAC"	123	95.85
"GAGCTCAAAGGACTTGCGCA"	123	95.86
"GAGCTCTTCCCAGGACGTTC"	122	95.86
"GAGCTCTGTATTCTGCTGCC"	122	95.87
"GAGCTCTGCGTACGTGCTTC"	122	95.88
"GAGCTCTCCAGTATCAGGAA"	122	95.89
"GAGCTCTCCAAATCTTAGTA"	122	95.89
"GAGCTCTATTAATACAAGTA"	122	95.90
"GAGCTCTATACGCGAGTCAT"	122	95.91
"GAGCTCGTGTAGTGCCGCGC"	122	95.91
"GAGCTCGTGCTAACGCATAC"	122	95.92
"GAGCTCGGGGGGTTCCGCCG"	122	95.93
"GAGCTCGGGGCACATTTGTT"	122	95.93
"GAGCTCGGCATGGATGTTTT"	122	95.94
"GAGCTCGCCTACCAGACAGA"	122	95.95
"GAGCTCCATACTGTGAAGTG"	122	95.95
"GAGCTCATGACACAGCAGTC"	122	95.96
"GAGCTCATATCGTGGGACAA"	122	95.97
"GAGCTCATACCCTATAATCA"	122	95.97
"GAGCTCATAATCAAGGATGT"	122	95.98
"GAGCTCAGTACTTACAGGCT"	122	95.99
"GAGCTCAGTACACGGACACA"	122	95.99
"GAGCTCAGGGACGTCGGCTG"	122	96.00
"GAGCTCAGGATGAGACTGCT"	122	96.01
"GAGCTCACATTAACGATGAT"	122	96.02
"GAGCTCACACTGTGCGTTGT"	122	96.02
"GAGCTCACAATTGACAATTG"	122	96.03
"GAGCTCAATTCAATCTCATT"	122	96.04
"GAGCTCAACGAATAAAAGCT"	122	96.04
"GAGCTCAAATGGGTACTACC"	122	96.05
"GAGCTCAAACAGTATCGAAA"	122	96.06
"GAGCTCTTGGTGGTCTATAA"	121	96.06
"GAGCTCTTACACCGATATTA"	121	96.07
"GAGCTCTGTCACTTGGTATA"	121	96.08
"GAGCTCTGATCAATGCGTAA"	121	96.08
"GAGCTCTCTTTCATGGTACT"	121	96.09
"GAGCTCTACTGGTTAGTCTT"	121	96.10
"GAGCTCTACTGGATGAAACC"	121	96.10
"GAGCTCGTTTCGTGTGTTTA"	121	96.11
"GAGCTCGTGTTTAAGAATAA"	121	96.12
"GAGCTCGCCGCGGTTGTCAT"	121	96.12
"GAGCTCGAGTTATACATTGT"	121	96.13
"GAGCTCCGGGAGTGCAGTCG"	121	96.14
"GAGCTCCCAAGGAAGACTCC"	121	96.14
"GAGCTCCCAACTAACCTTCG"	121	96.15
"GAGCTCCACGCACACTTTCG"	121	96.16
"GAGCTCATTTATGCTCGTAG"	121	96.17
"GAGCTCATATGATATGGCCG"	121	96.17
"GAGCTCATAACCAACGAGTA"	121	96.18
"GAGCTCACGTAGTATTAGCC"	121	96.19
"GAGCTCACGTACCACTCTAA"	121	96.19
"GAGCTCAATAATAACAATCA"	121	96.20
"GAGCTCAATAAATAAATGAA"	121	96.21
"GAGCTCAACTACGGAACGCA"	121	96.21
"GAGCTCAACCATACCCGAAA"	121	96.22
"GAGCTCTCCTTCAAGTTTGG"	120	96.23
"GAGCTCTACAGGCGAATATG"	120	96.23
"GAGCTCGTGCCTCTGCTCGG"	120	96.24
"GAGCTCGGTTAGGTTGACCC"	120	96.25
"GAGCTCGGTAGGCAGACTCA"	120	96.25
"GAGCTCGCATGTTCGGAGTC"	120	96.26
"GAGCTCGCACAGGCAGACTG"	120	96.27
"GAGCTCGATTAAATTGATCT"	120	96.27
"GAGCTCGATGATCCGATCGA"	120	96.28
"GAGCTCGAGTCGTACGTTCA"	120	96.29
"GAGCTCCGGGGTTGTCCGGC"	120	96.29
"GAGCTCCCATTCGTGTTATA"	120	96.30
"GAGCTCCACGCCTTGTTCAA"	120	96.31
"GAGCTCATGGGTTAGAAGAG"	120	96.31
"GAGCTCATCCAGTTGCAGCT"	120	96.32
"GAGCTCATACAAATTATAAC"	120	96.33
"GAGCTCAGGTTATACCTCCG"	120	96.33
"GAGCTCAGGGACATGCCCGC"	120	96.34
"GAGCTCACTGTTCCGATTTA"	120	96.35
"GAGCTCAAGTGCTTGGGGGT"	120	96.35
"GAGCTCAAGAAATTTCGCTC"	120	96.36
"GAGCTCAACGTGTGCATTCA"	120	96.37
"GAGCTCAACGCGACATAACA"	120	96.37
"GAGCTCTTAGCGCCTTGGTT"	119	96.38
"GAGCTCTCGGCACGGGGAGA"	119	96.39
"GAGCTCTCCGTGCTATTTCT"	119	96.39
"GAGCTCTCATGCAACAGCTG"	119	96.40
"GAGCTCTAGTAAAGATGAGA"	119	96.41
"GAGCTCTAAGTAGTGTCAGT"	119	96.41
"GAGCTCGTCGGCTGTTTGTG"	119	96.42
"GAGCTCGTAGAGGAGCACTG"	119	96.43
"GAGCTCGGTCTTAGTAGCGG"	119	96.43
"GAGCTCGGGTCGGGGGACTA"	119	96.44
"GAGCTCGGGATTGGTCGATC"	119	96.45
"GAGCTCGCGTCCGGACGACA"	119	96.45
"GAGCTCGCCGGGCACCGGCA"	119	96.46
"GAGCTCGCAAGAGGGCGATA"	119	96.47
"GAGCTCGACGGGTGATGCCG"	119	96.47
"GAGCTCGACCGTGTATGACA"	119	96.48
"GAGCTCCCGGTTCGAGAGGC"	119	96.49
"GAGCTCATTGCTCTAACAAG"	119	96.49
"GAGCTCATTGAATGCTCAAA"	119	96.50
"GAGCTCATCTATGGTATTTC"	119	96.51
"GAGCTCATCACGGAAAGTGT"	119	96.51
"GAGCTCAGAGATATGCGCGT"	119	96.52
"GAGCTCAGACACGAAACACA"	119	96.53
"GAGCTCAGAACAAGATCATG"	119	96.53
"GAGCTCACTCGGTGGTGATT"	119	96.54
"GAGCTCACTCGCTCCTAACA"	119	96.55
"GAGCTCACGCGTGATTTGCC"	119	96.55
"GAGCTCACAGGTTCGACGCG"	119	96.56
"GAGCTCACACAGCCAGCGTG"	119	96.57
"GAGCTCAATGACTGTGTGAT"	119	96.57
"GAGCTCTTCCGGGAGGTTGA"	118	96.58
"GAGCTCTTACTGTGGGTCCT"	118	96.59
"GAGCTCTCTAGTGATAAGTA"	118	96.59
"GAGCTCTAATACTCGAGGTG"	118	96.60
"GAGCTCGTCACCCCAGGTAA"	118	96.61
"GAGCTCGGTGGAGTGTGTGG"	118	96.61
"GAGCTCGGGCATATGGAATC"	118	96.62
"GAGCTCGGCATGGCTATGTT"	118	96.63
"GAGCTCGAACGCACAGCACA"	118	96.63
"GAGCTCCCTCCACGTTCATA"	118	96.64
"GAGCTCCCTCAGCGATATTG"	118	96.65
"GAGCTCCCATTGTGTGTGCA"	118	96.65
"GAGCTCCACATTGATAATAC"	118	96.66
"GAGCTCATTTGATCAATGTA"	118	96.67
"GAGCTCATTGCACTTGATTA"	118	96.67
"GAGCTCATTCGTCGGTTTGT"	118	96.68
"GAGCTCATCACACTCAGTTT"	118	96.69
"GAGCTCATATCTCACCTCTA"	118	96.69
"GAGCTCAGGTGTTACGCGCT"	118	96.70
"GAGCTCAGGTAGGTATACAA"	118	96.71
"GAGCTCAGCCTGCCCAGTGA"	118	96.71
"GAGCTCACTGATGCAGTATA"	118	96.72
"GAGCTCACAATTAACACAAA"	118	96.73
"GAGCTCTTCCGTGCCGTACG"	117	96.73
"GAGCTCTTATATTGTGGTAT"	117	96.74
"GAGCTCTGTGCTAAGTTTTA"	117	96.75
"GAGCTCGTGAGTTGGCGGAA"	117	96.75
"GAGCTCGTCGTTGATACGTG"	117	96.76
"GAGCTCGGCAGAGACGGCTC"	117	96.77
"GAGCTCGGATTAGCAGTCCA"	117	96.77
"GAGCTCGGAGCGATCGTAGA"	117	96.78
"GAGCTCGCCGAGTATTGGAT"	117	96.79
"GAGCTCGCATGATGGTCATC"	117	96.79
"GAGCTCGCAGGTATGCTGTG"	117	96.80
"GAGCTCGATGAAGTCTCTCT"	117	96.81
"GAGCTCGACCCGTGGATCTT"	117	96.81
"GAGCTCGAAATATCCGTGTG"	117	96.82
"GAGCTCCAGCATTAAAGTAG"	117	96.83
"GAGCTCATTTTGTATTTGTC"	117	96.83
"GAGCTCATTGCCATGCGTGT"	117	96.84
"GAGCTCATGGTCGGGGGCGG"	117	96.85
"GAGCTCATCTAGAATGGGAA"	117	96.85
"GAGCTCAGCGATGGCCGAGG"	117	96.86
"GAGCTCAGAGTAACATAGCG"	117	96.87
"GAGCTCACACATTAGTGCAA"	117	96.87
"GAGCTCTGTTTGAAGAGGAA"	116	96.88
"GAGCTCTGTTATTAATACTA"	116	96.88
"GAGCTCTCTCCCTCACCCGT"	116	96.89
"GAGCTCGTGGGCAGATACGC"	116	96.90
"GAGCTCGTGCTGCTTTCAAA"	116	96.90
"GAGCTCGTACGCTGAGTTAG"	116	96.91
"GAGCTCGGTCCTGGTTAGGC"	116	96.92
"GAGCTCGGGTGTGGGTTCGG"	116	96.92
"GAGCTCCATATACGCAATAA"	116	96.93
"GAGCTCATCTCAGTACCACC"	116	96.94
"GAGCTCAGCCCTTCCACCAG"	116	96.94
"GAGCTCACGATTAGAAAATG"	116	96.95
"GAGCTCACAACGACAAGAGC"	116	96.96
"GAGCTCAATAATTAATTTAC"	116	96.96
"GAGCTCTTATTTTACGTCAA"	115	96.97
"GAGCTCTTAACCAACGTAGA"	115	96.98
"GAGCTCTGGCTACACGACTA"	115	96.98
"GAGCTCTGAGGTTACGTGTG"	115	96.99
"GAGCTCTGAGCGAAATATAG"	115	97.00
"GAGCTCTCTTCGCTAAATTA"	115	97.00
"GAGCTCTAGTGCACCATTGA"	115	97.01
"GAGCTCTAGGCAAAGCGGTA"	115	97.01
"GAGCTCTAAACAAATTGCGC"	115	97.02
"GAGCTCGTGTGGTTGTATTG"	115	97.03
"GAGCTCGTGTAGTGTTAAGA"	115	97.03
"GAGCTCGTGGGGAATATTTG"	115	97.04
"GAGCTCGCCGTGCAATCTGT"	115	97.05
"GAGCTCGACGGATTCGGGCT"	115	97.05
"GAGCTCGACCAGAAAAATGA"	115	97.06
"GAGCTCGACATCGTCACACA"	115	97.07
"GAGCTCCTCCCCTGAACTCC"	115	97.07
"GAGCTCCGAGGAATGCCCTA"	115	97.08
"GAGCTCCGAACATATGCCCA"	115	97.09
"GAGCTCCAGTAATGCATACG"	115	97.09
"GAGCTCATGTCAATCATTGA"	115	97.10
"GAGCTCATCGTTGTAAAACC"	115	97.10
"GAGCTCATAAACGGTTATCG"	115	97.11
"GAGCTCAGTCACGGGCAAAT"	115	97.12
"GAGCTCAGCCAGGGTGTAAG"	115	97.12
"GAGCTCAATTCATGAAAATG"	115	97.13
"GAGCTCAATAAGCATAATGT"	115	97.14
"GAGCTCAAGTGGGTGTTTCA"	115	97.14
"GAGCTCAAATTTGGAGGGGT"	115	97.15
"GAGCTCTTGCACGCGATGTA"	114	97.16
"GAGCTCTTCTTCACGCTCAA"	114	97.16
"GAGCTCTTAACTACTTGGTC"	114	97.17
"GAGCTCTGAGTTATAACTTA"	114	97.18
"GAGCTCTAAGTTTATAGTGA"	114	97.18
"GAGCTCGTACCACATACAGA"	114	97.19
"GAGCTCGGCTAACGAGAGTT"	114	97.19
"GAGCTCGCGCGGAGTACCGG"	114	97.20
"GAGCTCGCCGTGAGGAGACG"	114	97.21
"GAGCTCGCAGCAAGGACAGT"	114	97.21
"GAGCTCGACGTGCGTCCGAA"	114	97.22
"GAGCTCGAATACAACACAAA"	114	97.23
"GAGCTCGAACATTATAACTC"	114	97.23
"GAGCTCCTGAAGTATGCGCA"	114	97.24
"GAGCTCCATGCAGAAGTGCG"	114	97.25
"GAGCTCCACGAGGGCGTTGA"	114	97.25
"GAGCTCATCCATCGCGTATT"	114	97.26
"GAGCTCATCATGTGTAGCAC"	114	97.27
"GAGCTCATACCGTGGAAGTA"	114	97.27
"GAGCTCAGTACAGGTTAATA"	114	97.28
"GAGCTCAACCCGTCGATTAT"	114	97.28
"GAGCTCTGTGAGTCACATTT"	113	97.29
"GAGCTCTCCGGCGAACCTAT"	113	97.30
"GAGCTCTATTACAGACCAAC"	113	97.30
"GAGCTCGTGTTCGAACGTTT"	113	97.31
"GAGCTCGTCGGAATGTGCCA"	113	97.32
"GAGCTCGTATTCTATGAGCT"	113	97.32
"GAGCTCGGTAATACGATACG"	113	97.33
"GAGCTCGGCAGTTGTCCGGT"	113	97.34
"GAGCTCGCTCCAGTCTAACG"	113	97.34
"GAGCTCGCGTCATGAGAGTA"	113	97.35
"GAGCTCGCACTTCGGATGGA"	113	97.35
"GAGCTCGAACACTGGGCATG"	113	97.36
"GAGCTCCATAAATCTGCTGG"	113	97.37
"GAGCTCATGAGGAAGAATGT"	113	97.37
"GAGCTCATCCGAATCGCTCA"	113	97.38
"GAGCTCAGGGAGTGATTCCA"	113	97.39
"GAGCTCACTGTCATCATTAT"	113	97.39
"GAGCTCACGTTGACAATCCT"	113	97.40
"GAGCTCACCTTAATCCGCCC"	113	97.40
"GAGCTCACAACAATGTCCGA"	113	97.41
"GAGCTCAACGGTCGATACGA"	113	97.42
"GAGCTCAAATATACATATTA"	113	97.42
"GAGCTCTGCGGTTCCACGTG"	112	97.43
"GAGCTCTACGGTTATTGTGA"	112	97.44
"GAGCTCGGTGGATGTGGCAG"	112	97.44
"GAGCTCGCTGTTAATGATTG"	112	97.45
"GAGCTCGCCCTCTAAAATAG"	112	97.46
"GAGCTCGATCTCCGTTCATT"	112	97.46
"GAGCTCGAACACAAGTCCGC"	112	97.47
"GAGCTCCGCCGATCTGTCTC"	112	97.47
"GAGCTCCCCCGGAAGTACTG"	112	97.48
"GAGCTCCCAAGATAGGTCAC"	112	97.49
"GAGCTCATGTTGGATTGTGG"	112	97.49
"GAGCTCATGAGAAAGGCTGG"	112	97.50
"GAGCTCATCGATAGTAGTAG"	112	97.51
"GAGCTCAGTTAGTAGACGTG"	112	97.51
"GAGCTCAGATGGGTCTGGTA"	112	97.52
"GAGCTCAGAAGCCCACCTGC"	112	97.52
"GAGCTCACGCTTGCTAATAG"	112	97.53
"GAGCTCACATTACAATTCCG"	112	97.54
"GAGCTCACATACATACACGT"	112	97.54
"GAGCTCAACTTAAAGATTAA"	112	97.55
"GAGCTCAAAAGTGAGAACAA"	112	97.56
"GAGCTCTCACAATAGGGTAG"	111	97.56
"GAGCTCTATTTGGATTTAGT"	111	97.57
"GAGCTCTATGGTCCCGTTTA"	111	97.57
"GAGCTCTAAGCCGGACGGGT"	111	97.58
"GAGCTCGTGTTGTTACAAGT"	111	97.59
"GAGCTCGTACCAAAACAGTT"	111	97.59
"GAGCTCGGTGTGTAATCTAA"	111	97.60
"GAGCTCGGACGGATGCCACC"	111	97.61
"GAGCTCGCTTCTAATACTCA"	111	97.61
"GAGCTCGCCTGCTGGGTTCG"	111	97.62
"GAGCTCGATAGTCTTCTATA"	111	97.62
"GAGCTCGAGTTTATACGCAA"	111	97.63
"GAGCTCCTGTATTTACCTGA"	111	97.64
"GAGCTCCGTGAGTGAAATAC"	111	97.64
"GAGCTCCGCATAATCATCGT"	111	97.65
"GAGCTCCCTTTGAATATACT"	111	97.66
"GAGCTCCACTGGTTCAGAAG"	111	97.66
"GAGCTCCACGGATTAAACAG"	111	97.67
"GAGCTCCACACGCCAATACA"	111	97.67
"GAGCTCATTTCATTCTTGGC"	111	97.68
"GAGCTCATTGACTAGGGTTA"	111	97.69
"GAGCTCATACACTTGAACTG"	111	97.69
"GAGCTCAGTCGCATTATCAA"	111	97.70
"GAGCTCAGGGTGTAGTTAGG"	111	97.71
"GAGCTCAGGGGGCCGAGGTA"	111	97.71
"GAGCTCAGCTTTTAATCTAT"	111	97.72
"GAGCTCAGCTTGAAGAGGTG"	111	97.72
"GAGCTCAGACTTATGGGGTC"	111	97.73
"GAGCTCACGATAAAATTCGG"	111	97.74
"GAGCTCACATTTTACTTAAT"	111	97.74
"GAGCTCAAGATTACGTGTTA"	111	97.75
"GAGCTCAAGACACGTTCCCC"	111	97.76
"GAGCTCAAGAAGAATGTGTG"	111	97.76
"GAGCTCAACGTATGTTTGGG"	111	97.77
"GAGCTCAACGAGAGTAGATG"	111	97.77
"GAGCTCTTGGACATCCTTCG"	110	97.78
"GAGCTCTGCCCATTCGGTAT"	110	97.79
"GAGCTCTGACGAACCTTAAT"	110	97.79
"GAGCTCTGAATAGGGGCGTG"	110	97.80
"GAGCTCTCAGCTCGTCAACA"	110	97.80
"GAGCTCTATGTCGTACATAG"	110	97.81
"GAGCTCTAAGAAGTGAGTGC"	110	97.82
"GAGCTCGTCAAATAACGACA"	110	97.82
"GAGCTCGTAGGTGGAAGAGG"	110	97.83
"GAGCTCGTAAACGGGGGTAC"	110	97.84
"GAGCTCGGATCCGTCAACCT"	110	97.84
"GAGCTCGCTGGAGTGTCTTA"	110	97.85
"GAGCTCGACCAAACCCGCTC"	110	97.85
"GAGCTCGAATGTATTTAACG"	110	97.86
"GAGCTCCGGTCCGCTTGTTG"	110	97.87
"GAGCTCCGGGTTAACTTATA"	110	97.87
"GAGCTCCGGGGGCTCATGGT"	110	97.88
"GAGCTCCCATACAGTTAAAG"	110	97.89
"GAGCTCCATGATCGTACAAG"	110	97.89
"GAGCTCCATCAGGGGAGGCC"	110	97.90
"GAGCTCCACGGAGTCTGTCC"	110	97.90
"GAGCTCCAACTCCGGGTGTC"	110	97.91
"GAGCTCATTTCTCGGACATG"	110	97.92
"GAGCTCATTGTTGTTTTGTT"	110	97.92
"GAGCTCATTGTCCATGCAAT"	110	97.93
"GAGCTCATGCATCCTGCTCG"	110	97.93
"GAGCTCATCATGCATGATTT"	110	97.94
"GAGCTCAGTAACATGCACAA"	110	97.95
"GAGCTCAGATGGGTGGACTG"	110	97.95
"GAGCTCACGGCAAGCACTAT"	110	97.96
"GAGCTCACCAACAGTACTAA"	110	97.97
"GAGCTCACAATTGCACCTCA"	110	97.97
"GAGCTCAATTCCCATCTACG"	110	97.98
"GAGCTCAAGCTCGGGTCAGA"	110	97.98
"GAGCTCAACTGTAAGATAGT"	110	97.99
"GAGCTCTTGGGTTTGGCTTG"	109	98.00
"GAGCTCTGGAACGAGGGTAG"	109	98.00
"GAGCTCTCTCAAAGGTTTAC"	109	98.01
"GAGCTCTCGTGCTAGTGCTG"	109	98.01
"GAGCTCTATTAGCCATTAAT"	109	98.02
"GAGCTCTATGTGACGTGCAT"	109	98.03
"GAGCTCTAGCGTGTGATGTG"	109	98.03
"GAGCTCTACTCTCGTACCAA"	109	98.04
"GAGCTCTACGCCATTAATAT"	109	98.05
"GAGCTCGTAGTGTTGTTGAC"	109	98.05
"GAGCTCGGTTTGTACAGCAT"	109	98.06
"GAGCTCGGTATCCGTATGAA"	109	98.06
"GAGCTCGGGCATAGAAGCCA"	109	98.07
"GAGCTCGGCAGGGTGTTTCG"	109	98.08
"GAGCTCGGAGGTACTGTTAA"	109	98.08
"GAGCTCGCTACGTATTAGTG"	109	98.09
"GAGCTCGATTCTATTTTTCT"	109	98.09
"GAGCTCGATGACAAAAGGAA"	109	98.10
"GAGCTCCTTTGTTATCGATA"	109	98.11
"GAGCTCCGTGGGTCGATAGG"	109	98.11
"GAGCTCCGTGCATCGTCAAA"	109	98.12
"GAGCTCCGTAGGTGTGTACC"	109	98.12
"GAGCTCCAATGCTTCTTACT"	109	98.13
"GAGCTCATCTAACATCATTG"	109	98.14
"GAGCTCATATCCTCACATGC"	109	98.14
"GAGCTCAGGGTGGCTTAGGC"	109	98.15
"GAGCTCAGGGTGATTCACGA"	109	98.16
"GAGCTCAGATACGTGGCATC"	109	98.16
"GAGCTCACCAGAGAAGTCAA"	109	98.17
"GAGCTCACATTACGCCCCTC"	109	98.17
"GAGCTCAAGCAGTCAAGCAT"	109	98.18
"GAGCTCAAAAGGGATATGTC"	109	98.19
"GAGCTCTTTGAAATTCTCTC"	108	98.19
"GAGCTCTTTCAAGGATTGGG"	108	98.20
"GAGCTCTTCAATGTCTGATT"	108	98.20
"GAGCTCTCCTATTCAGCCCA"	108	98.21
"GAGCTCTATACTATTCTCGA"	108	98.22
"GAGCTCTAGCATTAGAAATA"	108	98.22
"GAGCTCTAGATGCGACACTT"	108	98.23
"GAGCTCTACCGCGTTATGCA"	108	98.23
"GAGCTCTACCACGAACATAC"	108	98.24
"GAGCTCGTGTGCTAGTGTGG"	108	98.25
"GAGCTCGTATTGGAGCACTA"	108	98.25
"GAGCTCGTATGTGCCAGGCA"	108	98.26
"GAGCTCGTAGCCTGTTTTGG"	108	98.26
"GAGCTCGGTTCGATTAGTAT"	108	98.27
"GAGCTCGGAAGCGCTGGATC"	108	98.28
"GAGCTCGCCCGGATGGAGAA"	108	98.28
"GAGCTCGCAGGCGAGCTTCT"	108	98.29
"GAGCTCGAGTGATACGGTTT"	108	98.29
"GAGCTCGAGACTACTCTGTG"	108	98.30
"GAGCTCCTGCACAATTGCTG"	108	98.31
"GAGCTCCTATCAGTGCAAGG"	108	98.31
"GAGCTCCCAATTACACGCGG"	108	98.32
"GAGCTCATCGCCTAACATTA"	108	98.33
"GAGCTCATAAACGGAAACTG"	108	98.33
"GAGCTCAGGGTCACCTTGAG"	108	98.34
"GAGCTCACGTGTACTGACCA"	108	98.34
"GAGCTCACGATATCAGGTCA"	108	98.35
"GAGCTCAACGTGGTATCTCA"	108	98.36
"GAGCTCAAATCGATGGAGTG"	108	98.36
"GAGCTCTTCAACAGTAACCG"	107	98.37
"GAGCTCTGTAGACGGTGGAG"	107	98.37
"GAGCTCTGGCTGACTGTGTG"	107	98.38
"GAGCTCTCTTCCTAATAAAC"	107	98.39
"GAGCTCTCTAAGGGCCTATT"	107	98.39
"GAGCTCGTTAGCCAAGGTTG"	107	98.40
"GAGCTCGTCTCATACTATTC"	107	98.40
"GAGCTCGTCGGTCTGATTAA"	107	98.41
"GAGCTCGTCCCACTCTCATG"	107	98.42
"GAGCTCGTACGATGCTATAG"	107	98.42
"GAGCTCGGACGGCCTATTTA"	107	98.43
"GAGCTCGCGTCAAGCACGCA"	107	98.43
"GAGCTCGACGTAGGAAATCA"	107	98.44
"GAGCTCGAAATCTAGTTAGT"	107	98.45
"GAGCTCGAAACTGATCGACT"	107	98.45
"GAGCTCCTCCGTTACCGGGA"	107	98.46
"GAGCTCATCGTGCGCCACGA"	107	98.46
"GAGCTCATATACCGTGGCTG"	107	98.47
"GAGCTCAGTGCGTACGTGTG"	107	98.48
"GAGCTCAGTGATGTTACATC"	107	98.48
"GAGCTCAGTGAATAGATATC"	107	98.49
"GAGCTCAGGTCGTACGTACA"	107	98.49
"GAGCTCAGGCAACACACTGC"	107	98.50
"GAGCTCAGATGAAACGGTTA"	107	98.51
"GAGCTCACTCGGGTTGTGGC"	107	98.51
"GAGCTCACTCGAGTAAGCTG"	107	98.52
"GAGCTCACATCAATCTCTCA"	107	98.52
"GAGCTCAATTGCAGCTTTGA"	107	98.53
"GAGCTCAATCCACGTTAGTG"	107	98.54
"GAGCTCAATAGTAGGTATAC"	107	98.54
"GAGCTCAACCTAAGTATGCA"	107	98.55
"GAGCTCAAATTGCGTGAGAG"	107	98.55
"GAGCTCAAAGGACCACAGTA"	107	98.56
"GAGCTCTTCTTGTCATTCGA"	106	98.57
"GAGCTCTTAAAACGAACGAG"	106	98.57
"GAGCTCTCGAATGGTATAAA"	106	98.58
"GAGCTCTACTAGGTCCTGAA"	106	98.58
"GAGCTCGTGAGTTATAGGAA"	106	98.59
"GAGCTCGGGGGTAGCTTAAG"	106	98.60
"GAGCTCGGATGTCAAGACTA"	106	98.60
"GAGCTCGCTGGTAATCGGCA"	106	98.61
"GAGCTCGCGATTTAAGTGCA"	106	98.61
"GAGCTCGCCGAGTGGAAACA"	106	98.62
"GAGCTCGCACTGATTCATGT"	106	98.63
"GAGCTCGCAATGCCTCATAG"	106	98.63
"GAGCTCGATGCATTGACATA"	106	98.64
"GAGCTCGAGCTAGCACAGGA"	106	98.64
"GAGCTCGACCGACACAGTTG"	106	98.65
"GAGCTCCCGGGTGTGGGGGT"	106	98.65
"GAGCTCCCGATAGGAATGAA"	106	98.66
"GAGCTCCAAGCATGTATTTT"	106	98.67
"GAGCTCATTGTTCCGATACC"	106	98.67
"GAGCTCATAACGCGGGTAAG"	106	98.68
"GAGCTCATAACACATCATGA"	106	98.68
"GAGCTCAGTCAACCAGGTGC"	106	98.69
"GAGCTCACTGTTTGACATGT"	106	98.70
"GAGCTCACTGGGGGGCGGAT"	106	98.70
"GAGCTCACTCTTACACTATG"	106	98.71
"GAGCTCACCTGTAGCTCTTA"	106	98.71
"GAGCTCACCTCATAAAAACG"	106	98.72
"GAGCTCAACACACGACCTGT"	106	98.73
"GAGCTCAAATAAAACAACAA"	106	98.73
"GAGCTCTGTTAGACGATAAA"	105	98.74
"GAGCTCTGGTTGCCCTGGGA"	105	98.74
"GAGCTCTGAGAGAGACCCAT"	105	98.75
"GAGCTCTCTGGAGGGTGCAA"	105	98.76
"GAGCTCTATCTGCCGCCTGT"	105	98.76
"GAGCTCTAGCGTGATTCCTA"	105	98.77
"GAGCTCTAATAACAGATTTG"	105	98.77
"GAGCTCGTCCGATGGGTCAA"	105	98.78
"GAGCTCGTACTGGCGATGAC"	105	98.79
"GAGCTCGGTTCTTAAGATTA"	105	98.79
"GAGCTCGGGGAGCAGCGCGG"	105	98.80
"GAGCTCGCGACAGCCACGGG"	105	98.80
"GAGCTCGACCAATGAAGATA"	105	98.81
"GAGCTCGAAGGTGTCCTATT"	105	98.81
"GAGCTCCGGTTGGCTATAGT"	105	98.82
"GAGCTCCGGGTGTGGTGTCG"	105	98.83
"GAGCTCATTGCCGTATCGGA"	105	98.83
"GAGCTCATTAATACTAGGGT"	105	98.84
"GAGCTCATGGGTTGATAGTA"	105	98.84
"GAGCTCAGTTAGCGAGTTTT"	105	98.85
"GAGCTCAGTATACACGTATC"	105	98.86
"GAGCTCAGATCATAAGTGCG"	105	98.86
"GAGCTCAATTTGACCTTCAC"	105	98.87
"GAGCTCAATAAAGATAAACA"	105	98.87
"GAGCTCAAGGGACAAGGATC"	105	98.88
"GAGCTCAAATGCCTATAGAC"	105	98.89
"GAGCTCAAAACAAAAGCTAG"	105	98.89
"GAGCTCTTCGAGAAGTTCAT"	104	98.90
"GAGCTCTCCCTGGGATCTGC"	104	98.90
"GAGCTCTCCCATTTCTTCGG"	104	98.91
"GAGCTCTATAGGATGGTCTA"	104	98.91
"GAGCTCTAAGTTAGGCAGGG"	104	98.92
"GAGCTCGTTGTGGTGCAGAC"	104	98.93
"GAGCTCGTTGAATATCGAGA"	104	98.93
"GAGCTCGTGGCATCGGCGCG"	104	98.94
"GAGCTCGTGCAGAGGTAGGA"	104	98.94
"GAGCTCGTAACTTGCCCGCA"	104	98.95
"GAGCTCGGTTTGCCTATTGC"	104	98.96
"GAGCTCGCGTGTAGCCGCGG"	104	98.96
"GAGCTCCTTTTCCGGGTCAG"	104	98.97
"GAGCTCCCGATGAGCGTGGG"	104	98.97
"GAGCTCCCATGAGGTCGATG"	104	98.98
"GAGCTCCATCACGGAATGTT"	104	98.98
"GAGCTCATTTTCCTGATCTT"	104	98.99
"GAGCTCATGGTCGACATCAT"	104	99.00
"GAGCTCATCGTTAGGGATAT"	104	99.00
"GAGCTCATCACAACAGTGTA"	104	99.01
"GAGCTCATCAATACATGGAA"	104	99.01
"GAGCTCATAATGACTGCTAT"	104	99.02
"GAGCTCAGTGCGCGCGAATA"	104	99.03
"GAGCTCAGTGATGCGATTGG"	104	99.03
"GAGCTCACTCTATCACGCAT"	104	99.04
"GAGCTCACTAGACAAACACG"	104	99.04
"GAGCTCACCCGTGCGCTGGC"	104	99.05
"GAGCTCAATCAGACTACCAA"	104	99.05
"GAGCTCAAGTTTGCCAAAAA"	104	99.06
"GAGCTCAAGACCGCTCGGCC"	104	99.07
"GAGCTCAAACCCCACTGAAT"	104	99.07
"GAGCTCTTTGGCGTTTTGTG"	103	99.08
"GAGCTCTTACATGGTCAGAT"	103	99.08
"GAGCTCTGGCACAACAGCAA"	103	99.09
"GAGCTCTGCCACACTGTCCA"	103	99.10
"GAGCTCTCTCACCCGTATGT"	103	99.10
"GAGCTCTCGGTGGACTTGGA"	103	99.11
"GAGCTCGTTTCGGCTTGACA"	103	99.11
"GAGCTCGTCCGCGGATTACG"	103	99.12
"GAGCTCGTATAGGCTCGAAG"	103	99.12
"GAGCTCGTACAGGCACTATT"	103	99.13
"GAGCTCGCTTAAACATAGTT"	103	99.14
"GAGCTCGCCTTTCTGAGAGC"	103	99.14
"GAGCTCGCCCATGTAAGCAC"	103	99.15
"GAGCTCGAAGCATAGCGTGT"	103	99.15
"GAGCTCCGTCGGATCTCGAT"	103	99.16
"GAGCTCCACTGGGTACAATT"	103	99.16
"GAGCTCCACCCTAACATGCG"	103	99.17
"GAGCTCATTACGGCCGTATC"	103	99.18
"GAGCTCATGTGGTCAGAGTA"	103	99.18
"GAGCTCATCCGTGTCACACA"	103	99.19
"GAGCTCATAATGAGTGTACA"	103	99.19
"GAGCTCAGCATACAACAGTC"	103	99.20
"GAGCTCAGACTTACGAACTG"	103	99.21
"GAGCTCACTTCTCTCAGTTA"	103	99.21
"GAGCTCACTGCTACGTTTTG"	103	99.22
"GAGCTCACTCTCGATTCCAA"	103	99.22
"GAGCTCACCGTACATTATGA"	103	99.23
"GAGCTCACCCGTGCCCTCTA"	103	99.23
"GAGCTCACCCGCAGTTTAAC"	103	99.24
"GAGCTCAATAACATAACTGG"	103	99.25
"GAGCTCAACTAGAGTCGATT"	103	99.25
"GAGCTCAAATTATAGTCCGA"	103	99.26
"GAGCTCAAACTGGGTATATG"	103	99.26
"GAGCTCAAACGATGCAATGT"	103	99.27
"GAGCTCTGCATATGCTTTAA"	102	99.27
"GAGCTCTCCAACACATCTTT"	102	99.28
"GAGCTCTCAGTTTTACCCCA"	102	99.29
"GAGCTCTACTGGCCGATGCC"	102	99.29
"GAGCTCGTTTTCACATCTAT"	102	99.30
"GAGCTCGTCAACCATCAAAA"	102	99.30
"GAGCTCGGTGTCCGCTCCTC"	102	99.31
"GAGCTCGGTACCTGTAGCAT"	102	99.31
"GAGCTCGGGTGGTAGTCGTT"	102	99.32
"GAGCTCGGAGAGTGAGCGTG"	102	99.33
"GAGCTCGGAATGAACTGTGT"	102	99.33
"GAGCTCGCGTTATCCCGTAA"	102	99.34
"GAGCTCGCCGTGGGATAACA"	102	99.34
"GAGCTCGCACCATCGCCTAT"	102	99.35
"GAGCTCGATTGGGCTTAGCG"	102	99.35
"GAGCTCGATGATTGAGTTGG"	102	99.36
"GAGCTCGATATGCAGATACT"	102	99.37
"GAGCTCCGTTTGACCTTTAC"	102	99.37
"GAGCTCCGGTTGGGTGTGTG"	102	99.38
"GAGCTCCGCGGATGGACGAA"	102	99.38
"GAGCTCCCCTATATTCCGTT"	102	99.39
"GAGCTCCATGGAGCACTCAA"	102	99.39
"GAGCTCATTAGCACAGGGTC"	102	99.40
"GAGCTCATGACGAAGGAATA"	102	99.41
"GAGCTCAGTGTCATCCTCTC"	102	99.41
"GAGCTCAGGTCGTAGCAGGC"	102	99.42
"GAGCTCAGGCGAATAATAAC"	102	99.42
"GAGCTCAGGAGATTGATCTG"	102	99.43
"GAGCTCAGCATAAGAACTTA"	102	99.43
"GAGCTCAGAATGCATTTGAT"	102	99.44
"GAGCTCACTGCGTTACATCA"	102	99.45
"GAGCTCACTCCACATTATTG"	102	99.45
"GAGCTCACCAATTTTCCACC"	102	99.46
"GAGCTCACATCGTCATTCAG"	102	99.46
"GAGCTCACATCCAGTTATAT"	102	99.47
"GAGCTCACAATCCAAGATAA"	102	99.47
"GAGCTCAATGGGTAAAATTA"	102	99.48
"GAGCTCAATATTACGTATAA"	102	99.49
"GAGCTCAATACGCTCTAGTA"	102	99.49
"GAGCTCAATAATCCCGGTGG"	102	99.50
"GAGCTCAAGCGGACAGTGCG"	102	99.50
"GAGCTCAACGCGGGAAACCT"	102	99.51
"GAGCTCAACCAACGATTCCG"	102	99.52
"GAGCTCAACAGGCAAGTATA"	102	99.52
"GAGCTCTTTTTGTGTGGGTG"	101	99.53
"GAGCTCTTACGGCGCAAATG"	101	99.53
"GAGCTCTGTGACAAGGTAAA"	101	99.54
"GAGCTCTGCAACGGTTTTAA"	101	99.54
"GAGCTCTAATGGGGGAGGAA"	101	99.55
"GAGCTCGTTTATTAGATGGA"	101	99.55
"GAGCTCGTTGATAGCTATTG"	101	99.56
"GAGCTCGTGTGGGGAGGTGC"	101	99.57
"GAGCTCGTGGGATAGTTGGG"	101	99.57
"GAGCTCGTGGCGAGAGTGGG"	101	99.58
"GAGCTCGGGTATGAGTTATT"	101	99.58
"GAGCTCGGGCTGTCTGCCCT"	101	99.59
"GAGCTCGAATACCTAGCAAT"	101	99.59
"GAGCTCGAAAGTGCGCCCGA"	101	99.60
"GAGCTCCTGCGGTATGTTTT"	101	99.61
"GAGCTCCGCGTTGATTTACG"	101	99.61
"GAGCTCCCACCGCGCAATTA"	101	99.62
"GAGCTCCAGCCAACTACTAT"	101	99.62
"GAGCTCCAAAAAAGAATAAC"	101	99.63
"GAGCTCATTGGCGGATGAAT"	101	99.63
"GAGCTCATTAGTACACCCGG"	101	99.64
"GAGCTCATGTTGAACATCGA"	101	99.65
"GAGCTCATCCAGAATATCTC"	101	99.65
"GAGCTCATATGCTAGCAGTG"	101	99.66
"GAGCTCAGTTCAGAGAGTTC"	101	99.66
"GAGCTCAGGTGGTTGCGTGA"	101	99.67
"GAGCTCAGCGGGAACCCCAA"	101	99.67
"GAGCTCAGATGTGGAGTCTT"	101	99.68
"GAGCTCAGAGATAGGTTGCA"	101	99.69
"GAGCTCACTTGATAAACCGA"	101	99.69
"GAGCTCACTCAATGGATAGA"	101	99.70
"GAGCTCACGGTTAGGTATAG"	101	99.70
"GAGCTCACCCCTTGCCACTA"	101	99.71
"GAGCTCAATATATGCCCCAG"	101	99.71
"GAGCTCAAGTGTTGAGGATA"	101	99.72
"GAGCTCAAGCCTGAACACCC"	101	99.72
"GAGCTCAACCGGTCTAACAT"	101	99.73
"GAGCTCAACACTCTTACGCA"	101	99.74
"GAGCTCAAAACATGGTAGTG"	101	99.74
"GAGCTCTTGGATGTGTATTA"	100	99.75
"GAGCTCTTATAGGCAATCAT"	100	99.75
"GAGCTCTGTTAATGAGTATC"	100	99.76
"GAGCTCTGACCTCGTTCAGG"	100	99.76
"GAGCTCTACCATTATGAGTC"	100	99.77
"GAGCTCGTTGGATGGTTGTT"	100	99.78
"GAGCTCGTTATCACGGGATC"	100	99.78
"GAGCTCGTTACGTGGGTTAT"	100	99.79
"GAGCTCGTGCATCTTGGGTT"	100	99.79
"GAGCTCGTATTCATGTACGT"	100	99.80
"GAGCTCGGTTGCATAAGGCG"	100	99.80
"GAGCTCGGTTCTTGAATAAT"	100	99.81
"GAGCTCGGTGTTGCGTGACA"	100	99.81
"GAGCTCGCAGGGTCATTCGC"	100	99.82
"GAGCTCGCACGTGTATGTAT"	100	99.83
"GAGCTCGCACGAACATGTAC"	100	99.83
"GAGCTCGATCGAGTCCCCTA"	100	99.84
"GAGCTCGAGTGTTAAGATGA"	100	99.84
"GAGCTCGAGACCGTTCGCTT"	100	99.85
"GAGCTCCTTTTACGAACACA"	100	99.85
"GAGCTCCTGTAATCTTGCAT"	100	99.86
"GAGCTCCTGGTGCACGTAGC"	100	99.87
"GAGCTCCGTTCATCAATAAG"	100	99.87
"GAGCTCCGTAGGGCGCTGGA"	100	99.88
"GAGCTCCAGAGTAATGTGTC"	100	99.88
"GAGCTCCACAGTTTTGTTTA"	100	99.89
"GAGCTCCAAGTGGTACATAC"	100	99.89
"GAGCTCATTTCGCCATTAGT"	100	99.90
"GAGCTCATCCTGCGTTTGAT"	100	99.90
"GAGCTCATCACTTGACTAAT"	100	99.91
"GAGCTCATATGGATCGGCAG"	100	99.92
"GAGCTCATAATCACATAAAT"	100	99.92
"GAGCTCATAACACAACTAAG"	100	99.93
"GAGCTCAGGTCTACGGCCTG"	100	99.93
"GAGCTCAGACATGCAATCAC"	100	99.94
"GAGCTCACTCTATCGTGGCA"	100	99.94
"GAGCTCACTCCTCGCCGGTC"	100	99.95
"GAGCTCACCGGACGGGGTCC"	100	99.96
"GAGCTCACATACACCGCCAC"	100	99.96
"GAGCTCAATTGGGCAAGGTG"	100	99.97
"GAGCTCAATAGTTATTGGAT"	100	99.97
"GAGCTCAAGGCGTTAACCGA"	100	99.98
"GAGCTCAACTAATCACTACT"	100	99.98
"GAGCTCAACACTAAACACCT"	100	99.99
"GAGCTCAAAGATTAATTCTG"	100	99.99
"GAGCTCAAAACGTGTAGTGG"	100	100.00
