BL-8120_39_S39_L002_R1_001-Barcode	BL-8120_39_S39_L002_R1_001-Count	BL-8120_39_S39_L002_R1_001-SaturationPerc
"GAGCTCATAACACAAGGTAG"	416325	12.46
"GAGCTCAGTAGTGCGTCGCG"	211333	18.79
"GAGCTCATCGAGAGTTGTTG"	199485	24.76
"GAGCTCAGGCCCGTCTGCTA"	148871	29.22
"GAGCTCGCGATCTGTTAATG"	134508	33.25
"GAGCTCCTGGACGAAGGTGG"	126883	37.05
"GAGCTCACTGTCTACACTGC"	116972	40.55
"GAGCTCGCGTACAATGTCTA"	109626	43.83
"GAGCTCAGCATGTATGCTAT"	107170	47.04
"GAGCTCTAGATGGATGCTAG"	106917	50.24
"GAGCTCGGAACGCAATGTCT"	104914	53.38
"GAGCTCGGTGCTATGCCTAG"	104299	56.51
"GAGCTCACCCGTCTTCGCCG"	95747	59.37
"GAGCTCAAGTAAAGGCTGAG"	81890	61.82
"GAGCTCAAAGAAATGACTGA"	71263	63.96
"GAGCTCAGTACTTACAGGCT"	67051	65.96
"GAGCTCGGTTTGGCATCTTT"	66355	67.95
"GAGCTCTCCCTGCGTTGACG"	64885	69.89
"GAGCTCCATCAGGGGAGGCC"	60677	71.71
"GAGCTCCACAGCCCTGTTGT"	58806	73.47
"GAGCTCGTTCCGTCTTTAGT"	56348	75.16
"GAGCTCCACTAATACCCTGG"	52993	76.75
"GAGCTCTCCGCCCTGTTCAA"	52465	78.32
"GAGCTCAGAGGACATCTGTG"	50962	79.84
"GAGCTCTTCGCCAGCACCCT"	48401	81.29
"GAGCTCATAGCCTTTTGTAG"	48042	82.73
"GAGCTCTTAGCGCGTGGTTC"	46787	84.13
"GAGCTCGCGCCGAATCATTC"	40849	85.35
"GAGCTCTTACAGGTGATTGC"	40070	86.55
"GAGCTCTCCTGATCTGCTCT"	37992	87.69
"GAGCTCGTCATATTGCATCA"	34852	88.73
"GAGCTCTGTGAGGTCTCTGT"	31028	89.66
"GAGCTCTATACTGTCTTCGT"	30429	90.57
"GAGCTCAGATATAACTAAGG"	29315	91.45
"GAGCTCCTGGTTTGGAGGCT"	28589	92.31
"GAGCTCTTTCCGCAGCGACA"	27567	93.13
"GAGCTCGTCATTTACTGTTG"	27111	93.94
"GAGCTCTCATTGGTCTTTTC"	25729	94.71
"GAGCTCGTTTCGTTCCTCAT"	25037	95.46
"GAGCTCCTACGTTTATTTGT"	17841	96.00
"GAGCTCCATATTTACTAGTT"	16526	96.49
"GAGCTCCCGAAGACTTGAGG"	15278	96.95
"GAGCTCTCTTTTACGTTCCA"	14991	97.40
"GAGCTCACTCGTTGGTATAC"	11211	97.74
"GAGCTCGCATGTACTTGCAG"	7222	97.95
"GAGCTCATGATGCCGTGTTA"	5975	98.13
"GAGCTCGTACCTGTTCGTCT"	5901	98.31
"GAGCTCATTTACCTATGTGT"	2174	98.37
"GAGCTCTCCAGCAGTGCTGC"	1647	98.42
"GAGCTCAAAACACAATGAAG"	1340	98.46
"GAGCTCTATTGGCATTTGAA"	1190	98.50
"GAGCTCAAGCACAAACCGTA"	1109	98.53
"GAGCTCCACATAGGGTAATC"	1108	98.56
"GAGCTCACATGTTAAGTGAG"	1105	98.60
"GAGCTCCTAATAATGGACAG"	894	98.62
"GAGCTCCCGGCTCTAGTTAT"	859	98.65
"GAGCTCGGCTGGTGTATAAG"	857	98.67
"GAGCTCTTCCGAACGGCATA"	844	98.70
"GAGCTCATAAAAAAATGTAG"	648	98.72
"GAGCTCAATATATGTATTGA"	639	98.74
"GAGCTCAGACAAAGGGTTTG"	632	98.76
"GAGCTCTAGTAGGGTCATTT"	626	98.78
"GAGCTCTGCGGCGCCGCATA"	617	98.79
"GAGCTCGCTATACGTCCACT"	581	98.81
"GAGCTCGATTCATCTTAGTC"	528	98.83
"GAGCTCAGAGGTTAATAGTA"	522	98.84
"GAGCTCTTGGCCTAGGTGCC"	514	98.86
"GAGCTCCAGAATAAAAGTGA"	492	98.87
"GAGCTCGTACTTACAACTGA"	487	98.89
"GAGCTCAGACAGATCCATAC"	484	98.90
"GAGCTCTTAAGCTAGGTGGC"	481	98.92
"GAGCTCCACCATGCGTTACT"	481	98.93
"GAGCTCAATTCGACGGCTTG"	472	98.95
"GAGCTCAAAACAAAATATAC"	469	98.96
"GAGCTCATAAAACAAGTAAG"	462	98.97
"GAGCTCCGTTAGTTTTACGC"	456	98.99
"GAGCTCACACGACATTACAT"	453	99.00
"GAGCTCATACGTGTATCGTG"	449	99.01
"GAGCTCTAGTCGGTTAGTTA"	441	99.03
"GAGCTCTATGGCGGAACTGC"	434	99.04
"GAGCTCTAAAGCGAGGTAAA"	432	99.05
"GAGCTCTGCTGGCGGATTTT"	425	99.07
"GAGCTCTTAACCCGTTGTTA"	419	99.08
"GAGCTCATGACTGTTATGGT"	403	99.09
"GAGCTCTCCATCGGATCTCG"	393	99.10
"GAGCTCGCCATGGTTTTTAT"	389	99.11
"GAGCTCTGTTCACGGATAGT"	388	99.13
"GAGCTCCTGGATTGAAAATC"	384	99.14
"GAGCTCTAGTATGTGCGTCA"	371	99.15
"GAGCTCAGTGCAAAAAACTT"	364	99.16
"GAGCTCGTGTACTAGTGCTA"	362	99.17
"GAGCTCACAGATTATGTGCG"	361	99.18
"GAGCTCGAGCTACGTAAAAA"	350	99.19
"GAGCTCCCTCATTGAAAATC"	350	99.20
"GAGCTCATTGTAGTCTGCCG"	345	99.21
"GAGCTCGCGAATGTTGTGCG"	333	99.22
"GAGCTCATCTACTGTTAGGT"	326	99.23
"GAGCTCCCAAATCAGGTGTA"	311	99.24
"GAGCTCCTCCTACCAATCAT"	303	99.25
"GAGCTCGGAATTAATTAGAT"	300	99.26
"GAGCTCGGGATAGTTTATTG"	299	99.27
"GAGCTCAAAGTCGGTTCTCG"	298	99.28
"GAGCTCAAAACACAAGTTAT"	297	99.29
"GAGCTCATACGTTGTGTCAT"	295	99.29
"GAGCTCAAAAAACAAGCTAG"	292	99.30
"GAGCTCTGGGTAGGGGGACA"	284	99.31
"GAGCTCAGCAAGAAAGCTAT"	280	99.32
"GAGCTCGAGAACAGTTAATG"	277	99.33
"GAGCTCATCGAGAGAAGATG"	274	99.34
"GAGCTCCTGTTTCAAGTGTG"	265	99.34
"GAGCTCAATGACAACACTGC"	255	99.35
"GAGCTCGGCGTGTCTCGGTT"	254	99.36
"GAGCTCGGATGTTCTGGATA"	254	99.37
"GAGCTCAGTAGTGCTACTCG"	251	99.38
"GAGCTCTTCAAGCGCATCGT"	244	99.38
"GAGCTCGGTTCGTTTTGGGA"	244	99.39
"GAGCTCAACTAGAGTTGATG"	243	99.40
"GAGCTCATAACACAAAGAAT"	242	99.40
"GAGCTCATAACACAACGTCT"	236	99.41
"GAGCTCTGGTTAGGGCGTAG"	235	99.42
"GAGCTCGGGGATACAAAACG"	235	99.43
"GAGCTCAGTGTGTCGGAATG"	235	99.43
"GAGCTCGATGTCCCTCAGAA"	233	99.44
"GAGCTCCGATTGCAAAATTT"	227	99.45
"GAGCTCGCGATAAGTTAAAG"	225	99.45
"GAGCTCCCACTAAATCTCTA"	225	99.46
"GAGCTCGAACGAATTTTATA"	217	99.47
"GAGCTCGTACAAGGAACGGC"	211	99.47
"GAGCTCATGTGCCCTCGCCC"	208	99.48
"GAGCTCATATTAGAGAATGG"	208	99.48
"GAGCTCATAACAAAAGAAAG"	206	99.49
"GAGCTCGATAGTTAATTAAA"	204	99.50
"GAGCTCATAGAGAGATGTAG"	204	99.50
"GAGCTCATCCACGGCTTTAG"	203	99.51
"GAGCTCATCAATTAGCTCCC"	200	99.52
"GAGCTCTAACCGCTAGGGAA"	199	99.52
"GAGCTCATTAGGCTCTCTAG"	198	99.53
"GAGCTCAAATAAAAGACAGA"	198	99.53
"GAGCTCGCGAAAAATGTCAA"	195	99.54
"GAGCTCACTAGTTCGTCTCG"	194	99.54
"GAGCTCTTTCTGGCGATAGA"	191	99.55
"GAGCTCAATCTTATGACAAG"	191	99.56
"GAGCTCAAGAAAAGGATTAG"	191	99.56
"GAGCTCTTTACCCGGCTACA"	190	99.57
"GAGCTCTGTTTTAGTGCGAG"	189	99.57
"GAGCTCCCTCTCCGCACGTA"	188	99.58
"GAGCTCCATCGCTAATTATG"	188	99.58
"GAGCTCACTGCGATACTAGT"	188	99.59
"GAGCTCCCAAGGCGGTTGTT"	186	99.60
"GAGCTCGACATATTCAGCAT"	183	99.60
"GAGCTCAACATTCTGGTATT"	177	99.61
"GAGCTCGCGAACAATTAATA"	176	99.61
"GAGCTCAGTGTGTAGGGCTC"	174	99.62
"GAGCTCTATGTCACGAGTTA"	173	99.62
"GAGCTCCGTGCCTATTTTGC"	172	99.63
"GAGCTCATAAAAAAAGCTAT"	172	99.63
"GAGCTCTGACTGGAGAAAGG"	171	99.64
"GAGCTCGTAAGTCCATTTTT"	171	99.64
"GAGCTCCGTCAACCATTTAT"	171	99.65
"GAGCTCAGTATTGCGTCTAG"	168	99.65
"GAGCTCAGTAGAGAGACGCG"	166	99.66
"GAGCTCGTGGTGGTTACCCC"	163	99.66
"GAGCTCAATCGCATCTCATA"	162	99.67
"GAGCTCGGTATGTCATCTTA"	159	99.67
"GAGCTCCCGCGAATGGTAAA"	157	99.68
"GAGCTCGGTCTTTAATTGAA"	156	99.68
"GAGCTCGATTGCTATCGCTT"	155	99.69
"GAGCTCGTGGAGGGACATTG"	154	99.69
"GAGCTCAGGCCCGTAAGATA"	153	99.70
"GAGCTCTGTCGATTCCGTTG"	152	99.70
"GAGCTCACTGTCAACACAGA"	152	99.70
"GAGCTCGGAACGCAAAGAAT"	151	99.71
"GAGCTCGCGAACAAAGACTA"	147	99.71
"GAGCTCATTACTAACAGTCT"	145	99.72
"GAGCTCTTATCACAGAGAAA"	143	99.72
"GAGCTCCAGTACGAAGGAGG"	143	99.73
"GAGCTCGAAGTTGAGCTCCC"	142	99.73
"GAGCTCAAAGAAATTAATTA"	141	99.74
"GAGCTCAAAAAAAAATAAAG"	141	99.74
"GAGCTCAACGATCAGAAAAG"	140	99.74
"GAGCTCCGCCTACACGAGAC"	139	99.75
"GAGCTCGTTTCCTCAGCCCG"	138	99.75
"GAGCTCAGGCCCGACAGCAA"	137	99.76
"GAGCTCAGGAAAAAATTATT"	137	99.76
"GAGCTCACCGTCCAGCATTT"	137	99.76
"GAGCTCTTTCACTAGCTAAG"	136	99.77
"GAGCTCTACTCGTAGATTAA"	136	99.77
"GAGCTCGGTATATTACGCGG"	136	99.78
"GAGCTCAGTAGAGCGTAGAG"	136	99.78
"GAGCTCTATCATATAACGAT"	135	99.78
"GAGCTCGATATTTACGGGAT"	135	99.79
"GAGCTCATCGATAGTAGTAG"	135	99.79
"GAGCTCTAATAACTGGTCAG"	132	99.80
"GAGCTCAAGACCACTTGACA"	131	99.80
"GAGCTCATATTCATAGTAAC"	130	99.80
"GAGCTCTTATTCACGATAGT"	128	99.81
"GAGCTCAGAAGTGCTTCGAG"	128	99.81
"GAGCTCGTCATTGCTTTTGA"	126	99.82
"GAGCTCCTCAAAAAATATCG"	125	99.82
"GAGCTCACGATTAGAAAATG"	125	99.82
"GAGCTCGCATAAAATTTCAA"	124	99.83
"GAGCTCATAACAAAACCTAG"	123	99.83
"GAGCTCGTTTCGGCTTGACA"	122	99.83
"GAGCTCGTGCCGGGTATATG"	122	99.84
"GAGCTCATCATGAATGCTAA"	122	99.84
"GAGCTCTAGCAGTATGTCGT"	121	99.85
"GAGCTCGGTTCTAAGCCAAG"	121	99.85
"GAGCTCGATGATTCTATTAC"	121	99.85
"GAGCTCTAGTATTGTTACCG"	120	99.86
"GAGCTCATATCCAAATTTAA"	119	99.86
"GAGCTCATAGCCAAATGTAG"	119	99.86
"GAGCTCGATCCGTCTTAAGA"	118	99.87
"GAGCTCTCCATTTAATCTCA"	117	99.87
"GAGCTCGTAACTCAAAGTCT"	117	99.87
"GAGCTCGGAACTAAATGTCA"	117	99.88
"GAGCTCGGAAGTGCAGAAAA"	116	99.88
"GAGCTCACTTTATACACAGC"	116	99.88
"GAGCTCAAAGATAGTTGTTG"	116	99.89
"GAGCTCGCAACTCAATGACT"	115	99.89
"GAGCTCGCAAATAATCTGGC"	114	99.89
"GAGCTCAAGCCTGAACACCC"	114	99.90
"GAGCTCGTCCAGACCACGTT"	113	99.90
"GAGCTCGGGCCCTCGTTAGG"	113	99.90
"GAGCTCATAATTATTTATGT"	113	99.91
"GAGCTCACCCGACAACGCCG"	112	99.91
"GAGCTCTGCAAGCCTGTCAA"	111	99.91
"GAGCTCGGAAAGCAATGTAA"	111	99.92
"GAGCTCGCGAACTGTAAATT"	111	99.92
"GAGCTCTGTAGATGAAATTG"	110	99.92
"GAGCTCATCCTCAGGAATGG"	110	99.93
"GAGCTCAAATCGTTTTTGTC"	110	99.93
"GAGCTCAAAACAAAAGGTAA"	110	99.93
"GAGCTCGACGGATTCGGGCT"	109	99.94
"GAGCTCGTACACAGAAACGA"	108	99.94
"GAGCTCCTCACCTTGCTTTA"	108	99.94
"GAGCTCATAAAAAGTATATT"	107	99.95
"GAGCTCTTCATTCACATTAC"	106	99.95
"GAGCTCTAGCCGTTAGATCA"	106	99.95
"GAGCTCTAAGAAAGCTTCTA"	106	99.96
"GAGCTCGTATCAAAATTAGT"	106	99.96
"GAGCTCATAACACAATCTCG"	106	99.96
"GAGCTCTCTCATAGTACTTG"	105	99.97
"GAGCTCACCGCATTGTTCGA"	104	99.97
"GAGCTCATCGAGAGTAGTGT"	103	99.97
"GAGCTCATCCGTATTACTCT"	103	99.98
"GAGCTCATAAGTGAGTCGCG"	103	99.98
"GAGCTCAGGCCATTCTGATA"	103	99.98
"GAGCTCACCCGTATTAGACG"	103	99.98
"GAGCTCGTCAAAAAGCATCA"	102	99.99
"GAGCTCACTAAATACCAAGT"	101	99.99
"GAGCTCTGAGATTGCAAGTC"	100	99.99
"GAGCTCTAGATTTATTCTAG"	100	100.00
"GAGCTCCACTAAAACACAGG"	100	100.00
