BL-8120_44_S44_L002_R1_001-Barcode	BL-8120_44_S44_L002_R1_001-Count	BL-8120_44_S44_L002_R1_001-SaturationPerc
"GAGCTCATAACACAAGGTAG"	255100	6.75
"GAGCTCATCGAGAGTTGTTG"	160184	10.99
"GAGCTCAGTAGTGCGTCGCG"	130831	14.45
"GAGCTCAGCACCCCAAGGGG"	74281	16.42
"GAGCTCGAACACTGTGACTA"	53826	17.84
"GAGCTCGTGTTGTTACAAGT"	48588	19.13
"GAGCTCATGATGCCGTGTTA"	47490	20.39
"GAGCTCGGGGCAGCTAGGTG"	47207	21.64
"GAGCTCATGTGCATAACGTC"	46908	22.88
"GAGCTCGCGATCTGTTAATG"	46203	24.10
"GAGCTCTGTGAGGTCTCTGT"	33891	25.00
"GAGCTCGGCGGGCCCCTATT"	30536	25.81
"GAGCTCGCGACGTGTTACCA"	30507	26.61
"GAGCTCGTTCATGCTTTTGC"	28736	27.37
"GAGCTCGGGCAAAAGTGCAT"	28245	28.12
"GAGCTCACTAGGATACAGCT"	26369	28.82
"GAGCTCACGGTTAGGTATAG"	25390	29.49
"GAGCTCACTGTGACATTCCA"	24754	30.15
"GAGCTCGTCACCCCGAAATG"	22849	30.75
"GAGCTCTTCGCCAGCACCCT"	22400	31.34
"GAGCTCGAGAGACAGTCGCT"	22371	31.94
"GAGCTCTTGCTCTGTGCTAT"	22318	32.53
"GAGCTCGCAAATAATCTGGC"	20497	33.07
"GAGCTCTAAGAGGCCAGGTA"	19519	33.59
"GAGCTCGCCTGAAGACGTCA"	19358	34.10
"GAGCTCAATTCTAGTGAATT"	19254	34.61
"GAGCTCTGTCCAAAGGATGT"	17622	35.07
"GAGCTCGGATATCATCGTGG"	17120	35.53
"GAGCTCGTTTCGTTCCTCAT"	16578	35.97
"GAGCTCGGGGGGTCGTAATG"	15462	36.38
"GAGCTCGGGTATTTACTCAC"	15439	36.78
"GAGCTCGCTGATAGACCATA"	14880	37.18
"GAGCTCCGTGCCTATTTTGC"	14616	37.56
"GAGCTCTCTGGGAGTCCCAC"	14083	37.94
"GAGCTCCTGGTTTGGAGGCT"	13985	38.31
"GAGCTCGGACTACTTAGCTG"	13979	38.68
"GAGCTCGGGGTTGCCTGCTC"	13896	39.04
"GAGCTCGGGCTATAGATTCG"	13872	39.41
"GAGCTCGGAACGCAATGTCT"	13801	39.78
"GAGCTCGTTGCGGTTCCTCG"	12989	40.12
"GAGCTCAATTTAGGGTGTCG"	12984	40.46
"GAGCTCAGTGTGTGGCCTGG"	12943	40.81
"GAGCTCGGATCGTTCCCGTA"	12871	41.15
"GAGCTCAAGAAAGGGCCGCA"	12604	41.48
"GAGCTCATTCGCTGAGTGGA"	12593	41.81
"GAGCTCGGAGTTTTGATTTC"	12470	42.14
"GAGCTCGTGGGACGCTAAGT"	12314	42.47
"GAGCTCAGCCATATGTTTGA"	12171	42.79
"GAGCTCGACATAACTTCCTC"	11798	43.11
"GAGCTCGTGTACAAGCAAAT"	11366	43.41
"GAGCTCCCGTATAATGTGTC"	11306	43.71
"GAGCTCGTGAAGCCTCTGCC"	11251	44.00
"GAGCTCTGCGGTGCCACGCC"	11195	44.30
"GAGCTCGGTGAGCACTTCAC"	10865	44.59
"GAGCTCCTGTGCGGTATCCG"	10719	44.87
"GAGCTCCGTCCATCAGGGGC"	10710	45.15
"GAGCTCGTGCTGGCGTTGAA"	10648	45.44
"GAGCTCGGTAAAGACTCGGA"	10176	45.71
"GAGCTCGATACGACTGTTGA"	10066	45.97
"GAGCTCTAGCCGGGTTTGGT"	9825	46.23
"GAGCTCCATATTGAATTTCG"	9636	46.49
"GAGCTCGTATCAAAATTAGT"	9609	46.74
"GAGCTCAAGTCAATCATATG"	9587	46.99
"GAGCTCATTTCGCCATTAGT"	9490	47.25
"GAGCTCATGCCGTTATGTGG"	9425	47.50
"GAGCTCTTACAGGTGATTGC"	9334	47.74
"GAGCTCACGTGTTACAGTGT"	9296	47.99
"GAGCTCGGAAGCCGAGTGCC"	9272	48.23
"GAGCTCCCACTAAATCTCTA"	9213	48.48
"GAGCTCAGCGGAGTAGGCAG"	9194	48.72
"GAGCTCCTGCTGTGTTTACA"	9158	48.96
"GAGCTCAGTACTTACAGGCT"	9011	49.20
"GAGCTCTGTGGGGAAACATT"	8956	49.44
"GAGCTCGGGATAGGGCGTGT"	8895	49.67
"GAGCTCAAATCAGGTTGGCC"	8792	49.91
"GAGCTCGTCTCTTTATTCAG"	8781	50.14
"GAGCTCTACGCTGGATTGCT"	8710	50.37
"GAGCTCTGAGGCTCTCTGGG"	8442	50.59
"GAGCTCACTTCGGGGTTGAA"	8436	50.82
"GAGCTCAGTGAGCGGGTCGC"	8401	51.04
"GAGCTCCAGTGGACAAGTGG"	8205	51.26
"GAGCTCAGTCGGGCTGGTTG"	8160	51.47
"GAGCTCTAGCAAACTCGCAA"	8149	51.69
"GAGCTCATGCTGTGTTGCTC"	8047	51.90
"GAGCTCTCCCTGCGTTGACG"	7818	52.11
"GAGCTCGATCCAGTCCAGTC"	7817	52.31
"GAGCTCGATGAGGGTTGCGC"	7797	52.52
"GAGCTCGTGCTTTGTGGAGT"	7754	52.73
"GAGCTCGGGCAGTACGTCTT"	7720	52.93
"GAGCTCAGTGGGGTAGGAGA"	7717	53.13
"GAGCTCAATGCCCGGGACGG"	7649	53.34
"GAGCTCATGTCCGCGGTGCG"	7633	53.54
"GAGCTCGTGCGCGACCAGCT"	7631	53.74
"GAGCTCAATCAAGCAATTTG"	7537	53.94
"GAGCTCACGTAGATTGAACT"	7369	54.14
"GAGCTCACCCTCCCGGAGTC"	7360	54.33
"GAGCTCGTCGTGAGTACATG"	7219	54.52
"GAGCTCGTGTTGTGTCTGTC"	7168	54.71
"GAGCTCGCAAGAGGGCGATA"	7146	54.90
"GAGCTCGGAAGCGCTGGATC"	7110	55.09
"GAGCTCTGCGTTCGAAAGGC"	7096	55.28
"GAGCTCTACATTGCGATTTA"	7095	55.46
"GAGCTCCCTAGGACCGTTCT"	7083	55.65
"GAGCTCTGACCGCTTATGAA"	7056	55.84
"GAGCTCGAAGTGTAACGGGC"	7010	56.02
"GAGCTCACGGTGCGTTATAG"	7001	56.21
"GAGCTCATGGCACATGCTAT"	7000	56.39
"GAGCTCCGCAGCAACTACGT"	6989	56.58
"GAGCTCTAACGGTTGGGGGA"	6907	56.76
"GAGCTCGCTACACAACTGCC"	6880	56.94
"GAGCTCTGTCATCCTTGGAG"	6867	57.13
"GAGCTCACAAGAGTGCCCTC"	6865	57.31
"GAGCTCACGACCTGGTCGCG"	6845	57.49
"GAGCTCATGGACTACGGCAG"	6843	57.67
"GAGCTCGTGTTGAGTAAGCT"	6830	57.85
"GAGCTCATGGTAAGGATCAC"	6821	58.03
"GAGCTCCTGGACGAAGGTGG"	6817	58.21
"GAGCTCATGGGACTAGATCG"	6771	58.39
"GAGCTCGGGTCCTGCGGCTG"	6765	58.57
"GAGCTCTGATAGGGTGATAC"	6733	58.75
"GAGCTCCGCTTGGCGACAAC"	6731	58.93
"GAGCTCGACAGTCCAGATCA"	6728	59.10
"GAGCTCAGTCACGGCCTTGA"	6694	59.28
"GAGCTCGAGTGATACGGTTT"	6688	59.46
"GAGCTCAAGGCTGTCCAGGC"	6674	59.63
"GAGCTCACTCCCGGAACAAC"	6665	59.81
"GAGCTCAGAGGACATCTGTG"	6648	59.99
"GAGCTCGGCGGGCTAAAAGC"	6542	60.16
"GAGCTCATACCCGTACCTCC"	6464	60.33
"GAGCTCGACTCCTGCATCTG"	6432	60.50
"GAGCTCAGACATGGGGGGTT"	6423	60.67
"GAGCTCGTCCTGATTCCCCG"	6376	60.84
"GAGCTCGAACTACAACATCC"	6365	61.01
"GAGCTCGCTTATTGTATGCC"	6350	61.18
"GAGCTCGACAGGTAATAGGA"	6325	61.34
"GAGCTCATGCTGGCATTTAT"	6319	61.51
"GAGCTCGTACGATGCTATAG"	6316	61.68
"GAGCTCGAGTGCCTTCATGT"	6311	61.85
"GAGCTCGTATGGGTTGATGC"	6300	62.01
"GAGCTCGATGATTGAGTTGG"	6292	62.18
"GAGCTCCGATGGTAGTAAAT"	6284	62.35
"GAGCTCACCCGTCTTCGCCG"	6235	62.51
"GAGCTCGAAGGTCGTGGGTT"	6224	62.68
"GAGCTCGCGACAAATGTTGC"	6216	62.84
"GAGCTCGGTGGTCTGCTAGG"	6168	63.00
"GAGCTCGAATTGCCGATGGC"	6161	63.17
"GAGCTCATTTACTCCTTTAG"	6158	63.33
"GAGCTCATTGCTCGGAATCT"	6145	63.49
"GAGCTCGCGGGAAAGTGAGT"	6102	63.65
"GAGCTCGAGTTGGTTTGTTC"	6078	63.81
"GAGCTCGTAGGAGAATACAG"	6077	63.97
"GAGCTCCTACGTTTATTTGT"	6070	64.14
"GAGCTCTTAGCGCGTGGTTC"	6062	64.30
"GAGCTCAGTTGCCGGAATAT"	6052	64.46
"GAGCTCGGTCCCTCTCGGCT"	6032	64.62
"GAGCTCCCCTAGGCTCCCTG"	6020	64.77
"GAGCTCTTTCCGCAGCGACA"	6014	64.93
"GAGCTCGAGTGATATTTTCC"	6001	65.09
"GAGCTCACTGCCCTCCCTTT"	5983	65.25
"GAGCTCGCCTAGATCGGGAT"	5982	65.41
"GAGCTCAGCAGAGATTCCTC"	5952	65.57
"GAGCTCTGTTGGGCGTGATT"	5950	65.72
"GAGCTCGTGATGCAATTAAG"	5950	65.88
"GAGCTCGTAAGCCCATTGTG"	5924	66.04
"GAGCTCAGGTAGGTTAAGTC"	5908	66.20
"GAGCTCAAAACGTGTAGTGG"	5894	66.35
"GAGCTCAATTGGAAGACCCG"	5853	66.51
"GAGCTCGTGGTTCAGATCGA"	5831	66.66
"GAGCTCATCCTCTAGGAGAT"	5810	66.81
"GAGCTCATCAGGCTGGTAGA"	5786	66.97
"GAGCTCGGGCTCGTCCGCCG"	5775	67.12
"GAGCTCGGAAAGCACGTAGA"	5755	67.27
"GAGCTCGCTTACTGCTGCCT"	5692	67.42
"GAGCTCCACATCGTTTATTC"	5690	67.57
"GAGCTCGCGGTTTGTGTTTG"	5674	67.72
"GAGCTCAAAGGTGCCGCTAC"	5652	67.87
"GAGCTCGCTTAAATCTAGTA"	5616	68.02
"GAGCTCAAGTCTATGCAAAG"	5608	68.17
"GAGCTCTGTTTTTCCGTTAG"	5598	68.32
"GAGCTCTGGGTTACTCTCAA"	5593	68.47
"GAGCTCACGAAAGGTGTAGA"	5587	68.61
"GAGCTCGGAGATCAGTTCGG"	5580	68.76
"GAGCTCATGTCAACGTTAGG"	5571	68.91
"GAGCTCTACGGTAAAAGCTA"	5564	69.06
"GAGCTCGGCTGAAGCCTGTG"	5553	69.20
"GAGCTCGGGTCTTAGGGGGA"	5527	69.35
"GAGCTCGCTAGGGCTCACTA"	5517	69.50
"GAGCTCACGAGTAATACTAA"	5483	69.64
"GAGCTCAAGCTCTCTCCATC"	5480	69.79
"GAGCTCAGGTAAGTTAGCAA"	5479	69.93
"GAGCTCACTGGCAGCGCCGC"	5452	70.08
"GAGCTCTGAGTGCGGGTACG"	5415	70.22
"GAGCTCAGTGCAAAAAACTT"	5399	70.36
"GAGCTCGGCAGCTTAATGGT"	5394	70.50
"GAGCTCGATGTAAATAGGAG"	5393	70.65
"GAGCTCATATTACTCCGGGT"	5393	70.79
"GAGCTCAGGGAGTTCGCCAT"	5292	70.93
"GAGCTCGGGACCTCCAGAGC"	5289	71.07
"GAGCTCGTCTGAGAGTTTTG"	5280	71.21
"GAGCTCGTCGCTGCTTTTAT"	5266	71.35
"GAGCTCTCTTGACCCAGGTG"	5236	71.49
"GAGCTCCGGCGCGGACTGGG"	5227	71.63
"GAGCTCATAGCCTTTTGTAG"	5138	71.76
"GAGCTCCGAGTGCAGCATCG"	5128	71.90
"GAGCTCATGAGGTCTGCGAG"	5125	72.03
"GAGCTCTGTGCCGGTTAAGT"	5124	72.17
"GAGCTCACTAGGGTATTTCA"	5121	72.30
"GAGCTCGAGATTACGGGTAG"	5120	72.44
"GAGCTCTTTGCTGTGCACAG"	5091	72.57
"GAGCTCGGGTATTATCCTCT"	5091	72.71
"GAGCTCAGGAACGTCCATTT"	5085	72.84
"GAGCTCGGGTATTTCGCCAT"	5015	72.98
"GAGCTCACTCGGTTGGGCCA"	4988	73.11
"GAGCTCAGGAGTTCGTGTAC"	4957	73.24
"GAGCTCAATCAGTCCGTTTA"	4947	73.37
"GAGCTCATGCCAATTCCAAT"	4893	73.50
"GAGCTCAATCAAGTATTCTG"	4893	73.63
"GAGCTCACGTGACTATTTAT"	4869	73.76
"GAGCTCATCAAGTCGACCAA"	4862	73.89
"GAGCTCTGGCAAAGAGGCGA"	4842	74.02
"GAGCTCGCTAAACTTAACGC"	4830	74.14
"GAGCTCGATTCGATAGAAGT"	4822	74.27
"GAGCTCGATTAACTATGTGT"	4819	74.40
"GAGCTCAACCTTCGGGATAT"	4809	74.53
"GAGCTCCGGATGGGGTCTTC"	4792	74.65
"GAGCTCGTCATTTACTGTTG"	4761	74.78
"GAGCTCAATGTTCCCAAAGC"	4753	74.90
"GAGCTCTGGACTGGAGTCTA"	4736	75.03
"GAGCTCGCCATTTTGGTCCT"	4703	75.15
"GAGCTCAAACTAGGCCAAGA"	4661	75.28
"GAGCTCGTTTAATCAAATGT"	4652	75.40
"GAGCTCACGTTAGATTTCGT"	4616	75.52
"GAGCTCATTAATGGCCCGCG"	4615	75.65
"GAGCTCGGAAGGCTCGATTT"	4590	75.77
"GAGCTCACTCTCTGTGTGAG"	4578	75.89
"GAGCTCATAATCCGAGTGCT"	4537	76.01
"GAGCTCAAGCTTGGAGCTTG"	4536	76.13
"GAGCTCACGTTATAATCTAG"	4532	76.25
"GAGCTCCTCAGGACCTTTTA"	4506	76.37
"GAGCTCCAGATACTCGGACA"	4500	76.49
"GAGCTCGTCGCATCCAATTA"	4483	76.61
"GAGCTCATCGGTCTTGGTGA"	4483	76.72
"GAGCTCGCCTATTCCTTATT"	4481	76.84
"GAGCTCACTTGGCTGGGATT"	4461	76.96
"GAGCTCAACCCGACCAGAAA"	4437	77.08
"GAGCTCTGGCCCTAGGGGAT"	4433	77.20
"GAGCTCTCTGCTATTGCTCC"	4432	77.31
"GAGCTCGTAGGATCTGAGAG"	4425	77.43
"GAGCTCGTCTTTTGCATGGT"	4421	77.55
"GAGCTCTTCGTGCACTGTGG"	4415	77.66
"GAGCTCAACTGAATATCAGT"	4408	77.78
"GAGCTCGGATTTGCAGGGAA"	4404	77.90
"GAGCTCACCCATCTGTATAA"	4334	78.01
"GAGCTCTAGTGCAACCCTTG"	4323	78.13
"GAGCTCATGATTGTCTCGGA"	4315	78.24
"GAGCTCGAATTGACCTGGTC"	4309	78.35
"GAGCTCGTTCCGTGAAAAGT"	4293	78.47
"GAGCTCACGCTACTTGAATT"	4267	78.58
"GAGCTCCGTCCGAACGTCGG"	4260	78.69
"GAGCTCATCTTACCGGAAGG"	4230	78.81
"GAGCTCTAGGTGGGTTGGTC"	4204	78.92
"GAGCTCAACCCCAATAAAAA"	4201	79.03
"GAGCTCTGTGGACCGATAGA"	4193	79.14
"GAGCTCTATGAGGCTGAGCG"	4151	79.25
"GAGCTCACTGCTAGAAATTT"	4128	79.36
"GAGCTCCGTACGGCCCATTC"	4118	79.47
"GAGCTCACGATAAAATCAGC"	4111	79.58
"GAGCTCGTTTAGCGTCGACA"	4092	79.68
"GAGCTCGTTCCATGATAGAG"	4076	79.79
"GAGCTCTGCCATATCTGGTC"	4063	79.90
"GAGCTCTGAGGGTGAATTGA"	4034	80.01
"GAGCTCTGGACATGTAATAT"	4031	80.11
"GAGCTCTGATGGGCTTAGCA"	4026	80.22
"GAGCTCTGAGCCACCTTTGC"	4024	80.33
"GAGCTCCTAGGTAGAGCTTA"	4013	80.43
"GAGCTCTTGCGGCGGTCCAC"	4007	80.54
"GAGCTCCACAAGGACTCGGC"	3991	80.64
"GAGCTCCAATGCTTGGGTTT"	3983	80.75
"GAGCTCAGATATATTCATTT"	3983	80.85
"GAGCTCAAAACTCGAGCTGG"	3961	80.96
"GAGCTCCGCAAGAGCTTTGA"	3960	81.06
"GAGCTCGGTGTGGGCCTTAG"	3948	81.17
"GAGCTCGTACTTACTTATCT"	3910	81.27
"GAGCTCGTCCTTTGTTCAAT"	3908	81.38
"GAGCTCATTTCTATATCATA"	3904	81.48
"GAGCTCACTTTTATTAGATG"	3884	81.58
"GAGCTCACTCGTTGGTATAC"	3883	81.68
"GAGCTCCGGGGAAAATTGCT"	3827	81.79
"GAGCTCACTCTTGCATTGAC"	3816	81.89
"GAGCTCGGCTTTTGTATCTG"	3772	81.99
"GAGCTCGGGGTCCCTAAAAG"	3765	82.09
"GAGCTCTGTTGTGGAGAGGT"	3715	82.18
"GAGCTCCGCCATAATAGGTA"	3712	82.28
"GAGCTCCACACTTGGCCATG"	3707	82.38
"GAGCTCAAGATTACCGTGTT"	3686	82.48
"GAGCTCCAACCTGCGTTGGG"	3678	82.58
"GAGCTCCGTACACTGTAATA"	3674	82.67
"GAGCTCGGCGGTTTGTAGAT"	3635	82.77
"GAGCTCGTTTACACGTAGAT"	3632	82.87
"GAGCTCCATTATCGAATAAG"	3630	82.96
"GAGCTCAGATTATAGAAGCA"	3607	83.06
"GAGCTCGGGTAGCACCTCGG"	3593	83.15
"GAGCTCACTCAAGTTTTTAC"	3586	83.25
"GAGCTCTATGACAGGAATCT"	3581	83.34
"GAGCTCGTTCGCTTTGTGCT"	3580	83.44
"GAGCTCATTTCATCTCTCGA"	3558	83.53
"GAGCTCTGGTCTACGTTGTT"	3557	83.62
"GAGCTCCCAACGGTATCCTC"	3534	83.72
"GAGCTCAAGGTTTCGGATGG"	3530	83.81
"GAGCTCAAAAGAGTTCATTG"	3496	83.90
"GAGCTCCGTGTGTCGGAGCA"	3485	84.00
"GAGCTCCCCGCTGGTTGTTA"	3462	84.09
"GAGCTCCCCAAGTGGCCTGT"	3462	84.18
"GAGCTCTTCGCACCTAATGG"	3448	84.27
"GAGCTCCACGCCTTGTTCAA"	3442	84.36
"GAGCTCAGTTTCAAGCACAA"	3432	84.45
"GAGCTCTGTGCTCGGTTTTT"	3426	84.54
"GAGCTCATTGCTCTAACAAG"	3406	84.63
"GAGCTCCAGTTGTTCACCGA"	3400	84.72
"GAGCTCTAAGCGACGAAGTA"	3396	84.81
"GAGCTCCCTGGCAGCCATCT"	3385	84.90
"GAGCTCGTAATGCACCTGCA"	3366	84.99
"GAGCTCTTGCTGCAGTTACT"	3353	85.08
"GAGCTCCAGTGTCGACTGAT"	3339	85.17
"GAGCTCAACCTGAGTTTGCG"	3322	85.26
"GAGCTCTGTGGCCTTGGGGT"	3316	85.34
"GAGCTCTTGGCTGGACGAAT"	3313	85.43
"GAGCTCGTGTTTTTATACCG"	3308	85.52
"GAGCTCGTTAATAAGAATGC"	3304	85.61
"GAGCTCTGGGCTCGTGGGAG"	3301	85.70
"GAGCTCTATCCCTCTCAAGT"	3288	85.78
"GAGCTCGAAGTTAGATGCCG"	3286	85.87
"GAGCTCTCGGTCTGGGCCGT"	3285	85.96
"GAGCTCGCACCAGGTCTTTT"	3272	86.04
"GAGCTCTGAGACATTTACTC"	3263	86.13
"GAGCTCTACGAAACTGGACA"	3253	86.21
"GAGCTCGTAAAGCTTGGAAT"	3245	86.30
"GAGCTCCGGGTTTTATCCGT"	3239	86.39
"GAGCTCTGTAAGAAGGGATA"	3235	86.47
"GAGCTCAATGTTCGAATATT"	3218	86.56
"GAGCTCTAGCGTCCCATATC"	3208	86.64
"GAGCTCGAAATCTTAAGCAG"	3194	86.73
"GAGCTCCATCGACTACAACG"	3189	86.81
"GAGCTCAAACAGTGTAGCCT"	3187	86.90
"GAGCTCATTGTGCCGATGTT"	3182	86.98
"GAGCTCGAGTCAGTTCAGGT"	3174	87.06
"GAGCTCCGCAGTTCAACTCA"	3164	87.15
"GAGCTCTGTGATTCGTATGA"	3162	87.23
"GAGCTCCACGCCTTTATGTA"	3151	87.31
"GAGCTCAAAGTTTGTCCAGG"	3133	87.40
"GAGCTCAAGGCTCGAATCAA"	3130	87.48
"GAGCTCGCGTGAGTCATCGT"	3114	87.56
"GAGCTCAGGGCTACTACACT"	3105	87.64
"GAGCTCTCTCCCACAGCTGA"	3087	87.73
"GAGCTCATTCCAATTTCCCT"	3085	87.81
"GAGCTCAAGTTTTGGTACGG"	3056	87.89
"GAGCTCTGAGTACCATTCTC"	3051	87.97
"GAGCTCTACCTCTAGGCTCG"	3042	88.05
"GAGCTCTCTAGTGGGGACAG"	3028	88.13
"GAGCTCTAGCGTCATAAGGC"	3024	88.21
"GAGCTCTCTATCCGCGCGAC"	3023	88.29
"GAGCTCAGGTCTGATTGGCT"	3017	88.37
"GAGCTCTTGCGCGAATTCTG"	3007	88.45
"GAGCTCGTCATTTCTGCTCA"	3005	88.53
"GAGCTCCTGTGCCGTGGGTT"	2998	88.61
"GAGCTCATTCGTAAATGGCT"	2987	88.69
"GAGCTCCACTAATACCCTGG"	2924	88.77
"GAGCTCCGGTTCGCCTTACA"	2921	88.84
"GAGCTCTATGCTCGAGTGGT"	2917	88.92
"GAGCTCGTACTTTATAGAAC"	2902	89.00
"GAGCTCCAATTGCCCTCCAC"	2860	89.07
"GAGCTCTAGTCGCCATTACT"	2853	89.15
"GAGCTCCGAAAGCAGTAAGT"	2844	89.22
"GAGCTCACAAACAGCCAGGT"	2828	89.30
"GAGCTCCGCGTGTACTGTCT"	2810	89.37
"GAGCTCCGTTAGAATAGCAT"	2800	89.45
"GAGCTCTTACTGATTACAAT"	2795	89.52
"GAGCTCCGCGGCATTACAAC"	2781	89.59
"GAGCTCATCCGTATTACTCT"	2774	89.67
"GAGCTCTGATTGGAAATTTC"	2764	89.74
"GAGCTCTTAAAGTGTGTACC"	2760	89.81
"GAGCTCCATACATCGTGGGC"	2757	89.89
"GAGCTCTGTTGTCGTAGCCA"	2753	89.96
"GAGCTCTGCCGGGCATGAAT"	2746	90.03
"GAGCTCTACTAGGTTTGGTA"	2745	90.10
"GAGCTCGTGCCGGAGTAGGT"	2733	90.18
"GAGCTCTGTCGTTGTGGATT"	2702	90.25
"GAGCTCGTTTGTCTCTTCCT"	2696	90.32
"GAGCTCTAACTTAAGGCGCA"	2691	90.39
"GAGCTCATTAGGTTTAATCC"	2679	90.46
"GAGCTCTTCCGAGGAGGCGT"	2676	90.53
"GAGCTCTGTCCAGCACCGAC"	2673	90.60
"GAGCTCTTTCAGCACGGTGC"	2664	90.67
"GAGCTCAGATCTTTTTGATG"	2641	90.74
"GAGCTCTACGGTCTGCACTT"	2635	90.81
"GAGCTCGTCGTCTTGACCGC"	2635	90.88
"GAGCTCCATGTCCAATTGTT"	2626	90.95
"GAGCTCCATGGTCCTGATAT"	2626	91.02
"GAGCTCTAGGGGAATTGTTT"	2619	91.09
"GAGCTCCTGGCTCTGCACAC"	2602	91.16
"GAGCTCTCATGCGAGATCTA"	2585	91.23
"GAGCTCGTATATTCATAGAG"	2583	91.30
"GAGCTCATTATCGCAGTCAT"	2568	91.37
"GAGCTCCCAGGGTTAGTCAG"	2558	91.43
"GAGCTCGTTGGCTTTTGAGA"	2542	91.50
"GAGCTCTAATAGTGTAGTGT"	2539	91.57
"GAGCTCTGCTTCCTCTTTTT"	2535	91.63
"GAGCTCAGGAAAAAATTATT"	2532	91.70
"GAGCTCTGGTATATCCAGTT"	2504	91.77
"GAGCTCCCGGGGATCTTTGC"	2503	91.83
"GAGCTCCCACATCAAAGCTA"	2491	91.90
"GAGCTCGGACCTCTAAATAG"	2484	91.97
"GAGCTCGCATGTACTTGCAG"	2484	92.03
"GAGCTCTTGACGCAACATTA"	2483	92.10
"GAGCTCACTGTAATTGTCTT"	2470	92.16
"GAGCTCCTCCATGGTGCTGA"	2469	92.23
"GAGCTCTAGTAGGCTCCAGG"	2465	92.29
"GAGCTCTTGGGCCACTCTAT"	2459	92.36
"GAGCTCATGGTTCTTCTTTA"	2435	92.42
"GAGCTCATCCCAAATTCATA"	2427	92.49
"GAGCTCTAGGCTATCATGGT"	2422	92.55
"GAGCTCCTAGGCAGCTATAG"	2422	92.62
"GAGCTCTTGGGAGATACTAT"	2396	92.68
"GAGCTCTACTGATATATTTG"	2391	92.74
"GAGCTCTTGTGAGTTATGCA"	2330	92.80
"GAGCTCTGTAAGGATTGAGG"	2321	92.87
"GAGCTCTCATGAGCATCATG"	2303	92.93
"GAGCTCCTACAGCACCAATG"	2281	92.99
"GAGCTCTAGTCTTGTCCCTC"	2280	93.05
"GAGCTCGATGCTTATAAATG"	2275	93.11
"GAGCTCTATTGCATAGTCTT"	2270	93.17
"GAGCTCTTGTTAGGTCCACG"	2260	93.23
"GAGCTCCTCGTGTGAGGTTT"	2244	93.29
"GAGCTCGGTTTGCTTAGTAG"	2237	93.35
"GAGCTCCCTAAGGTGACTTT"	2236	93.40
"GAGCTCCTAGCTCTGGTTAG"	2230	93.46
"GAGCTCTGGGGCCGATAGTA"	2223	93.52
"GAGCTCCTCGGCCGTGCGGT"	2221	93.58
"GAGCTCTTGTCTGGGCGTTG"	2208	93.64
"GAGCTCTATCAGTCAGTCCA"	2204	93.70
"GAGCTCTTCTATTGCACATG"	2191	93.76
"GAGCTCTTTCGATGGTTTTC"	2174	93.81
"GAGCTCTAGGGGTCTTATCT"	2169	93.87
"GAGCTCCGTTCTATCCTAAC"	2151	93.93
"GAGCTCTCGATAAGGGGTTT"	2145	93.98
"GAGCTCGTTTTCGTGTAGAA"	2136	94.04
"GAGCTCGTAAAAAATAAATA"	2092	94.10
"GAGCTCTTGCTTAGGATTTA"	2057	94.15
"GAGCTCAGTCCGGGTGGACT"	2052	94.21
"GAGCTCTATTTCGCGGCAAT"	2049	94.26
"GAGCTCATGAACTCTTATGC"	2033	94.31
"GAGCTCGTACCTGTTCGTCT"	2031	94.37
"GAGCTCCTTAAATGATAATG"	2000	94.42
"GAGCTCCCGTGCGCGAACGA"	1995	94.47
"GAGCTCTTGCTCCAAGGGTA"	1989	94.53
"GAGCTCTATTCTGCACGATT"	1979	94.58
"GAGCTCTATTCATAGTCGGC"	1970	94.63
"GAGCTCGTCACTATTTGATA"	1962	94.68
"GAGCTCTAATCGTATAGAAC"	1951	94.73
"GAGCTCTATCACGCTGGTTA"	1936	94.78
"GAGCTCTGAAGATTTTTGCA"	1935	94.84
"GAGCTCCCACTTCACTGACT"	1926	94.89
"GAGCTCTCACTTTGCTGCGG"	1924	94.94
"GAGCTCCATTTGTGCTTCTA"	1908	94.99
"GAGCTCCTGCTTAATGGGCC"	1905	95.04
"GAGCTCAGTAAGACTATTAG"	1890	95.09
"GAGCTCCTGTACTCGCGGAG"	1868	95.14
"GAGCTCCTACCTCTTTCAGA"	1865	95.19
"GAGCTCCTTGGTGGGAGGAC"	1859	95.24
"GAGCTCCGGATTACCAACTG"	1855	95.29
"GAGCTCTGTGGTTTTTAACC"	1852	95.34
"GAGCTCTGGCAACGAAGAGA"	1848	95.38
"GAGCTCCGTTGTTGTTTAGA"	1841	95.43
"GAGCTCGTTTCAAGCTTTAG"	1828	95.48
"GAGCTCTTTGCTGTAGGTCC"	1786	95.53
"GAGCTCTTTAGATTGGGCGT"	1780	95.58
"GAGCTCCCCTAAACTTTTCT"	1768	95.62
"GAGCTCCATTTGCTGCGAAT"	1762	95.67
"GAGCTCCAAGAGATCTTAGT"	1761	95.72
"GAGCTCTCTTGCACGTATAA"	1733	95.76
"GAGCTCTACTTTACCTGGCG"	1733	95.81
"GAGCTCTAGTCTATGGGGGA"	1708	95.85
"GAGCTCTGCGGGTATTTTTT"	1706	95.90
"GAGCTCCTAGTGTTCAGTCG"	1698	95.94
"GAGCTCGTTTTATCCTTCTG"	1686	95.99
"GAGCTCCCAAGTATTATGCA"	1683	96.03
"GAGCTCTTGCACATTCTTTT"	1682	96.08
"GAGCTCTTTGGGAGGTTGTT"	1677	96.12
"GAGCTCTCTCTGAGTTTGCG"	1658	96.16
"GAGCTCCTGATAATACAAGC"	1651	96.21
"GAGCTCCAACTGGCTAAGTT"	1650	96.25
"GAGCTCTAAGTGGCGAGTTA"	1643	96.30
"GAGCTCTTGTCTCGCTTCGT"	1629	96.34
"GAGCTCTTGGTCCTCCTTCT"	1605	96.38
"GAGCTCTCAAGCATGGATTA"	1603	96.42
"GAGCTCATCTCTCGATTGCT"	1598	96.47
"GAGCTCGTTATTTATGTATT"	1576	96.51
"GAGCTCTTAAGGTGGTCTTA"	1572	96.55
"GAGCTCCTTATGCAGCAGGA"	1547	96.59
"GAGCTCTATAAAAGAATGAG"	1543	96.63
"GAGCTCTCTCTGTTGTCGCC"	1538	96.67
"GAGCTCTGGTTATTGTAAGA"	1534	96.71
"GAGCTCCTACGTGCTTTAAG"	1527	96.75
"GAGCTCTTATGATAGTCACA"	1524	96.79
"GAGCTCTTTAAACGGACCTG"	1513	96.83
"GAGCTCTCGATTACTTGTTA"	1505	96.87
"GAGCTCATTGTATTTTCTTA"	1498	96.91
"GAGCTCTTGAAGTTTTGTTT"	1488	96.95
"GAGCTCTTTTACGAACACAT"	1474	96.99
"GAGCTCCTCAAATCAGTATG"	1472	97.03
"GAGCTCCCTCGCTTCTCGTT"	1455	97.07
"GAGCTCCTTTGTGGGCAAAC"	1451	97.11
"GAGCTCTATAATGAATATAG"	1437	97.14
"GAGCTCCCCTTTACTGTTCT"	1430	97.18
"GAGCTCTCTAATGGGTCAGT"	1428	97.22
"GAGCTCAAAATTTCCCGTGT"	1416	97.26
"GAGCTCATGAGGTATCGTTA"	1413	97.30
"GAGCTCTAATATCTAGGCGC"	1400	97.33
"GAGCTCTATTTTGGCTCATG"	1392	97.37
"GAGCTCTATTGTCATTTTGC"	1375	97.41
"GAGCTCTTCCATGAAAATCT"	1367	97.44
"GAGCTCTAGATGAGGTGATT"	1361	97.48
"GAGCTCTTAGGCTCCAGGTA"	1358	97.51
"GAGCTCTTCTTGGCAGGAGT"	1317	97.55
"GAGCTCTTATCAAGTTCGTG"	1308	97.58
"GAGCTCCAGTGGTTCAAGGG"	1305	97.62
"GAGCTCTCATAAGTAGTGAA"	1298	97.65
"GAGCTCTCAATCTTCTCTTT"	1293	97.69
"GAGCTCTGTCGCCTTCTTAT"	1292	97.72
"GAGCTCTTCGGTCCTCCGGT"	1281	97.75
"GAGCTCTCTAGTAATATGAC"	1260	97.79
"GAGCTCTAAGCTGCCCGATT"	1252	97.82
"GAGCTCTCGCTCTATCGCAG"	1251	97.85
"GAGCTCTTGCACGGTTCTTT"	1233	97.89
"GAGCTCCTCATTTGCGCTTA"	1232	97.92
"GAGCTCGATATCTTCTAATT"	1215	97.95
"GAGCTCCCTATATCCCCTAT"	1200	97.98
"GAGCTCCTGTATTTACACAA"	1195	98.01
"GAGCTCTTGCATCTTTGGGC"	1189	98.05
"GAGCTCGCTCAATGTACCAA"	1177	98.08
"GAGCTCCCTTGTTCATTTGT"	1177	98.11
"GAGCTCCTCCTCTTTATTCA"	1174	98.14
"GAGCTCCTTATTAACTAAAG"	1171	98.17
"GAGCTCCTTTGTACGGGTGT"	1148	98.20
"GAGCTCTTGCTTCTAATATA"	1146	98.23
"GAGCTCTCTTCGCCTTGTCA"	1144	98.26
"GAGCTCCTAACCTCTCTCAT"	1143	98.29
"GAGCTCTTTTGACGGATGTT"	1140	98.32
"GAGCTCTACCTTATGTATTA"	1134	98.35
"GAGCTCCTTGATTAACTCGG"	1123	98.38
"GAGCTCTGGATCTTTGTACG"	1113	98.41
"GAGCTCTTTGACGCTTTCTC"	1101	98.44
"GAGCTCTTTGTTACGCTCAA"	1099	98.47
"GAGCTCTCATTGTTGTCTTT"	1098	98.50
"GAGCTCCCAGGTAATACTAA"	1092	98.53
"GAGCTCTTATCGCTTCTTGC"	1062	98.56
"GAGCTCTTGTGCTTTCGGGG"	1054	98.58
"GAGCTCTTCGTCAGATCTTA"	1049	98.61
"GAGCTCCTTGTTCGATGATT"	1047	98.64
"GAGCTCATTCAAATTCTTGA"	998	98.67
"GAGCTCTATTATTCCCAGGT"	936	98.69
"GAGCTCTCTTGATCTCGGTT"	924	98.71
"GAGCTCTTCGATTACATTCT"	908	98.74
"GAGCTCTTGGAGAATTGACA"	903	98.76
"GAGCTCTCTATTGTATATAT"	902	98.79
"GAGCTCTTTATGTTGGCCAT"	897	98.81
"GAGCTCCTTCCTTGTCGAAG"	894	98.83
"GAGCTCTTAGTTCTAACATG"	893	98.86
"GAGCTCTTTCTACGCTCTTG"	859	98.88
"GAGCTCATTGTGCGTATTTG"	857	98.90
"GAGCTCTTGCTTTCTCGGGT"	849	98.93
"GAGCTCAAAACACAATGAAG"	849	98.95
"GAGCTCCTTCTTAAGAGAAC"	844	98.97
"GAGCTCCTGAGTTGATTGTT"	834	98.99
"GAGCTCCCTAAATTTTACGT"	830	99.01
"GAGCTCTAAATGCCCGTATG"	826	99.04
"GAGCTCTTTATTTGTCGTTT"	825	99.06
"GAGCTCTTCTAGCTTGAAAT"	820	99.08
"GAGCTCTTTTGTACGTTGTA"	818	99.10
"GAGCTCTATGTTTGGGAAAT"	817	99.12
"GAGCTCTATTATATCTCAAC"	797	99.14
"GAGCTCCTTCATTTGTTATC"	797	99.16
"GAGCTCTTATCACTTTCGGT"	788	99.19
"GAGCTCTTCGTAAGTAAATG"	787	99.21
"GAGCTCTTCTCTTTTTTCTA"	783	99.23
"GAGCTCTTTATATCCTTAAG"	778	99.25
"GAGCTCCTTGCTTTTCGATA"	696	99.27
"GAGCTCCTTATTTGGATTAA"	684	99.28
"GAGCTCTTATTCTGTAGAAT"	665	99.30
"GAGCTCCTGACTTAAAGATC"	654	99.32
"GAGCTCTTGCTTTTTATTGA"	639	99.34
"GAGCTCTATATCTATATTTC"	638	99.35
"GAGCTCTTTCTCATTGCGCC"	618	99.37
"GAGCTCCTAATAATGGACAG"	607	99.39
"GAGCTCCACTTTTTTTCGTC"	596	99.40
"GAGCTCTTATTTATGTCAGT"	579	99.42
"GAGCTCTTTCATTAAGAGAT"	543	99.43
"GAGCTCTTAAGTATTTATAT"	484	99.44
"GAGCTCTTTTTGATGTTATG"	483	99.46
"GAGCTCTATCTTTATTTACT"	481	99.47
"GAGCTCGACCTAATAAAAGA"	481	99.48
"GAGCTCTTGATTTGTTTAGT"	468	99.49
"GAGCTCTTTGCGTCTCACGG"	458	99.51
"GAGCTCTTTTAACTTATCCT"	426	99.52
"GAGCTCCATTTTATCAATAT"	420	99.53
"GAGCTCTATCGTACTAATGC"	414	99.54
"GAGCTCGGGATAGTTTATTG"	411	99.55
"GAGCTCATTTACCTATGTGT"	404	99.56
"GAGCTCCTCTTTACCTGGCA"	372	99.57
"GAGCTCGGCTGGTGTATAAG"	371	99.58
"GAGCTCGTGTACTAGTGCTA"	367	99.59
"GAGCTCAAAGTCGGTTCTCG"	356	99.60
"GAGCTCATAACAAAAGTAAG"	351	99.61
"GAGCTCGCGGATGAGATGTG"	344	99.62
"GAGCTCAAAACAAAATATAC"	342	99.63
"GAGCTCGGTTCGTTTTGGGA"	339	99.64
"GAGCTCCACATAGGGTAATC"	337	99.65
"GAGCTCTCCAGCAGTGCTGC"	331	99.65
"GAGCTCGGGGATACAAAACG"	319	99.66
"GAGCTCTTTTTAATCGGTAA"	318	99.67
"GAGCTCATAAAACAATGTAA"	307	99.68
"GAGCTCCTGTACAAAGTATG"	286	99.69
"GAGCTCTTTAATCTTCTTTA"	282	99.69
"GAGCTCTTCCGAACGGCATA"	270	99.70
"GAGCTCTCCATCGGATCTCG"	254	99.71
"GAGCTCGAGAAGTTTCCCAT"	246	99.71
"GAGCTCCATCGCTAATTATG"	244	99.72
"GAGCTCGCCCTCGCTTATAC"	242	99.73
"GAGCTCCTTTATATTTTGTG"	241	99.73
"GAGCTCATGTGCCCTCGCCC"	241	99.74
"GAGCTCACTGCGATACTAGT"	233	99.75
"GAGCTCTCTTTTTTATCATA"	231	99.75
"GAGCTCTAACCGCTAGGGAA"	219	99.76
"GAGCTCACCTCCCAACCCGT"	218	99.76
"GAGCTCAGTAGTTCGTCTAG"	208	99.77
"GAGCTCAAGCACAAACCGTA"	208	99.78
"GAGCTCATATTAGAGAATGG"	207	99.78
"GAGCTCATCGAGAGATGAAG"	200	99.79
"GAGCTCCGGTACACTACTCA"	199	99.79
"GAGCTCATTTCGTGGCGGGT"	193	99.80
"GAGCTCATAAAACAACGAAG"	189	99.80
"GAGCTCTTTTTGTGTAGTTC"	188	99.81
"GAGCTCTGCTGGCGGATTTT"	181	99.81
"GAGCTCTAGTAGGGTCATTT"	180	99.82
"GAGCTCAAAACACAAGTTAT"	179	99.82
"GAGCTCGTTTCGGCTTGACA"	175	99.83
"GAGCTCTTTCTGGCGATAGA"	174	99.83
"GAGCTCACGATTAGAAAATG"	174	99.83
"GAGCTCACATGTTAAGTGAG"	173	99.84
"GAGCTCAACTAGAGTTGATG"	173	99.84
"GAGCTCAAGACCACTTGACA"	167	99.85
"GAGCTCACCGTCCAGCATTT"	166	99.85
"GAGCTCGTGGTGGTTACCCC"	165	99.86
"GAGCTCGTCATTGCTTTTGA"	161	99.86
"GAGCTCTGCGGCGCCGCATA"	160	99.87
"GAGCTCCTCCTACCAATCAT"	154	99.87
"GAGCTCTAAAGCGAGGTAAA"	147	99.87
"GAGCTCACCGCATTGTTCGA"	147	99.88
"GAGCTCGATGTCCCTCAGAA"	145	99.88
"GAGCTCATACGTGTATCGTG"	144	99.88
"GAGCTCGACGGATTCGGGCT"	141	99.89
"GAGCTCCTGTTTCAAGTGTG"	139	99.89
"GAGCTCCCGGCTCTAGTTAT"	138	99.90
"GAGCTCAACGAGAGTAGTTT"	137	99.90
"GAGCTCAGAAGTGCGACTCG"	133	99.90
"GAGCTCGAAGTTGAGCTCCC"	131	99.91
"GAGCTCTGTTCACGGATAGT"	130	99.91
"GAGCTCTAGCCGTTAGATCA"	128	99.91
"GAGCTCCAGCGGTATACTGG"	128	99.92
"GAGCTCTACTCTCATTGAGT"	126	99.92
"GAGCTCATTAGCACAGGGTC"	126	99.92
"GAGCTCGTTGCAGCACGGAG"	125	99.93
"GAGCTCGCTATGACGGGGAA"	125	99.93
"GAGCTCCCTCATTGAAAATC"	125	99.93
"GAGCTCATCGATAGTAGTAG"	124	99.94
"GAGCTCGAGACTTAACAGTG"	123	99.94
"GAGCTCAAAACAAAAGCTAG"	121	99.94
"GAGCTCAACGAACCCAACAG"	119	99.95
"GAGCTCTTCTGTATCGTATT"	116	99.95
"GAGCTCATAACACAACGTCT"	115	99.95
"GAGCTCAATTACTGAGAAGT"	114	99.96
"GAGCTCAAGCCTGAACACCC"	114	99.96
"GAGCTCATAACACAAAGAAT"	111	99.96
"GAGCTCTGCAAGCCTGTCAA"	110	99.96
"GAGCTCATAACAAAATGTAT"	110	99.97
"GAGCTCATTAGAGCGACGCG"	109	99.97
"GAGCTCATGAAGCCGAGTAA"	108	99.97
"GAGCTCTCTCATAGTACTTG"	107	99.98
"GAGCTCAGAGGTTAATAGTA"	106	99.98
"GAGCTCATGCGCGCTCACCT"	105	99.98
"GAGCTCATAATGAGTGTACA"	105	99.98
"GAGCTCCACCATGCGTTACT"	104	99.99
"GAGCTCGGTGCTAGGCTCTA"	103	99.99
"GAGCTCAAAAAAAAAGGAAG"	101	99.99
"GAGCTCATAAAACAAATTAG"	100	99.99
"GAGCTCAGCACAACAAGTGG"	100	100.00
"GAGCTCAACGTATGTTTGGG"	100	100.00
