BL-8120_49_S49_L002_R1_001-Barcode	BL-8120_49_S49_L002_R1_001-Count	BL-8120_49_S49_L002_R1_001-SaturationPerc
"GAGCTCATCGAGAGTTGTTG"	830135	28.97
"GAGCTCATAACACAAGGTAG"	701367	53.45
"GAGCTCGCGATCTGTTAATG"	537361	72.20
"GAGCTCATGATGCCGTGTTA"	301309	82.71
"GAGCTCTCCAGCAGTGCTGC"	274391	92.29
"GAGCTCCTACGTTTATTTGT"	79833	95.07
"GAGCTCAGTAGTGCGTCGCG"	79077	97.83
"GAGCTCTTACAGGTGATTGC"	29607	98.87
"GAGCTCACTCGTTGGTATAC"	3747	99.00
"GAGCTCGCATGTACTTGCAG"	2396	99.08
"GAGCTCGTACCTGTTCGTCT"	1892	99.15
"GAGCTCAAAACACAATGAAG"	1410	99.20
"GAGCTCATAGAGAGATGTAG"	719	99.22
"GAGCTCATAAAACAATGTAA"	696	99.25
"GAGCTCGCGAACAGATAATG"	682	99.27
"GAGCTCATCGAGAGTAGAAG"	650	99.29
"GAGCTCAACTAGAGTTGATG"	647	99.32
"GAGCTCCTAATAATGGACAG"	615	99.34
"GAGCTCGCTATATGTTAAAG"	500	99.35
"GAGCTCAAAACAAAATATAC"	491	99.37
"GAGCTCATAACAAAAGTAAG"	483	99.39
"GAGCTCATTTACCTATGTGT"	468	99.40
"GAGCTCGCGAACTGTAAAAG"	456	99.42
"GAGCTCATGAAGCCGAGTAA"	425	99.44
"GAGCTCAAGATTACGTGTTA"	370	99.45
"GAGCTCAACGAGAGAAGTTG"	360	99.46
"GAGCTCGAGATCACTTAATG"	354	99.47
"GAGCTCAAAGTCGGTTCTCG"	354	99.49
"GAGCTCACATGTTAAGTGAG"	328	99.50
"GAGCTCAAAGATAGTTGTTG"	323	99.51
"GAGCTCAAGCACAAACCGTA"	314	99.52
"GAGCTCGTGTACTAGTGCTA"	311	99.53
"GAGCTCTATTGGCATTTGAA"	306	99.54
"GAGCTCCACATAGGGTAATC"	306	99.55
"GAGCTCATCGAGAGTAGTGT"	302	99.56
"GAGCTCGCGATCTTAAAATG"	280	99.57
"GAGCTCGGCTGGTGTATAAG"	278	99.58
"GAGCTCAAAACACAAGCTAC"	276	99.59
"GAGCTCGGGATAGTTTATTG"	271	99.60
"GAGCTCAAGATGCCGAGATA"	266	99.61
"GAGCTCAAAAAAAAAGGTAG"	264	99.62
"GAGCTCTTCCGAACGGCATA"	259	99.63
"GAGCTCATCGAGAGATGATT"	254	99.64
"GAGCTCAGTGCAAAAAACTT"	247	99.65
"GAGCTCATAAAACAAGAAAG"	232	99.65
"GAGCTCGGTTCGTTTTGGGA"	225	99.66
"GAGCTCGAGAACAGTTAAAG"	219	99.67
"GAGCTCGGGGATACAAAACG"	212	99.68
"GAGCTCAAAAAAAAATAAAG"	203	99.68
"GAGCTCATAACACAACGTCT"	199	99.69
"GAGCTCATCAAGACTTGTTA"	193	99.70
"GAGCTCATAACACAAAGAAT"	192	99.70
"GAGCTCCATCGCTAATTATG"	188	99.71
"GAGCTCTCCATCGGATCTCG"	186	99.72
"GAGCTCTCCATCAGTTAATC"	184	99.72
"GAGCTCATATTAGAGAATGG"	182	99.73
"GAGCTCAACGAGAGGTGTAG"	179	99.74
"GAGCTCAACGACAGTTCTTG"	178	99.74
"GAGCTCATCGAGATGTGATG"	176	99.75
"GAGCTCATACGTGTATCGTG"	174	99.75
"GAGCTCATGTGCCCTCGCCC"	173	99.76
"GAGCTCGCGATCAGTAAATT"	172	99.77
"GAGCTCTGCGGCGCCGCATA"	171	99.77
"GAGCTCTAGTATTGTTACCG"	166	99.78
"GAGCTCAGGAAAAAATTATT"	166	99.78
"GAGCTCATAACAAAATGTAT"	165	99.79
"GAGCTCAAGACCACTTGACA"	165	99.80
"GAGCTCTAACCGCTAGGGAA"	162	99.80
"GAGCTCATAGAGAGTATTTG"	159	99.81
"GAGCTCACTGCGATACTAGT"	158	99.81
"GAGCTCATGAAGCAATGTTA"	157	99.82
"GAGCTCTAGTAGGGTCATTT"	150	99.82
"GAGCTCGAGATAGGTTAATG"	147	99.83
"GAGCTCGCAATAAGTTAATG"	144	99.83
"GAGCTCATGATGCAGTGAAA"	141	99.84
"GAGCTCCCTCATTGAAAATC"	140	99.84
"GAGCTCTCGATCTGATAAAG"	139	99.85
"GAGCTCTCCAGCAGTGATTA"	139	99.85
"GAGCTCCAACGTTTATATGA"	139	99.86
"GAGCTCCTGTTTCAAGTGTG"	136	99.86
"GAGCTCTAGCAGTATGTCGT"	135	99.87
"GAGCTCAAACATAGTTATAC"	134	99.87
"GAGCTCTCCAGAAGTTCAGC"	133	99.88
"GAGCTCTAAAGCGAGGTAAA"	133	99.88
"GAGCTCATGATGACTAGTTA"	130	99.89
"GAGCTCTGCTGGCGGATTTT"	129	99.89
"GAGCTCACGATTAGAAAATG"	129	99.89
"GAGCTCCACCATGCGTTACT"	128	99.90
"GAGCTCCTCCTACCAATCAT"	127	99.90
"GAGCTCGACAACTGTTAATG"	126	99.91
"GAGCTCATCGATAGTGGTAG"	121	99.91
"GAGCTCCGTTAGTTTTACGC"	119	99.92
"GAGCTCTTTCTGGCGATAGA"	116	99.92
"GAGCTCTTGGCCTAGGTGCC"	116	99.92
"GAGCTCGCTATGACGGGGAA"	114	99.93
"GAGCTCGATTCATCTTAGTC"	114	99.93
"GAGCTCTGTTCACGGATAGT"	113	99.94
"GAGCTCGATGTCCCTCAGAA"	113	99.94
"GAGCTCATAAAAAGTATATT"	112	99.94
"GAGCTCAATATATGTATTGA"	112	99.95
"GAGCTCGTGGTGGTTACCCC"	111	99.95
"GAGCTCATGATGACGTTATA"	111	99.96
"GAGCTCAGACAAAGGGTTTG"	111	99.96
"GAGCTCGAGAAATGTAAATG"	109	99.96
"GAGCTCGCCATGGTTTTTAT"	108	99.97
"GAGCTCACCGTCCAGCATTT"	108	99.97
"GAGCTCATCGATAGATTTTG"	107	99.97
"GAGCTCTATGGCGGAACTGC"	105	99.98
"GAGCTCAATTCGACGGCTTG"	105	99.98
"GAGCTCAAAAAACAATCTAG"	105	99.99
"GAGCTCATCTACTGTTAGGT"	104	99.99
"GAGCTCTACACCAGAGCTGC"	102	99.99
"GAGCTCGTCATTGCTTTTGA"	101	100.00
"GAGCTCATCGAGAGGAGGTG"	101	100.00
