AG-8963_8_S8_L001_R1_001-Barcode	AG-8963_8_S8_L001_R1_001-Count	AG-8963_8_S8_L001_R1_001-SaturationPerc
"GAGCTCATAACACAAGGTAG"	1040596	34.12
"GAGCTCATCGAGAGTTGTTG"	1024877	67.71
"GAGCTCATGATGCCGTGTTA"	454820	82.63
"GAGCTCGCGATCTGTTAATG"	218552	89.79
"GAGCTCAGTAGTGCGTCGCG"	109063	93.37
"GAGCTCTCCAGCAGTGCTGC"	97080	96.55
"GAGCTCCTACGTTTATTTGT"	43057	97.96
"GAGCTCAGTGTGTGGCCTGG"	21563	98.67
"GAGCTCCCACTAAATCTCTA"	9938	98.99
"GAGCTCTCAGTGTTCTTGGG"	7268	99.23
"GAGCTCAAATACAAGATAAT"	4571	99.38
"GAGCTCCAGTTTGTTTGAAA"	2631	99.47
"GAGCTCGTACCTGTTCGTCT"	2315	99.54
"GAGCTCTGAAGATTTTTGCA"	2172	99.61
"GAGCTCACTCGTTGGTATAC"	1931	99.68
"GAGCTCTTCAAGGTCTCAAT"	1590	99.73
"GAGCTCAAAACAAAATGTAG"	1425	99.78
"GAGCTCGCATGTACTTGCAG"	1050	99.81
"GAGCTCATCGAGAAAGGAAG"	605	99.83
"GAGCTCATAGAGAGATGTAG"	428	99.85
"GAGCTCATGAAGCAGTGTAA"	398	99.86
"GAGCTCAAGATTACGTGTTA"	389	99.87
"GAGCTCATCGATAGTAGTGG"	299	99.88
"GAGCTCATGATGGAGAAAGG"	272	99.89
"GAGCTCAACTAGAGTTGATG"	247	99.90
"GAGCTCATAAAACAATGTAA"	235	99.91
"GAGCTCTTCCGAACGGCATA"	229	99.91
"GAGCTCATAAAAAAAGGAAG"	223	99.92
"GAGCTCATCGAGAGGGGGGG"	220	99.93
"GAGCTCATGAATCAGAGTTA"	178	99.93
"GAGCTCATAACACAACGTCT"	168	99.94
"GAGCTCCACATAGGGTAATC"	164	99.94
"GAGCTCGTGGTGGTTACCCC"	154	99.95
"GAGCTCATGGGGCAAGGTAG"	147	99.95
"GAGCTCAAGCACAAACCGTA"	146	99.96
"GAGCTCGAGAACGGTTAATG"	139	99.96
"GAGCTCATGATGCATAGTTA"	139	99.97
"GAGCTCGGGGGGAGTTGTTG"	132	99.97
"GAGCTCTGCGGCGCCGCATA"	131	99.98
"GAGCTCGCGATAAGTTAAAG"	129	99.98
"GAGCTCAAAACAAAAGATAC"	129	99.99
"GAGCTCATCGAGATTGGTAG"	120	99.99
"GAGCTCATAGATAGTGGTTG"	113	99.99
"GAGCTCATAACACGGGGGGG"	109	100.00
"GAGCTCATCGAGAGTGGTGT"	105	100.00
