OLD12bp_33_S52_L002_R1_001-Barcode	OLD12bp_33_S52_L002_R1_001-Count	OLD12bp_33_S52_L002_R1_001-SaturationPerc
"GAGTTCTGTCCTGGGGCTTTGTCTTCGTTGGTG"	1070	0.62
"GAGTTCTAGGGGGACCGGGATTTCTTCCACGAT"	928	1.16
"GAGTTCGGTGTTTAAGGTAGCCGGTAGGCTTAG"	840	1.65
"GAGTTCTGTGCTGCTCATTCTGCAATGGGGTTA"	825	2.13
"GAGTTCCAAAGTGATCATTCCTAATTCAGGGTA"	822	2.61
"GAGTTCGATTCGGGACATTGTCGACAGCCATTT"	763	3.06
"GAGTTCGGGCGGATTCGAGAGGATGGTCATGGC"	722	3.48
"GAGTTCAGCACACACTGTGGGTGTGGGAATGCA"	646	3.85
"GAGTTCTCCCATCGGACAATGGCTGCCATAGAG"	630	4.22
"GAGTTCTCCGCCTGTTGTCCCACGCGCTCGAAA"	606	4.57
"GAGTTCTTGGCCCTACACGATCGTTTTCGGTTT"	588	4.91
"GAGTTCTGGAGTCTTTCCGACAGTGCTTTTTGC"	588	5.26
"GAGTTCTAGCGGTGATAGCACCACGTCTTTTGA"	586	5.60
"GAGTTCGAGGAGAAAAAATGAAGGATGGAGAAA"	567	5.93
"GAGTTCGGACGATGTGCCTCCATTGGCGCAGGG"	565	6.26
"GAGTTCTCAAGTTACAGGCTAGAAGCCTGGTGT"	535	6.57
"GAGTTCACCGGGGCTTCGTTAGTCAGTCCATGT"	520	6.87
"GAGTTCATAGGAAATTACGAATCTACTGGGCGG"	519	7.17
"GAGTTCAGCGGTGCCGGGGGTGTACACGTTGTA"	508	7.47
"GAGTTCGGTAGGAAGTAGTAGTGCGTTGATGCC"	503	7.76
"GAGTTCTACCAACGACCCGGAGCTTGTCTGTAG"	464	8.03
"GAGTTCTTCGAGCGTCGGGGAAATCTGATGAGC"	454	8.30
"GAGTTCGACAGGCAAGAGTAACATCGTGAGGAG"	454	8.56
"GAGTTCATGCCCCATGTATGGGGCTTATTGTTA"	449	8.82
"GAGTTCGACCTCTCCATTTTGGTGAGTTGAGTG"	430	9.07
"GAGTTCTCTGCAGTGGCCTAATGCGGTACGGAG"	412	9.31
"GAGTTCCGGGGTCAGGACGCTGATCAGCTTTCA"	412	9.55
"GAGTTCGTTCGTCCCCGACCCAGATGTTGGCTA"	401	9.78
"GAGTTCTGTCTATACCGGAAGTCGTAGTGGCTA"	391	10.01
"GAGTTCGGTTCGTTCTTAGCCCGCTGATGTCGG"	389	10.24
"GAGTTCTCATTTCCAAAAATGTTGAGGCTGTCC"	384	10.46
"GAGTTCGAGAAACGCGGATGCAGTTTGAGGTCA"	376	10.68
"GAGTTCTTCAGTGTCTATGTGCGAAGGGTACGT"	367	10.90
"GAGTTCCACATGTACCGAAAGAGGCTTCAGTGT"	367	11.11
"GAGTTCTTCCATGAACTTCGGGGAGCCACTCGC"	364	11.32
"GAGTTCGAGGGTTACCGACGGTCTGAAAGGTAT"	358	11.53
"GAGTTCAATCATCGTGTGGGGGTTTATATGTCA"	358	11.74
"GAGTTCTCCTCTAGGATTCATCATAGAACGCTT"	357	11.95
"GAGTTCAATAGGTATATGCGGAGGATGCCGCGG"	357	12.15
"GAGTTCTGTCTTTCTTGTGCGTTGGTGACGCGG"	350	12.36
"GAGTTCATATTACAACGTTCTGGTCAGCCGTAC"	345	12.56
"GAGTTCAAATCGGTTGCAGGGGGCTCTGTCTCG"	344	12.76
"GAGTTCCCGGACTGCAAGCGATTGGTTCGGAGT"	341	12.96
"GAGTTCGTGGAGTCCGGCCGTAGTCGTCGGGGC"	336	13.15
"GAGTTCGGTGAGTCGACTACCAGTCGTGGCGGG"	325	13.34
"GAGTTCGAGGCTACTTCTTGGTGTCACAATGCG"	325	13.53
"GAGTTCCATGGTCGAGGTTAATGAGGACGGGAT"	325	13.72
"GAGTTCGGTCTGGGCGGAGGGTTTTTGGTATAT"	324	13.91
"GAGTTCTATCTATAGAGAATAGTTTTCTGCAAG"	322	14.10
"GAGTTCGGAAAGATCGTACGACCCCTTTCATCT"	318	14.28
"GAGTTCCGTTTGCCACGTTTCCTAACTATAGGT"	318	14.47
"GAGTTCCCCCTTATCTCTTATCATTTCGTCATC"	317	14.65
"GAGTTCTCCTCGAGACCCAAGTAGTTGTTGCAA"	315	14.83
"GAGTTCTTACATAGGACCCCACGGTGCATTGTA"	314	15.02
"GAGTTCGTGGTCATAGATGGAAAGCGATTGAGG"	313	15.20
"GAGTTCCCACGGAGTGGATAGTTAGAAGTCGAA"	311	15.38
"GAGTTCCACCAGTCCTTGGAGCGGTCTGGGCCC"	311	15.56
"GAGTTCACACGGCGCAAAGGATAACATAGGCGA"	311	15.74
"GAGTTCCGAAACTCTCACTGCTTTCGGGGTGCG"	310	15.92
"GAGTTCCAACTGTACCCTCTCCTCTGTTCGTCT"	306	16.10
"GAGTTCGAAGGGTGCGGGTATGCAGTTGTGTGG"	305	16.28
"GAGTTCCGAAAAACGGCAGGCATTGATGGGGTA"	305	16.46
"GAGTTCTTCCATCTACACACCGCACAGTAATCG"	304	16.63
"GAGTTCTGGTTGTAGTGAGGACGGATGGGGATC"	304	16.81
"GAGTTCGCCTGACCCCGGCATCATCGGGAACTG"	303	16.99
"GAGTTCCCGGTGTTCCAACCCGAGTGGTCGCAA"	303	17.16
"GAGTTCCCCTCATGGGTTCTTGGGATGATATTT"	303	17.34
"GAGTTCTCTTGCGATTTGGTTTAAGAGTCAACT"	302	17.52
"GAGTTCGGCCAGTCTTTGGCGCAACTATCTATT"	302	17.69
"GAGTTCTCGGCCCAATGCAATTGCCGAGGTTTG"	301	17.87
"GAGTTCCTCGTGCGCATGGTGCCATCTTTCTCA"	300	18.04
"GAGTTCTGAGTGTACCGATTTTCGGGTGTGCCC"	298	18.21
"GAGTTCATCCGTGCCCCGAGATGGTGAGTACGC"	298	18.39
"GAGTTCTCTAAATCGTCCGAGTGTTTCGGGGAG"	294	18.56
"GAGTTCTATAGAGAATTGTCAGGAGGCACTGTG"	293	18.73
"GAGTTCAGTTGGTTCGCCTGGGATCGGTGACGG"	293	18.90
"GAGTTCTCCAGGTCAGAGTGTGTTGCCGCGTGC"	291	19.07
"GAGTTCGCGCGAAGTTAGGTCTATCCGCCAAGT"	290	19.24
"GAGTTCTCGTGATGCGCGTGTGAGGTGTAATGG"	289	19.41
"GAGTTCGTCTGGCTTACGCCGCGTGCCAGGGCC"	286	19.57
"GAGTTCGCGAAGGTTGTTTCGTCTTTATTGGTA"	286	19.74
"GAGTTCTATCAGGGTGTTGCGTGTGCTCGACGG"	285	19.91
"GAGTTCGTTCGAGTAAGGTTGCGATCTCGTCTG"	285	20.07
"GAGTTCGGTTGGCAGTCGGGGCGTAGTCAATAC"	285	20.24
"GAGTTCGACTGGGCATTGGAATGCCATTTGTCG"	283	20.40
"GAGTTCCGACGATAGTGGATAGGCGATAGTGTC"	282	20.57
"GAGTTCTAAGGGCGTCGTTGTTATACACCGGGA"	281	20.73
"GAGTTCGGACTTCCGTGATAACGTGTTGTCCGA"	281	20.89
"GAGTTCAGGGGGATTCTGTTGCTACTGGCTCGG"	279	21.06
"GAGTTCGCTTTCAACTAAGACAGACTGGATGGT"	278	21.22
"GAGTTCTGGATTAATCTGTGTTTAGTATCGTTG"	277	21.38
"GAGTTCTTCCCCTTCTGTGATGGGGCTGTGTTC"	275	21.54
"GAGTTCGTTTCTAGGCGGTGTGTCCTGGATTTA"	275	21.70
"GAGTTCTTGTACGTCCCCGTTGTTGCCGGGTTT"	274	21.86
"GAGTTCCATCGGTCATGTTTGGGTTAGGACACT"	274	22.02
"GAGTTCTTTCAAGAGCGGCTGGCGACCCGGTGC"	271	22.18
"GAGTTCTGGCGTCCTGCAAGGTGTCCGCACAAA"	271	22.33
"GAGTTCTGCACGAATCCCTCATTGCTCGGTAGG"	271	22.49
"GAGTTCTAATGTACTAAGGCGTTAATTGTGGTA"	271	22.65
"GAGTTCGTCCGTGGTTGTAAATATCTTCGCATC"	271	22.81
"GAGTTCAACGTAAGGGGTCCGCGCGCCGACGCT"	271	22.96
"GAGTTCTCCCTCTCGCGTTGGCGTGACGAAGAG"	270	23.12
"GAGTTCTGTTCGGACTTTGTGGTCGTTGCGTTG"	269	23.28
"GAGTTCTTCCTGCTCTATCCGGGTTGCACGGCG"	268	23.43
"GAGTTCTCAGATTGCTAGGGGGGTCGTCCTCGG"	268	23.59
"GAGTTCGTTCAGGTGGACAGGGAGGGCTGGGAG"	268	23.75
"GAGTTCGCATTGCATAGGCGTGGACGTCGATGG"	267	23.90
"GAGTTCTGCTGGTAAAGGGTTCGGTTTATGTAG"	266	24.06
"GAGTTCGGTCACACAGGGACCAATGGGGGTTCA"	266	24.21
"GAGTTCTCTGGGGCCGATTGAGATACACAAGCG"	264	24.37
"GAGTTCGTCGAGGTATCCCGACACATTTCGCCC"	264	24.52
"GAGTTCGCCGGAAGCTCACATAATGGCTTGAGG"	264	24.67
"GAGTTCTTGTGGTAGTGTGAGTGTTGGGTTTAT"	262	24.83
"GAGTTCACTAGAACTAAGATGGGAAGTCGGGTC"	262	24.98
"GAGTTCTCTTGGCGGAGAGTCCATGACGCGTCG"	261	25.13
"GAGTTCGTTCGTCTGGTAGGATTTGTAGTATTA"	259	25.28
"GAGTTCGAGCGTTGACGGTAGTGATCAGTATAC"	259	25.43
"GAGTTCTTCGCCCGATCGTCGAGGTTTGCTGGA"	257	25.58
"GAGTTCTATATGGAAGGTAGGTCGGTGCTGGAC"	257	25.73
"GAGTTCCGAAGGGAAAGATATGATGGGAGCTTG"	256	25.88
"GAGTTCTCGCAACCTATTGGCTGGTACACATAC"	255	26.03
"GAGTTCTTCCGGTGGGCGGCGTGTTCGGTGGCT"	254	26.18
"GAGTTCGGAGGCCGCTGGTGTCGTCGTTTAACG"	254	26.32
"GAGTTCACGTACGAATGTTCGCGGCTTTCTTAA"	254	26.47
"GAGTTCGCATGCCGACCGAGACAGCGGTCGCGA"	252	26.62
"GAGTTCACCTGAGCGTGGACTTAAATCCCGATC"	252	26.77
"GAGTTCGATCGAGGTGCTCACGGGGACTGTCCG"	251	26.91
"GAGTTCGATCGGCCGCAATCGCGGGGTATGTCT"	250	27.06
"GAGTTCCTAAGGTCTTGGCCCTGGATCGTCCGT"	250	27.20
"GAGTTCTTGATCGGAGAGATTCTTCCACACAGC"	249	27.35
"GAGTTCGGCTGTTTTTAGTAGGACCGTAGAGCC"	248	27.49
"GAGTTCTCTCCGGCTCGCGGTGGACGGATGCGG"	247	27.64
"GAGTTCAATCGGCCTTGGGTTAGAAGAAGGGAA"	247	27.78
"GAGTTCGTCTTGGAGGATCGAGTACTGCGCCGT"	246	27.92
"GAGTTCGACAGTCTCTCCTGTGGACGCCAGCTT"	246	28.07
"GAGTTCCCATATGGGTTGACATGTGCAGATTGA"	246	28.21
"GAGTTCAATAAGGTCCATTGGCGTCAGTCGCCG"	246	28.35
"GAGTTCTACAGTCATGAGTGGCAAATGAAGCCT"	244	28.49
"GAGTTCCATCGGACTGAAACCTCATGCAGCGCT"	244	28.64
"GAGTTCGGTAGTCCTCAGTAGGATGTTAATTTC"	241	28.78
"GAGTTCGCTCTGTACGTGTGTCAGAGAGAGTTC"	241	28.92
"GAGTTCATAAGGTACCAGGATTTTCGTGTGAGG"	241	29.06
"GAGTTCGGCTGAGTGTTCAAGAACCTGGTTGCT"	239	29.20
"GAGTTCGCTCGGGAAGGATTTTGACAGAGGAAT"	239	29.34
"GAGTTCCGTCAGCCCGAAATCCGATTGTGGTGT"	239	29.47
"GAGTTCGCTCGCTAGCTTGCATGAAATCGAGTC"	237	29.61
"GAGTTCCAGCAGAAAGCCGTCGTCTCGTCCGGG"	237	29.75
"GAGTTCCTATCCGGACGGCAGTAACCTGATCGG"	236	29.89
"GAGTTCCCGGCCTGGAACGGGTGATGTCGGTAG"	236	30.03
"GAGTTCGCTCGCCGGGATGTCAGCGCTTGTCAC"	235	30.16
"GAGTTCATCAGTGTGAAATGATTGTACGAGTAG"	234	30.30
"GAGTTCGGTTCCTCTCGGGGTCGAGGTAGGTCG"	233	30.43
"GAGTTCGGTTGGGGGATCGTTTGGTTGGGTCTT"	231	30.57
"GAGTTCGCACCTCTTGCCTGTGTCTGCTCTTAA"	231	30.70
"GAGTTCATTGGATCTAAAGGGGGTGCCTGGTCA"	231	30.84
"GAGTTCACCCGGCCCTCTAAGGGCTTCCGGGCA"	231	30.97
"GAGTTCTAATCCCGACATGGGTGGTGCAGGCGT"	229	31.11
"GAGTTCGATCGGACGTCGACCACATATACGGGA"	229	31.24
"GAGTTCGGCTGGAGCAGCTAGGTTTATCGGGGT"	228	31.37
"GAGTTCAGGAGTTTGTTCTAATATCCATGGGGC"	228	31.50
"GAGTTCACCAGGGGGTTAGAACGGTGAGGTGAT"	227	31.64
"GAGTTCAGGCAGTTTTTCCTAGGGCAAGAGGAA"	226	31.77
"GAGTTCTTTAACCAACAAGGGCGTACCCTTGCA"	224	31.90
"GAGTTCTCGCGGTTACGCGTGGGGCATCGAAGT"	224	32.03
"GAGTTCGACCCTCGATTATCGGCGTCGCGGAGC"	224	32.16
"GAGTTCACTTGGCAACGGACTTTGTTTCGGTCC"	224	32.29
"GAGTTCTCTCGGGGTTTTGGATTCTAACGGTTA"	223	32.42
"GAGTTCTAGCGCGTTCACAGGTTGCGACAACCA"	219	32.55
"GAGTTCTGATTGCGGCCGGCCCAGAGGGCTTTT"	216	32.67
"GAGTTCTCAATGGCGTGTTTGGGCGTATATCTC"	216	32.80
"GAGTTCTATCATCTACGGGACCTTGGAGTGGCG"	216	32.92
"GAGTTCTCTGGTTGTGTGTTAGGTCGTTTAGGC"	215	33.05
"GAGTTCGATTAGGAGTCAAAGACGGGTCACTGC"	212	33.17
"GAGTTCTGGAAGTAGCAAGGGGTACGTGAGGTT"	211	33.30
"GAGTTCTTCAGACAGCCGTGGTAACGGGGGACA"	209	33.42
"GAGTTCGGACCATCCGTGTGCGTTACGATCGGG"	209	33.54
"GAGTTCCGGCGAGCTGGTACTGCGCTTCTGGCT"	209	33.66
"GAGTTCTGGTTGGCGTCCCGGCTATCTCGTTTG"	207	33.78
"GAGTTCGGTGAAATTTGGTGGGGATCGGTGAGT"	207	33.90
"GAGTTCCATGTGGCCGCTTTATCTCTCAGGTGA"	206	34.02
"GAGTTCTCTCTGTGGTGGTGGTGGCGTGACGGT"	204	34.14
"GAGTTCGGGCCATGGTCGTCTACGGACGAAGAG"	204	34.26
"GAGTTCGATGATCGATTTGCTGTGCGGGCGAAT"	204	34.38
"GAGTTCGCTCGCAGGCTCCTGTATGTGGCGACG"	203	34.50
"GAGTTCGCCTGGTGTGGAGGGGATGTTTTCCCC"	202	34.61
"GAGTTCAGTGCGTGTTTTAGCTTTGCGTAAAGT"	202	34.73
"GAGTTCTGGTGGTGGTGAACGGTACGTGAGATA"	201	34.85
"GAGTTCGGGCTGTCTACCGGATGCGGCCGTAAA"	201	34.97
"GAGTTCTATCGCTGCTCATGGGAGTAAGGACTT"	200	35.08
"GAGTTCTCTGTGGCGAATGGGGGGCTGAAGTCG"	199	35.20
"GAGTTCTCTGGGTGACCTTGGTGGTTTACGTGA"	198	35.31
"GAGTTCCGTTGTGTGTGCTAGGATCAGACGGTA"	198	35.43
"GAGTTCTACCGTTAACATGGGGCCTCGCTATAC"	197	35.54
"GAGTTCCGACGTTAATATTTGGTGTAGAGCATC"	197	35.66
"GAGTTCCACCGTCATTTGTGGGGTGCGACTCGC"	197	35.77
"GAGTTCACCCGGCCCGGGGTCGCCCGGGTTACC"	196	35.89
"GAGTTCCGCGGACGTGTTTTTCACCGGTTTGTT"	194	36.00
"GAGTTCTCTGTGATTTTCGCATCTTTAGCTTTG"	193	36.11
"GAGTTCGGATCGCCCCACAGCCCGGGTGTCCTT"	193	36.22
"GAGTTCTGGTGTGTATTTTTTAGGTTGTGAATT"	192	36.34
"GAGTTCTAGCGGCTTCGCGAGGAAGGGGCATGC"	192	36.45
"GAGTTCGTCGGACCTTCATGGGTAGATACGGGC"	190	36.56
"GAGTTCGCGCGGAAGCGAAGACTTTCTTTAACC"	190	36.67
"GAGTTCGGGTATGGGATCTAGTGTTTTCAATTT"	189	36.78
"GAGTTCTCCGTGGTGCACATTGCGGGAAGGATT"	188	36.89
"GAGTTCCATAACCGCGCTTGGCGACAGTGGCAT"	186	37.00
"GAGTTCATGTGGTACTCGTCCCGGCGGGGGTCA"	186	37.11
"GAGTTCGGGTCAGCATTTCTGGGTTTGGCTTAA"	185	37.21
"GAGTTCGCAGGTTTACGGTAGGGTAAGCCGTTC"	185	37.32
"GAGTTCTCGTAGAGTCTTTCTTGTCCGACGTTG"	184	37.43
"GAGTTCTCCCGTTGGTAGTCTTGCCACCGGACC"	184	37.53
"GAGTTCGGGCGGTGACAGTGATGTCCCTTAGTT"	184	37.64
"GAGTTCGGCCTCTAGGGCGGGACACGTGCTGTC"	184	37.75
"GAGTTCTAGAGAAACAAGTGTTGATGAAAGTTT"	183	37.86
"GAGTTCAGTGAAGTATCCTAGCGAGGGCACTAC"	183	37.96
"GAGTTCAGGATGCACGGCTAGGCTTATTTCACG"	183	38.07
"GAGTTCACGGGTCTTGTGTGGTGCTACACGTTT"	183	38.18
"GAGTTCTGGAGGGACTCGTAAAGGAGAGCTAAG"	182	38.28
"GAGTTCTACCGTACACGGGAGGCTTAATGAGAC"	182	38.39
"GAGTTCGTATTCCATTCTTGGCTCTAGCCGTTC"	182	38.49
"GAGTTCCTGTTGTTCCCTGGAATCCTGATGTCG"	181	38.60
"GAGTTCACCCTTTGTTGATGAGCCCGCTAGGAG"	181	38.70
"GAGTTCTTTCGTGTCGTGCAATGCATTGCTCAA"	180	38.81
"GAGTTCTCCCTGAACGAGTTCCCCCGTCTCGTT"	180	38.91
"GAGTTCTTAAAGGTGTACTGGGGTGCCCTGGGT"	179	39.02
"GAGTTCTGATTGTGACGATGATAATTATTAATC"	179	39.12
"GAGTTCGACGTGACTCGTTTCGGAGAGGTAATG"	179	39.23
"GAGTTCATTCGGGGTTCGTACGACGTTACAAGG"	179	39.33
"GAGTTCTTTCACGACGAGTTAGTGTAGCCCCCA"	178	39.43
"GAGTTCTTCCAGCCAATCTGTTACCATGACGGC"	178	39.54
"GAGTTCGCTCGCGTCAATGTTGAGGCTGTACGC"	178	39.64
"GAGTTCTGTCGGTAAACCGTCGAGTAATCAAAT"	176	39.74
"GAGTTCTCTCCGCTATGGTCATGATGTTGGTGG"	176	39.85
"GAGTTCGTCGGTGACGTTTAGGGTATGGCGTTT"	176	39.95
"GAGTTCGATCAGTAGCGTGAGGCACAGGTCTCA"	176	40.05
"GAGTTCGAGCGTAAGCACTGTCCGCCCCCGCGT"	175	40.15
"GAGTTCTCGAGGTTCGTGTTAAAAATCGCATAA"	174	40.25
"GAGTTCGTCCGCTAAGAGAGTTGGCTGGAGTGG"	174	40.36
"GAGTTCATGGGAAGGTTGTAAAGTATCAAATGA"	174	40.46
"GAGTTCAGGGCGTCTCTTCTGCTCGGTCGTGGA"	174	40.56
"GAGTTCACCGCAGTTTCTTCCCTAACGTGCTAA"	174	40.66
"GAGTTCTTGTGTTTGCCACGTGATAATAACGAA"	173	40.76
"GAGTTCTCAGGAGGTGCTAAGCATAGTGTGCCT"	173	40.86
"GAGTTCTACCGGGCACAAGAGGTGGTTCTAGGT"	172	40.96
"GAGTTCGCACGTCGTCCCATTCAGCGGCATGGG"	172	41.06
"GAGTTCGATGTCCTGTGCCAGAGACTCGGTCCT"	172	41.16
"GAGTTCCCATGATGTTAACGGTATTACTAAGCT"	172	41.26
"GAGTTCAGTGGGTACGTTAGGTCTCGCTCGTGG"	172	41.36
"GAGTTCTTGGCTTCCTCCGTCGGGCTGTATGAT"	171	41.46
"GAGTTCAAGAGATGTGGATAGATGAATTGAGGT"	171	41.56
"GAGTTCTTACCAGCACGAGCGGGTTGGTCTTCC"	170	41.66
"GAGTTCTGTGATGAAGAGGTATGTCCACCAACT"	170	41.76
"GAGTTCGGTCCAATTCGGATTAAGGAAGGACCA"	170	41.86
"GAGTTCGAGGGGTGCTCATGCTTTCATTCATGT"	170	41.96
"GAGTTCATTCGGACGTGTGAGGAATCTTCGGTG"	170	42.06
"GAGTTCTTACCGTTGCTGTAGGATCGCCCGAAA"	169	42.15
"GAGTTCGCATGTGTTTTTATGCTATCCCATCGG"	169	42.25
"GAGTTCACCGGGGGTCTTTAGCCACAATGACGG"	169	42.35
"GAGTTCTGGAGTCCAGGGGAATGGTATGCAAGT"	168	42.45
"GAGTTCGCTCTCTCTGGAATTTTGGTCTCGTTA"	168	42.55
"GAGTTCCGGCAATCGCATCGATAGTTTGCTGGT"	168	42.64
"GAGTTCCCATGGAAGTTAGGTGTATTTCCGATA"	168	42.74
"GAGTTCAGGGGCGCCCTGCTGGTTTTTAGCCCT"	168	42.84
"GAGTTCACTTTGCTTGTGCAGATAGGCGATTTA"	168	42.94
"GAGTTCTGCTGGTCGCATTAGTATCGTACGTGG"	167	43.03
"GAGTTCTATTGGACTTATGATTGGTTGGGAACT"	167	43.13
"GAGTTCGCACCAGTGTATTGGGAGTAAGTTGTT"	167	43.23
"GAGTTCATTGGCGTGCCCTGTATCGGCCTCTTA"	167	43.33
"GAGTTCTAGCGTGCAGGCTGGGTTCAATACCGG"	166	43.42
"GAGTTCCGCCTGGGCTTGCTACCCCGCAACGCG"	166	43.52
"GAGTTCCATACGAGTCACGCGTTGCGCGCGTTT"	166	43.62
"GAGTTCTTGAGTCATTAGGGGAGTCAGTTGGTA"	165	43.71
"GAGTTCTCAAGGGTGCCAACGAATCTGCCACGA"	165	43.81
"GAGTTCGATCCGACCAGGTGATGATCCGTCCCT"	165	43.90
"GAGTTCAATCTACGACTCAGGTCTTCTTAGTCA"	165	44.00
"GAGTTCTCCTCAAGTTCCTGCGGACTTCAGGTA"	164	44.10
"GAGTTCGTCTGCACACTCGCGGGAATACGCGCA"	164	44.19
"GAGTTCGGCTTGCCACTTCTAGACGGATTCGGC"	164	44.29
"GAGTTCCTACGTTCGTCCTGGGGCGGATACGTG"	164	44.38
"GAGTTCATTCGTGCTCCGGTATACCAAATGGCG"	164	44.48
"GAGTTCATACAGTCTACGTAGAGCGGTACATTG"	164	44.57
"GAGTTCTATCTGTCGTAGGAGGGAGAACATCAA"	163	44.67
"GAGTTCGCAGGTGCATGGTAGTGTTAAATCTGT"	163	44.76
"GAGTTCGCAAATCTCTGCCATTGTGTGTAGGAT"	163	44.86
"GAGTTCTTCATCTGATCTGGGGGTTCCTCAAGG"	162	44.95
"GAGTTCCCTTGTCAGGCTTGAAGGTGTCAGGTG"	162	45.05
"GAGTTCCAGCTTTACCAGACATGCTGGGTCTCA"	162	45.14
"GAGTTCGTACAAAGGTATTTTCGTTATCCGTCG"	161	45.23
"GAGTTCGAGGGCAATTATAGATATAATCGGTCC"	161	45.33
"GAGTTCCTTTTCGGTCCGACAGGCAGTTTAGCT"	161	45.42
"GAGTTCCCTAACTAGCGGGGCCTAGGCAAGCAT"	161	45.52
"GAGTTCAGCGATCTCGTGTAATCGCATACGCGT"	161	45.61
"GAGTTCTCATTAGCATTGAGAGGAGTCACACAG"	160	45.70
"GAGTTCGATCGGGGAACCGGTAGATCCAGACGC"	160	45.80
"GAGTTCCGGTGAAGCCTTTTGGTCTTGGGAGCA"	160	45.89
"GAGTTCCAGGAGTGTGGGAGTGCTTTGGGTACT"	160	45.98
"GAGTTCATGGGGACGCTGGTAATGGGTTACACA"	160	46.08
"GAGTTCTGGCAGTAGTGAGCAGGATTACTAGGT"	159	46.17
"GAGTTCAGGTTCGTCATTAGTCGGTGTGCCCCA"	159	46.26
"GAGTTCTTGCGGTCACTGGTTGGACCCGTTGGT"	158	46.35
"GAGTTCTTACAGCCGGAGGAAGGTCGCGAATCT"	158	46.44
"GAGTTCTGTTGGAGGCCTAAGACGGCGGTTGCT"	158	46.54
"GAGTTCTAAAGGGTTTGGAAACAGTGGGCGTAT"	158	46.63
"GAGTTCGTGACCTACAGCTTGTTCACTTGTGCT"	158	46.72
"GAGTTCGGTCGGCAGTCGTATGAAATTCGGGTA"	158	46.81
"GAGTTCGAGTCGCGAGGGACGTGGTGCAGTCTT"	158	46.90
"GAGTTCGAATAGGGACTCTGTCCGCCCGTTCCC"	158	47.00
"GAGTTCCAATTACATCGCCTTGAAAAGCCCCAG"	158	47.09
"GAGTTCTTTCATTTCATGAGTCTTACGTCACTA"	157	47.18
"GAGTTCTTGTTCTGTCTATTCTTGTCCCTAGCG"	157	47.27
"GAGTTCTTCGGACCTTCTAGACAAAGGGGTTTG"	157	47.36
"GAGTTCTGCGTTGAATACTGGTCTGGGCACCGT"	157	47.45
"GAGTTCTCAGGGGTAAGGTAGGAATGACGTTCA"	157	47.55
"GAGTTCTAGTACATTCGGGGGCGTCTACGGTGG"	157	47.64
"GAGTTCGTGTCGTACCGGCGGTTACGCGTGAAC"	157	47.73
"GAGTTCGGCCGGCTGAAGCGCAGTGGTAGTTTT"	157	47.82
"GAGTTCGCGTGGCCGCATTGTAGATAGCGGGTT"	157	47.91
"GAGTTCGCCCGGGCGTGCGGGTGTGTTCTGTGG"	157	48.00
"GAGTTCGACCGTTAGAGCAAGTTGTTACCCTCG"	157	48.09
"GAGTTCATTTTCGTAGTCGTTGACACATTTGTG"	157	48.19
"GAGTTCATGCCCCCCCCACCATCACTGGTGTGG"	157	48.28
"GAGTTCGTGGATCTATGTAACTGTGTAGTCGTA"	156	48.37
"GAGTTCGTGAGGTATTTCCGTATTGTCTGAGCG"	156	48.46
"GAGTTCGGTTGGGATTCTTGTCTTTAGAATTGA"	156	48.55
"GAGTTCGGTTCGCCTTTGTCGGCCTCTTGGTTT"	156	48.64
"GAGTTCGATAAACGCACAGGAAATTCCAAGTCT"	156	48.73
"GAGTTCGAGCGCGTCGGGCGCTGATTTCGGGCA"	156	48.82
"GAGTTCCTCGGCCAGGTTTCGTGTATCTTCCGA"	156	48.91
"GAGTTCCTCCTCTTTCGCTCTTGCGCCTCCACT"	156	49.00
"GAGTTCCGATAGTGCGGTTGCACTTATTGAGTT"	156	49.09
"GAGTTCCCTGGAATATTAGTACGCCTGAGATCG"	156	49.18
"GAGTTCATATCGGAGACGGGGGAGTGCGGGAGG"	156	49.28
"GAGTTCATACGGGTCAGTGGGCCAGCCGACCCG"	156	49.37
"GAGTTCTCTTAACCATTGCATGGTGCGTCTGGT"	155	49.46
"GAGTTCTCGAGGATTCGGTGGAACGATCTCTCA"	155	49.55
"GAGTTCTCCAAGATGTGTCCAAGTCATGGGCTA"	155	49.64
"GAGTTCTACGAGACGTCTGTCGTGCGTTGATTC"	155	49.73
"GAGTTCGTCCGCGGAAAGTGCGGGGCCGGTAAG"	155	49.82
"GAGTTCATGTGGGTCTATTCGGGTATAACTCTG"	155	49.91
"GAGTTCAACCGGGGATCTTGGGCGGAGTTCGCC"	155	50.00
"GAGTTCTTGACGTAACTTAGGTTTCTATGGTGT"	154	50.09
"GAGTTCTCGATCGGTGATGGCTAATCCCGGCCT"	154	50.18
"GAGTTCTACGGTCTGGGGAGGTCAGTGAAAAAT"	154	50.27
"GAGTTCGACAGATTCGATGGTTTCAGTCCTTTT"	154	50.36
"GAGTTCGAAAGAGAGCAAGGCTGGCACCGGTAT"	154	50.45
"GAGTTCCGCTGTTGTCAAGGTGGTATTCGGGTG"	154	50.54
"GAGTTCTTCCATCGACGATTCTACGACCACGCG"	153	50.63
"GAGTTCTGGGAACTATATAAATGTCGTGAATTA"	153	50.71
"GAGTTCTCCGGTCCGTCGAGATGTCCTCAGGCG"	153	50.80
"GAGTTCTAGTGAATATCGTCCAGACTTGGTTCT"	153	50.89
"GAGTTCTACGATGCGCTAGCGTGGTCGGGAGCC"	153	50.98
"GAGTTCGGGCTACACTGGCGGGTTATAAGAATA"	153	51.07
"GAGTTCGAGCGGGCTCGGTCTGGTGCGCCGGAG"	153	51.16
"GAGTTCGACCAGTCTCGCTCCGTATACCTGGGA"	153	51.25
"GAGTTCGAACAACACTGGCATATATATATCGTA"	153	51.34
"GAGTTCCATCTTTCACGGGCGTCTTCCCGGAGG"	153	51.43
"GAGTTCACCCTGGCGGAGTTACGTTACCGACGC"	153	51.52
"GAGTTCTCGACAACGCACTCGGGTTAAATAGGA"	152	51.60
"GAGTTCTCCGACATGGTCAAGTAAGTAAGGGCT"	152	51.69
"GAGTTCTAATTCGGAGTCCTATCACACCGGTCT"	152	51.78
"GAGTTCGGTATTTTTGTGATCGGGGGGTGCGTA"	152	51.87
"GAGTTCGGGCGAGCGAGGTACGGTAGTAGGTAC"	152	51.96
"GAGTTCGCATAGTTTTGTGAGTACCTCCGGTGT"	152	52.05
"GAGTTCCAGTGGTCGGCTTGATATACTCTTAAG"	152	52.14
"GAGTTCAACCGTCTCACTGGGTCAAGCCAGTCT"	152	52.22
"GAGTTCTCCGTCTCGGGGTAGGTAAATGGGCTT"	151	52.31
"GAGTTCTAGCACTCAGCTCAGGACCAGTCATGC"	151	52.40
"GAGTTCTAGAACTGAGGTACTGAGGAATGTTAG"	151	52.49
"GAGTTCGTGGGTTAACCGTCAACAACCTCTGCC"	151	52.58
"GAGTTCGGCTATGGGATGTCCCGAGAGGGTCGT"	151	52.66
"GAGTTCGCGTTGTGGGAGTTTTGTATCCACTCT"	151	52.75
"GAGTTCAGTAGACCCCCGGGCGGTACAAGGGTT"	151	52.84
"GAGTTCTTCCGAGAGCTCGGGGCTTATGTAAAC"	150	52.93
"GAGTTCTATTGGCCACGAGGACATCTGCGGTGC"	150	53.01
"GAGTTCTAAGGGCTACGGTGGTGTTCATAATTC"	150	53.10
"GAGTTCGCGTTGTGACCTCCGAGGACGACTGCA"	150	53.19
"GAGTTCGACCGGTCCGTTGCCTACCCGCCTCCT"	150	53.28
"GAGTTCCCTTTTGGTAGAGAGTGTTAACGGGCA"	150	53.36
"GAGTTCCCCTCCAGTGGAGCGTTGCATCAAATT"	150	53.45
"GAGTTCCACCGCAAGTACTTCGTGTGCCGTTCC"	150	53.54
"GAGTTCACCCCAATGTCAGACTGATTCTTGTTT"	150	53.63
"GAGTTCTTGCAGTCGAGCGAGGTAGTACGGGGA"	149	53.71
"GAGTTCTGAGGAGGCGACCGGGTATCGCGCTTC"	149	53.80
"GAGTTCTCATGTCCCTTGAGAGATACCGTGTTG"	149	53.89
"GAGTTCGGCAAGGGTTTTAATAATATGTAGTTC"	149	53.97
"GAGTTCGCGCTAGTACTGGTAGGCGTTTCCGTA"	149	54.06
"GAGTTCCTCAGGCTCTTCAGGGGCCGTATGGCG"	149	54.15
"GAGTTCCCGTCGTCCGGGGCCATTAGAGAACCT"	149	54.23
"GAGTTCCATCGATCGGTAGGCGAACCTGTGCGG"	149	54.32
"GAGTTCCAGTTCGTCTGTTAGAATGTTCTGTCC"	149	54.41
"GAGTTCATCGACCACGAAAGGCTCGGTGCACCT"	149	54.49
"GAGTTCTTGGGTCATATTCGCGATTTCGAATCG"	148	54.58
"GAGTTCTGTCGCTACGGTTGTCAACGGCGCCTA"	148	54.67
"GAGTTCTCAACAGTCGGCTGTCGTTATTGTACG"	148	54.75
"GAGTTCTAATTCCATAAGTGCGTGTGAGTTTGA"	148	54.84
"GAGTTCTAACAGTAGGTTTAAGCGATGAGCCTG"	148	54.92
"GAGTTCGTCCGTACGACGCCAACTGTACGCGAC"	148	55.01
"GAGTTCGGCTGGCAGACTGATGACTGGCAGGCA"	148	55.10
"GAGTTCGCACGGGACTATTGTCATTTAGGACGT"	148	55.18
"GAGTTCCCGGGACCTAATCTTGGGTATTCGGTT"	148	55.27
"GAGTTCCCGCTTTAGAATTGGTTAAGTTTTGGG"	148	55.35
"GAGTTCCAATGGGCCCGGAGGTGTTCGCAGTTC"	148	55.44
"GAGTTCATGTCTGGCCGAAGGTTCTGTCCATTG"	148	55.53
"GAGTTCTATTGGCAAGTTCCGTTCGTCGGGTGG"	147	55.61
"GAGTTCTACTTGCTGCCAGGGAGGGTTAAAGTT"	147	55.70
"GAGTTCTACCTGTGTAGTGTCTCTGCGATGTGC"	147	55.78
"GAGTTCGAGCCCTACCTTGGTTCGAGTGTCCCT"	147	55.87
"GAGTTCGACCGTAATATGCCCTCCTTTCGCAGT"	147	55.95
"GAGTTCCCTCCTTCGTCTTAGGGTGTAGTGCGT"	147	56.04
"GAGTTCACCACGGCTCGGCGACCATTGTTATTC"	147	56.13
"GAGTTCAATTGGTCCGGCGGGGTACTTCTTGAC"	147	56.21
"GAGTTCTTTCGGCCCTGGCTCGGTTGCGCACGT"	146	56.30
"GAGTTCTTGGGGGCTATGGAGAGTAATCGGCCT"	146	56.38
"GAGTTCTTACGGGTAGTAGGACGATTCTCATGT"	146	56.47
"GAGTTCTGTTAGCCCCGCGGGTAACCCCTATGC"	146	56.55
"GAGTTCTGAGGCTTTGAAGGCAACTGGGCTAGT"	146	56.64
"GAGTTCTCATGTCCAATCAATGAAGTTCAATCC"	146	56.72
"GAGTTCTCATCGAAGAAAGCGCCCGTCTGCTGT"	146	56.81
"GAGTTCTATGGGGCGTCGTCGCGTGCTCTTGAA"	146	56.89
"GAGTTCACTGATTGGTGCGGGCCGATTCACGGG"	146	56.98
"GAGTTCTGCGCCGGGTAATGGCGGCATCCCGAA"	145	57.06
"GAGTTCTGCCGACGGTGGTGGTGTCGTTCGTAC"	145	57.15
"GAGTTCTCTTGATAACTATTGTGGTCCTGGGTT"	145	57.23
"GAGTTCTATTGGACCGGGTCTTAAATTTGCCAT"	145	57.31
"GAGTTCTAGGGTAATATGCGCCGGGAGCGCTCA"	145	57.40
"GAGTTCTACTTTTCTGCTGGACAAGCACCGTTA"	145	57.48
"GAGTTCGTTCACGGGCGTCGCCGAGTCTTACTT"	145	57.57
"GAGTTCCGCAGTTCACGATTTTGATTGTGGAGT"	145	57.65
"GAGTTCACGCTGGAGAGTTGTGCGTTTTCCGTT"	145	57.74
"GAGTTCTGTGGAACTCTTCTCCGTGCCCGTATA"	144	57.82
"GAGTTCTGCGGGGCGCGCAAGGGTACTTGCGTG"	144	57.90
"GAGTTCTCTGCTCCCGGGTATCCGTCTGCTCCA"	144	57.99
"GAGTTCTCTCAGGCACAGGACCGTACCGTGCGT"	144	58.07
"GAGTTCTATGGGGGTCAGGCACGTTTCCGTGTA"	144	58.16
"GAGTTCTAGCACGGAGCGTACGGGTGCTCCGGT"	144	58.24
"GAGTTCTAAGATACGTTTGGGGTTGCGGATTAC"	144	58.32
"GAGTTCGTTCGGTGCCGTATTGATCGTTCGATT"	144	58.41
"GAGTTCGTCCGAGCATGGCGAACGCCCCGCCGC"	144	58.49
"GAGTTCGTAGTGCGTTCCTAGTGTTTCTTCGGG"	144	58.57
"GAGTTCGCCAGGCCACTGAGGGCGTACAACTAG"	144	58.66
"GAGTTCGCAGAATATGATTTGGGTTGTGCGCAG"	144	58.74
"GAGTTCGATCGTGCACATAGGCGTTCTCGGTGT"	144	58.83
"GAGTTCCCCGCGGACCTTCTTGGGCGCGCGCGT"	144	58.91
"GAGTTCAGTCAGTCTTAGTTGGGCGGGTCCGCC"	144	58.99
"GAGTTCTTCCGGGCTTGACATAAACGGGATGGT"	143	59.08
"GAGTTCTGGAGTTAAGTTTGAGAGGGGAAGCTA"	143	59.16
"GAGTTCTGAAGGTATGGCTAAGCGATTCCCAGA"	143	59.24
"GAGTTCTCGACCCTAGGTTCATTGCGTCTTGCT"	143	59.33
"GAGTTCGTCGATGGCTCAGTCCTCGTTGCGCCT"	143	59.41
"GAGTTCGGTTGTCAGTTGGGTAAACGTGGGTGG"	143	59.49
"GAGTTCGGGTGGGTCATGTGGATCTCGCGTAAA"	143	59.58
"GAGTTCGGCCCCGCGTCGGTGTTAGGTTGCGCG"	143	59.66
"GAGTTCGATCACGGCTGTCAAATGCTTTTATCC"	143	59.74
"GAGTTCCGGCGTCGCCAGGCTTGCGGTATCGTT"	143	59.83
"GAGTTCCCCGTGCTGTGTGGCTCTATGCTTATT"	143	59.91
"GAGTTCAGGAGGTCTCGTCGAAGAGAGCGGTCT"	143	59.99
"GAGTTCAGCAAGTGTGCAGTATTGAATCTACTG"	143	60.08
"GAGTTCACATGTTCCCAGGTTGTTGGATGATTA"	143	60.16
"GAGTTCTTTATGTGGCGTGGTATCCCTTCGCCG"	142	60.24
"GAGTTCTGAGCGTTCATAGTGTTTGGTAGGTTG"	142	60.32
"GAGTTCTCTGTGTAGAACGTCGGAGTGCGTTGT"	142	60.41
"GAGTTCTAGTACGTCAGGCATGTGTGTGGGGCA"	142	60.49
"GAGTTCGGTTAGGTCTAGGCTGTCTTTCTGCCC"	142	60.57
"GAGTTCGGTGGCGGGGGACTCCAACGCCGGTAG"	142	60.66
"GAGTTCGGACGCTAAATGTCGCGAGTCGGTGCG"	142	60.74
"GAGTTCGATGGATTACGTGATCGGTAATGAGGG"	142	60.82
"GAGTTCGATCGTCAATGTTGGTGGTTCCCGTTT"	142	60.90
"GAGTTCGAGCGTTATTGTTTTTGCCGGTGGCAT"	142	60.99
"GAGTTCCTGCGTTTTCCGGGGAGTTGATACGCT"	142	61.07
"GAGTTCCATAACAACCATGGCTTCATGTGGTGC"	142	61.15
"GAGTTCCACGGGGAGCGGTAGAATGGCGGGTCA"	142	61.23
"GAGTTCAGGTGTGCGTAATTTCAGTGGTTGGTC"	142	61.32
"GAGTTCACCCGTCTCAGATGGTGGTGTGCGTTT"	142	61.40
"GAGTTCAATACAACAGTCTAAGAGACGCAACTG"	142	61.48
"GAGTTCTGTGGGCGGTCCAGGGGCAGTTGATAT"	141	61.56
"GAGTTCTGTCGTGCTACGCCGAAAGTTCAGCGC"	141	61.65
"GAGTTCTCTGGCCGGTGCTGGTAGATGGCGGAA"	141	61.73
"GAGTTCTCTGATGAGCTGTGGGGGCTCAGTGCC"	141	61.81
"GAGTTCTATAGGGCTCAATGGTCCTGTTCGAGC"	141	61.89
"GAGTTCTAGCAGTACAGTTAGGGTTGTCCCGGC"	141	61.97
"GAGTTCGTACGCACACGATGTGGTTTCCCATTA"	141	62.06
"GAGTTCGCGAGGCTACTGGTGCGTGGGGAATCA"	141	62.14
"GAGTTCCTGTACAGGCTGGACCTTGTCAGCTTC"	141	62.22
"GAGTTCCTCTCGTACGGGCCAGCGGAGTGGAAG"	141	62.30
"GAGTTCCGCAATCACCAGTCTGGTTCGTCCCCG"	141	62.38
"GAGTTCATTTGTATGTCCCCAAACTGTCAGTTT"	141	62.47
"GAGTTCACTCGTGAGACAGACGGCGTCTCGGCC"	141	62.55
"GAGTTCTTTCGTCCGACAGTGACTACCATGCCC"	140	62.63
"GAGTTCTTCTGCGGTCGTGGTTAATGCCCGTGT"	140	62.71
"GAGTTCTGGGTACCCCCGGTGTACGGGTCAGCT"	140	62.79
"GAGTTCTGCTGCAGTCCAGAGGAGTGGTTCGCA"	140	62.88
"GAGTTCTAGGGTGAGAGCTTTGTGGTATGACCG"	140	62.96
"GAGTTCTACTAGTTCTTCGTGAGTGGTTGGAGG"	140	63.04
"GAGTTCTACCGGGACAAACAAGCATGACCCTTC"	140	63.12
"GAGTTCTAATGTGAGGATTAGTGTACGACGTCA"	140	63.20
"GAGTTCGTTCAAAAAAGCATACTTAGGAGGCCA"	140	63.28
"GAGTTCGTGCATACTCCTTGCCAGAATCTCCCG"	140	63.36
"GAGTTCGGTTTCTTCCCGGGAACAAGGGGTTCG"	140	63.45
"GAGTTCGGTGACGTAGGTTGTGCCCCTCGTGTT"	140	63.53
"GAGTTCGGTCGGTCTCGGGAATGATGATTGTAT"	140	63.61
"GAGTTCGCTAATCTTTCGAATGGGGTTTATGAG"	140	63.69
"GAGTTCGACAGGTGCGCCTGAAGCCTGAAATGC"	140	63.77
"GAGTTCCTTAGTCGTTGAGTGCGCCGTTGTTCG"	140	63.85
"GAGTTCCTCCATTACGGCCGGTTTTTTTTTATG"	140	63.93
"GAGTTCCAGTTTCATTTTGGTCCACGGTAAGTC"	140	64.02
"GAGTTCCACGCGGACTCGTGTCTACGTCGGTCG"	140	64.10
"GAGTTCAACCGGAAGTAATAGGGGCGAAACGAA"	140	64.18
"GAGTTCTGCTTTCGTTGGAATGGATTCGGGTGG"	139	64.26
"GAGTTCTCCTCGTATTCGTAAAGGGGGTCGAGG"	139	64.34
"GAGTTCTACCCGTTATGGGGAGGTTTGTGGGGT"	139	64.42
"GAGTTCGTGTTCAACAGCCCGCAAAGTGGTGAG"	139	64.50
"GAGTTCGTGGCTGATCGGTGCGTATTTACACCT"	139	64.58
"GAGTTCGTCCCCCTCTTGTAGGGATGTAGTTAC"	139	64.66
"GAGTTCGTATGGAAGCTTTTCTGTTCTTGAGGG"	139	64.75
"GAGTTCGGTAGTGTAGCGTCAACGCTATTTGTC"	139	64.83
"GAGTTCGGGTGGTGGCTTTGGTTGTTTCTGTCT"	139	64.91
"GAGTTCGATTAGGAGTGTGCCGGTTCTTACGCA"	139	64.99
"GAGTTCGACTTCAAGTCGAGAGTCTCTAGATAG"	139	65.07
"GAGTTCCGAGGCTCGTTGGGTTCTGTAGGCGGT"	139	65.15
"GAGTTCAGTCGTTACTGCTGAGGCGGTAGTCGA"	139	65.23
"GAGTTCTTGCGGCGACGTTATGAAAAGCCGCCA"	138	65.31
"GAGTTCTGGCGGCGACTCGAGAACTTTCGTAGA"	138	65.39
"GAGTTCTCTCGTGAGCCCTGGTGTCGTCTATGA"	138	65.47
"GAGTTCTCGCGTGAAAGCTGGGCAGAGACGTTT"	138	65.55
"GAGTTCTCACGTAAAACGTCTCAACGTGAATGG"	138	65.63
"GAGTTCTATTAGGCTGCTTGGGGTCTGAGATCA"	138	65.71
"GAGTTCGTTTCGGTCGTTCCGTCGTGGGATTCT"	138	65.79
"GAGTTCGTCGCAATGCACGGCTTACCATAGGTG"	138	65.87
"GAGTTCGGTGTCTTCCGTGTTAGAGGATTTTAC"	138	65.95
"GAGTTCGGTAGCGCCTTGAGGGGCGTTGGGCAG"	138	66.03
"GAGTTCGATCGAAATCTAAAGCAACGCTGGGCG"	138	66.11
"GAGTTCGAGAGCCAGGAGTCTGTCATTATGGAA"	138	66.20
"GAGTTCGACTAAGCGGCACGAGCTCGAAGCTGT"	138	66.28
"GAGTTCGAACGGGGACCATTACGTGCCTTGCTG"	138	66.36
"GAGTTCAGTCTGGTATTTGGGGCTTGACTGTGT"	138	66.44
"GAGTTCACTCGGTGGTCATGGGTTTTACTGGGA"	138	66.52
"GAGTTCAACAGTAAAGAATGGAAGACTTTGGCC"	138	66.60
"GAGTTCTGTGGTGGACTGTTGGATGTAAGGTAC"	137	66.68
"GAGTTCTGGGTGTAGCTCCTTCAGGGGGTTTTG"	137	66.76
"GAGTTCTCGCTTCCACTTTCACGTTTCGGCGAC"	137	66.84
"GAGTTCTCGCGAGCAATGAGGTTGCGGGACATT"	137	66.92
"GAGTTCTATAGCGAAGCGGACAGAACGTTCCTG"	137	67.00
"GAGTTCGTACATGGCTTGTGTCTACAGAGGGTC"	137	67.08
"GAGTTCGGCCAGTGGTCAGGATGGCGACTACGG"	137	67.16
"GAGTTCGCTTGTGCGCCCTGGTGTGAGTTAGAT"	137	67.24
"GAGTTCCTACGGTGACTGGACTCGTGGGGTTGG"	137	67.31
"GAGTTCCGTTGGTCGCTCTTGTAACGTTGGTCT"	137	67.39
"GAGTTCATTCTGACGTACATGTAACAGCGGAAG"	137	67.47
"GAGTTCAGAGGGGTTACTGTGAGGTGTAATGTT"	137	67.55
"GAGTTCTTAGCGATCGAGTATGGGCCGCGGGGC"	136	67.63
"GAGTTCTCGCGGCTTGGATGGAGTTTCGCGGGC"	136	67.71
"GAGTTCTCAGTGGAATGACGTTAATTAATCTGC"	136	67.79
"GAGTTCTACAATTTGTGGTCGTCTTTGACCGGC"	136	67.87
"GAGTTCGTTCTACACCGGTGGGGAGGTCCTTCT"	136	67.95
"GAGTTCGCGAGCCTATGGTGGTATGGTCATTCC"	136	68.03
"GAGTTCGCACGGCCTTGTAGATGGTTTTCGTCC"	136	68.11
"GAGTTCGACGCGTGCCTGTGGCAGATTAGGGGC"	136	68.19
"GAGTTCCGTTCCTATGCGGCTTACCGAGAAGTT"	136	68.27
"GAGTTCCCCAGGAACGCGTAGGGTGGTCTGTCG"	136	68.35
"GAGTTCAGGTCAGCTATGCCGTTGTGGGCGTGG"	136	68.43
"GAGTTCTTTCTGTCGTGGTAGAGTTGGTACGGA"	135	68.50
"GAGTTCTTAGAACAACGAGCATATCGGTGGCCC"	135	68.58
"GAGTTCTCAGATCCGTTTTTCGGCAATGGGCTT"	135	68.66
"GAGTTCGTGGATTCTATATAGAGGGGTCCCGTA"	135	68.74
"GAGTTCGGGTGGCTGGGGAAAGTGCTTAAGGTC"	135	68.82
"GAGTTCGGCAATGGAACGGTGCGTTAAAACGCC"	135	68.90
"GAGTTCGCTCGAGCCTACGGAGGTCGATGGTCG"	135	68.98
"GAGTTCGCGGGACTGCGTCTTGCTGCGCCGGGA"	135	69.05
"GAGTTCGCGCAAGAATGGATACTGGGAAGAGTC"	135	69.13
"GAGTTCCTTTTGTCGCCGCCGACCGCCTCGTGC"	135	69.21
"GAGTTCCGTAAACTGGCCCGATATGGACTTTGC"	135	69.29
"GAGTTCCCGGGGACGCTCATGGGGGATCGTTCG"	135	69.37
"GAGTTCACGCCTCACGAGTGACTCTCCGTGACG"	135	69.45
"GAGTTCAAGTGACACTGCTCTGGGAGATTGCAC"	135	69.53
"GAGTTCAAGCGTCCGAGGGGTTTACGCCTGCTG"	135	69.60
"GAGTTCAACGGGGCGTTTGGATAGTGCCTGTCC"	135	69.68
"GAGTTCTTTAGGTTGACATTCGCGCGTCCAACG"	134	69.76
"GAGTTCTTGTTGCAATGTGGTCGTCTGTGCCTT"	134	69.84
"GAGTTCTTGTGGCATCGCGCATCGGGGGGACGT"	134	69.92
"GAGTTCTGCACGTTCTACAGGCGGTTCGGTCTG"	134	69.99
"GAGTTCTCGCGTAGTCGCGGGGGTGGACGAGCT"	134	70.07
"GAGTTCTCAGGGACTATTGATTGCCGCATCTTT"	134	70.15
"GAGTTCTCAGGAGATCCCGCAGTGGCCATGTCC"	134	70.23
"GAGTTCTATCTATTTGGGTGGTGGGTGTATTGC"	134	70.31
"GAGTTCTACCGGTGGAAGTTGAGCGAGGGATGT"	134	70.38
"GAGTTCGTATTAGCATGCATTGGGTTACGCTAT"	134	70.46
"GAGTTCGGTCAGGGTCGTGGAGGAGGTGGGTAA"	134	70.54
"GAGTTCGGGAAGCCGGGCTAGGGTCACGTGTCG"	134	70.62
"GAGTTCGCGGAGGCTCTCCGGTTCCTTCAGTCT"	134	70.70
"GAGTTCGATTTCTCCGGGGCCTTTCTACGATGG"	134	70.77
"GAGTTCGATGGGCACTAATCGTGTGTGAGTGGT"	134	70.85
"GAGTTCGACGACTAGGTCGGCGGCGCAGACCAC"	134	70.93
"GAGTTCGACAGTTGTGAATGCAATCGGCGGTTC"	134	71.01
"GAGTTCGAACGGCAGTTGGCCCAACGCGTGTAG"	134	71.09
"GAGTTCCTGGAGGTATTTTCCCCACCATCGCGC"	134	71.16
"GAGTTCAGTGTGCGGTATGAAGATCGGATGTTC"	134	71.24
"GAGTTCACCCGGGGCGCAGTGGTCCGTTGGCTG"	134	71.32
"GAGTTCAACCCATGGCTAGTCGGGTCCGGGTTC"	134	71.40
"GAGTTCTATCGGCGTCTATCGTGTTGACAGTCA"	133	71.48
"GAGTTCGTAAGGCAGGCGGTATCTCTCCACGCA"	133	71.55
"GAGTTCGGTTACTCAACCGGACGTGCTGCGTTG"	133	71.63
"GAGTTCGGTTAATCGTTGTGGATAATGGTGAGG"	133	71.71
"GAGTTCGGCCGGACGAGTGGGTCCCCTCGAAAA"	133	71.79
"GAGTTCGCTCATACCCAATGAAACTGTTCCGGA"	133	71.86
"GAGTTCGCTAGTCTTTTTAGCGCGTCTCCGTCC"	133	71.94
"GAGTTCGCTAGAAATAGTTGCGGACGGCGAGAA"	133	72.02
"GAGTTCGCGCGGCTGTTTGGGCGGTGGAGTGGG"	133	72.10
"GAGTTCGCACGGGCGCATCGGTCGTGTCGTAGG"	133	72.17
"GAGTTCCTTTGGGGTTGTTTAAATCGTATCTTT"	133	72.25
"GAGTTCCGGACGCGCGTAGCGGGGCTGGCGAAA"	133	72.33
"GAGTTCCCTTGGCAGTTGGTGTGGGTGTAGTGC"	133	72.41
"GAGTTCCCCCTTAACCTCGTCCCGGACGTCAGG"	133	72.48
"GAGTTCCATTAATAGCTGAGTAGAGGACTGCCT"	133	72.56
"GAGTTCAGTCCCGTCCTTAACGTACATGAATAA"	133	72.64
"GAGTTCAGTCCATACGACTCGGTGAGGAAGCCT"	133	72.72
"GAGTTCAGATGGCGCCGCCGATACGGGCTTCGT"	133	72.79
"GAGTTCTTGGAAGAAAACTAAAAAAATGTATAG"	132	72.87
"GAGTTCTGAGGCGTTTAGAGGAGCCGTGTTTTC"	132	72.95
"GAGTTCTCGGTCCCGGCCCGGCTGCGATTTCCT"	132	73.02
"GAGTTCTCGGTAGCTTGAAGGCGGAGTTCGGTC"	132	73.10
"GAGTTCTCATTGTCATCATGGGGCCGGCCCCGG"	132	73.18
"GAGTTCTATGTTCTGATGTCAACTTGGCAGATG"	132	73.25
"GAGTTCTATACGGTTCTCGGGAATTGAAGGGAT"	132	73.33
"GAGTTCTACGGGATGTGTAGGTTTCGACGGCCC"	132	73.41
"GAGTTCTAATGAAAGATGAATGAACTGAAGAAT"	132	73.48
"GAGTTCGTACCGTTATAGTGGTCACCAGGCTGC"	132	73.56
"GAGTTCGCTTGTGCACGGTATTGACGCCTAAAT"	132	73.64
"GAGTTCGATTGTTTAAATGTGGCGTACCAGCAC"	132	73.71
"GAGTTCGATGACGCGCCTCTGGGTCCGGTAAGA"	132	73.79
"GAGTTCGAACGGTTCGGCAGGGGATGTGCGTGA"	132	73.87
"GAGTTCCTTGTCATAATGAGGGGAATAGGTATC"	132	73.95
"GAGTTCCCGTGGGCCGATGTTGATTATAGCTCG"	132	74.02
"GAGTTCCCCTAGTTGAGGGTCAGAGAGCTCCGG"	132	74.10
"GAGTTCTTTTGGCTCTTCTGATGGAGTGCGTCT"	131	74.18
"GAGTTCTTGCACTCTCAAGGTAGCTTCTTCTTC"	131	74.25
"GAGTTCTTCTCGTCCACCTAATTTGGACGCTAC"	131	74.33
"GAGTTCTGCTGAGGTCTGTAGAGTGGGATGACT"	131	74.40
"GAGTTCTCTGCGAAAAAAAAATGGTACTGAATG"	131	74.48
"GAGTTCTCGCTTAGCTACTCCTAGCGTGACTGG"	131	74.56
"GAGTTCTATTAGGCTTAGCGGGTTTGGCAACTT"	131	74.63
"GAGTTCTATCGGGAGCGCCGTCGAGTGTGATGG"	131	74.71
"GAGTTCTACAGGGGCTGGGTGTGAACGCTGCGA"	131	74.79
"GAGTTCGTCTATGGTCCGTGACGTCATACGCGA"	131	74.86
"GAGTTCGGTGCGAAATGATGGTAGTCTTCGAGC"	131	74.94
"GAGTTCGCGCGGTCCTCAGCGAGGTGTGCGGGG"	131	75.01
"GAGTTCGAGGGTCTGGTCTGGGTTAGCCCATTA"	131	75.09
"GAGTTCGAAGAACCACGTATGTAAAAAACCCGG"	131	75.17
"GAGTTCCTCCGTTGTGATTGGTGATCGCGGAAG"	131	75.24
"GAGTTCCGTCCGCCGTTAAGGTGCCCTAGATTC"	131	75.32
"GAGTTCAGTTATCCTTAGAGGGCAATCGTCGGC"	131	75.40
"GAGTTCACTCGGTCGTAGGTGTCAGTTGTCTGC"	131	75.47
"GAGTTCACAAAGCTTGAATCCGGGTTTCCAGGC"	131	75.55
"GAGTTCTGGCGGAACCGGTATAATTTGGAGGAT"	130	75.62
"GAGTTCTCGAAGCCGACGAGGGATTGGCCGGTG"	130	75.70
"GAGTTCTCCCGTCATTCTGGCGGGTTTCGGAAC"	130	75.78
"GAGTTCTCCCAGATCGCGTTAGGTCTGGCGCAT"	130	75.85
"GAGTTCGTTCGTCATAGCCACCTTGGTTGGTGG"	130	75.93
"GAGTTCGGTTAGGTGGTCCCGGGCGATTCCTGA"	130	76.00
"GAGTTCGCATACTTTCGAATCCGGTGAGGCGAG"	130	76.08
"GAGTTCTTGTTTCCATTTTGGGTATTGAGAGTT"	129	76.15
"GAGTTCTTGCGGGTGGACAGAACAATCCGGTCG"	129	76.23
"GAGTTCTTAGGCCACACTGGCCGTTGTTGGGGA"	129	76.30
"GAGTTCTGGGGGCTGTCTCGCACTTAACTTTTG"	129	76.38
"GAGTTCTGGCGAACTCCACCTGGTCCGCGGAAG"	129	76.45
"GAGTTCTCTCGTTCAACCATAGTTCTCCGTGCC"	129	76.53
"GAGTTCTCGGAGGTCTCAGTAAGACTGGTTCAA"	129	76.60
"GAGTTCTCCCGGGGCCAAGGATGTCCACATAAC"	129	76.68
"GAGTTCTCATCCGTTTGCGCTCGATCGGGGTTT"	129	76.75
"GAGTTCTATTTACACGGTTTGCGTCGTCCGTCA"	129	76.83
"GAGTTCTATTCACAAGGGGCTCGACGGTAACGT"	129	76.90
"GAGTTCTAGTGGGAGGTCGGTTGACACTTGTCG"	129	76.98
"GAGTTCGTGTCCTAAGCTATGGAATTTAGCAGG"	129	77.05
"GAGTTCGTGGGGAATCAATTATGTCGGTGCGTC"	129	77.13
"GAGTTCGGTCAGTCGGTCCGGATACTGCGAGGC"	129	77.20
"GAGTTCCTGCCGGCCCTGAGGCAGCGGTGGGAC"	129	77.28
"GAGTTCCTCCGTGCCCTGTCCGTCCGGTGTATT"	129	77.35
"GAGTTCCAAGGCTTGTCTGGATGTGCTCGCGTA"	129	77.43
"GAGTTCACAGGCGGACTCTTGGCCATCCTACGT"	129	77.50
"GAGTTCAACTGTCTGGGGTCGTCATTCCGTTTG"	129	77.58
"GAGTTCTTTTGTCGGTGGACCCTGTTGAGGCCG"	128	77.65
"GAGTTCTTTAGGGCGGTGGGGTTGATGTGGAGG"	128	77.73
"GAGTTCTTGAGTGGCTTGGGAAATTGCACATGA"	128	77.80
"GAGTTCTTAAGCGGCTGGTGGGCTTACTAACAG"	128	77.88
"GAGTTCTCCGGCGAATCTTCGTGGCGCAGCGTC"	128	77.95
"GAGTTCGAGGGAGCGGAGAGAAGATGGGGTTCA"	128	78.03
"GAGTTCGACTTTGTTTACGTATGACCTCTGAGA"	128	78.10
"GAGTTCCCCGTGGGATATGCGTTACGGGACCCA"	128	78.18
"GAGTTCCATCAGTTCCTTGGAGAATCTCTATAT"	128	78.25
"GAGTTCAGATTCTAATTCTTTTTGCGGTGTTGC"	128	78.33
"GAGTTCTGGAAGCGCCCATGATGTGCCTGAACC"	127	78.40
"GAGTTCTGCTCTGTGGCGGTTTGAATCTGCCCC"	127	78.47
"GAGTTCTGATCGATTTCATAACCGTTCCTGCTC"	127	78.55
"GAGTTCTCGGTTCGGAATCACCGGGGTAGTTGG"	127	78.62
"GAGTTCTCGCGAGCTTCAACAGGCGTGAAGCAC"	127	78.69
"GAGTTCTCCGGGGACGAAAGTGGTGATAAAGCG"	127	78.77
"GAGTTCTATTGCAACCCACGGTGCTGTTTAAGT"	127	78.84
"GAGTTCGTTAAGGAGGCCTTTCAGGGAGTCCCT"	127	78.92
"GAGTTCGGTTAGGGAAACCCCCCGCGTAGCGAA"	127	78.99
"GAGTTCGCATCTCCGGCGGTTTCGGTAGTACTA"	127	79.06
"GAGTTCCTACATTGCGCATAGGATTATAGCAAG"	127	79.14
"GAGTTCCAATTGGAAACGGGGAGGTGGGTATCC"	127	79.21
"GAGTTCAGTGTCTTGTGTATTTGTGGAGGGAAA"	127	79.29
"GAGTTCAGAAGTTGGTAGCGGGCTGGATGTGGA"	127	79.36
"GAGTTCAGAACGCGCTCGCGTGCGTAGGCGCCG"	127	79.43
"GAGTTCACGTAACCGTGCAGAGGATAGCGCATC"	127	79.51
"GAGTTCAAAGGACTGTACTGAAGGGCGTAAGGC"	127	79.58
"GAGTTCTTGGGGTGCGAGAGGGGTCAACGGGTT"	126	79.66
"GAGTTCTTCGACCAACGGAGGATACTCTTCTCC"	126	79.73
"GAGTTCTGGTGTACCGCTGTAAGGTCCTTCCGA"	126	79.80
"GAGTTCTGCAATCAGCGGTGAATGCAAGGAAGA"	126	79.88
"GAGTTCGTGCTAGCGTCAACGTTGGGCAAGGAC"	126	79.95
"GAGTTCGTCTGAGAGCCTACAAGTGGGCCACCT"	126	80.02
"GAGTTCGCCTGATCCGGATCGTAATCTCGGGCT"	126	80.10
"GAGTTCGAGAAGGCACGGTGGTCTCCGTGAGTG"	126	80.17
"GAGTTCCGCGTTCGGGCTCGGCCGTGTTACGTT"	126	80.24
"GAGTTCCCAAGTGGGGGTGGGTCACGATTGTGC"	126	80.32
"GAGTTCCAGGCCCAGTGCCCCTGGGGTTGTGCC"	126	80.39
"GAGTTCCAGAAGTTGTTCTGGCAGCGTGCACCT"	126	80.46
"GAGTTCTTTGGTGCCCTGTAGGGTAGTTGCTCC"	125	80.54
"GAGTTCTTATGATGCGCCTGATGCTGTCTGGTC"	125	80.61
"GAGTTCTGTGACGGACCGAAAGGGACTACGGCA"	125	80.68
"GAGTTCTAGCCGAACTCGTAGGATCTCGTTTCG"	125	80.75
"GAGTTCTACAACGGGGGGAGTGTATTCGGGTTT"	125	80.83
"GAGTTCTAACAACCAGGTGGACAGAGTTGGCGC"	125	80.90
"GAGTTCGGTTTATTTGGTCGGAGGTGATGCTAT"	125	80.97
"GAGTTCGGTCGGCACCACAGTGTTCAACGGGAC"	125	81.04
"GAGTTCGGTAGTTTGCAGGAGTGTCGTTCAATT"	125	81.12
"GAGTTCGCGTTGTGTCAAGCCTGTGGTACGTGC"	125	81.19
"GAGTTCGATCATACATAGTCGTGACAAACCTAA"	125	81.26
"GAGTTCGAACAATCCGGAAGGTCGTGTTGGTGG"	125	81.34
"GAGTTCCTCCGATTCGGGTACCCTGGGCACGTC"	125	81.41
"GAGTTCCTATCCCCCACGTTCCTACTCCGATAA"	125	81.48
"GAGTTCCAACTTCAGGTTCGGCGGGTCCCGCGA"	125	81.55
"GAGTTCTTGGGGGCGTCGGGTGGATACGTGGCC"	124	81.63
"GAGTTCTGGCGGCGGGTACGGGGTCTTCGGTCC"	124	81.70
"GAGTTCTCGAGACGATCTCATTGAGGGGTATAA"	124	81.77
"GAGTTCTATGGGAACGAAGGATTGTTCGCAGTG"	124	81.84
"GAGTTCTACGGGCATCATTGTTATCCGACGAGG"	124	81.91
"GAGTTCGGCGGCATAAGCTCACGAGGGTCTCGC"	124	81.99
"GAGTTCGGCGGACTGGGAGAAGTGCACATATGC"	124	82.06
"GAGTTCGCATGACTCGACCTGTTCTTTCTTGCT"	124	82.13
"GAGTTCCTTATTACATATTCGAATTGTGCGACT"	124	82.20
"GAGTTCCTGATGTTGTCGGAAGTCGCGTAGGGC"	124	82.28
"GAGTTCCTACAGAAAACGGAGGGACGCCCGGTT"	124	82.35
"GAGTTCCGGACTTAAGGCGAGAAAGGGTCCGCG"	124	82.42
"GAGTTCCGAGACCAGATCCGGGGGCACAATATG"	124	82.49
"GAGTTCAGTCCGCTTATTCGTCGACAGTTTACT"	124	82.56
"GAGTTCTTTGTGCAGTCTTGATGAAGATGAGAG"	123	82.64
"GAGTTCTGTTTGATTTATAGTCCAACCTCCCTT"	123	82.71
"GAGTTCTCTCAGGTATTTAGAGGGGCTCGATAA"	123	82.78
"GAGTTCTCCGACGCATGGTACGCGCGTCTGTCT"	123	82.85
"GAGTTCTCCCAACGCAAGTCAGGTAGCGGGCCG"	123	82.92
"GAGTTCTAATTTTGGCTGTGGGCCGCGAGTAGA"	123	82.99
"GAGTTCTAATGGTAAGCCTTGACTCCTTAAGGA"	123	83.07
"GAGTTCGTTCAGATCCACGAGATCTTCCGGCCT"	123	83.14
"GAGTTCGTGTATTCGTTGGCGAGGGTTGGGAAG"	123	83.21
"GAGTTCGTCTTGGCGGGGGTCACATCTCCAACA"	123	83.28
"GAGTTCGTCATTCTCTAATTAGGAAGCTATGCC"	123	83.35
"GAGTTCGCCATGTCCGTGTTTGGGCTCTGTGCA"	123	83.42
"GAGTTCGCAAAAAAGGGGGTAGCGTTCTGGTGC"	123	83.50
"GAGTTCGAGGGTCAGCTTGGATGCCGTCCGGGA"	123	83.57
"GAGTTCGACAGAATTGCGAGGAGATATCAGTGT"	123	83.64
"GAGTTCGAATGGCGGCTCGAGACTACTGCGTGT"	123	83.71
"GAGTTCGAAATGACCGTACAGGGGCACTCGGGT"	123	83.78
"GAGTTCGAAACGCGGAATAGATGATCGGCAGTG"	123	83.85
"GAGTTCATCTAGCTGTATCGTGGGTCCTTTAGG"	123	83.93
"GAGTTCATAGGGCGACGGAGGTGTCTGCCGCTG"	123	84.00
"GAGTTCAATGGATTTTTTTGAGGGGTTGAAAAC"	123	84.07
"GAGTTCTTGCGTTCCGCGTGGGTTTTCGTAGGT"	122	84.14
"GAGTTCTTCGGTACCTGGTGTTTAGTCGTACGA"	122	84.21
"GAGTTCTGTGCAGAGCCTGTCACAAAGTGGGCA"	122	84.28
"GAGTTCTGATAAAATCCTTTGGGCTGTTTGTTG"	122	84.35
"GAGTTCTCGTCGCCTGGGCATCGGCGAATCGCG"	122	84.42
"GAGTTCGGGCAGGCGGGTTTCGGTTAGCCAACT"	122	84.49
"GAGTTCGGACCCGGACGCCGGCGAGGATGGGCC"	122	84.57
"GAGTTCGCTCGGGCAGGCTGAGGTCTGGCGGCA"	122	84.64
"GAGTTCGCTCAGCTCTCCGTTCGGCAGTCGGTT"	122	84.71
"GAGTTCGATGGTCCATTACACCCGGAGGCGTCG"	122	84.78
"GAGTTCGAGGTGCCGCGTTGACTTGGGCTGTTG"	122	84.85
"GAGTTCCTAAAACGATCTGGTGGTGAGGCGTAC"	122	84.92
"GAGTTCTCGGGTGAGCAACAGTGCGAACAGGGT"	121	84.99
"GAGTTCTACAGGTTTGAGGAGGGGTTTAGCGGC"	121	85.06
"GAGTTCGGGTTTTCCTTTTTGGTTCTGGTGGCT"	121	85.13
"GAGTTCGCACAGGCCGGTGGGTGGAGTGCATTT"	121	85.20
"GAGTTCGAGCAAGTACTGGTTTGTCCGTTGTGA"	121	85.27
"GAGTTCCGTAGGCCGCACTAGTGGGGTAAAAGG"	121	85.34
"GAGTTCCCGGTGGTCTGGTGGATTTGGGTGCTA"	121	85.41
"GAGTTCATGCGGGATCGGGCGCGGTTGCGGTTG"	121	85.48
"GAGTTCATCGGAATTGGGTCAAGAGCGCATAAG"	121	85.55
"GAGTTCTGGCAACGCCGCGGCAGGCCGTGGAAC"	120	85.62
"GAGTTCGGCTGAGGAAAGGCGTCAGCTCCGTGG"	120	85.69
"GAGTTCGCCTGCGGGCAAGGATGTTCGGGATCG"	120	85.76
"GAGTTCGCACGGTACGGGAATGGACTGATAAAA"	120	85.83
"GAGTTCATTCGGGTGAACCCTGCTGTTGGGATT"	120	85.90
"GAGTTCAGTTCCGCACGATCGATTGGTGCGCGG"	120	85.97
"GAGTTCAGGTTGGTTATCCCGGCGTCTCCCAGA"	120	86.04
"GAGTTCAAGGGTCCATCTTCTGGATTCTTCCAG"	120	86.11
"GAGTTCTGTTAGACATGTTCGGGGCGCAGGGTT"	119	86.18
"GAGTTCTGCGCCCTGCCCGAACGCGGTATCTGG"	119	86.25
"GAGTTCTCGCGTGCCAGTCGGGTAACGATGGCC"	119	86.32
"GAGTTCGTGCTGTGGCATTCAGGGGGTCGTCGC"	119	86.39
"GAGTTCGTAGGGCACGGGGGTGTGTCTGTCTGT"	119	86.46
"GAGTTCGATCGTACGGTCGTAGTGCGAACTTGA"	119	86.53
"GAGTTCCTTCGGCGCCTTTCGTGTCGGACATCC"	119	86.60
"GAGTTCCACGAAGTTGACTAGGTACATAATCAC"	119	86.67
"GAGTTCATCCGTAGTCGTGCGAGGGATAAACCG"	119	86.74
"GAGTTCAGCTTAGAGTTTTCCGGTCATTTTTGA"	119	86.81
"GAGTTCTTGCGGGATCTATGACGACCCGCGTCA"	118	86.88
"GAGTTCTGTCCCTGTTTTGTATCTTTCTTGTGG"	118	86.94
"GAGTTCTGATGCATTCTGAGATGTGCAAGGAGC"	118	87.01
"GAGTTCTCTGCTTCCGCCTGAAGTTCAGGGATC"	118	87.08
"GAGTTCTAACGCCACTCTGCGAGATGACTCGCC"	118	87.15
"GAGTTCGTGCGTCCACCTTAGGGTCTTTCGCTT"	118	87.22
"GAGTTCGTCCACTGTTTTTAGGTTTGATCGGCG"	118	87.29
"GAGTTCGGCTGTGGGCACTGCATTTAACTTGCC"	118	87.36
"GAGTTCGGCCCCGTTGCCCTGGTGTTATCGCAA"	118	87.42
"GAGTTCGCGCTGGTTGGGTGATCTCGGTCTAGT"	118	87.49
"GAGTTCGATCGACGATTGCCGGTCAATGGGGAC"	118	87.56
"GAGTTCAGTTTTGGCTCATATGGTCTGGGGGCC"	118	87.63
"GAGTTCTGCAGCGAACACGGATAGCGGGGCTGG"	117	87.70
"GAGTTCTATCGGCTATGGTTAGGGGTTTCGATA"	117	87.77
"GAGTTCTAGAGTCCATGTTGAGTTCATCTCTCC"	117	87.84
"GAGTTCTAACGGCCTCCTGAGGGGATTCGATAT"	117	87.90
"GAGTTCGTGGAAGTAAGGCCGAGGCTAGGCTTC"	117	87.97
"GAGTTCGTGAGTTCTCGTGCGTACTTAGCGAAC"	117	88.04
"GAGTTCGCCGGGGTGGCCGATGTAGATTCGATG"	117	88.11
"GAGTTCCTGCGGGTGGGTCGGCTGCTCCAAAGA"	117	88.18
"GAGTTCCTGCGCCGCCGCCCATGTTGTCAGAGT"	117	88.24
"GAGTTCCAGAGGGAGGTCTGGCGGTGACTTCGT"	117	88.31
"GAGTTCATTCCGTCCCGGGTGGGTATCCGATGG"	117	88.38
"GAGTTCAGGCGGCCTGCTCATGGACGAAGTTGG"	117	88.45
"GAGTTCAGGATAAGCGTCCTCCTAGCGCTCGAC"	117	88.52
"GAGTTCTGGTCACAATTATGGCTGCGCTAGTCG"	116	88.58
"GAGTTCTGCCTTAAAGGTGGGGGTCTTGTGTGG"	116	88.65
"GAGTTCTGCAGCGGAAATTAGTGTGTTACGTTA"	116	88.72
"GAGTTCTCGGACGGCCTGCGCTGTCGGGGCGGT"	116	88.79
"GAGTTCTATGGTTGGTTGGTGTGCTTTTGTCTC"	116	88.85
"GAGTTCTACTGTGATTCAGGTGGCGCAATTCCT"	116	88.92
"GAGTTCGTGTCTATGCGGCTTGGAGATTCGGAG"	116	88.99
"GAGTTCGTATGTGTTCTTTCGTGGCGCGCATGT"	116	89.06
"GAGTTCGGTCGTAGGCTCGGTGGTTGTCCGTTT"	116	89.12
"GAGTTCGCGTAGGTTAAAGCGGTCCTAATGCGT"	116	89.19
"GAGTTCGCCAGGTAGCGCGATCCGATCTGATAT"	116	89.26
"GAGTTCGACTACATGAATCTATCGTCATTTCTC"	116	89.33
"GAGTTCAGCCGGAAATGTTAGGATAAGATACGG"	116	89.39
"GAGTTCACCGGGGGAGTCGGGGTCCGCTCTTGC"	116	89.46
"GAGTTCTTTGATTGGCGGACGTTTATCTTATCT"	115	89.53
"GAGTTCTGTCGCTTCGTCACTGGGTGTCCTCTC"	115	89.60
"GAGTTCTGGAACCAGCTGCAGTGTTCCAGGCTG"	115	89.66
"GAGTTCTGCCGTCAGAGTTGGTTGCAAAGTGTG"	115	89.73
"GAGTTCTCTTCTCGTGACTTGCAAATCTCTCTG"	115	89.80
"GAGTTCTCCGCTTTTTGCAGTTGGGCGCACCCC"	115	89.86
"GAGTTCTCCGATCGAGGATGCCGAAGCTAGGAC"	115	89.93
"GAGTTCTAGCGTTGAATCGGGGGGTTGCGCGGT"	115	90.00
"GAGTTCGGTGGCGCGTGACCGACCTGTACGTGC"	115	90.06
"GAGTTCGACCCTAGTTTAGTGTTTCCATTATAG"	115	90.13
"GAGTTCCGCAGGTACAAGTATGGTATTTCTGGT"	115	90.20
"GAGTTCCCGGAGCAGCGAGGAGGTCGCCAGTGC"	115	90.27
"GAGTTCACGCGCAAAAGGTATTTTGCGGGCTGG"	115	90.33
"GAGTTCAATAGATGTTCCAAAGCGGGTACGGGC"	115	90.40
"GAGTTCTTCCGCTCGTGGACAGGACGATAGGGA"	114	90.47
"GAGTTCTGTCTGACTCGTGGTCATGTCTTGTAA"	114	90.53
"GAGTTCTGGTCGTTGAGTTGGTTAGTCAGTTCC"	114	90.60
"GAGTTCTCCTGACGGTAGTAGGTGGGTAGCGAT"	114	90.66
"GAGTTCTATCGGGAGGTCTGGACGAGTCCGTCG"	114	90.73
"GAGTTCTACTGTGATAGCTGGTAAAAACGGACG"	114	90.80
"GAGTTCGGTTGGGCCGGCCTCCTTAATGTGTAG"	114	90.86
"GAGTTCGGGTGTCTGTCCAGATGGAATACGGGG"	114	90.93
"GAGTTCGGGGAGAGGTTAGGGAGGGGCCTAGTC"	114	91.00
"GAGTTCGGCTGCGATCGGTGGTATCGAGAACGA"	114	91.06
"GAGTTCGGCAAACGATTTCGGTCTCGGCGAGGT"	114	91.13
"GAGTTCGGAGGGTCGATTTCTGGTAGTTCGGCC"	114	91.20
"GAGTTCGGACATGCGGGCGGACATTTCTCGCGC"	114	91.26
"GAGTTCGCTCGGTTAATGTGAAGAAGACCGTAT"	114	91.33
"GAGTTCGCTAGGGCGGGGTGTCGTTGCCCTGTG"	114	91.39
"GAGTTCGCAACTAGGTGAAGGTGTCTTGGGTTC"	114	91.46
"GAGTTCGACTAGCCGCGTCGAAATGTCAAGACC"	114	91.53
"GAGTTCCGATGATAGTCGGAGGACGCTCTGGTC"	114	91.59
"GAGTTCCAAGACGAGGCGTGCGGCGCCGGAGCT"	114	91.66
"GAGTTCAGCCGGCCGTAACCGTGTTTCCGGTGG"	114	91.73
"GAGTTCACCGTGGCCCACGCGGATTTTTCGTTA"	114	91.79
"GAGTTCACCCGGTTGCTAGTGGGGAGGTCGTCC"	114	91.86
"GAGTTCAATTCTGCTGATTTGCTCGGTGTATGA"	114	91.93
"GAGTTCAAAAGTCCGTGGGGTTTCCTTGGACGA"	114	91.99
"GAGTTCTTTTGGTGCTTGTGGGGTCGAATGTTC"	113	92.06
"GAGTTCTTTAGTTCGCCGGCAGTTCCCTCATCC"	113	92.12
"GAGTTCTTCATCCAAGTTGCGTCAAGCGAACGC"	113	92.19
"GAGTTCTGTCAATTTCCGTACACTCGGAGGCTC"	113	92.26
"GAGTTCTAACTGGAAGTGCGAGTAGTATGCTAC"	113	92.32
"GAGTTCGTTGCAACATGGGCGAACGACGGCAGC"	113	92.39
"GAGTTCGTTCGGGGCAAATGTAGGTACATGAGC"	113	92.45
"GAGTTCGTTCGAGGGGCGCGTTTGCGGCGTCAT"	113	92.52
"GAGTTCGGCAAAGAAGCTTCGGAGTCTCAGTAT"	113	92.58
"GAGTTCGACCGGATCTCAGCCAGTGTAACACAC"	113	92.65
"GAGTTCCTTCCGTCCTCCGTGGCTCGTGCCTGT"	113	92.72
"GAGTTCCGGCATTAGTTTCGGGAACCCGCGCGC"	113	92.78
"GAGTTCCGCTGGCACTTGGTGGGGCACGGGTAC"	113	92.85
"GAGTTCACGGTGGCATGGGATGTGCATGGCGTC"	113	92.91
"GAGTTCTTTTGTCAGCTACGGTGCAGTCTTCCG"	112	92.98
"GAGTTCTTGCATTCTGCGCTTTCGTTTTGAGGC"	112	93.04
"GAGTTCTGTCACAAGCACGGAGGAGTTATAAGG"	112	93.11
"GAGTTCTGGCGTCAGCGTGACAGCTTGCGTTAA"	112	93.17
"GAGTTCTGCTCCGCTTGGGCAACCTATCGAGTG"	112	93.24
"GAGTTCTGCCACGTTAGGTGGGGAAAGCGGATC"	112	93.30
"GAGTTCTCGGGGCGGGACTGCGGTTAGGCGTAA"	112	93.37
"GAGTTCGGAGTTCTGTAGTCTTAGGTGTCCTGC"	112	93.43
"GAGTTCGCTTGCCGATACGGGCGTGCTGCCGTC"	112	93.50
"GAGTTCGATCGGTATCCTCGATGGTCGACGGGT"	112	93.57
"GAGTTCATTCCGTTCCGTGGGGCTTCTTAGTTG"	112	93.63
"GAGTTCAGTCGCTCCAGCAGCTGGTCTAGTCGT"	112	93.70
"GAGTTCAAAGCTAGTCGTGGGTGGCGATCCAGC"	112	93.76
"GAGTTCTTTGGGCCAATGAGGGAGATGAGATAT"	111	93.83
"GAGTTCTGTTGTTGTCTCTCATCATGAGTCTAC"	111	93.89
"GAGTTCTGCCGGGGGTGGTGTCGAGGCAGCTGA"	111	93.95
"GAGTTCTGATTGGTACTAGGTGGCATGCGGAGA"	111	94.02
"GAGTTCTCCCGTCTCGGTCGGCAGCCCGCTTTC"	111	94.08
"GAGTTCTACTGGTCGTTCTGCGGATCGCATTCC"	111	94.15
"GAGTTCGCTGGGAGGTTTTGGTGAGCTTTTTCG"	111	94.21
"GAGTTCACTTCTACTCCGGCGCGAGGTAATGGG"	111	94.28
"GAGTTCACGCGGGTGAGCTTGTGCTCTTGAGGC"	111	94.34
"GAGTTCACCTTAAAAGTACGTCGATGCTCGGTG"	111	94.41
"GAGTTCTTTTGGACCTGTCCGTGGTAGCGTGGG"	110	94.47
"GAGTTCTTTCACCGGTCATAGTGTAGAACACCC"	110	94.54
"GAGTTCTCTCGAGTTCGTTAGGGGGACCCCGCT"	110	94.60
"GAGTTCTATCGGGTATCGGATGCAGTTTGGTTT"	110	94.66
"GAGTTCGGTAAGGCAGGGATGGGACGCCGGTGC"	110	94.73
"GAGTTCGGGGGGCCATGTGGGCTCGACGGGATG"	110	94.79
"GAGTTCGACAGGGGCTGATGTAGTCGTCGGCCC"	110	94.86
"GAGTTCCTCTGCCGGTAGATGAGCGTGCTAGGT"	110	94.92
"GAGTTCATGCGGGAAGTTTGTTAATGAAAGGGT"	110	94.98
"GAGTTCAGTGTGAGGACTTCGAGTTGTTTAACG"	110	95.05
"GAGTTCAGGTGTTCTTGCGCTTGTACGCTTTTC"	110	95.11
"GAGTTCACTGGGTCGTTGGGGCGGGTTTAGTTT"	110	95.18
"GAGTTCAAGTTCTACCGTGGCGGAAACGAATGC"	110	95.24
"GAGTTCTTTTATCAGCGTAGGTTGGTCCGCTTC"	109	95.30
"GAGTTCTCATGAGTAGGTCGGGTCGTACGGAGC"	109	95.37
"GAGTTCGGTTGTCTGCGGTTGTCCCGGCGACCA"	109	95.43
"GAGTTCGCCCGGGCTAGTTCAGAAGTTATCAGC"	109	95.49
"GAGTTCATCATGGGTGTGTTCCTTCGTGCACTC"	109	95.56
"GAGTTCAGCGCTTGCCGGCGGCGCGTCCTCCTT"	109	95.62
"GAGTTCTGGGCTCCCACGGGGTGGGCTTAGCAG"	108	95.68
"GAGTTCTGCTAGGGTCGGAGCAAACTGAAACCT"	108	95.75
"GAGTTCTGATGGTGTTCGTCGAGATGTCCGTTC"	108	95.81
"GAGTTCGTTTCTGACATGCCACTAAGATCATCG"	108	95.87
"GAGTTCGTCTGCCTGATTTACGGACTCGTGACA"	108	95.93
"GAGTTCGGCCGGGGCGCTTTGGCACGAGCGGGG"	108	96.00
"GAGTTCGCGTGGACGTCGTACGGGGGCGTTCGA"	108	96.06
"GAGTTCGCGGAGGCTCTCAGTTGTACGTTTCGA"	108	96.12
"GAGTTCGCAGCTGACTTGGTTCTGGGTTTTCCA"	108	96.19
"GAGTTCCACTTGCGGCGTCGGTACTACCCGCAC"	108	96.25
"GAGTTCAGTCGGGCCCAAGGGCGTCTCAAAGGA"	108	96.31
"GAGTTCTGCCTAGAAGCTATGGGTTTTTGATCG"	107	96.37
"GAGTTCTAGAATGGGGATTGAGAATTGACCGCT"	107	96.44
"GAGTTCTACTGGAAGAAGTGATGGCCGCCCCGA"	107	96.50
"GAGTTCGTGTGTGGGTCCATCCAACGTGAGTTA"	107	96.56
"GAGTTCGTCTTAGGCGATTTGTGTTGTGTTCGC"	107	96.62
"GAGTTCGCGCGCGTCGGTTTGTCGGGGCCGGGA"	107	96.69
"GAGTTCGAGCGGGATGTTCAGGGTTTGGCTCCG"	107	96.75
"GAGTTCACTGGGGTTAGCCTGGCTGTCAAGTCT"	107	96.81
"GAGTTCAATCATGGGAAGTGACGTCAGGGGAAG"	107	96.87
"GAGTTCAACGGGCATTGGGGGGGGACTAATCTG"	107	96.93
"GAGTTCGGCCGCGTTCGGCGCCAATTGGGGCGT"	106	97.00
"GAGTTCGATAATCGCCAGCGGGGACTACGAGAA"	106	97.06
"GAGTTCGAGCTGCGCGAAAGTCAGCGCTCGTGT"	106	97.12
"GAGTTCGAAAAGCAACGGGGGGAGTCTGGGCTG"	106	97.18
"GAGTTCCTTGGGCGTGCTGGCTGATCGCGGCAG"	106	97.24
"GAGTTCCACACTCCTCTGGCTTGTTAGCCTTTC"	106	97.31
"GAGTTCACTGAGCTATCGTGGTCTTCTTTTCGC"	106	97.37
"GAGTTCTTCAGTTAAGTGTTAGGTGGTGGGCGC"	105	97.43
"GAGTTCTGTCGTAATCGTTACGGTGGGTTGGGT"	105	97.49
"GAGTTCTCGTGAAAAGTTTTGGGTCTCTTGTGC"	105	97.55
"GAGTTCTATCGTCTTGCTATGCGTCGGGAGTGG"	105	97.61
"GAGTTCTATCGTCGGCTGAGATGTACATGGTCT"	105	97.67
"GAGTTCGTTTTTTCTGGCGAGTGGTCGATGTGA"	105	97.73
"GAGTTCGGCAATCTCGCCTAGGACCGTTCATCG"	105	97.79
"GAGTTCGCACGGTTGCGACAGTGGCGAGCATAC"	105	97.86
"GAGTTCGAGCGAGGCCGTGGGTGCCGGGTAGTG"	105	97.92
"GAGTTCCGTCGATGTGTGTGGGCGCATGGTGGC"	105	97.98
"GAGTTCCAATGTGGGTCGGGGTCTGGAACGCCA"	105	98.04
"GAGTTCCAACGCGATCGTGGGTCTGCCGGTCAC"	105	98.10
"GAGTTCAGCCGAGCGTGTGCGAGTCCGTAGTGC"	105	98.16
"GAGTTCGAGAAACACTTTTGTGTGCCGAAGTGC"	104	98.22
"GAGTTCAGGCACCGTTTCTTTCGTGGGATATGC"	104	98.28
"GAGTTCACCGGACAAGGCTATTTATGCGGATCT"	104	98.34
"GAGTTCTGGGGCGTCCGGTGTAGATTAAGGGGT"	103	98.40
"GAGTTCTGGGCGGGCCATCGGCGGCGTTCATTA"	103	98.46
"GAGTTCTCTGGAGTCGATCTTGGGGCGAGCTTT"	103	98.52
"GAGTTCTCGAGTCGTTCCGGCTCTTACGCGGCC"	103	98.58
"GAGTTCTCGAAGTCTCTGGACTGCGGTGTTTCT"	103	98.64
"GAGTTCGTTAGAACTGCGCAGCTAGGCAGGAGC"	103	98.70
"GAGTTCGCGGCTATGGTGCGGAAGTTTCTGTCC"	103	98.76
"GAGTTCTTCCATGCTTGTGGGCGACGCCGGGGG"	102	98.82
"GAGTTCTGTTGTTTGGGGGAGTGGTGTCGTTGA"	102	98.88
"GAGTTCTGGAAGTGAATATGAGAGCCCTGGGCT"	102	98.94
"GAGTTCTCTCGGAAATCGTGGGAGTGAGCGATT"	102	99.00
"GAGTTCTCTCACTCGTCTGGGCCTCTTTAGAAG"	102	99.06
"GAGTTCTATAGGTCGTGGTGAGCACAGGCAGCC"	102	99.12
"GAGTTCGGTTTTTGTTGCTCGGGGGGTACCCGG"	102	99.18
"GAGTTCTTTTGGTTCTTGGGCGGATGTCGCCGT"	101	99.24
"GAGTTCTTGCAGAGCCCGCGGTGTCGACCGTAA"	101	99.30
"GAGTTCTTCCCTTATGGGAGTCAGTCTTAGCCA"	101	99.35
"GAGTTCTGATGGGTTCCAGGTGTGCGGGTGTAT"	101	99.41
"GAGTTCTGATGGGGAAGCACGGGCCAGGCGAGA"	101	99.47
"GAGTTCTCGTAGGATTTATGGTTAGTACGGCTC"	101	99.53
"GAGTTCTCGGGTCAAAATGAGTTGTCAGAATCC"	101	99.59
"GAGTTCTACCGCCTGCTTACGCCTGTGACATGG"	101	99.65
"GAGTTCGGGCACACGAAATTTGGGGCGCAGATC"	101	99.71
"GAGTTCGCGAGTCGGTTGGGGCGGTCCGTTTTC"	101	99.77
"GAGTTCCGTCGACCGTGGAAGTGCATCCCGACC"	101	99.83
"GAGTTCTGATGGTCGTTTTTCTAACGTGAGCGC"	100	99.88
"GAGTTCTATCGGCTGCTTTCCGTGCCGAGATGG"	100	99.94
"GAGTTCACTACTCGGTCCTGTTTGGGTCTGGCG"	100	100.00
