OLD12bp_26_S47_L002_R1_001-Barcode	OLD12bp_26_S47_L002_R1_001-Count	OLD12bp_26_S47_L002_R1_001-SaturationPerc
"GAGTTCCTGCTTTGGCTATGGGTACGTTGATTG"	8883	1.40
"GAGTTCTATAGTTGTCATGCTGATCGTCTCGGG"	8584	2.75
"GAGTTCAGCCCGATGGAAATGCCGCGGACGTTC"	8063	4.03
"GAGTTCTTGGGGAGGCCGAGCTGACGCGGATGA"	7876	5.27
"GAGTTCGGCTGAGTGTTCAAGAACCTGGTTGCT"	5981	6.21
"GAGTTCTATATGGAAGGTAGGTCGGTGCTGGAC"	5808	7.13
"GAGTTCATTTTCGTAGTCGTTGACACATTTGTG"	5136	7.94
"GAGTTCGATGATCGATTTGCTGTGCGGGCGAAT"	4974	8.72
"GAGTTCGGTAGTCCTCAGTAGGATGTTAATTTC"	4955	9.50
"GAGTTCTCGTGGACGCGTAGGGCGTTAGTAGGT"	4949	10.28
"GAGTTCCTAGCGTAGTCTGGTCATCCGGAGAGG"	4753	11.03
"GAGTTCTCCATTTCTATCACGGTTGGAGTGTTA"	4641	11.76
"GAGTTCCTCTCGCAATTTCAGGCCTAGATTCGC"	4203	12.43
"GAGTTCAGGACGGTTTCATTTCGTAATTGCTCG"	3974	13.05
"GAGTTCGACAGGCACCTGAGTACGGGGCGGGGC"	3812	13.65
"GAGTTCGGTAGGATTGAGCCCTCAGCTCGGCTG"	3805	14.25
"GAGTTCGATGAGGCCGAGCGCGGGCCCCGCTGG"	3743	14.84
"GAGTTCAGTCCGGCTCATGACTTTGGACTACTG"	3732	15.43
"GAGTTCTCAACAGTCGGCTGTCGTTATTGTACG"	3600	16.00
"GAGTTCGATATTTTAGTAAGGGGTCGACGGCGA"	3225	16.51
"GAGTTCTAATGTCGCTATTCGTGGGCCGGAACG"	3213	17.02
"GAGTTCGACCGGGATTATCTCGAAATTGGTGCG"	3103	17.51
"GAGTTCACGGATTCAACGGCTGACGAACGCGGG"	2992	17.98
"GAGTTCGGAAGTCCAGTCTGGTTCCATGAGCTG"	2876	18.43
"GAGTTCTGGCTCTTGCTTAGAATGGGTCCGGAA"	2775	18.87
"GAGTTCGCCGGAAGCTCACATAATGGCTTGAGG"	2759	19.30
"GAGTTCTCACGATAATGGTTGGCACGGGGAGTG"	2758	19.74
"GAGTTCTGGCTTGTGCGGAGACTGTCCCAAAGA"	2651	20.16
"GAGTTCCGGCGAGCTGGTACTGCGCTTCTGGCT"	2593	20.57
"GAGTTCAAGGCCTCTTTAGCTGGATTCGAGAGT"	2487	20.96
"GAGTTCCAGAACGCACAAATATTCTCGTTTTCT"	2479	21.35
"GAGTTCAGTCAGGAACGATGAAATTGAACGGTT"	2325	21.71
"GAGTTCTCTCGTCGCATTGACTCGCGAAGGGTT"	2203	22.06
"GAGTTCGCGCGGTCCTCAGCGAGGTGTGCGGGG"	2157	22.40
"GAGTTCACCCATTGTTATTACAGTTGCTGTGGC"	2112	22.74
"GAGTTCTTCCGAGGACCATCGTTTCGTCTTGAT"	2102	23.07
"GAGTTCGGGCGAGGACCGTGGGTGGGGCATGTT"	2098	23.40
"GAGTTCGCGCGTGTGAGCTGGGGACGCATGTTT"	2048	23.72
"GAGTTCGCGTGGAGGGAGGTAGTTCTTACGATA"	2044	24.04
"GAGTTCGAGCTGCCGGCTTTAAGTCCGACAAGA"	1971	24.35
"GAGTTCGTCTTGGAGGATCGAGTACTGCGCCGT"	1882	24.65
"GAGTTCTTCGCTGTCCTGTGGCGGTGTGGAGTG"	1780	24.93
"GAGTTCTCTCGGGCGTTGGCGAGCTCGCAGAAC"	1759	25.21
"GAGTTCGGTCGGCTCGGATGGGGGGTTACGCGA"	1757	25.49
"GAGTTCGCTCGTAATGCAGCGTCGTCACTGCTG"	1715	25.76
"GAGTTCTATCCTCGGAGGGGTGTATTCTAGCCC"	1624	26.01
"GAGTTCGCGCAACGTGACGGTTGCGTTAAATCG"	1575	26.26
"GAGTTCTATAATTACATTGTTGTATTGATATTG"	1551	26.50
"GAGTTCTATCAGGCTTTGTCGATCTCCGAGGGG"	1528	26.75
"GAGTTCATTAGGGCCGTGTGGGGACTCTGGAAT"	1490	26.98
"GAGTTCCCCCGTGGGTTCCGGCTGCGTTGATCG"	1488	27.22
"GAGTTCCGAAGGGAAAGATATGATGGGAGCTTG"	1440	27.44
"GAGTTCAGGTGTGGTTGTTGTCGGGGGTGTGCA"	1387	27.66
"GAGTTCTGTTGGAAGACGGGCCGAGGTGTCGAC"	1373	27.88
"GAGTTCCCCCTGTGCTTGGGCGAGGATACCAGA"	1363	28.09
"GAGTTCGCTTGTGCGCCCTGGTGTGAGTTAGAT"	1356	28.31
"GAGTTCCGCATTGGCCTTCGCGCATTTAGGTCA"	1325	28.52
"GAGTTCTGTGGGAACTGCAGTTGTCAGTTCGCC"	1311	28.72
"GAGTTCTGCGGGACTAATGATCGAGAGCGTTAC"	1293	28.93
"GAGTTCTGAGTCCGCAAGTGCTACCCACTACCT"	1267	29.13
"GAGTTCCTGTGGAACGAGCGCCGCGGCAAGCTT"	1233	29.32
"GAGTTCTGCGTGTCACTTGGGAATTGATCACTT"	1215	29.51
"GAGTTCTCAGTGGGCGTCCCCGTTGAATGATTA"	1157	29.69
"GAGTTCTGCTGGGGCAAATATTAAATATATTCG"	1115	29.87
"GAGTTCCGGCATTAGTTTCGGGAACCCGCGCGC"	1099	30.04
"GAGTTCTTACGGAATTATGCCCCTGTATACTTT"	1096	30.22
"GAGTTCGTCTGGCTTACGCCGCGTGCCAGGGCC"	1094	30.39
"GAGTTCATGGTTGGCTCTCGATTTGGGTTTCTA"	1082	30.56
"GAGTTCCCAGTTAGCCTGTTGATACTAAAGATT"	1053	30.73
"GAGTTCACAAGTTGGGGAGTGAAACAATGGGAC"	1032	30.89
"GAGTTCTCGGATCATTGCGTCGCCCGTATGGAC"	1005	31.05
"GAGTTCTGATGGCCCAGCTATGAGCCTAATTCA"	1000	31.20
"GAGTTCGGAAGAAGTTTGTGGAAGTTGTCCTGG"	1000	31.36
"GAGTTCAATACAACAGTCTAAGAGACGCAACTG"	987	31.52
"GAGTTCTAGGGGGACCGGGATTTCTTCCACGAT"	985	31.67
"GAGTTCACTAGGTGCTGGTGGGTGTCATCCTGC"	980	31.83
"GAGTTCCTGCGTGTGAGAGGGCCGTGGTCGGAC"	970	31.98
"GAGTTCGGCCCGTCGGGGCACAGTCGGGGGTGC"	961	32.13
"GAGTTCAGCAGGCGACTGTCGCTTCTCTTTCAG"	944	32.28
"GAGTTCACGGCCTAGCTGGTCGCCGTCAAGAGA"	933	32.43
"GAGTTCGATACGGTTCAGTCTGCTTCGCGAGCC"	926	32.57
"GAGTTCTTACTATGTTACGGGCATCGTCGCGGG"	920	32.72
"GAGTTCTTCTGTGAGAGGCAGGGGCATGGAGAC"	914	32.86
"GAGTTCGTGGGGCCGATAGGGTGATTGTGGGTA"	909	33.01
"GAGTTCCGTCGGTACCATCGGGTTTTTCGCGGC"	891	33.15
"GAGTTCGGGGGGTTTTGTCAGGGAAGTGGCTAC"	884	33.29
"GAGTTCAGGGGTGTGGGGTCTGACGCCCTGATG"	871	33.42
"GAGTTCTTGGCTAACACAGTTGATGATTAGACA"	864	33.56
"GAGTTCTGTGCGCGGGCCGCGGCGAAATGGTTC"	846	33.69
"GAGTTCGCGGGGTCTGCCTATGAGTAGCTGGAA"	828	33.82
"GAGTTCGACAATTAAGATCGAGGATGAGCATTC"	811	33.95
"GAGTTCGCGTACCGAATGGGTTCTTATTGTTCT"	803	34.08
"GAGTTCCGTGTGACTCCCGGTTTTACCCCAGCA"	793	34.20
"GAGTTCTCTCGTACGGCCGGGCGGTTCGTAAGT"	785	34.33
"GAGTTCGTGGAGTCCGGCCGTAGTCGTCGGGGC"	774	34.45
"GAGTTCCATTAATAGCTGAGTAGAGGACTGCCT"	774	34.57
"GAGTTCTAAAGATAGAGGTGGTCATGTCAGCTG"	744	34.69
"GAGTTCGGGTCAGCATTTCTGGGTTTGGCTTAA"	742	34.81
"GAGTTCCCGCCCATTATATGCCCTTACTTGTTA"	734	34.92
"GAGTTCCTACCAACGGCAAAGAGGGTCGGCCGT"	728	35.04
"GAGTTCTAGTTGTTCCGGCACGGTCAGTATCAT"	721	35.15
"GAGTTCTACTGGGAGACAAGGGAGTCTGTGCCT"	721	35.26
"GAGTTCAGTGAAGTATCCTAGCGAGGGCACTAC"	719	35.38
"GAGTTCCGACCCGTCATGCGGGAGAGTCTTCCG"	714	35.49
"GAGTTCAATAGGAGGTATCGTCGGTCCTTGGCG"	714	35.60
"GAGTTCTCCCAGGACGCCATGCGTTTTCCAGGC"	712	35.71
"GAGTTCTAGGACTGTAAGGGGTACTACGCCATT"	707	35.83
"GAGTTCTCCCATCGGACAATGGCTGCCATAGAG"	706	35.94
"GAGTTCGAGTGATAGCGGAGCCGGTGTCGAGCC"	699	36.05
"GAGTTCACTTCGTCAGCTCGGATTTTACGGTAC"	694	36.16
"GAGTTCGCTAATTATTAGTGTGAACGCAGGGGC"	688	36.27
"GAGTTCGGTCAGTCGGTCCGGATACTGCGAGGC"	687	36.37
"GAGTTCCGAGCTAAAGTTTTAGTTCTGACAGGA"	683	36.48
"GAGTTCTTTCGTTACAATCGGTGCGTGGTTTTC"	682	36.59
"GAGTTCTGCGTGTGCTACTCGTCGGGTTTATCA"	676	36.70
"GAGTTCTGTTGGACGCGTGAGCAGCGGGCTAAA"	664	36.80
"GAGTTCAAAAGTCCGTGGGGTTTCCTTGGACGA"	661	36.90
"GAGTTCATTTTTTGCTCCTCAGTCTTTCACATC"	657	37.01
"GAGTTCACCCATGGGGTTCCGGGTGGGCCCCCA"	651	37.11
"GAGTTCGCTCACCGGTCCTATGGGCATGTACGA"	650	37.21
"GAGTTCGTAGAGGCTAACAGTTTATATCGTGAT"	649	37.32
"GAGTTCTGTCGGCTAAACATGGCCTCGTAACGC"	642	37.42
"GAGTTCTTCAGTGTCTATGTGCGAAGGGTACGT"	634	37.52
"GAGTTCTATTGCAACCCACGGTGCTGTTTAAGT"	634	37.62
"GAGTTCGATCGTGCACATAGGCGTTCTCGGTGT"	631	37.72
"GAGTTCTGCTGTACGTCGGCGGAAAAGACGGCT"	630	37.82
"GAGTTCTTAAGCGGCTGGTGGGCTTACTAACAG"	629	37.91
"GAGTTCTGCTTAAAGACCATGTTGGTGTGCCCC"	629	38.01
"GAGTTCAGACTAGTTTCATCGTGTGGTCGATCA"	628	38.11
"GAGTTCGCGCTGGTGATACACTGAACCGAGAGC"	619	38.21
"GAGTTCGTTCTACACCGGTGGGGAGGTCCTTCT"	614	38.31
"GAGTTCGGGCTAACAGCGAAAAAACTACAAATC"	614	38.40
"GAGTTCGACCGTTGGAAATCGCAGCAGGGGTTT"	612	38.50
"GAGTTCCGTCATAGGCTTCGGCATTCGGTGTTT"	612	38.60
"GAGTTCAGTTTCTTAGGTATCGTTTAGAGAGCG"	609	38.69
"GAGTTCCTACGTTCGTCCTGGGGCGGATACGTG"	599	38.79
"GAGTTCTTAGAACAACGAGCATATCGGTGGCCC"	598	38.88
"GAGTTCTGTGTGGTGTATCCGCCCTTTGCGCCC"	598	38.98
"GAGTTCGCCCGAGTGCCCTGCGTGTGTCTGGCA"	595	39.07
"GAGTTCAATCGGCCTTGGGTTAGAAGAAGGGAA"	593	39.16
"GAGTTCGATAGTTGGGCTCGAATCGCTGCTTGC"	592	39.26
"GAGTTCGCATTGCGGTGGAGGTGTCCGGGCTGT"	589	39.35
"GAGTTCCCCTATAACGACAGGTCTCATGTCCCG"	587	39.44
"GAGTTCATGGTAGTGTAGTGTTTAGTCCTTTCT"	587	39.54
"GAGTTCTCTGCTCCCCCTTTTTCAGGCTGGATA"	586	39.63
"GAGTTCTACCATCTTGGTTAGAATTGGGTTGTG"	586	39.72
"GAGTTCGCCGGGACGCAGTCGTCGTTGCTCGGG"	580	39.81
"GAGTTCTCGGGTTCGTAGTTTCGTCTCGACTGT"	579	39.90
"GAGTTCACGGAGGACGTGAGGAGATTCATAATC"	574	39.99
"GAGTTCCGCGCAGTTGGGTTCTTTCAATATCGA"	573	40.08
"GAGTTCAGTTACTTATACGATGGGCACTGTGGT"	573	40.17
"GAGTTCCATATCTCGGCCTTGTGTCTGTGGGAC"	572	40.26
"GAGTTCTCGAGGTGGTGTGAGTCGGTCGATATA"	571	40.35
"GAGTTCATCCGGATCGTTTAATTTGGGTCGTCT"	569	40.44
"GAGTTCCTACCCCGTGGTACGTGGTGCCCGGCG"	562	40.53
"GAGTTCAGTTATCGGTTATCGTGTCTTCTCATG"	561	40.62
"GAGTTCTAGGTTTAACTTGAGAATGATAGATTC"	560	40.71
"GAGTTCGTTCGGGGCAAATGTAGGTACATGAGC"	559	40.80
"GAGTTCTAGCGGGGGACGGAAGAATGTAGGTTA"	558	40.89
"GAGTTCAGACGGGAGCGGGCGGTTAGGTGTAGC"	555	40.97
"GAGTTCTCAACGGGTGATTAGCTGGGCGCGGTT"	553	41.06
"GAGTTCGCATACTTTCGAATCCGGTGAGGCGAG"	549	41.15
"GAGTTCGTAGTGCGTTCCTAGTGTTTCTTCGGG"	543	41.23
"GAGTTCTATCGTCCTGGAGAAGAGCTGGGGTAC"	541	41.32
"GAGTTCAGGAGTTTGTTCTAATATCCATGGGGC"	541	41.40
"GAGTTCCATTGTCTAAATGTGCAGAGGCGCCTT"	540	41.49
"GAGTTCTCCCATCAGCCATGGGCTGGTCAATAG"	538	41.57
"GAGTTCCATGGGCGTGTAGGGGGCCAGAAAACT"	538	41.66
"GAGTTCGGGCCCGCTCGTCTGGGTTGTTAGTTA"	529	41.74
"GAGTTCGGCCGTAACGTAACGTGGCCAGAATTT"	513	41.82
"GAGTTCCGAGAAATGCCCTCGAACGTTAAATCA"	513	41.90
"GAGTTCCGCGCGTCGGCACGGGTCAGTGGTTTT"	506	41.98
"GAGTTCTAAGAGCGTACCAAGGATCGGTAGTCG"	502	42.06
"GAGTTCGGCCTCGGGTTCGGGTGGAAGATTCCA"	500	42.14
"GAGTTCGGATAGTGCGTGAACCGTCTCCAGGCG"	500	42.22
"GAGTTCTCTTCTCAGTTCGTCTGCTTGTCGTTG"	496	42.30
"GAGTTCCTCCATTACGGCCGGTTTTTTTTTATG"	496	42.38
"GAGTTCCACCAGTCCTTGGAGCGGTCTGGGCCC"	496	42.45
"GAGTTCACGCTGGAGAGTTGTGCGTTTTCCGTT"	496	42.53
"GAGTTCTTTGGGATATCAGCGCGTCGTCCTCAG"	490	42.61
"GAGTTCAGGTTCGTCATTAGTCGGTGTGCCCCA"	484	42.69
"GAGTTCATGCGACGACTCTATGTTCGCCTCACC"	481	42.76
"GAGTTCTCTTGGCATGTTTGTGGTCCTTGAAAG"	479	42.84
"GAGTTCTGCAGGCTGCTGTCTGTAGCTGCATCA"	478	42.91
"GAGTTCGTTTATCGTGTGTCGTCATAGTACAGG"	478	42.99
"GAGTTCTATCAAAAGGTGTTGGCGTTGTCGTCT"	476	43.06
"GAGTTCAGCAGGCAATTCATATACGGGCAATGT"	473	43.14
"GAGTTCTCTCGGAGTCACCAAGTGTCGGCATGC"	471	43.21
"GAGTTCGTTTGGTTGGAGGCGCGATGCCGGGGT"	469	43.29
"GAGTTCGAGAGGGGTCCAGGAGGCGCCGTGGGG"	468	43.36
"GAGTTCGATTATAGGGTGAAGTATCGAATATTT"	467	43.43
"GAGTTCGGCATCGTTGTAGTTCATCCACGATTC"	466	43.51
"GAGTTCACGCGGGACCAGTGATCTCGACGGTAT"	465	43.58
"GAGTTCACCCGTCCAATCGAGTTGTTGTAGTGG"	465	43.65
"GAGTTCTCCGGGGCTCGGAGTGGTTAGTGGTTA"	464	43.73
"GAGTTCTATGGTTCGTCGTGCCAAATTCGTGTG"	464	43.80
"GAGTTCTCGCGACACTAGTCTCGGGGCTTGGCC"	463	43.87
"GAGTTCTCGACCCTAGGTTCATTGCGTCTTGCT"	462	43.95
"GAGTTCGTCATCCTGCACGGAGCGTGTAGTCGG"	458	44.02
"GAGTTCAGTTGAAGGTTTGGGTAATGATACGGG"	457	44.09
"GAGTTCTGTCGGGGTTAGAGAGGCAGGTTCGGC"	456	44.16
"GAGTTCGTTACCGTCGTATGACTGATTCTATTG"	455	44.23
"GAGTTCCGTTAGCGGATTGCCGGCTGTCGCCAT"	455	44.31
"GAGTTCTTCTTGAAAAGTTAATGTGAAGCGCTA"	454	44.38
"GAGTTCGCTCTGTACGTGTGTCAGAGAGAGTTC"	453	44.45
"GAGTTCTCTTGATAACTATTGTGGTCCTGGGTT"	451	44.52
"GAGTTCGACAAGAGTTGAGGGGAAGTCCGGCGC"	450	44.59
"GAGTTCATCATGGGTGTGTTCCTTCGTGCACTC"	450	44.66
"GAGTTCCGTCGGGGTACGTGAGTCGCATCCTTG"	449	44.73
"GAGTTCACGACCTGCAGTACGGGTCGAGGGGGG"	448	44.80
"GAGTTCAATTGGTCGTGGGGATGAGTCAGATGT"	447	44.87
"GAGTTCTTTGATTGGCGGACGTTTATCTTATCT"	445	44.94
"GAGTTCGGCAAAGAAGCTTCGGAGTCTCAGTAT"	444	45.01
"GAGTTCGACCTCTCCATTTTGGTGAGTTGAGTG"	444	45.08
"GAGTTCTACAGATGGGTACCCTGAGGGTTAGTC"	443	45.15
"GAGTTCGGTTCGCCTTTGTCGGCCTCTTGGTTT"	441	45.22
"GAGTTCTAGAGACGTCGGTAGTGAGTCTTTGTG"	438	45.29
"GAGTTCTGCGACGCTGTGGTGCCGGTCGGGTCA"	436	45.36
"GAGTTCTGGAAGCAGAGTCTGGCTCGAGAGGTT"	435	45.43
"GAGTTCTATGGTGGACGTTGTTGAATCACGACA"	435	45.50
"GAGTTCGAAGGTCGAACGTTTGTGATGGTGTCG"	435	45.57
"GAGTTCTCGAGGGAACGGTAGTGATTACGGTAG"	434	45.64
"GAGTTCTGACGGGACGTGTCGGGACGTGTCGAC"	433	45.70
"GAGTTCGGTTGGGTATTCGAAGCTCAGTCCTAG"	433	45.77
"GAGTTCTGGGGCGTGCTAGTTATTTGATGATAT"	432	45.84
"GAGTTCCGAGTTGTTGCGCTCCACGTGCTCCCT"	432	45.91
"GAGTTCGCACTATTGACGACGCATCTATGGTGC"	431	45.98
"GAGTTCTTCCGGCAGACGTGGTGATGCTTGAGC"	430	46.04
"GAGTTCTGTCGCCGGTTTGGGTGCGGTCGATGA"	429	46.11
"GAGTTCGACACATTACTCTGCAGGGCTCTACGG"	427	46.18
"GAGTTCATGAACGGCTAGCGCCAACACCTGCTG"	427	46.25
"GAGTTCTCCGAGCATCACAAATTTAACGGGCAG"	426	46.31
"GAGTTCGAGTGCTGCCGACAGTGATACGGATGA"	423	46.38
"GAGTTCCAACTGTACCCTCTCCTCTGTTCGTCT"	423	46.45
"GAGTTCCCAGGCTATCAGGGGATATCGGTCTGG"	417	46.51
"GAGTTCTGTCCTGGGGCTTTGTCTTCGTTGGTG"	414	46.58
"GAGTTCTCTGTCGACCGAGTGGTACGTGTGGTT"	414	46.64
"GAGTTCTGGAAGTGTGAACGTGGGCCTTTGTGT"	413	46.71
"GAGTTCTAAAGGTGAAGGTGACGCGGGGGTATC"	412	46.77
"GAGTTCTGTTGAAACGCGTAGGAGAAGGGTCAC"	411	46.84
"GAGTTCTCCCAGATCGCGTTAGGTCTGGCGCAT"	411	46.90
"GAGTTCTCTCGAGAGACAGATGGTGGTTTATTT"	410	46.97
"GAGTTCTCGGGGTAGCGGTGACGAATAAATGGT"	410	47.03
"GAGTTCGAGGAGAAAAAATGAAGGATGGAGAAA"	410	47.10
"GAGTTCCTCCGGCATAATTACGGTCGTCTGGGA"	409	47.16
"GAGTTCATAGTGAGTCTGATACAAGTCTGGGGA"	407	47.23
"GAGTTCTGTCGGCTGTGAGCAGCTAGTCGGTTC"	406	47.29
"GAGTTCGCGAGCGCAGACAGCGGTCGTATTGGA"	406	47.35
"GAGTTCAGCGATCATCCAGACCGCGTTCTGAGA"	406	47.42
"GAGTTCTAGCACTCAGCTCAGGACCAGTCATGC"	405	47.48
"GAGTTCCCGTTAGCCCCATGTGGGCTCCGTGCT"	404	47.54
"GAGTTCATCCGTGCCCCGAGATGGTGAGTACGC"	404	47.61
"GAGTTCTATGGAGTATCCCTGTGGTTTCCGCCG"	403	47.67
"GAGTTCTCTGCGGGTGTGTGGTGCTCGTATATG"	402	47.74
"GAGTTCCGGTTTTGCTAGTGATGCACTCTGACA"	402	47.80
"GAGTTCGCTGTAGTCCGCTATGTCAAGCTCCTA"	401	47.86
"GAGTTCTGAATCTATGTGTGAAGACAGCTACAC"	400	47.93
"GAGTTCGCCGAAATCTGGAGGCTCTTAAAGTCC"	398	47.99
"GAGTTCGGGCACACGAAATTTGGGGCGCAGATC"	396	48.05
"GAGTTCGGTGAAATTTGGTGGGGATCGGTGAGT"	394	48.11
"GAGTTCTGCAGCGGACAGATGAATGACCGGCAG"	393	48.17
"GAGTTCTACGCGGTTGTGTTCGGACGGTTCCAA"	393	48.24
"GAGTTCGTACTAGAACAGGAATGTGCCCCCCTG"	392	48.30
"GAGTTCGCCTGATCCGGATCGTAATCTCGGGCT"	391	48.36
"GAGTTCGGTTCGTTCTTAGCCCGCTGATGTCGG"	387	48.42
"GAGTTCTTGTGATATCGGATCGTGTCGAACTTG"	386	48.48
"GAGTTCCCCTGGGTGTGCCATGGTCGTTGGGCA"	386	48.54
"GAGTTCCCTAACTAGCGGGGCCTAGGCAAGCAT"	384	48.60
"GAGTTCTATCGTCTGTTTGAGTGTCAAAACAAT"	383	48.66
"GAGTTCGTTAACACGTGGTATCTAGTTAGTGCA"	380	48.72
"GAGTTCTCGCGGTTACGCGTGGGGCATCGAAGT"	379	48.78
"GAGTTCGCCGGTGCTGAGGGTGATTCGTCCTGG"	378	48.84
"GAGTTCGAGGTTTCACAACGACGAGTTCGCGGG"	378	48.90
"GAGTTCGAAATCCATTCTAGGTACTAGCGGATC"	376	48.96
"GAGTTCTTCGAGCGTCGGGGAAATCTGATGAGC"	375	49.02
"GAGTTCCCATAGTTGGGTCGCAACAGGTCAGGG"	374	49.08
"GAGTTCTGGCGATCCGAAGTGGGATTTTGATAT"	372	49.14
"GAGTTCTTACAGGCACGGTGGTGGGTTCGAGGT"	371	49.20
"GAGTTCGAGCTGCTTAGGGGGATTCGGCGGACT"	371	49.26
"GAGTTCTCTTGGTTTCAAAATGGCGGACTGGGC"	369	49.31
"GAGTTCTCTGGATCGGAGAACTCTTTTTGGTTC"	369	49.37
"GAGTTCGCAATTCGGGTATGCTGAAGGGGTTCA"	369	49.43
"GAGTTCCGGGGCTTTCTATCTTTCCATCACCGA"	368	49.49
"GAGTTCATGGCAGTGTATATGGGGTTTCCACGT"	368	49.55
"GAGTTCAGCGGTGCCGGGGGTGTACACGTTGTA"	368	49.60
"GAGTTCGGAAAGAGGTTAGGGTGAAAATCCGTG"	367	49.66
"GAGTTCACTCAATAGGTCATGTAGCCTTGGGTA"	367	49.72
"GAGTTCGGTCGGCATGGTGAAGAATTTCTGGCG"	366	49.78
"GAGTTCAAAAGTTGTAGGAGGTGAAGTTTGACT"	366	49.84
"GAGTTCAAGTGACACTGCTCTGGGAGATTGCAC"	365	49.89
"GAGTTCTCACTAGTGCTTGGCTGTACGTCGAGG"	364	49.95
"GAGTTCACCAGGGGGTTAGAACGGTGAGGTGAT"	364	50.01
"GAGTTCGGTGGGGCGACAGGGACACGTCTGTCG"	362	50.06
"GAGTTCGATGTCCTGTGCCAGAGACTCGGTCCT"	361	50.12
"GAGTTCAACCAGTTCGATGTATTCACCAGGAGA"	361	50.18
"GAGTTCTTCAGGATCGCATGGTGTGTAGGCCGG"	360	50.24
"GAGTTCTGGCATGTACGACGGCATCGTCTGGAC"	360	50.29
"GAGTTCGAGGAGCCCCGTTCGATACGCTAGTTA"	359	50.35
"GAGTTCTGACCAAGGTACAGGCGCCGTAGGCAG"	358	50.41
"GAGTTCTCCTGGGCTGCTCGGCGATCGCGGTAT"	357	50.46
"GAGTTCTATGACGGCAAGGGGACTGGAGGCAAG"	355	50.52
"GAGTTCGGGCCAGCTTTGGGTTATCGTCGGGTA"	355	50.57
"GAGTTCTCTCGGGGTTTTGGATTCTAACGGTTA"	353	50.63
"GAGTTCGATTGGGAGAGGTGGCAATATTTGGTT"	353	50.68
"GAGTTCACTCTGTATGTTCGGCGGGGTTCCCGA"	353	50.74
"GAGTTCGCTTCGCTTTTTGGTGTTCCGGCGAAA"	349	50.80
"GAGTTCGCGAGTCAATCATGAGAGTGGACGCCA"	348	50.85
"GAGTTCGGATGCGCACACTGGAAATGATTGTCT"	347	50.91
"GAGTTCTGGCAATCGCGGGGGGGTGAGAAGGGC"	346	50.96
"GAGTTCTGTCGGTCGGATTTGCGGATACGGTTT"	345	51.01
"GAGTTCGGTTAGTGCTGTGGTTAAATGGGAGCA"	345	51.07
"GAGTTCCGAAAGCGTCGCGATGTAAGGAAGTTG"	345	51.12
"GAGTTCGAGGGGGGGCCCTTACGCGAGACTGTC"	344	51.18
"GAGTTCGCAGCTTTCGCCGTATGGGCCTTGATC"	343	51.23
"GAGTTCTAGCGCGTTCACAGGTTGCGACAACCA"	341	51.28
"GAGTTCGTTCGGCGATTCTCGGAGCCGCAGGTC"	341	51.34
"GAGTTCACGGGGTGTCTCCGTTGCCGAGCGGAT"	341	51.39
"GAGTTCGGTCGTAGGCTCGGTGGTTGTCCGTTT"	340	51.45
"GAGTTCTGCGCTAGTTTTACGCTCTATTCCAGA"	339	51.50
"GAGTTCGCCCTTCCTCTGCGGCGCGCGTGCAGA"	338	51.55
"GAGTTCTGTCGGGTTTCTGTGGGAACGTTATCG"	337	51.61
"GAGTTCGCCGAGGGTAAGGATCGATAGGCCTGT"	337	51.66
"GAGTTCGACAGCGAGTATTAGTTTGGCTGCTCC"	337	51.71
"GAGTTCATGCTGGCGCTGTGAAAACATGGGACT"	336	51.77
"GAGTTCGTATTCCATTCTTGGCTCTAGCCGTTC"	335	51.82
"GAGTTCCGACGTCGGGCTTTTTGTGGGGGCTCT"	333	51.87
"GAGTTCTGCTCCGCGAAGATGGGTTTTGTTTGG"	332	51.92
"GAGTTCTCTGGTTTCCCTGGCACCTTGTGATTG"	331	51.98
"GAGTTCACTGATTGGTGCGGGCCGATTCACGGG"	331	52.03
"GAGTTCGTTCTGTCGGTGTAGCGGCGTGCGTAC"	330	52.08
"GAGTTCGGGTATCGATATCATTGCTAGTGGGAA"	330	52.13
"GAGTTCACCCGGCCCTCTAAGGGCTTCCGGGCA"	328	52.18
"GAGTTCGCCTATCGTCCCCCGCGTCGGTCTCTG"	327	52.23
"GAGTTCCTTCATGCCCCCCTGACGGTTGCCTTG"	327	52.29
"GAGTTCAGGGAAGTGTGGTGGCCATGCGTTCGG"	327	52.34
"GAGTTCTACTGGCTGGGGGAGCCGTGTTCGGCC"	325	52.39
"GAGTTCAGTCTATTATGGTAGCAAAGGGTTGAA"	325	52.44
"GAGTTCTAGCGAACGCCCAGGTCGTCGTGGTCT"	324	52.49
"GAGTTCGGTCGGCACGAAGGGTGAGCTAGCAAC"	324	52.54
"GAGTTCGGTTGACGACCGGCGCAGGGTATAGGC"	323	52.59
"GAGTTCAACCACCCAGGGAGATCAGGTGCGGCA"	323	52.64
"GAGTTCCTATAATTCTGTATACTTCCGAGCGTA"	322	52.70
"GAGTTCCGGATACTGTCCTCTGTTGATGTGGAA"	321	52.75
"GAGTTCTCCCCGATCTGGCCATCTTAAATCTCG"	317	52.80
"GAGTTCTATTATGTCAAAAGTGTTTTTGGCTTG"	316	52.85
"GAGTTCCACTGATCATCTCCGGGAGAACATGGC"	316	52.90
"GAGTTCATCCTTCGCTGCTGACGGTGTTGGGAC"	315	52.95
"GAGTTCGTGCGGGACAGTTCGGAAGGGTTGGTA"	314	52.99
"GAGTTCCACGATCCGTTTGTACAGGTTGGGGGG"	314	53.04
"GAGTTCTACAATTTGTGGTCGTCTTTGACCGGC"	313	53.09
"GAGTTCTGCCTGATATCTTAGGTTCGAGTGCGG"	312	53.14
"GAGTTCTGTTGGTCGCGCGGAAGTCGAAGGTCC"	311	53.19
"GAGTTCTTTGGGTATTATTAGTAGTCGTGAGGC"	310	53.24
"GAGTTCTGGGAATCCCGGTGTGTTATAGCAGAC"	310	53.29
"GAGTTCGATGGGGAGTTCGAGGTCAGGCCATCC"	308	53.34
"GAGTTCTCACGGGCGATCTGCGGTCGACAGGGC"	306	53.39
"GAGTTCCGTCTCGAGACTGTTGTGGCAATGGAC"	306	53.43
"GAGTTCTCGCAGGGGCGCGGTAGGCTCGTGTAC"	305	53.48
"GAGTTCACTCGCATCAGTATGCCAATCTCTCTT"	304	53.53
"GAGTTCTTTCATTTGGCGGTCGTGTCTTCGAGA"	302	53.58
"GAGTTCACCCCTATAGGTGACGAACGGGAGCTT"	300	53.63
"GAGTTCCCGCGTTTTGGATGGAGATGTCCCGAC"	298	53.67
"GAGTTCTCAGGAGATCCCGCAGTGGCCATGTCC"	297	53.72
"GAGTTCGCTCCTAAGTAGTGCTGTGGTCGCCGA"	296	53.77
"GAGTTCTCGGAGGATGGTCGATCCGCATAGCTC"	294	53.81
"GAGTTCTAGTGGTGCCCTCGGATGATTAGATTT"	294	53.86
"GAGTTCTTGGGAGGTCTTGTGAGCCGGGGCTGT"	293	53.90
"GAGTTCTTGTCCCGGGACAAATGGTGTTAGTGC"	292	53.95
"GAGTTCTCCCAGCACCAGCAGTGGTCTGCCCAG"	291	54.00
"GAGTTCGATCGGGCCTTTGAGGCGTACCCCTCC"	290	54.04
"GAGTTCGAGGGTCTGGTCTGGGTTAGCCCATTA"	285	54.09
"GAGTTCCGGCGGGGCTAGGGTAAGAGCCGCTGC"	285	54.13
"GAGTTCCATGACGACACTCGGGTGCTGCCTACA"	285	54.18
"GAGTTCGGGTGCCCAGGGGAGTGATGCCTCGTG"	284	54.22
"GAGTTCCTAATCGACTCAGCGCGGAGGAGGTTC"	282	54.27
"GAGTTCAGGGGTGGTTCGTACTACTGATTGCGC"	281	54.31
"GAGTTCTGGAGCCATTTTTTCCTCGCTCTACGT"	279	54.35
"GAGTTCTCCCGTGACTTGGGTATGTCCTCCGAG"	279	54.40
"GAGTTCGGCTCTGGGTCTCCAAATTGCTCTTGC"	278	54.44
"GAGTTCATATAAAACGCGTGCCCGGTGTCAGGA"	277	54.49
"GAGTTCGTGCGGGACAAAGGGTGATTTTGGTTC"	276	54.53
"GAGTTCCTACGGTGACTGGACTCGTGGGGTTGG"	276	54.57
"GAGTTCTAGTGGAACATTTCCCGGTAATGGGAT"	275	54.62
"GAGTTCTCAAATTGTCTTGTAAGGACTCAATTG"	274	54.66
"GAGTTCTTTTCTGGGCAGTGGGCGCAGGACTGC"	273	54.70
"GAGTTCTGAAGAACCTCGACCTGATGTACGAGA"	273	54.75
"GAGTTCGGTACTTTTTCGGAAGATCGTTTCTGC"	273	54.79
"GAGTTCTCGAAGTAAGGTTTCAGTACGCTACGT"	271	54.83
"GAGTTCCTCGTCTCCCTGTTTGGGATTCCGGTG"	269	54.87
"GAGTTCGTCTGTTTAACGAGAGCATCGGCTGCC"	268	54.92
"GAGTTCGTCATGCATACGTCTCCGTTTCAGAAG"	267	54.96
"GAGTTCGACAGGCGCAACTGTTGATTATTGAAG"	266	55.00
"GAGTTCCATTGGCGGTATTCTGGGGGTCGAGTC"	266	55.04
"GAGTTCGTTGGCTTGAGCGTTTGTCGGGTGGAG"	265	55.08
"GAGTTCCGTACGCCCTCGGCTAGTCTCTCTTGG"	265	55.13
"GAGTTCTTCGATCAGGTCAGGACTCGTTGGTAG"	262	55.17
"GAGTTCTCTCTTCATATGCAGGGGGGGGGGCGA"	261	55.21
"GAGTTCGGACTGGTAGTTTGTGCGTGCTCCCGA"	261	55.25
"GAGTTCGGGCGTGCATAAGAGTATGTACTATCG"	260	55.29
"GAGTTCTGCTATGTATGGTTGTAGACTCAACCA"	259	55.33
"GAGTTCGGTCGCCTCAAGGCTTTGTCTTCGGAA"	259	55.37
"GAGTTCCCTGGTGTTTTTTGGTGTGTGCGTTCA"	259	55.41
"GAGTTCTACCAACGACCCGGAGCTTGTCTGTAG"	258	55.45
"GAGTTCGCTAATCTTTCGAATGGGGTTTATGAG"	258	55.49
"GAGTTCTACAGCCTTTCGCTCGCGCGGTGTTCG"	257	55.54
"GAGTTCGTCTGGGACATGGGGTGGTCTAGGTGA"	256	55.58
"GAGTTCTTTTGGCTAGCTTCGCTTACTGGCGGA"	255	55.62
"GAGTTCTTCGACCAACGGAGGATACTCTTCTCC"	255	55.66
"GAGTTCTAGCAGGACGGATGGGCTACTCCAGAC"	254	55.70
"GAGTTCCATTGGAGAATCCTTCAGGTCGTAAGG"	254	55.74
"GAGTTCACCTGGGTCGAGTAGTCGTCTCCGGGT"	254	55.78
"GAGTTCTAATAGTATGTTCGACCGGTGTCAAGA"	253	55.82
"GAGTTCGGTTGACTGTCAAATAAGTGTCATTCG"	253	55.86
"GAGTTCGCGTATCGCCGGTGATTGTTACAACGT"	253	55.90
"GAGTTCTGGAGGGACTCGTAAAGGAGAGCTAAG"	251	55.94
"GAGTTCGTTTCGGTCGTTCCGTCGTGGGATTCT"	250	55.97
"GAGTTCGCTGGTAGAATCGGGGGAGGCGGATTC"	250	56.01
"GAGTTCCCCCTTAACCTCGTCCCGGACGTCAGG"	250	56.05
"GAGTTCTACGAGCGCATTACTAGGTGGTAGGAT"	249	56.09
"GAGTTCTGCCGGCCCGATGGATATTCGGGATCG"	248	56.13
"GAGTTCAACGTTAGGGCAATCTATCTCATGGCT"	248	56.17
"GAGTTCTGTCGTGCAGCGGAACAACGGGGACGA"	247	56.21
"GAGTTCTAGCGACCCGTGTCCAGTAGTCAGGGT"	247	56.25
"GAGTTCTAATGTACTAAGGCGTTAATTGTGGTA"	247	56.29
"GAGTTCGGAGGTAGCCTGGCGTCCGCCTTGCTA"	247	56.33
"GAGTTCCCGCTCCTGGAACAGCGCTCCAAAGCA"	247	56.37
"GAGTTCAGGCGTCATGCAGGCATACTTTTTGGA"	247	56.40
"GAGTTCAGCAAGTGTGCAGTATTGAATCTACTG"	247	56.44
"GAGTTCAAATGTCGACACGGTAGACACCGTTCG"	247	56.48
"GAGTTCGTAAGTGCATGGGATGGTGATCTGTGT"	246	56.52
"GAGTTCGATAGTTTGTATTGATCTTCTAGTTCT"	246	56.56
"GAGTTCCACGATGTTGCACCATTGTATAGCGCG"	246	56.60
"GAGTTCATTAGGACGCTTTGAGCACCAGAGGTG"	246	56.64
"GAGTTCAGTGTATGGGGCTTTTGTCGGCAGGCC"	246	56.68
"GAGTTCACGATGTTTAACCATGTGCTCCATTTT"	246	56.72
"GAGTTCACATGGCCTCCAGAGACAGAGTTAGTC"	246	56.75
"GAGTTCTACCGGGACAAACAAGCATGACCCTTC"	245	56.79
"GAGTTCTGCAAACCACGCTATTTCGCTAGGTTG"	244	56.83
"GAGTTCTCGCGGCACCCAGGGGTGTGTCTATCG"	244	56.87
"GAGTTCGAAGGGTGACTGTTCGAAATGAGATTA"	244	56.91
"GAGTTCCTCGGCCAGGTTTCGTGTATCTTCCGA"	244	56.95
"GAGTTCTGGTGTCCCCCTAGAGGGAAGCTATCC"	243	56.99
"GAGTTCTGGCGGCTAGCTGAACGGTTATCGGGA"	243	57.02
"GAGTTCTCGAGTCTCCTGGCGGTGATTTTTCGA"	243	57.06
"GAGTTCCTCCCGCTGGTATTGGAACGGACGTGG"	243	57.10
"GAGTTCTGCCGGCAGGTGCCGGATCGTAGATCA"	242	57.14
"GAGTTCTGCAACGTGACGTGACGGAGTCTTGTG"	242	57.18
"GAGTTCTCTCGTCGAGTGTCTTACCGTCTGGAT"	242	57.21
"GAGTTCTCCTGAATTGTATTTCCGCGTCCGGCA"	242	57.25
"GAGTTCTAGTGACCGTGCTACAGGCAGACAGTA"	242	57.29
"GAGTTCGTGTGTGTCTCGATAAGTCGCGACCGG"	242	57.33
"GAGTTCCGCGTGTACGACCTTGATTGGGAGGGT"	242	57.37
"GAGTTCCACCTGCGTTATAAAAGTCCGACGTTA"	242	57.41
"GAGTTCTTCGAACAAACGTCTGGATGATAGTGC"	241	57.44
"GAGTTCTCTTCTGGTCTCCTCTTGTTTGAGTTA"	241	57.48
"GAGTTCTAGTGGCATCACTGATTTGTGGTCCGG"	241	57.52
"GAGTTCTTTTCATTCATACCTCACAGGCTACTG"	240	57.56
"GAGTTCTTTATCGCCCGATGCGATCGGTGCAGC"	240	57.60
"GAGTTCTCTTAACGTGATAAGGAATAGTGGTTT"	240	57.63
"GAGTTCTCTACGGAGTCCCGGACTTCATGGTCA"	240	57.67
"GAGTTCTATCGTTTCGCTTCCGGTCGTCGATCT"	240	57.71
"GAGTTCTAGAGGTCGTATTTAGTTCGAAAGTTG"	240	57.75
"GAGTTCTACTGGAATGGTTAGAAGTCCTATTGA"	240	57.78
"GAGTTCTAATGAGTACAAGTATAACCAATCTGG"	240	57.82
"GAGTTCGGTTGCCCTCCTACGGATTTACATCTG"	240	57.86
"GAGTTCGGTAGGTCACTGTGGGACCCATTGTCT"	240	57.90
"GAGTTCGGAGTTTCAACGTGCTTTCGGGGAGCA"	240	57.94
"GAGTTCGATGGTGGTTTCAGGGTGCGATTGCTT"	240	57.97
"GAGTTCGAGATACTGCTTTTCAGGCGTGGGGCC"	240	58.01
"GAGTTCCTACGAGGATTTACTGACGATATAAGG"	240	58.05
"GAGTTCATTTTGTCTTGCGCAATACGTTCCAGT"	240	58.09
"GAGTTCTTTGGTGCCCTGTAGGGTAGTTGCTCC"	239	58.12
"GAGTTCTTTGCCAAGGAGTTAACTAGCTGGGTA"	239	58.16
"GAGTTCTTGCATGACCGTGTAGGGATTATTATG"	239	58.20
"GAGTTCTAGCGAATGAGCTGTGCATCATGAGTG"	239	58.24
"GAGTTCGGTGACGTAGGTTGTGCCCCTCGTGTT"	239	58.28
"GAGTTCGCCTAGTCGTAGTGAGAATCAAGATTA"	239	58.31
"GAGTTCTTCCGTCGCAACCAGAATCGTTTCGCT"	238	58.35
"GAGTTCTGTCAGTCGTGGACATACCCCCCATCA"	238	58.39
"GAGTTCGCTCGGATGCGTTGTTATGGGAAGTGC"	238	58.43
"GAGTTCCGCTTGTCGAGACGGTCGAATCCTTAC"	238	58.46
"GAGTTCATGTTGGAAGAGGTACTTCTTTTTCTA"	238	58.50
"GAGTTCATGTGGTAGCTCGATTTGTTGTGATTC"	238	58.54
"GAGTTCACGTTGGGTCCATGGCGTACAATAGGT"	238	58.58
"GAGTTCTGTGTTCGGCGGGATTAAGACGGGGAA"	237	58.61
"GAGTTCTGGAGCAGCGCACATTTGGTTTTCTCT"	237	58.65
"GAGTTCGTCCATTCGTTGTTTTGCTCACGTCGT"	237	58.69
"GAGTTCTAAAGGCCGTTAGGAGCTGGGTACTTA"	236	58.73
"GAGTTCGAGACCTCACTCTGGATGATAACCCGA"	236	58.76
"GAGTTCAATAAGGTCCATTGGCGTCAGTCGCCG"	236	58.80
"GAGTTCTGTAGCAGCACGTATGGTCGAGGTTCT"	235	58.84
"GAGTTCTCTTCTAAAAGGTCATCACCGCGTGAA"	235	58.87
"GAGTTCTCTGAGTGGTGTAATGGACCTTGGTCT"	235	58.91
"GAGTTCTACTTGTATGTTAGCCGAGTTCGGTTA"	235	58.95
"GAGTTCGGTTTTTCGCCGTGTTCCGGTCAGCCT"	235	58.99
"GAGTTCGAATGGTCGTGGTGGGGATATCTGCCG"	235	59.02
"GAGTTCACTCAGCGCATCGGGTCTACTTGGATC"	235	59.06
"GAGTTCTTACGTGGGTGTCTCCCCGTCGCTGCT"	234	59.10
"GAGTTCCACCTGTCTAATCGTAGGCGGTATGTA"	234	59.13
"GAGTTCACTGGGTTGTTCATGTAGTGGTGGCTG"	234	59.17
"GAGTTCACTACTCCGCCTCATATATGTTCGGGC"	234	59.21
"GAGTTCAACTATCATGAGAGTGATTTTAGGACG"	234	59.24
"GAGTTCTTTTGCGAGTTAAGATAGAGTCCGAGG"	233	59.28
"GAGTTCTCCGGCTTGTCAGATGTGTTTCGCTTA"	233	59.32
"GAGTTCGGTTAGGTGGTCCCGGGCGATTCCTGA"	233	59.35
"GAGTTCGACCAGTCTCGCTCCGTATACCTGGGA"	233	59.39
"GAGTTCCCGACGTGTGTACGAGATGGGTTTCGA"	233	59.43
"GAGTTCCATCGGTCATGACGGCAACAGTCTACC"	233	59.46
"GAGTTCATGGGTTCCGGCCGGGTATCTTGAGGA"	233	59.50
"GAGTTCAAGTTTTTCGAGTGCGAGACGCACTTG"	233	59.54
"GAGTTCTTCGAAAAGCAACCGGGATCTCTGTTG"	232	59.57
"GAGTTCTGGTGTACCGCTGTAAGGTCCTTCCGA"	232	59.61
"GAGTTCTGATGGTGTTCGTCGAGATGTCCGTTC"	232	59.65
"GAGTTCGTGCATACTCCTTGCCAGAATCTCCCG"	232	59.68
"GAGTTCGCCCGGCTGAAGGAGGTCTATTGATCT"	232	59.72
"GAGTTCCTTATCGACAGTAGTTTCAGCCCCTAC"	232	59.76
"GAGTTCTTTCAGAAACAAGTGCATCCTTCATGT"	231	59.79
"GAGTTCTGTTGACGACCGTCGTGCATAAGGCAT"	231	59.83
"GAGTTCTGGTGACGCTTGGCCAGGCGGTATGAG"	231	59.87
"GAGTTCTGCGGACGCGCATTGTTTTAATGCAAG"	231	59.90
"GAGTTCTCCGGGCTCCCGTTGCCTTTCTCAATT"	231	59.94
"GAGTTCTACGGGGACCCGGGGGGTGGGGTTTCT"	231	59.98
"GAGTTCGGGAGGAGAGATCTGTGGATAGTCGTA"	231	60.01
"GAGTTCGATTCGTCTCCGGGGCAAGATCTCTCA"	231	60.05
"GAGTTCCTAAGATTGAATTGGTCTTGGTCATGG"	231	60.08
"GAGTTCCCTTTGTTTTTGCAGGGTCACCCGGCG"	231	60.12
"GAGTTCCAGAGGGGTTCTTTTAAAAGCTCATCT"	231	60.16
"GAGTTCAACATGTCCGGTAAAGGTGGAGCCTTA"	231	60.19
"GAGTTCTGGCGTGTCGAATAGCTCAATGCGCGT"	230	60.23
"GAGTTCTCCCGAAACCTTTGAGGTCCAGGGAAA"	230	60.27
"GAGTTCTATTGTGGTTCTGATGGGCGATTGTGG"	230	60.30
"GAGTTCCGACGTTAAATGTGAATACTGCTAGCC"	230	60.34
"GAGTTCACAGGCGGACTCTTGGCCATCCTACGT"	230	60.38
"GAGTTCTTGCTTTCCGGTTCGTGAAAACCAGGG"	229	60.41
"GAGTTCTTGCGGGTGGACAGAACAATCCGGTCG"	229	60.45
"GAGTTCTGCCGGGGGTCAGTGAGTATTAGAGCA"	229	60.48
"GAGTTCTCGGGAGGTCCTAAGCAGGTTACGTCC"	229	60.52
"GAGTTCGTCTTCCATGAGTGAGTATCAATCTCT"	229	60.56
"GAGTTCGGAAAGATCGTACGACCCCTTTCATCT"	229	60.59
"GAGTTCGCTAGAAAACTGTAACAATGTACATTT"	229	60.63
"GAGTTCGCCCATTTCTGGTATTGTTCTCATATG"	229	60.66
"GAGTTCGCATATCGAGTGGTTCTGGGGTCGGAA"	229	60.70
"GAGTTCGATGGTGCTCGATTTGCGGTTCGTTAG"	229	60.74
"GAGTTCCTCACATCTTTGTGGATTTTCCGGACC"	229	60.77
"GAGTTCCATAACAACCATGGCTTCATGTGGTGC"	229	60.81
"GAGTTCACGCGGTCGAGGGCGGTAGTACCTTCT"	229	60.84
"GAGTTCTGGTCGAATCCCCGTCTCGCGCGGTCT"	228	60.88
"GAGTTCTACTGTGATTCAGGTGGCGCAATTCCT"	228	60.92
"GAGTTCTACCTGTCTTCTTGTCGTTGTCGGGAG"	228	60.95
"GAGTTCTAAAGGCCTGGCATGGCCAGACTATGG"	228	60.99
"GAGTTCGCGACGTACGAATCGTAACGGAAGAGG"	228	61.02
"GAGTTCGAGCGGTGAGGACGGAGCCTACGGGGT"	228	61.06
"GAGTTCACGCTACGAGACAGGGGTCGCCCCTGC"	228	61.10
"GAGTTCTGGGCCTCTTTGGTTATGATGGTAAGA"	227	61.13
"GAGTTCTCCGCGGAACGGTTAGTACAGTCCCGA"	227	61.17
"GAGTTCTACAGTTGTAAAGACATGGGGGCTACT"	227	61.20
"GAGTTCGGCAAGTTGTCATAATTTCGTGCCCTG"	227	61.24
"GAGTTCGAGCCGACAGTGTAGTTGTAGTCGACT"	227	61.28
"GAGTTCGACCATGCTCTATGATGCCGAGTGGGT"	227	61.31
"GAGTTCCTGCGGCGACAGTGGGATCGCCGCTGT"	227	61.35
"GAGTTCATGTGAGCCTTTGGGCGTGAAGTGTAG"	227	61.38
"GAGTTCTGGGTGCCATTAGGCTAACTCTGCCGG"	226	61.42
"GAGTTCTCTGGGGCCGATTGAGATACACAAGCG"	226	61.45
"GAGTTCTCCTGTAACCCGGCATGGTGAAAAGTT"	226	61.49
"GAGTTCTACTGGGGGCAGTGAAAGGCACGATCG"	226	61.53
"GAGTTCTACCAGCGGTCTGGGGCATCTTCGTTT"	226	61.56
"GAGTTCGGTCATTCTCTTTATCGTTCTCGTCTA"	226	61.60
"GAGTTCGGGCTGTTAACTCGATGTTTTCTGCGA"	226	61.63
"GAGTTCGCCCGGGCGTCCATAAGTTGGGTGTGT"	226	61.67
"GAGTTCGAGGGGCATGGTGCGACAAATAGTGCT"	226	61.70
"GAGTTCCGGCATAATACGCATACTAGGGTGGTT"	226	61.74
"GAGTTCAGAACGCGCTCGCGTGCGTAGGCGCCG"	226	61.77
"GAGTTCACATCGGTAGATTCGTTGGGTACAACC"	226	61.81
"GAGTTCTGCCTTGTGTATCGTGACTCTGTCCTC"	225	61.85
"GAGTTCTCGGAGAGATCCATGGTTACTTAGCCA"	225	61.88
"GAGTTCTCACGGACTTCGTATAGGCGATGGTGT"	225	61.92
"GAGTTCTATAAGTAGTCTTGAGGGAGGGGCTCC"	225	61.95
"GAGTTCTAATGCTCAGCAGGAAGTTTAGTGTCT"	225	61.99
"GAGTTCCGGAGATAGAGGCCGATAGTGGCCGCG"	225	62.02
"GAGTTCCCTGGTCATGTGGCGGGTAGATCATGT"	225	62.06
"GAGTTCATGGGAAGGTTGTAAAGTATCAAATGA"	225	62.09
"GAGTTCAGGGATCTTTGGTTGGTATGGTCTAGA"	225	62.13
"GAGTTCAGCCCGCGCAACCTCGGTGGTCAAGGT"	225	62.17
"GAGTTCTTTCGGCGACGTGGGCCTCCAGCGTTT"	224	62.20
"GAGTTCTGTCAGCCACATAGATGGCGGATAAGG"	224	62.24
"GAGTTCTGTATCCAGAGTATAAAATATCGTTAA"	224	62.27
"GAGTTCTGATCTGGCATGCATCAGACTTGAGCA"	224	62.31
"GAGTTCTCGTGCAGCCATACGCGGTATTTGGCT"	224	62.34
"GAGTTCTCGAGGCAGAGGTCGTTATTATCCCGG"	224	62.38
"GAGTTCTCCCAGTGTCATGGAGGATGGACCGAC"	224	62.41
"GAGTTCTCATGGTATGTTAGTCGGCCATCGACG"	224	62.45
"GAGTTCTAGCGCAGTCCGTCATGATAACGCTTT"	224	62.48
"GAGTTCGTCTTAAAGGCGCCACAAGCGGTAGTT"	224	62.52
"GAGTTCGTCTGACCCCGAAGTTCTAGTGCAGCG"	224	62.55
"GAGTTCGGTCGGTCTAACTGGGGCAGTCCCACT"	224	62.59
"GAGTTCGCCGGTGACCTTGGTCGTTACTAACGC"	224	62.62
"GAGTTCCACTATATCGTTTAGCGGAACTGGATC"	224	62.66
"GAGTTCAGGACTATCCACTCCCGTGAGGAAGGC"	224	62.70
"GAGTTCACGCTGTTATTGAGTCCTTGATGTTGT"	224	62.73
"GAGTTCTTGAGAGCGTGTGGAAACCCTCGTAGG"	223	62.77
"GAGTTCTGGTCCACCGCCTCGGGTGGGCACTTG"	223	62.80
"GAGTTCTCGCACGGTGTGTGGTACGGGGGATCT"	223	62.84
"GAGTTCTACTGTGCTCGTAAGGTTTTGGGAGCT"	223	62.87
"GAGTTCGATCCGTTTACTTGCGGTCAGGAAGCA"	223	62.91
"GAGTTCGAGCGTTGACGGTAGTGATCAGTATAC"	223	62.94
"GAGTTCGACCAGGGGGGTCATTTAAGTCTAAGA"	223	62.98
"GAGTTCCTGCTAAGAAATTAGGATCTCGGACGG"	223	63.01
"GAGTTCCTCCGGGTGTCCCGTAGCTAATTTCCA"	223	63.05
"GAGTTCATAGGAAATTACGAATCTACTGGGCGG"	223	63.08
"GAGTTCAAGCAATAAGGGTCATGTAGGGAGGAG"	223	63.12
"GAGTTCAACAGTAAAGAATGGAAGACTTTGGCC"	223	63.15
"GAGTTCTTAACGGGTCACGAGTGAGCGTCTGCA"	222	63.19
"GAGTTCTCTCTGCAGTCCGTATGTGTGTCTCCG"	222	63.22
"GAGTTCTCCGAACCATATTGTCCCTGTCGGCTT"	222	63.26
"GAGTTCTATTAGTAGTCTACCAATGTCGTGCAG"	222	63.29
"GAGTTCTACTGTCCCTGCGGTGGATCGTGTTGG"	222	63.33
"GAGTTCGAGCGGGATGTTCAGGGTTTGGCTCCG"	222	63.36
"GAGTTCCTGGAGTCCAGGATTAACGTTCGGTTA"	222	63.40
"GAGTTCAGCGCTTGCCGGCGGCGCGTCCTCCTT"	222	63.43
"GAGTTCACGGGATCTCGAGTATAGTGGCGGTTT"	222	63.47
"GAGTTCTTGGTGGAATTTGGATCTAAGCTTGCT"	221	63.50
"GAGTTCTTATAGTCGCTCAGAATTTGATTTGTG"	221	63.54
"GAGTTCTGGCTTATTCACGTTCGCGCGGCTTCT"	221	63.57
"GAGTTCTCGTATCGACTGCAATATCGGACCAGG"	221	63.61
"GAGTTCTACAGTCATGAGTGGCAAATGAAGCCT"	221	63.64
"GAGTTCGTTACCACTTTTGAAGATGCATAATGC"	221	63.68
"GAGTTCGTGGACTAAGTTAGTGGGCGGAGAAGC"	221	63.71
"GAGTTCGTGCTACGATTGTCATTGCTATCAATA"	221	63.75
"GAGTTCGTCGTGAGATGGTGGAGTAAGAAGATG"	221	63.78
"GAGTTCGGATTATCAACGTGATGTCTACAGGTG"	221	63.82
"GAGTTCGCAGTCATTGCTATGGAAGGTAGAACG"	221	63.85
"GAGTTCCGACCTCTTGGGGTGTTACAGTAAAGT"	221	63.89
"GAGTTCCAGCGTTTAAAGTCTTATGAGATCTCA"	221	63.92
"GAGTTCAGTGCCATGATCCCGGTGGTTGGTATT"	221	63.96
"GAGTTCAGAAAGCTGACAAGGAACGGCGCATGT"	221	63.99
"GAGTTCTAGTCCTGAACTTGGGCTAGAATTCGG"	220	64.02
"GAGTTCTAGAGGGCTTAGAAATGCTTTGCGTTG"	220	64.06
"GAGTTCTAAGGACAGTGGTATCTTTTCACAAAA"	220	64.09
"GAGTTCGATCATGAACGGGGTGCATGCCTCAAC"	220	64.13
"GAGTTCCTCCGCACGTGCCTTCGGTGCCAAGAT"	220	64.16
"GAGTTCCGTTTTTCGCTCCACGATCGGCGTTGG"	220	64.20
"GAGTTCCCGCAGCGTCAGGCGACAGTGTCAGGT"	220	64.23
"GAGTTCCATCTTTAGTGGTCGTGCTCACTGGTT"	220	64.27
"GAGTTCCAACGATACTTTTCAGATTAAGGGTTA"	220	64.30
"GAGTTCAGCAGGAGTCAAAGAGGACGTCCTGGG"	220	64.34
"GAGTTCACGGAGGAGCCAGGGGATGGATAGCAT"	220	64.37
"GAGTTCTTGATTTACTTATGCCCAGGTAGGCCG"	219	64.41
"GAGTTCTGACAGAGGCTTGGGCGGATTAAATGC"	219	64.44
"GAGTTCTATTGGAAAAACTGTATTTGCGTCTCT"	219	64.48
"GAGTTCTATGAGCTTTAGGCATCAGTGAAATAT"	219	64.51
"GAGTTCTACCGGAGACCATGTCTTTTCTCTACG"	219	64.54
"GAGTTCTACCCTCGTGCGTATTTGGAGTATTCC"	219	64.58
"GAGTTCGTGGGCGCTAGGCGGGTCTTTGCCTCG"	219	64.61
"GAGTTCGTCTGGAGATTCCGGCGAGGTCCTTTA"	219	64.65
"GAGTTCGGACGTGTAGTGTTTGGATGTGTGGTG"	219	64.68
"GAGTTCGCGGCCGTGTTACGTGTTCGTGCGATT"	219	64.72
"GAGTTCGCCTGGTTGAAACGGGCCATAGCTGTA"	219	64.75
"GAGTTCCTTTCGACATCAGTTGGTTCGCAGAGT"	219	64.79
"GAGTTCAGCCAACAATATGGGGTTGGAAAGCTA"	219	64.82
"GAGTTCACTTTCCGGATTTGTGTATCCTCAATA"	219	64.86
"GAGTTCTTTCGTCTAGAGGGGGTCTGTTTCGAA"	218	64.89
"GAGTTCTTCTAGGCCTGACAGAGGTTGTCCAAG"	218	64.92
"GAGTTCTTCGAGCCGATGCGAGGTGGACTGTGG"	218	64.96
"GAGTTCTCGTGTCGATTTTGTGTATGTTGCAGG"	218	64.99
"GAGTTCTCACATGTGCGTCATCACGGGTGGTGT"	218	65.03
"GAGTTCTATCGTGAGGCGAACTGACCTCGTGTG"	218	65.06
"GAGTTCGTTGGCGGAGGAGTTCGTCCCTTACCC"	218	65.10
"GAGTTCGGTTTGGCATAGACGACCAATGTCGGG"	218	65.13
"GAGTTCGCGAAGTCCCGTAAGTATCCAACGGCG"	218	65.16
"GAGTTCGATGATCGCCCTGGAATTTCGGTGGCG"	218	65.20
"GAGTTCGACCTATCCTTCAGGGGTTCAGCTGTT"	218	65.23
"GAGTTCATGGCTCGCTCCAGGTAGCGGTGAGTA"	218	65.27
"GAGTTCATGCGGTCGTTCCGCTGCTGTTTACTG"	218	65.30
"GAGTTCTTTTGGCATTCGGGGCAGTGTTAGTCT"	217	65.34
"GAGTTCTGGTGTAAGAAGCGATAACTTCCCTTC"	217	65.37
"GAGTTCTGCGACGGGTCGGAGGGTGGTCGAGCC"	217	65.40
"GAGTTCTGCCACGTTAGGTGGGGAAAGCGGATC"	217	65.44
"GAGTTCTACGAGTAGGAGTAACAAGGTGGGCTT"	217	65.47
"GAGTTCGTACGGTGGAATAGGAAGTGGCAACGA"	217	65.51
"GAGTTCGGCCGCACCCGTTTGCGTCGTTGGGAG"	217	65.54
"GAGTTCGAGGTGCCGCGTTGACTTGGGCTGTTG"	217	65.58
"GAGTTCGACTCGGTTATTAGGTGCCGGGACTAG"	217	65.61
"GAGTTCCGGTTTGGGTGGTGGTCTACTGTGTGC"	217	65.64
"GAGTTCCACGGGTTCCGGAGCGGTTGGTTTGAT"	217	65.68
"GAGTTCAGCTGGGTATCGTACTCGCACCTGGGA"	217	65.71
"GAGTTCACTCTTCGTTTCTCATAGTGCGATTTG"	217	65.75
"GAGTTCAACAGTAGTCATAATCAGTGTAGTCGT"	217	65.78
"GAGTTCTGTGCTGCTCATTCTGCAATGGGGTTA"	216	65.82
"GAGTTCTGCCGGTAGTTCTGGGGACCACTGGGT"	216	65.85
"GAGTTCTGATCGTCGAACTTGCCGGTGTGGGGA"	216	65.88
"GAGTTCTGACTCCTATTACCGGAGGTATGAGTA"	216	65.92
"GAGTTCTATCGGTTTCGGTTGGGCCTGACGGAA"	216	65.95
"GAGTTCTATCGCCTCTCTGGATGGCGTCCCCAA"	216	65.99
"GAGTTCTACCTCCAATTGGGATTGTCGACGTAT"	216	66.02
"GAGTTCGTCTTGGGTCGTTCGTATGGACGGTAG"	216	66.05
"GAGTTCGTCAAGACCTCGTCGTTTGTTCACTTG"	216	66.09
"GAGTTCGGGCGCCCTGAGGGCTGAGGTTTGGTG"	216	66.12
"GAGTTCGCGTATCTCCGACGGGTACTTAGTCTC"	216	66.16
"GAGTTCGCGCAAGGTGCGCCTAGTATGTCTGTC"	216	66.19
"GAGTTCGATTGAGGTCGTGGGTATACACCGTTC"	216	66.22
"GAGTTCGATGGAGCTGGGTGCCGTATTCGGGGA"	216	66.26
"GAGTTCGAGCCGAGTTTGTCTAGATTGGATGTC"	216	66.29
"GAGTTCCTGCCTCTGTCTGCGCACCCGCTGGCT"	216	66.33
"GAGTTCCGTCCGGTCTGGGGTTCTACCATTCTA"	216	66.36
"GAGTTCAGTCTGCCGTCGCTTATGCGGGCGTAG"	216	66.39
"GAGTTCAGCCGAGGGAGAACAACTTTAGGGCTT"	216	66.43
"GAGTTCTTGTCAAGTGTATGAGCAATATAGAGA"	215	66.46
"GAGTTCTTGATAATGGTCAAAATGTGCGTATGC"	215	66.50
"GAGTTCTGTCTTGGTGCCTCAAGCTTTCAGTAC"	215	66.53
"GAGTTCTGGGTCTTAGCGTGTGCAGGTACATCG"	215	66.56
"GAGTTCTGAGTCGGTGCTCGGTATATTCGTAGG"	215	66.60
"GAGTTCTCTCGGTAAAGAGGGGGATGTTCAACT"	215	66.63
"GAGTTCTCGTGATGCGCGTGTGAGGTGTAATGG"	215	66.67
"GAGTTCTCGACAGTTTAGGGGGGTCGTCCTTTT"	215	66.70
"GAGTTCTCCTGGATTATTACCGGTTTAGTACGT"	215	66.73
"GAGTTCTATACTCATTAATGTCTAAGTTCCCCA"	215	66.77
"GAGTTCTACAAGTCACTTGGAGAAAGACAATTT"	215	66.80
"GAGTTCGTGTATTCGTTGGCGAGGGTTGGGAAG"	215	66.84
"GAGTTCGTGGGTTCAATTGGCGTTCGATGGCAG"	215	66.87
"GAGTTCGTATGGGACCTCCGTTCTCGGTGGCTT"	215	66.90
"GAGTTCGGTCGACTTCAATTTACAGTCAATAAT"	215	66.94
"GAGTTCGCCAGTGAGTCCGCGTAATGACGAATT"	215	66.97
"GAGTTCGATCGGGGAACCGGTAGATCCAGACGC"	215	67.00
"GAGTTCGAATAAACACGCCCGTGTTTTCTTCCG"	215	67.04
"GAGTTCCGTCCCTTCCAGTTGCGGTCGATCGTG"	215	67.07
"GAGTTCATCGATTTGACTACTTCGCTGTGCAAA"	215	67.11
"GAGTTCAGGACTTTGATACCTTGGACAATGCTT"	215	67.14
"GAGTTCACCGGGGCTTCGTTAGTCAGTCCATGT"	215	67.17
"GAGTTCAACCTTCATTGCGGCGGCTCCAGCAGA"	215	67.21
"GAGTTCTTTACGAGAGTGGCTCAGATTGAATGT"	214	67.24
"GAGTTCTTGTGCGAGTCCGCGATTCGGGGACGT"	214	67.28
"GAGTTCTGGCGTCGGTTCTACGATTGTGTGAAT"	214	67.31
"GAGTTCTGGCGGCGAGCACAGATTATCGATCGC"	214	67.34
"GAGTTCTGGCAGACAAAGTGTAGTCTTGCACTA"	214	67.38
"GAGTTCTCGGCCCAATGCAATTGCCGAGGTTTG"	214	67.41
"GAGTTCTACGAATCCTGTGAGAGTAGGGGACGG"	214	67.44
"GAGTTCTAATGTGAGGATTAGTGTACGACGTCA"	214	67.48
"GAGTTCGTGGTGGCTTCGTTACGTTTGATGACT"	214	67.51
"GAGTTCGGTGCCTCTTTAGTCCGCTCTGCGCAT"	214	67.55
"GAGTTCGGCTTGGCTAATCGCGTGTGTTTGTTA"	214	67.58
"GAGTTCGGCCATTGCCTATGAGAGCGTTTGTCT"	214	67.61
"GAGTTCGATTAGGAGTCAAAGACGGGTCACTGC"	214	67.65
"GAGTTCGACTCAAGGGTAGGCTGAGATCACAGA"	214	67.68
"GAGTTCCTCGGCCATTAGTGGTACAATTTTATT"	214	67.71
"GAGTTCCTCCTTGGCACTCTTCGATGGGTAGCG"	214	67.75
"GAGTTCCCGGTGTTCCAACCCGAGTGGTCGCAA"	214	67.78
"GAGTTCCATCGGGTGGGCTTACCGCATCAACGC"	214	67.82
"GAGTTCATGGTGGTAAGTCATAAAGTCGACTGC"	214	67.85
"GAGTTCAACATGTCAACGGGCCGCCTGTTTATG"	214	67.88
"GAGTTCTGTCGGCTATCGTCGCTTTGGGCTACA"	213	67.92
"GAGTTCTGTCGGCCGTCGGAGTGAAGTGTCTCC"	213	67.95
"GAGTTCTGGAGTCAGCGTAGGGTGTAGTTTTCG"	213	67.98
"GAGTTCTGAGTGTACCGATTTTCGGGTGTGCCC"	213	68.02
"GAGTTCTCATGGAATTGATTAGGTCCTTTTTAG"	213	68.05
"GAGTTCTATTACCGACGGTCTCTGGTGATGGCC"	213	68.08
"GAGTTCTAGCGATAGCTTCCGTTTCTGGGTGTC"	213	68.12
"GAGTTCGGTCCGCGGTTCGGCTACATTAAAGCA"	213	68.15
"GAGTTCGACTGCACACGGTGAAGACAGGTATGG"	213	68.19
"GAGTTCGACACGAAGGCTGCGAGTGAATTGGTG"	213	68.22
"GAGTTCGACACATTGACAAGTCTAGTCCAGGGA"	213	68.25
"GAGTTCCACCAGCTGATTTAGTTCAAACGGTGC"	213	68.29
"GAGTTCATTCAGACTCTTCAATTTGTATAACTA"	213	68.32
"GAGTTCATCCTCGTCCGCAACGCGCATTTGGTT"	213	68.35
"GAGTTCTTAAGCGCCATACGATTGAGTCGGGAT"	212	68.39
"GAGTTCTCGTTGATGGGTGGGTGGCACCTGTAC"	212	68.42
"GAGTTCTCACTGGATAATGGTAGGATTTGGGGA"	212	68.45
"GAGTTCTATAAAGGACCAACCGAACATAGAGCG"	212	68.49
"GAGTTCTAGGGCCAATCGGAGGATTTTTTGCGA"	212	68.52
"GAGTTCTACTTGCTGCCAGGGAGGGTTAAAGTT"	212	68.55
"GAGTTCGTCTGGCTTAACGCGGGAGCATACCGA"	212	68.59
"GAGTTCGGTTGGGTTATCTGGCGTCGGTATCGA"	212	68.62
"GAGTTCGAGCCAGTCCCTAGTACACAGCGTGGT"	212	68.65
"GAGTTCCTTCGACCACCTGGGTTAAAGTATTAA"	212	68.69
"GAGTTCCCTAGTCCGATTGGAGAACCAGGGTCT"	212	68.72
"GAGTTCCCCTCATGGGTTCTTGGGATGATATTT"	212	68.75
"GAGTTCAGAAGGTAATTTTTGAAGACTTTGTGC"	212	68.79
"GAGTTCACCCGTCACCACGGTTGTGGACCGTTG"	212	68.82
"GAGTTCTGTCGCTACGGTTGTCAACGGCGCCTA"	211	68.85
"GAGTTCTCTTCGGTTCTCATGAATGCTTGGTGT"	211	68.89
"GAGTTCTCTCTGAGTGTTTCAGTCCTCTGGCGC"	211	68.92
"GAGTTCTCCGAACACGTTCACTTATTGGGGGTC"	211	68.95
"GAGTTCTCCCGAGATGCGGGACGCAATGGCGAA"	211	68.99
"GAGTTCTAGTTTTTGTTTTGGGTTGTTAAAGCG"	211	69.02
"GAGTTCTAGAGAAACAAGTGTTGATGAAAGTTT"	211	69.05
"GAGTTCGGTGAGATGTCTGGGTTATCGCAGTAG"	211	69.09
"GAGTTCGGAACTGTATTTAGATCTTGACGCTTC"	211	69.12
"GAGTTCGAGCTGAACAGGTGCGGCTCCCTATGT"	211	69.15
"GAGTTCGACCACGTAGTATGTAGGCGAAGTCGT"	211	69.19
"GAGTTCCTTGGCGAGTCTGGTTTTAGTCGCTTG"	211	69.22
"GAGTTCCGGTGGTGAACGCGGGATCTTCAGTTT"	211	69.25
"GAGTTCCCCTATGTTAGGAGGTATCGTGGCTAT"	211	69.29
"GAGTTCCAACCCGCGGTACTGGAACGGCATTGG"	211	69.32
"GAGTTCTTGTATAATTTCTAAAGGAATCGGTGG"	210	69.35
"GAGTTCTGGATTAATCTGTGTTTAGTATCGTTG"	210	69.39
"GAGTTCTCTTCCCTCGATTGACAAGTACGGTTT"	210	69.42
"GAGTTCTCTGGATATTAAAGGGAACCGGGGCGT"	210	69.45
"GAGTTCTAGTAGGTTAACGCTGGGTTGCCCAAA"	210	69.49
"GAGTTCTAATGTGGGTCATGTCTGGGCATGGTG"	210	69.52
"GAGTTCGTCTTTGTATCAGGCTACATTTGACGA"	210	69.55
"GAGTTCGCCCGGGATTGCCGGTGCCGGTTCTAT"	210	69.59
"GAGTTCGCCACACGTACTGGCAGGTCTTGGTGT"	210	69.62
"GAGTTCGAACGGCAGTTGGCCCAACGCGTGTAG"	210	69.65
"GAGTTCCTGAGACCGTTATAAAGAACACGGGGT"	210	69.68
"GAGTTCCTCCGCCGAACCGGGCAACTCCACGTA"	210	69.72
"GAGTTCCGCCCCGGCCTAGGCTAAAGTGGAATA"	210	69.75
"GAGTTCCAGGGTGGTCCCGATTTCTAGCGCGTG"	210	69.78
"GAGTTCATTGTATGCCCCGGTTGTATGATTTTG"	210	69.82
"GAGTTCAGTCAGAGACATTGAGGTCGCTCTAGC"	210	69.85
"GAGTTCAGGCGCGAACATTGGTTAAGGACACGA"	210	69.88
"GAGTTCAGCTTATGATGGCGGAGGCGAGGGTGT"	210	69.92
"GAGTTCAATTTGATCTCACCGTGGTTCGGGCCT"	210	69.95
"GAGTTCAAGCATCCGTCTTGTGGACTCCGATGC"	210	69.98
"GAGTTCTGCAGCCGTCGATGGCGAGTTCGGGTA"	209	70.02
"GAGTTCTCCTCTAGGATTCATCATAGAACGCTT"	209	70.05
"GAGTTCTAACGGGACACGTCGCGTGGGCCTAGA"	209	70.08
"GAGTTCGGGCAGTTGCGGCGGGCACGCCTAACG"	209	70.11
"GAGTTCGGCTCGCCCGCACGCTTCACTCCGAGC"	209	70.15
"GAGTTCGGCCGGGAACGCTGATTTGCAGGAAGC"	209	70.18
"GAGTTCGATTCGGGACATTGTCGACAGCCATTT"	209	70.21
"GAGTTCGAGTTTCCGTTAGGCTATAAAACAGCA"	209	70.25
"GAGTTCGAGGTGCTACGCAACTTAGGTACGACG"	209	70.28
"GAGTTCGAAGAGGAGCGCGAGGCAAGCGTTGGC"	209	70.31
"GAGTTCCTCTTTATTGACAGCCCTATCTTCTTG"	209	70.35
"GAGTTCCCTTAGCTCTTGCTGCGATGACTGCTG"	209	70.38
"GAGTTCATTGCTCTTGGGTGTTTCCCTGTTGCT"	209	70.41
"GAGTTCAGTTGGGCCTCTGTTTGACGAGATCCA"	209	70.44
"GAGTTCACGTACGAATGTTCGCGGCTTTCTTAA"	209	70.48
"GAGTTCTTTAACCAACAAGGGCGTACCCTTGCA"	208	70.51
"GAGTTCTTATGTTCAGAGGCTTGAAGGTCTTTA"	208	70.54
"GAGTTCTGCTGCTCTTCTAGTGATAGACTGATC"	208	70.58
"GAGTTCTCATGGTGACCGATTTCGTGGCGGCGT"	208	70.61
"GAGTTCTACTGGATCAATAAGGTTCTTAGGTAA"	208	70.64
"GAGTTCGTTTGGCAGTACGGGTGAGGATTGGAT"	208	70.67
"GAGTTCGTGAGATGTGTTTTGTAGTTTGCGTGC"	208	70.71
"GAGTTCGAGGATCAGCGGCGAGACTAGATATTC"	208	70.74
"GAGTTCGAACAAGCCGCAAGGCTGGGGTATACC"	208	70.77
"GAGTTCCTCTGTCGCCGTCGGGTCCCTAGCTTT"	208	70.81
"GAGTTCATATGGTCAGACGGTAGACCCATGCGA"	208	70.84
"GAGTTCAGTGATGGTCACGTATGCGGACCGGTG"	208	70.87
"GAGTTCACGAGGCAAACTTCGTGTTTGTCGATA"	208	70.90
"GAGTTCTTTGCGTACCTTAGATAGGACTTCCGC"	207	70.94
"GAGTTCTTTGAAACTGACGGCAGGTGAGAATCC"	207	70.97
"GAGTTCTGTGACATCCATTAGGTTTTCAGTGCC"	207	71.00
"GAGTTCTGTCAATTTCCGTACACTCGGAGGCTC"	207	71.03
"GAGTTCTGGTGGTTGCTTCGGTTCCTTCGCCGC"	207	71.07
"GAGTTCTGGCGTACGTCGGGGCAAGCCGTGCGT"	207	71.10
"GAGTTCTCCCAAAAGTATCAATATTGATCTTTC"	207	71.13
"GAGTTCTCCATGGTTCAAGGAGACGGTCCAGGG"	207	71.16
"GAGTTCTAGCGTTGAATCGGGGGGTTGCGCGGT"	207	71.20
"GAGTTCTACTCACACGAATATCGCCAAGGTCGC"	207	71.23
"GAGTTCGTTTCGTAAAAGTCTGGATGGTTAATA"	207	71.26
"GAGTTCGTTCTGGGTCATTAGTCTGGTTGTTAA"	207	71.30
"GAGTTCGTCGTACCCCCATTGACGCGTTGCCAT"	207	71.33
"GAGTTCGTCGACTCGCCGGGCCGTTGTGTCTTC"	207	71.36
"GAGTTCGTAAGACGTCTTGTGCGCAGATAAAAT"	207	71.39
"GAGTTCGGTTAGAGTCGGTGGTGAGTGTAGGAT"	207	71.43
"GAGTTCGCCCAGCAGTGGCATAGCATCCGACGC"	207	71.46
"GAGTTCGATAAGACCTAGAGAGGGAGTTTTGGG"	207	71.49
"GAGTTCCTTATTGGTCTCCGTGTATTGGCCCGG"	207	71.52
"GAGTTCAGGAGTGCACCAGAGTGGGGCTGGAAA"	207	71.56
"GAGTTCAACGCCTTTCTTACTTCATCGCCCAGT"	207	71.59
"GAGTTCTTGGAGAGTTGGGGTGTATTTCAGTCA"	206	71.62
"GAGTTCTTCTAATCCGTAGGGCGCCGATTGTTG"	206	71.65
"GAGTTCTTCATTAGTCGATGCGTGACTTCATCG"	206	71.69
"GAGTTCTTAGCAGTGTCATGCGGTACTGCTTGA"	206	71.72
"GAGTTCTGCGGTCAGGTCTTGAGGCGATTCTGA"	206	71.75
"GAGTTCTCTCTAGGGCAATAGTACCGGGCCGTT"	206	71.78
"GAGTTCTATTGCTGATCGTCGCATCGTCGCTGC"	206	71.82
"GAGTTCTATGCCCCCATATGGCAATTTATTTCC"	206	71.85
"GAGTTCGTTAGGGGTAATTCGGATTGCATAGGG"	206	71.88
"GAGTTCGTGCGGGCTCGTGGGGGACGTCGGTTC"	206	71.91
"GAGTTCGGTGTAGAAAATTTACGATCGCACGTC"	206	71.95
"GAGTTCGGGGTTAGGTAGTGTCGTCCACAGGGT"	206	71.98
"GAGTTCGGGCTTAGACTGAAGATCGTTGTTTTA"	206	72.01
"GAGTTCGCTACAGGACTTCGTAGGCGGTGTAAC"	206	72.04
"GAGTTCGCGGGTCATGCAAGCGACTTTCGTGCG"	206	72.08
"GAGTTCGCCCAGACCACGTAGTCGCACTGACTC"	206	72.11
"GAGTTCCCGGGCATCCGCCAGGTCGCAACTGTT"	206	72.14
"GAGTTCCCAAGGTTTTCGTGGGGTCATATGTTT"	206	72.17
"GAGTTCATGTGCCCCCTCCGGTTCTTTCGGTCG"	206	72.21
"GAGTTCACGAGTCGGCGTGGAGGTCTGCCGGGT"	206	72.24
"GAGTTCTTGGCGTTCTGGTTCTACGAATGGGGA"	205	72.27
"GAGTTCTTCTGATGTGGCGCCGGGAGGGCGGCG"	205	72.30
"GAGTTCTGGGGTGTTTTAACGTGGTGCGTCATG"	205	72.34
"GAGTTCTCACGTTAATACGGGATATCATTGCGC"	205	72.37
"GAGTTCTATTGTCAGAACGGAGATCCGCGGAAC"	205	72.40
"GAGTTCTAGCGTCTACCCAGGAGGTTCCCATCA"	205	72.43
"GAGTTCTACATTGAGGCTTCGCATTTCGTGGCT"	205	72.46
"GAGTTCGTGCGGGATATGTTGTCTGTCATTGAG"	205	72.50
"GAGTTCGATGGGCACTAATCGTGTGTGAGTGGT"	205	72.53
"GAGTTCCCGCGACTAGCTTGGTAGCCTTATGGT"	205	72.56
"GAGTTCATTGACGGGGAGAGGCAAAAGCAAATC"	205	72.59
"GAGTTCAGGACGTTTTTGCTATGTTGACGCCGT"	205	72.63
"GAGTTCACGAGCACGTGCGTACGTGGAGTGGAC"	205	72.66
"GAGTTCACCAGTCCGTGGGTGAGCTACGTGCTG"	205	72.69
"GAGTTCTGTGAACCCTAGGGTTATCAGACAGGT"	204	72.72
"GAGTTCTGGCGTGTCCAAGGGTCGCTAGAAAGG"	204	72.76
"GAGTTCTGGCAGTAGTGAGCAGGATTACTAGGT"	204	72.79
"GAGTTCTGCTGGGGACCTTGTCGTTGCTTTGTG"	204	72.82
"GAGTTCTGCTCTGATCGACCGGTTCCGCATGAT"	204	72.85
"GAGTTCTCTTGCGATTTGGTTTAAGAGTCAACT"	204	72.88
"GAGTTCTCTGGGGCTGTACCAGACGCTCGGATC"	204	72.92
"GAGTTCTCTGCTATTCGAAGGCATATAAGGTGT"	204	72.95
"GAGTTCTCGGGTCAGCGCTAGTGATGTGGGGCT"	204	72.98
"GAGTTCTCGGGCGCAAGATTAGTTTGTAATTCC"	204	73.01
"GAGTTCTCGGCGGCGGTCGCCCCGTTTGCACTA"	204	73.04
"GAGTTCTATTGAGTCTTGGCTAGGGTACTGGTC"	204	73.08
"GAGTTCTATCTATTTGGGTGGTGGGTGTATTGC"	204	73.11
"GAGTTCTAGCCAAGGCTATGTGAATTGGGGGAT"	204	73.14
"GAGTTCTACGGTTCGCGGTAAGAGCGGCCGTGA"	204	73.17
"GAGTTCGTTTACCGACTGCGGGGGGGAGATTCG"	204	73.21
"GAGTTCGGTTGCTGGTGCCGGGTAAGGTTGCAA"	204	73.24
"GAGTTCGGGCGGTGGTTCAGGGTAGGGTGCCGC"	204	73.27
"GAGTTCGGGCCGACGCATATTGGTCAACGGGCG"	204	73.30
"GAGTTCGGGAAGAGTCCAGGATATCGACAACCC"	204	73.33
"GAGTTCGACTGAACTGAGCTACCGTAGCTTTAA"	204	73.37
"GAGTTCCTTAAAGATCGATACCGTGGGAGGTCT"	204	73.40
"GAGTTCCGTTTGCCACGTTTCCTAACTATAGGT"	204	73.43
"GAGTTCATCTTCGTCTCGCCATGCATGCACTAG"	204	73.46
"GAGTTCACTCGGTCGTAGGTGTCAGTTGTCTGC"	204	73.50
"GAGTTCTTGTGTAGGACTTGCGAGAAGCCGTCA"	203	73.53
"GAGTTCTGTGGTGGAAGGGAACACATTCGGAGG"	203	73.56
"GAGTTCTGCCGTTCGTCGTGAGGCACACGTGGC"	203	73.59
"GAGTTCTGCAGACTGTATAGATCTGCGACGCAC"	203	73.62
"GAGTTCTGCACAGATTGGATACCGTACCGGGAT"	203	73.66
"GAGTTCTGAGGGGAATGCGATGATTACTGGTCG"	203	73.69
"GAGTTCTCTTGGCCCACTTGGGAGCGCTGGTAA"	203	73.72
"GAGTTCTCGCGTCAACATTCACGTGACCCGTGA"	203	73.75
"GAGTTCTCCGCCTGTTGTCCCACGCGCTCGAAA"	203	73.78
"GAGTTCTCCCGAGCCCGCTGGTAGACTCTAACC"	203	73.82
"GAGTTCTAGGAGTCGACCTTCGGTATGCGTTCG"	203	73.85
"GAGTTCTAGCGCCCGCAACCTGGTCTTATACGG"	203	73.88
"GAGTTCTAATTCGGAGTCCTATCACACCGGTCT"	203	73.91
"GAGTTCGTGAACCGGGATCTGGATCAAAGGCAC"	203	73.94
"GAGTTCGGCTGCCATCCACGGGGTTGTCTGGTA"	203	73.98
"GAGTTCCGCCGACGCCTGCGTCAGGTCCGGGCG"	203	74.01
"GAGTTCCCCCTTGGTCATTCAGGGGTTCAATGA"	203	74.04
"GAGTTCCCCATTTTCTCAAGACATGATGCCGAA"	203	74.07
"GAGTTCATCTGACAGGTTTACGGGTCTTTTGGA"	203	74.10
"GAGTTCAGTAATTAACTGGGGTGTTCGCAAACT"	203	74.14
"GAGTTCACGGCTTTCTGTGCGCTCAGACGGGCG"	203	74.17
"GAGTTCTTTGCTCTTTCTAAGTGATGGCTGTGT"	202	74.20
"GAGTTCTTCGGTGTTCTCGCAGCCCCTTGATTG"	202	74.23
"GAGTTCTTAAGTTATCTTCCTTAGGCTGGGCTC"	202	74.26
"GAGTTCTGGCGGTTTTCACAGAGATCGCCGTAC"	202	74.29
"GAGTTCTGGACGTCTCCATTAGGGCGCTATCAC"	202	74.33
"GAGTTCTGCTCTGCCGTGAGAAGAGCGAGGGGA"	202	74.36
"GAGTTCTGCGAGAGCATTGAGTGGTGTATAACA"	202	74.39
"GAGTTCTCTCTTCCAGGTGTGGGATGTAGGCGT"	202	74.42
"GAGTTCTCGCACACGGTTTATGTACACGCAATG"	202	74.45
"GAGTTCTCCTTTTACCTGGCGCGTATCATGCAC"	202	74.49
"GAGTTCTACCTTACCATTTTGTGTTGGCGGTCA"	202	74.52
"GAGTTCTACCGGGATTCGTGGCTCGCTCGGGTA"	202	74.55
"GAGTTCTACCAGCAAGGCGGGGGAGCGATATTG"	202	74.58
"GAGTTCTAAATGGTCTTATCCGGGTAACATGTG"	202	74.61
"GAGTTCGGTTCGCTCCGGGGTTGTACATGCGGG"	202	74.65
"GAGTTCGGGTAACTACGTTTTGTGGTCTTACTT"	202	74.68
"GAGTTCGCGCGTCATCTTGGGAATGTTTAGTTT"	202	74.71
"GAGTTCGATTGTCTAGCCAGGCTTTCGGGGTCC"	202	74.74
"GAGTTCGAGCATCCGTCCTTAGGGATGATGCGT"	202	74.77
"GAGTTCGAGAGGGCGTACGCGCGAGCGAGGCAG"	202	74.80
"GAGTTCCGCAGTTTAGAGACCCGGTAGAGCTGC"	202	74.84
"GAGTTCCACTGGTAGGTGGAACATATTAGGCCG"	202	74.87
"GAGTTCTGTAGGACTTCGTAAGTCACTTGGCGA"	201	74.90
"GAGTTCTGATTGCGGCCGGCCCAGAGGGCTTTT"	201	74.93
"GAGTTCTGACACGTCCCGGCACCGGGAGCCGGC"	201	74.96
"GAGTTCTATTGACCTCGGCTGCGGTGGTGTGGG"	201	75.00
"GAGTTCTATGGAAACCAATGATGTGTACGTGGT"	201	75.03
"GAGTTCTATCTATTAGGATCGAATCAAACCCTC"	201	75.06
"GAGTTCGTTCGCTGACTAGTATGTCACTGGCCA"	201	75.09
"GAGTTCGTGTATGGCTGTGTCTTGTTATTCGTC"	201	75.12
"GAGTTCGGTGGCTATTGTTCCTGGTGGGTAATG"	201	75.15
"GAGTTCCACGCCGGCGTCGTGCGTTATCGCACA"	201	75.19
"GAGTTCCACCAATCGTGAAGATGTCGAAGTTCG"	201	75.22
"GAGTTCATGGTGTCGTGGTGGCAAGGGCCGCGT"	201	75.25
"GAGTTCATCATGAGTATCTGCTCGGAAGTGCTC"	201	75.28
"GAGTTCAGGTGTTGGGTACTATCTCCGGCATGT"	201	75.31
"GAGTTCACCTGACCAGATGAAGGATTCGGGGTA"	201	75.34
"GAGTTCTCTGGCGTCGAATGGGGGGCCCGAGGC"	200	75.38
"GAGTTCTCTCCGGCTCGCGGTGGACGGATGCGG"	200	75.41
"GAGTTCTATGTTCTGATTAGAATTTTTGGTTCC"	200	75.44
"GAGTTCTACTGGGCGTGAGCGGGGCGAGGTAGG"	200	75.47
"GAGTTCGTTCTATGGTCTATGGACACGCTTCTC"	200	75.50
"GAGTTCGTTCGTACGTAGTTGGTTCGGCGGTTT"	200	75.53
"GAGTTCGTGAGGAGGCTCCTGTTCTTGTTCTTC"	200	75.56
"GAGTTCGGTCTTAAAGCTATGTTGCCATTCTGT"	200	75.60
"GAGTTCGGACGCTAAATGTCGCGAGTCGGTGCG"	200	75.63
"GAGTTCGATTGACAGTGGAGGGATCGTAAAGAT"	200	75.66
"GAGTTCGAGGACACGAGATTTGACACTGAGTAG"	200	75.69
"GAGTTCGAATGGGCGCACTGAGGCGGTTCCCCG"	200	75.72
"GAGTTCCGGATGATCGAAGAACGGTCTAGCCGA"	200	75.75
"GAGTTCCGCAGGCCGGCGGGGTCTAGGCTAGTC"	200	75.79
"GAGTTCAGTGTTGAAAACTTACTTCACGCGGGT"	200	75.82
"GAGTTCAATGTTGTTCATTGGCCCACTCCTGAT"	200	75.85
"GAGTTCAACAGGTTCTGTGGATAACGGTCGCTA"	200	75.88
"GAGTTCTTTTGTCAGCTACGGTGCAGTCTTCCG"	199	75.91
"GAGTTCTTCTATAAACGTAATATAGGCACTCGC"	199	75.94
"GAGTTCTGGTAACAGAACGGCGGTTGGATGTGC"	199	75.97
"GAGTTCTCTGTTCAGCCGGTCCGAGAATTGTTC"	199	76.01
"GAGTTCTCGCTCAGTGAGTGGCAGCAGATGTCG"	199	76.04
"GAGTTCTAGCAAGCCGTCAGAGGTGTGTCGTAT"	199	76.07
"GAGTTCGTGAAGCTTCGGGGATTATATCAAGAT"	199	76.10
"GAGTTCGTACAAAGGTATTTTCGTTATCCGTCG"	199	76.13
"GAGTTCGGCCGGGCAGGTTGACAGGAATGAAGA"	199	76.16
"GAGTTCGGAGAGTCCGCAGACTTTTTCGTTTTG"	199	76.19
"GAGTTCGATTATTCTGGCTCGCATTGTCGGAGC"	199	76.23
"GAGTTCGAACGTGGTCGGTCGTGTCGATTGGGA"	199	76.26
"GAGTTCCATTCTCGCCTGGCAAAGAGTTTTAGA"	199	76.29
"GAGTTCCACCGTCCTCGCGTTGTGTTCCAGTGG"	199	76.32
"GAGTTCATATTACAACGTTCTGGTCAGCCGTAC"	199	76.35
"GAGTTCAGCCGATTCCGCTTGTCGCGTTTGTGC"	199	76.38
"GAGTTCAATTCGCTCCCCTGTGAAGAGTTGGCC"	199	76.41
"GAGTTCTTTAGGGTGCCGGCAGCTATGGCCTGT"	198	76.44
"GAGTTCTGGAGGAAGGCGACGTTGGTTCAGGGT"	198	76.48
"GAGTTCTGCCGGTCCAAACCCGGTGTGAGGGAC"	198	76.51
"GAGTTCTCTACATTCGGTAGCAGATATACCTTG"	198	76.54
"GAGTTCTCCTAGCGCTTCTCCTGTTCTCAGCTT"	198	76.57
"GAGTTCTATCCTGTGTAGAGGGCCAGGAGGCCA"	198	76.60
"GAGTTCGAGTGCTCAGTGGATCGTCGGATGTGG"	198	76.63
"GAGTTCGACCCTGATCCCAGTTCGACTGCAGCA"	198	76.66
"GAGTTCGAATAGGGACTCTGTCCGCCCGTTCCC"	198	76.69
"GAGTTCGAAGGAGCGTCCGTATGTGTCTCCCCC"	198	76.73
"GAGTTCCGGCGGATACAAGTGGGCACTGAGCGG"	198	76.76
"GAGTTCCCTGGGACGCGGAGGGAGATGCTGTTC"	198	76.79
"GAGTTCCATCGGTTCTAAGGAGGAAGGCTCGAC"	198	76.82
"GAGTTCCATAACCGCGCTTGGCGACAGTGGCAT"	198	76.85
"GAGTTCAGAGATTAATTAAAAGAGCTGTCTGTA"	198	76.88
"GAGTTCTTTTGCGTTCGTTGGGTACGCGCAGCG"	197	76.91
"GAGTTCTTGTGTTTGTTCAGGCGCCGTCAGCTC"	197	76.94
"GAGTTCTTGGTAAGCCTTAGACGACTGTAGCAC"	197	76.97
"GAGTTCTTACGGGTAGTAGGACGATTCTCATGT"	197	77.01
"GAGTTCTGTGGGGATAATAGTCGACAATGCTTT"	197	77.04
"GAGTTCTGTCGGCAGCAATCTAATGGAACCTGA"	197	77.07
"GAGTTCTCGGGACACGGTGCGGGTGGAAGAGAG"	197	77.10
"GAGTTCTATCATGATTGATACAGCCTCCGGGTC"	197	77.13
"GAGTTCTAGCCACAGTAACGCTCTTAGTGCCGA"	197	77.16
"GAGTTCGGTGGTATTCAGGGCACGAGGTCGGCG"	197	77.19
"GAGTTCGGCCGGCCCGTCTTCGGGAATAGTTCC"	197	77.22
"GAGTTCGGACGACAGGAAAGGAATCCGTATCCT"	197	77.25
"GAGTTCGCTAGACGGCGGTGGGGACGGGCTGTG"	197	77.29
"GAGTTCGAGGAGTTGTAAAAATAATTCTAGTAC"	197	77.32
"GAGTTCCGGGACGGACTATCGAAGGACGAGCAC"	197	77.35
"GAGTTCCGCGTGCTGCGGATAGGATATGAGACT"	197	77.38
"GAGTTCCGAACGTGGTTTGAGAGGTCCCGGCGA"	197	77.41
"GAGTTCCCTTTATGTGATGGCGATGCACTGGGC"	197	77.44
"GAGTTCATGACACATCTGTGGAAGAGGGCTTTA"	197	77.47
"GAGTTCAGCAGTGACGGAGTGCGCGTTTTAGTA"	197	77.50
"GAGTTCTTTCATCAAGGTCCTAATTGATTCTGC"	196	77.53
"GAGTTCTTCTGTCCAGTATAAGAGTCCTAAGAG"	196	77.56
"GAGTTCTTAAGGTCTTATAGTGCTCTCAGGCGC"	196	77.60
"GAGTTCTGATTGATATCTTCCTGGCATGGCATC"	196	77.63
"GAGTTCTCTCCTTCGGATTTACGGCAAGTTTGT"	196	77.66
"GAGTTCTCGCAGCAGGGGGGTACTGAAACGACG"	196	77.69
"GAGTTCTCGCACTGCTTCGCGGTTACCCGTCAA"	196	77.72
"GAGTTCTAGTATCGGGCTTAGTGTTACTCGATC"	196	77.75
"GAGTTCTAACGCAACCCTGCGTCGTGACTTTGT"	196	77.78
"GAGTTCGTCAGGTGGCTCTGATTCTTTGCTGGA"	196	77.81
"GAGTTCGCTTGTCCAAAATCGGGGCGTGTCCAA"	196	77.84
"GAGTTCCTTCGGTACGACGGTCGTTGTGTGGCA"	196	77.87
"GAGTTCCTTCCGATCACGACGTATGTACTCCCG"	196	77.90
"GAGTTCCTGGGTACCACGTTCGCAGTTTTTGTA"	196	77.94
"GAGTTCCGCCGTCTATGTTCGTGCTGTCCAGTG"	196	77.97
"GAGTTCCACAGGCGGTGGCGGCGTGGATGGAAC"	196	78.00
"GAGTTCACCAACATAAACCGATCGCGACTTCGC"	196	78.03
"GAGTTCTGGTCCTTATGCTCAGGTATTTATGCG"	195	78.06
"GAGTTCTCGGGAGCATCCTTTGACGTTTAGCCT"	195	78.09
"GAGTTCTCGCGGCTTGGATGGAGTTTCGCGGGC"	195	78.12
"GAGTTCTATTGCCACCCGGCGAGATGTAGCCGC"	195	78.15
"GAGTTCTATCGTAACCTGCGGTGAGGGAAGTCC"	195	78.18
"GAGTTCTAATCGCTGTGAGGGTTACGCGGGTGA"	195	78.21
"GAGTTCGTGACCTCGGAATCCTTTCGTTAAATG"	195	78.24
"GAGTTCGGACGGTGTACTCTTTCTAAGTCGGAA"	195	78.27
"GAGTTCGCGCGTCCGTCTGGCGGAATGCCGCGA"	195	78.31
"GAGTTCCGTGTGTTCGTACACGCAAGGTCAGGA"	195	78.34
"GAGTTCCGTCACGCCCCCTAGTCTATCACTAGG"	195	78.37
"GAGTTCCCGCGTGCGGGCGGGGTAGTTGCGTGT"	195	78.40
"GAGTTCAGGCGAGCGATCGAATTATGTGAGATG"	195	78.43
"GAGTTCACTTGGCGATGCAGATTGTGACGGAGC"	195	78.46
"GAGTTCAACCTGATCCTGGTAGGTGTCGGGTGA"	195	78.49
"GAGTTCTTTGAATTGGGGTGAGTGGCAGGTGTG"	194	78.52
"GAGTTCTTGAGACTTTGCATAAGATGGTCTATT"	194	78.55
"GAGTTCTCTTGGAGCTGCACTTGCGTTATCGCA"	194	78.58
"GAGTTCTCGCGGCTGGCTCTAGCTGGGGCATTT"	194	78.61
"GAGTTCTCGCGCCCGCGGGAAGGAGGTCTGACA"	194	78.64
"GAGTTCGTGCGTCAGAATGGAATTATGCCTCCC"	194	78.67
"GAGTTCGGAAGACGGTTAATGTTACATTATAGC"	194	78.70
"GAGTTCGCAAGGCCCGGGCCCGGTCGGGGAAGT"	194	78.73
"GAGTTCGATTGACACGACTGGGTTGAGTCGTCC"	194	78.76
"GAGTTCGATAGGTGGTGGAGGTCGACAATGGTA"	194	78.80
"GAGTTCGACCGATTCATTGGGGGGTCTTTGTCT"	194	78.83
"GAGTTCGACCCAACTCCCATCCAGGCATTAGGT"	194	78.86
"GAGTTCCGTCGATGGATTCGGAGACTTACGCGA"	194	78.89
"GAGTTCCCGACTCGGAGCCCCCGAGGTAATTGC"	194	78.92
"GAGTTCCATAGGAGAAAGAATGGAAGTCAGGGT"	194	78.95
"GAGTTCAGCCCTTAGTCTCGCCTTTTGCTGAGA"	194	78.98
"GAGTTCTTTCAGGTGCTTTTGGGATGCAACAAA"	193	79.01
"GAGTTCTGCCTGTCTTCCTGATGGTGTGACGAG"	193	79.04
"GAGTTCTATAGGTCGTGGTGAGCACAGGCAGCC"	193	79.07
"GAGTTCTAGTGTTTTAAGTGGTGTGTGCGCGGG"	193	79.10
"GAGTTCGGTGAGATTATACCACGACAGGTCGGT"	193	79.13
"GAGTTCGGCGAATAATGGTGGAGACTGTGATGC"	193	79.16
"GAGTTCGGATGGGCCCTTAAATCACGCCCACGG"	193	79.19
"GAGTTCGCTACGGCCGGGTCAACAGGCGTTTTG"	193	79.22
"GAGTTCGCGCCGCTGTAGCCGCCTGTACAGCCC"	193	79.25
"GAGTTCGATCGCAGTCATAAGGAAAGTCTGCGC"	193	79.28
"GAGTTCGACCACCTGTACGGGGGTTATAGTCGG"	193	79.31
"GAGTTCGAACGCGGTCCTTGTTCGGGTTGATTC"	193	79.34
"GAGTTCCCCTGTTGCGTCGCCTTTGCTGGTAGA"	193	79.37
"GAGTTCAGTGGAGGGCTGCACCACCCTCCCTGT"	193	79.41
"GAGTTCAAGATCTGGGTGGTGATATGTAGGTTT"	193	79.44
"GAGTTCTCTCGTTCAACCATAGTTCTCCGTGCC"	192	79.47
"GAGTTCTAGACGGCATCGTTGAGGCGCCGGGTA"	192	79.50
"GAGTTCGTGGTCATAGATGGAAAGCGATTGAGG"	192	79.53
"GAGTTCGGGAGCGCGCGTAGCGTGTCAAAGATC"	192	79.56
"GAGTTCGGAGATTATTGCTTGTTTCTGCTCATA"	192	79.59
"GAGTTCGATCGGACGTCGACCACATATACGGGA"	192	79.62
"GAGTTCGAGGGGTCCGGCACGGATTAGCTTGCT"	192	79.65
"GAGTTCGACCGGTAGTCTAAACGTACCCCGGGC"	192	79.68
"GAGTTCCTGCGCTGTGTGTACAGCTCCATCCGC"	192	79.71
"GAGTTCATACTAATATAAGGGCGTCGTCCCCCG"	192	79.74
"GAGTTCAATGTGTTCTTTGGCCGTCGGGTCCCT"	192	79.77
"GAGTTCTTTAGTCAATACTTTGAGGCTAGGCCC"	191	79.80
"GAGTTCTTCGGGTCCCCCTGATGGGGGCTGGCA"	191	79.83
"GAGTTCTTCCTTCCGGAGACGGGTTCTTCGTGC"	191	79.86
"GAGTTCTCGTCCTAGGTCGCAGCCCGGCAGCCC"	191	79.89
"GAGTTCTCCGTGCCTCCGATTGCGGCTGGGAGA"	191	79.92
"GAGTTCTCCAGGTGGGAGTGGGGATGCCAGTGC"	191	79.95
"GAGTTCGTTTGGGCACCCAGACGAAGCGAGCCA"	191	79.98
"GAGTTCGTCTGGCTGGTGTGGCCGCGGTGACCC"	191	80.01
"GAGTTCGTCCGGATGACATGCTGAAGTCCGTGT"	191	80.04
"GAGTTCGGCAGGAGTCAAGACAGTCGGCCTGCT"	191	80.07
"GAGTTCGGCAATTGGCCGGGAGGTCTGCGACGG"	191	80.10
"GAGTTCGCCGGGCCGCTCGCGAGGTGTTTAGGT"	191	80.13
"GAGTTCCGTGAGTAGAGGACCAGGTGTCTGATG"	191	80.16
"GAGTTCCGGGGCCGACGACTATGGGCGTGGGGG"	191	80.19
"GAGTTCCCGGGGCACCGGGGGTTAGAATGGAAG"	191	80.22
"GAGTTCACTAACTCCAAGGGGTGTTATTCAGGC"	191	80.25
"GAGTTCAAAAGGGGGCTCAGGAATAGTCTGTCT"	191	80.28
"GAGTTCTTTGATTTTCCTGGAAGTATATCGCGT"	190	80.31
"GAGTTCTGTTGACAATTGGGGACGGTTCGGTGC"	190	80.34
"GAGTTCTGGCGGGTGTGTTGGGCTGGAAAGAGT"	190	80.37
"GAGTTCTCTTTTCGGTTCGTAGTTTGCCCACCA"	190	80.40
"GAGTTCTCGTGTCGCTGGGGGTATTTGTGATCG"	190	80.43
"GAGTTCTCCGGGCTGTCTTTGGTCAAGGTGGAC"	190	80.46
"GAGTTCGTTGCGTCTCTTGTAGGGTGTTCATCC"	190	80.49
"GAGTTCGGGCGCGGATAGCGGTTGTGAGGCGGG"	190	80.52
"GAGTTCGGCCGGGTGTCGGGGGGACGTTTGTCA"	190	80.55
"GAGTTCCTTTGCTCGTCCGGTGATATGTAAATC"	190	80.58
"GAGTTCATAACGTACTTGTTGGAGGGTATCTTC"	190	80.61
"GAGTTCTGTTTAGATCTAGGTGTACCGTCGGCT"	189	80.64
"GAGTTCTGTTGGTGATAAGGGTGTCCTCGACAA"	189	80.67
"GAGTTCTCTCGGCTCCGGTGAGGTTTGCTGCCA"	189	80.70
"GAGTTCTATTGGCCCCGCCGGTTAGGGGTGTTG"	189	80.73
"GAGTTCTATCGGTAGCACAGATGGGGTAGTTGG"	189	80.76
"GAGTTCTAGCGGTGTCGATACGGCCGGCTGACT"	189	80.79
"GAGTTCTAAAGGATTACGGAATAATGGATGGTG"	189	80.82
"GAGTTCGTCGGACGGTATTGGCAGCTGCTGTTT"	189	80.85
"GAGTTCGACCCTAGTTTAGTGTTTCCATTATAG"	189	80.88
"GAGTTCCGCTGTCGCAATGCCACCCTGTTCCTT"	189	80.91
"GAGTTCCCTATCGGAATTTCACGGGAAACTTCG"	189	80.94
"GAGTTCAGTCACGTTTACTTTGAGGGCTGGTGG"	189	80.97
"GAGTTCAAGCCGTCCAACTCGATAATGTGAAGC"	189	81.00
"GAGTTCTTTCGCGTAGTCTGGGCGAAGGCGTCC"	188	81.03
"GAGTTCTGTAGAAGGCGTACGTCTGCGAGCAAT"	188	81.06
"GAGTTCTCGGCTCGATGTTGGTCCGGTGTGCCG"	188	81.09
"GAGTTCTATATGGACCAGTGATATCGGATGGTG"	188	81.12
"GAGTTCTAGAAAGACTCGTCGTCTCTTGAGTCC"	188	81.15
"GAGTTCTACCGATGTCCCGTGGGCGTTCTCGCC"	188	81.18
"GAGTTCGTTACGCGTCTCCATGGGGCTTTCTGT"	188	81.21
"GAGTTCGTGGGACCTGCCGTGGCTAAGTTAGGT"	188	81.23
"GAGTTCGGGATGACGGAATAGCTGCTTTTGTAC"	188	81.26
"GAGTTCGGCGGACCGTAAATGTTTTGACAGTTC"	188	81.29
"GAGTTCGGCACATAGGTTCAGCACGGTGCTGCC"	188	81.32
"GAGTTCCGCCATCTGTCCGGAGTTGTTTAAGGC"	188	81.35
"GAGTTCATTGGGCAGTCCTGGCGCGGAAGCAAA"	188	81.38
"GAGTTCATGGAGCTACTGCGTTGAGCTTACACA"	188	81.41
"GAGTTCACGTGCTCAGCTAATTCCTGAAAGGCC"	188	81.44
"GAGTTCAAACTGGGTCCTCTGCTGGATTGAAGA"	188	81.47
"GAGTTCTTTGGCCCCGCGGTGGAACGTACAAAC"	187	81.50
"GAGTTCTTGCGTATATAACGGCGCGGGTCGAGC"	187	81.53
"GAGTTCTGGAGTCTTTCCGACAGTGCTTTTTGC"	187	81.56
"GAGTTCTATCACGCAATCTGGCGTCTTCCTTCG"	187	81.59
"GAGTTCTACTCACGCGGCGTGGGCCTACTCATC"	187	81.62
"GAGTTCTACCGTGGTTCGGGCTGGTGTCAAGTC"	187	81.65
"GAGTTCTAACCGCGAGGCTGTGGAATGGAACCT"	187	81.68
"GAGTTCGCGGACTTGCTGATGGGTTGCTGGGAC"	187	81.71
"GAGTTCCTCGTCTTCCTTTCCTATGGCTGGAGG"	187	81.74
"GAGTTCAGTATCTGGCGGGGCCTTCTACTGTCC"	187	81.77
"GAGTTCACCCTTCAAGACAAAAGATTATTTGGC"	187	81.80
"GAGTTCACCATAGGCCGTTCCCGAAGTGCGTGT"	187	81.83
"GAGTTCACACGGACACACTGGTCTGGAGTGAGG"	187	81.86
"GAGTTCAATGGCGGCTGACCTGTGCCGGTCATG"	187	81.88
"GAGTTCTTGGCGCAGTCGCTGTTATGCGAATAT"	186	81.91
"GAGTTCTTCGGGACACTTTGGCACGAGTGGTAG"	186	81.94
"GAGTTCTTCGATCTGATTCATTGACTCCTCTCT"	186	81.97
"GAGTTCTGTTCTGGTCCTTAGTGTTTTCGGATA"	186	82.00
"GAGTTCTGTCGTCACCCTTCGCATCTCGTCTCT"	186	82.03
"GAGTTCTGGTCTCAATTGTAATGTTCGTCAGTC"	186	82.06
"GAGTTCTGGCGGGCACTCTAGGCTAGGACGCTA"	186	82.09
"GAGTTCTGGCAGGCGACGATGGGTGTACGGCCG"	186	82.12
"GAGTTCTGCCGACGGTGGTGGTGTCGTTCGTAC"	186	82.15
"GAGTTCTCGGGAGAGAGGACATCTCTATGCGGT"	186	82.18
"GAGTTCTCGCGACTGGAATCGGGAGGGTGATCG"	186	82.21
"GAGTTCTATGGGCCCTGTAGGGTCCGTCTGGTC"	186	82.24
"GAGTTCTAGCGCATCGCCGGTGGGAGTTGAGTC"	186	82.27
"GAGTTCGTTGAGTGCCACTTCTGGGTCCGCCCT"	186	82.30
"GAGTTCGTGCAGCCGTTGTCAGCCAATTGAGTC"	186	82.32
"GAGTTCGTGCAATCGCGCTCTGCGTAAGTAGGT"	186	82.35
"GAGTTCGGTCCACCAATTAGCAGAGGTGGCCCG"	186	82.38
"GAGTTCGGTACTTGTCGTGTCGTCTGTTTACTC"	186	82.41
"GAGTTCGGGCAGGCGGGTTTCGGTTAGCCAACT"	186	82.44
"GAGTTCGACAGGGGCTGATGTAGTCGTCGGCCC"	186	82.47
"GAGTTCCTTAAGGGTCGTGTCGGTATAGAGCCG"	186	82.50
"GAGTTCATCTGGTAATGGGGGTCTTTTCAGAGG"	186	82.53
"GAGTTCAGTCGTACTTGTGGGGTTCTTATCGTC"	186	82.56
"GAGTTCACGAGTGCATTAATGGCCTATTGGGGG"	186	82.59
"GAGTTCTTTTGTGCACGCTGGGATTGGTGGTAT"	185	82.62
"GAGTTCTTTCGGCCCTGGCTCGGTTGCGCACGT"	185	82.65
"GAGTTCTTGTATCATTAGTGAGAATCGCGAGAA"	185	82.68
"GAGTTCTTACTGCACCAAAACGGTCCTGTTACG"	185	82.71
"GAGTTCTGTGGTCAACGCTGGGTTGCGAGACCT"	185	82.73
"GAGTTCTGGGGTCACCACCTGCGGTGGGAGTGC"	185	82.76
"GAGTTCTCTAGGGGACACAGGTAAACCTTATGC"	185	82.79
"GAGTTCTCCGGGGATCGGTGGTGCGGGGTGACA"	185	82.82
"GAGTTCTAGTAAGGAATGTGGTCGTTAGGTGTA"	185	82.85
"GAGTTCTAGCGACACCAGGCAAGTTCCTGAGAT"	185	82.88
"GAGTTCGTTCTGATGCCATACGGTTTTCGGTGC"	185	82.91
"GAGTTCGTTAGTGCGTTAACTGATCGTACTCAT"	185	82.94
"GAGTTCGATTGGTTAAAGCCGAGGGGAAAAACT"	185	82.97
"GAGTTCGAGGGGGTACTTAGGGACAAGTCTCGA"	185	83.00
"GAGTTCGAAGGGGTTCCGTGATAGCGATCCGGA"	185	83.03
"GAGTTCCTTTTCGACCACGGTTCAGACGCGAGC"	185	83.06
"GAGTTCCGCCTTGGTTTCCACTGGCGGTGCTAC"	185	83.08
"GAGTTCCCACAACCTGCTGAAATGCGGGAGAGC"	185	83.11
"GAGTTCTTTGACCACAAGGCGGGGTCGGACGTC"	184	83.14
"GAGTTCTTGTTTTCCTTACGCGCGGGCGTCGCC"	184	83.17
"GAGTTCTGTCGGGCCACGCGGCCCTGTGCGGGG"	184	83.20
"GAGTTCTGGTGTGATTAATAGTGTTCGGAATGC"	184	83.23
"GAGTTCTGGTGTCGTTGGAATCGTCTGTAAAAT"	184	83.26
"GAGTTCTGCGGGTAGGGCTACTGACGAAGATTA"	184	83.29
"GAGTTCTGAACTTGAACCGGTTTGCCTCTGCCA"	184	83.32
"GAGTTCTCGGTTCGGAATCACCGGGGTAGTTGG"	184	83.35
"GAGTTCTATCTGCATGTAGGTTGGGGAAGGGGT"	184	83.37
"GAGTTCGTCCCGGGGTCGTTACGTCCTCGGTGC"	184	83.40
"GAGTTCGTCACCTCTGAGGGGGTTGCATTTTCG"	184	83.43
"GAGTTCGGGCGGGTCTTCTCGGTCATGGGGTCC"	184	83.46
"GAGTTCGCGCGGTCGCGTAAGCCGAACTCCCCG"	184	83.49
"GAGTTCGCAGTTCATGTGAGGGGATGTCTGTCG"	184	83.52
"GAGTTCCTACGGGATAATGCTTTGCTGCGCCCC"	184	83.55
"GAGTTCCGGGTTATTTGCGAGGATTATAGGCAG"	184	83.58
"GAGTTCCCCTTGTACTGTGGGTATCGACACGTC"	184	83.61
"GAGTTCAGGCGCGCGGCTGTCCTATTTACGGTT"	184	83.64
"GAGTTCTCTCGTCTCCCGTAGCGTGCTCCGGTC"	183	83.66
"GAGTTCTCGAGGGCTGGATTCTGCATGAGACCG"	183	83.69
"GAGTTCTATCGTGTCAACGGTGGAAGAGTGACG"	183	83.72
"GAGTTCGTGAGGCCGTATCGCGAGACTCTAAGT"	183	83.75
"GAGTTCGCCCGGCCATTGACGAGTCACCACACA"	183	83.78
"GAGTTCGCATTACCGTTGTGGGAGCAACGGTCG"	183	83.81
"GAGTTCGATTGCCCGGTCGGAATAACCCCGAGC"	183	83.84
"GAGTTCGATCAATCCTTGGTCAGCCGGCGGCTA"	183	83.87
"GAGTTCGAGTCTGTCCGTTGGATGGGCGGCCTC"	183	83.90
"GAGTTCGAGAAACACTTTTGTGTGCCGAAGTGC"	183	83.92
"GAGTTCCACCGGTCCTGCAGTGATCGGCAGCGC"	183	83.95
"GAGTTCTTTGGGCGTGCAACTTCTGGGCCGTGA"	182	83.98
"GAGTTCTGGTGGCAACCGAATGGGGCTTTATGC"	182	84.01
"GAGTTCTGGCGGTTGAGGCAGGGTCCTCCATAG"	182	84.04
"GAGTTCTGAGAACGGCCTACAAGGAGTCAGGCA"	182	84.07
"GAGTTCGTTCGAGGGGCGCGTTTGCGGCGTCAT"	182	84.10
"GAGTTCGTCAGGTAGCAATTACGGACGTGGGGG"	182	84.13
"GAGTTCGGTGTTTAAGGTAGCCGGTAGGCTTAG"	182	84.15
"GAGTTCGCTTAGGCTGGACCTTGTACCATTCGC"	182	84.18
"GAGTTCGACCTCGGATTGCGTCGGTCTTCTGGG"	182	84.21
"GAGTTCGACCCTCGATTATCGGCGTCGCGGAGC"	182	84.24
"GAGTTCCTCCGTGTAGGGAAGTGGGGTTCGGCG"	182	84.27
"GAGTTCCGGGTCCTAGTGGCTGAAGAAAGAGCC"	182	84.30
"GAGTTCATCGGTCGTCCTCGTGATGGTCGTATA"	182	84.33
"GAGTTCAATTGAAGATCGGAAGGATGCAGGGTC"	182	84.36
"GAGTTCTTTCGGTGGCGGTAACGTTTTCTGCGT"	181	84.38
"GAGTTCTTCATATTCTAGGTGTTTCGCGGGCGA"	181	84.41
"GAGTTCTGCTATCTGGTGGACGGACGGCGGTCT"	181	84.44
"GAGTTCTCCAGGTTTACAAAGAGGCCGCGTTAT"	181	84.47
"GAGTTCTAGCGTTGGTAAGGAACTGGGCTTATT"	181	84.50
"GAGTTCTACCACGATCACTGGAGTGTTCGCATG"	181	84.53
"GAGTTCTAACGGCCTCCTGAGGGGATTCGATAT"	181	84.56
"GAGTTCTAAAAATTGTTAGAATGGGCAAAGCCT"	181	84.58
"GAGTTCGTTTAGCAGTCCTGAGGTCAGGTGGGT"	181	84.61
"GAGTTCGGTCTGTTGGAATGAGGCGCGTCATGG"	181	84.64
"GAGTTCGGCAGATGTGAATCGCCCCGTAGATCG"	181	84.67
"GAGTTCGCCAACCACCGTCGCTGTAGAGCGCCG"	181	84.70
"GAGTTCGCATGTGTTTTTATGCTATCCCATCGG"	181	84.73
"GAGTTCGAAAGGAACCAACTAGGCGGCGTCAGA"	181	84.75
"GAGTTCCCGTCTCGGAATTTCGGACAGCTGGGG"	181	84.78
"GAGTTCCCGGGACTGCTGGAGTGATTGATAATC"	181	84.81
"GAGTTCCCGCCACTGTCATGGTAGCATATTGGT"	181	84.84
"GAGTTCCCATGACAGTGGTTCCGTCGGTTGGTT"	181	84.87
"GAGTTCAGTTCATCGAGGTAAGTCCAAGCGAGA"	181	84.90
"GAGTTCAGTCGTCGTCGCACGAATGTTCGGCCT"	181	84.93
"GAGTTCTTTAGCATGCTATGTCGAGCTGCAACG"	180	84.95
"GAGTTCTTCTTTCTGGTTTGCTCCGGATTGTGT"	180	84.98
"GAGTTCTGGTGGCACTCTGGTTATCAACGTGGC"	180	85.01
"GAGTTCTGGAGGTCCTGATGCGGGAGTAAGTAG"	180	85.04
"GAGTTCTGCGAGGGCTACGAGCCTGGGTTGTCG"	180	85.07
"GAGTTCTGAGATCGTCGAGTCGCAGCACGGTAC"	180	85.10
"GAGTTCTCCGCTCAGCGTAGCGGTTTCGGGGTC"	180	85.12
"GAGTTCGTGCGAGGTGCAGGCGATGGTGTGAGC"	180	85.15
"GAGTTCGGTACGGCGCGGCCCCGCTGGGGGTGG"	180	85.18
"GAGTTCGGACCTGTTCGGAAAGGGGCGACATCA"	180	85.21
"GAGTTCGCTGGCAGCGGCAGGTGATCGGGGTCT"	180	85.24
"GAGTTCGCCTCCCTGTGTACGATAGGACAGATC"	180	85.27
"GAGTTCGAGTCGGGGACGTATGGACCGGCGTGA"	180	85.30
"GAGTTCGAGACCCATCGGAGGGCGCTGCCTCTC"	180	85.32
"GAGTTCCGAAGGGCCGAACTGCGCGGACATTAT"	180	85.35
"GAGTTCATTGCGTTGGCTCATCGAGGCGCGGGT"	180	85.38
"GAGTTCATCGGGGAGGTGCGGAGGCTTCGCTGC"	180	85.41
"GAGTTCTTGTGGCGGTGACCCTTCGCCTGGCTT"	179	85.44
"GAGTTCTTGGCGAATCGTAGGTGTTTGGCGGTG"	179	85.47
"GAGTTCTTCTGTATCTAGCGTCCGCTGAGCTAC"	179	85.49
"GAGTTCTTCGGGGTTCTCTTCGGTAGATGGTTC"	179	85.52
"GAGTTCTGTCGGCGAGATAGTCGAGGTCTTGTG"	179	85.55
"GAGTTCTGCAGCTGGTTTAGGGGATTACGGCCC"	179	85.58
"GAGTTCTCTAATCAGACTTGCCCCCCCCGGTTG"	179	85.61
"GAGTTCTATCGGCAAGGAGGGCCCTGGTCGTGA"	179	85.63
"GAGTTCTAGAGAACGTGAAGAAGTAACGCAGTT"	179	85.66
"GAGTTCTAATGGCGCGGTCTAGAGGTCGGTTGA"	179	85.69
"GAGTTCGTCGGACCTTCATGGGTAGATACGGGC"	179	85.72
"GAGTTCGTAAAGGGTCTAAGTAGCAGTCGGATA"	179	85.75
"GAGTTCGGTCCGGGGGCGGCGGTCACCTCGTGG"	179	85.78
"GAGTTCGCTGGTTTCTGGGGCGGAACCGGCTCA"	179	85.80
"GAGTTCGCGCGGTGTCGATGATGGTTCGTAGTT"	179	85.83
"GAGTTCGATTGCTTCTGTTCATGTTGTTGTCCT"	179	85.86
"GAGTTCGATCAGATTCGGGGGTTTCTCCGACGA"	179	85.89
"GAGTTCGACTGGAGGGGATCGACTTCAGTTGTA"	179	85.92
"GAGTTCCTCCCGGCGCTGGGGCGGTCCAGGTCC"	179	85.94
"GAGTTCCGTGGAGTTCTAACATGCAGCCTGTCG"	179	85.97
"GAGTTCCCTAGGTACAAAGCGTGGATTCTCTCG"	179	86.00
"GAGTTCCCCGGCAGGCGGCTGGCAGGGCTACGC"	179	86.03
"GAGTTCAGTGGGTCAGCTTCGAGATCTGTGCGT"	179	86.06
"GAGTTCAGGAGCTTCCGTTGGTAAAGATTAGCC"	179	86.09
"GAGTTCACCGGGACGCCGTGGGGAATCCTGGTG"	179	86.11
"GAGTTCACCCGGTGTATTGGGATATCTCGGGGC"	179	86.14
"GAGTTCAATTGAACCTCGGCGGGTGGTTGGATG"	179	86.17
"GAGTTCTTCTCCTCCCCAAGGTGATCGGTAGAC"	178	86.20
"GAGTTCTGTCTCGCGCTTTCGATGAGATCGTTT"	178	86.23
"GAGTTCTGGCGGCTGGCGGATGCCCGGGTCGTC"	178	86.25
"GAGTTCTGCCGACTTGGGGAGTGAGTGCTGATA"	178	86.28
"GAGTTCTCTCGCAGGTCGCGCATGTTAGTCTAC"	178	86.31
"GAGTTCTCGAAGTTGTTTCGTGTAACGGAAGTC"	178	86.34
"GAGTTCTCCCGTTTGTAAGCGCGGACCTGATGC"	178	86.37
"GAGTTCGTACCGTTATAGTGGTCACCAGGCTGC"	178	86.40
"GAGTTCGGAAAACTTTTGTTTTCGCGTGGAGTA"	178	86.42
"GAGTTCGAGAGTTTACTGTCGGTGCCTGCGGGC"	178	86.45
"GAGTTCGACTGATTCATGCCGTGGTACGCTCAC"	178	86.48
"GAGTTCCGGCAGCGGGTTGGTGCTGTCTGTTTG"	178	86.51
"GAGTTCATTCGTTGACTAGACGGAACTCCGGCC"	178	86.54
"GAGTTCATGCGGGATCGGGCGCGGTTGCGGTTG"	178	86.56
"GAGTTCAGGTGGGGTGCTTTAAGTTGAATGGCA"	178	86.59
"GAGTTCACCAATGGTTGGGGGGGGAAGTTGTGC"	178	86.62
"GAGTTCAATCACTCGTCCGATGTATCGTGAAGA"	178	86.65
"GAGTTCTTTGACATCTTCGGCGACTGGCCATAC"	177	86.68
"GAGTTCTTTCGTGAGTGATGACGTCGAATGAGC"	177	86.70
"GAGTTCTTTAGGTTGACATTCGCGCGTCCAACG"	177	86.73
"GAGTTCTTCAAGAGGTGCTTCTCGGCTTGGCCT"	177	86.76
"GAGTTCTTATGGCGTCAGTGAGGTTGGCGAGGT"	177	86.79
"GAGTTCTGTTGGGCTAGTAGCGTCACCGGGGTG"	177	86.82
"GAGTTCTGTTAGCATTATGAGGGTTGCAGATGA"	177	86.84
"GAGTTCTGGTGCCCTTCGGTTGGGCGGGGCGTC"	177	86.87
"GAGTTCTGCCGTCACATGGGTCGACAGGCATTG"	177	86.90
"GAGTTCTCTGGGGGCCGCTTTGTGGTTCTGCCC"	177	86.93
"GAGTTCTATCAGTCTGACCGGTCGAAAAGTTCG"	177	86.95
"GAGTTCGTTGACCTTTCTTAAGAGCTTCGCAGA"	177	86.98
"GAGTTCGGCAGACCAGCCGAGATTATAGACGAG"	177	87.01
"GAGTTCGAGGGTAGCCGCAGGGCTTACTCACGA"	177	87.04
"GAGTTCGAAAACCTTCAAGGATGTTGCTGGGTA"	177	87.07
"GAGTTCCCTGGATCTGAGGGGTGTACAAGGTTC"	177	87.09
"GAGTTCAGTCTGTGGTCGCCGCAAGCGCGCTGG"	177	87.12
"GAGTTCAACGTACTGGCAGAGCCACGTCGGAGG"	177	87.15
"GAGTTCTTCTCGGGGCTGGAGGGTTCGCGGGCG"	176	87.18
"GAGTTCTTCCGACTTATGTCGGGGTGGCGGTTC"	176	87.21
"GAGTTCTGTGGGTGGTGATAGGAAGTAAGAGAC"	176	87.23
"GAGTTCTGCTTAGTCAACGCTGGGGCGCGGAAT"	176	87.26
"GAGTTCTCTGGGGGTTTGTCTGATCCTCTGGAT"	176	87.29
"GAGTTCTCCCGGATGTGATGGATTGGCGATAGA"	176	87.32
"GAGTTCTATTGTCTACCGCTAGGTAGATGGTTC"	176	87.34
"GAGTTCTACTAGCAGATCGGAGAGTGTTGTAAT"	176	87.37
"GAGTTCGGGTCGCCGACCGACACGATGATCGAC"	176	87.40
"GAGTTCGGGGACGTCCTATCGCGCAGTTTGCAC"	176	87.43
"GAGTTCGGGAGTCGCTCGGCGTAGGTCAGGCCT"	176	87.46
"GAGTTCGCTCGTCGGCTGTGGGGATGCCGAGGA"	176	87.48
"GAGTTCGCTCGGGTCGGCTACTTGATGTGAGTA"	176	87.51
"GAGTTCGCCGGAGTCTTGTGTCAAGGAGGGTAG"	176	87.54
"GAGTTCGAAAGATCCCCGGGCAAGTAGCCAGTC"	176	87.57
"GAGTTCCGTTGGCGAGCTATTGATGTAGCACGC"	176	87.59
"GAGTTCTTTTGTGGGAGAGTTGAATGAAGGAAT"	175	87.62
"GAGTTCTTCGAACGGCCTCGGACTCCGGGTCGT"	175	87.65
"GAGTTCTGGCTGGTCCTCTGTCCCTATCTCGCG"	175	87.68
"GAGTTCTCTCGGGCGAGTCGGCGTCGGCCTCGA"	175	87.70
"GAGTTCTCCGCTAGGTAGGGTACGCAGCGCGCC"	175	87.73
"GAGTTCTCATTAGCATTGAGAGGAGTCACACAG"	175	87.76
"GAGTTCTACTAGGTCCCTCGTGATCGGGGCAAC"	175	87.79
"GAGTTCTACCGTCAAGGCGGGTAAACGCGGGTA"	175	87.82
"GAGTTCGTATGTTTCTCTAAGTGTCGTGTGAGA"	175	87.84
"GAGTTCGGTTTGGATCGGGCAGTCCGCTCCTAT"	175	87.87
"GAGTTCGGTAATGGGTCGGAGAGTCGGCGGTGG"	175	87.90
"GAGTTCGATTGACGGTGGTTGGCGCGGCCCGTT"	175	87.93
"GAGTTCATTCGGGCGTTTGGGGTTCTGGCTCGT"	175	87.95
"GAGTTCATGCTAGCACACTAGTTTTCAGTCTGC"	175	87.98
"GAGTTCAGAGGAAGATGGTGTACACGGTCCTCT"	175	88.01
"GAGTTCACCGGGGAAGTGGTCCAATCGGCTGTG"	175	88.04
"GAGTTCACAGGGTGGTCGCTGGGGTTCGTGCCA"	175	88.06
"GAGTTCAAGTGGCGTTTCTAGGGGCAGTTGCGG"	175	88.09
"GAGTTCTGGTGACGGGTGGTACGCCGTCGTGTC"	174	88.12
"GAGTTCTGGAATTGACCGGGCATTGGGTCGCGC"	174	88.15
"GAGTTCTCAGATGATGGGTGATAATTTCTATCA"	174	88.17
"GAGTTCTAGGGACAGCCTTAATAGGTACGAGGC"	174	88.20
"GAGTTCGTTGGTTCCGTGGTTTGAGGCTGGGCG"	174	88.23
"GAGTTCGTCGGCTAAGGGGGTGTGTAAGGGGTA"	174	88.26
"GAGTTCGTCCGGGGGTGGTATTGACGACGGACT"	174	88.28
"GAGTTCGGTCATAGACAGAGCTTTCCTTAGGAC"	174	88.31
"GAGTTCGCGTGTACCAGGTGCAAGAGGGGAGAA"	174	88.34
"GAGTTCCGCTGTTGAACGTCATGTGTCTGGCGC"	174	88.37
"GAGTTCAGGTGTAGCATCTGTTGGACCTGCAGA"	174	88.39
"GAGTTCACTCGGCGTCTTCCGGGCTCGTCGAGA"	174	88.42
"GAGTTCAACAGTGGGGGGCGGGTCCTTGCGGCG"	174	88.45
"GAGTTCTTTCGGCTCGGCGGACACCCCTTTTAG"	173	88.47
"GAGTTCTTCCGGAGGTCCGTGTTGCTCTGGTCG"	173	88.50
"GAGTTCTGTTATATGCGCTTGGGTTGTGGTCCG"	173	88.53
"GAGTTCTGGAGGTGGCAACGCGCAGTGATGTCG"	173	88.56
"GAGTTCTATTAGTGGTCCTGGTGTATACGACGA"	173	88.58
"GAGTTCGTGTGCGTGCGCCGCTGCAATGTCAGA"	173	88.61
"GAGTTCCGTGTTAAGCCAGGAGGACTTAATCTT"	173	88.64
"GAGTTCAGAAGGCACTAGTGGTCCAACTCCACT"	173	88.67
"GAGTTCAGAAGCCCACCGTGTGCACTAGCTCGA"	173	88.69
"GAGTTCTGTCCGACGGTCTCAGTACGACCCCCC"	172	88.72
"GAGTTCTGGCGTGCGTCTGGGGCCCTAAAACCG"	172	88.75
"GAGTTCTCGACTTAGCGGGATTTTGCACCGTAA"	172	88.77
"GAGTTCTCCGCGCAGGAGGTGGCTCGGGGTGTC"	172	88.80
"GAGTTCTACTGGCTAGGGTGAGGATCTGGGTCC"	172	88.83
"GAGTTCGCTGGCTCGCTTGCCGGCAAAATCATG"	172	88.86
"GAGTTCGATGATCAGCGGTGAGGGTTTTCAGGT"	172	88.88
"GAGTTCAGTGGGGGGTCTCGGAGCGGCGTCCCA"	172	88.91
"GAGTTCACTTGGCAACGGACTTTGTTTCGGTCC"	172	88.94
"GAGTTCTTTTCTCCCGCGGCTCGGTGCTGGGCG"	171	88.96
"GAGTTCTTCAGTCCCAGAGGAAATTGATTGTGC"	171	88.99
"GAGTTCTGGCGGCCTGCTTGGCAATCACGGGTA"	171	89.02
"GAGTTCTGCCGTCAGAGTTGGTTGCAAAGTGTG"	171	89.05
"GAGTTCTATGGGCGCTCGGAGGGGTTCTCACCG"	171	89.07
"GAGTTCTATCTCGATTTAGGGGGACGGAACCGC"	171	89.10
"GAGTTCTATAACGGCAGATGCTGGTTTCAATTC"	171	89.13
"GAGTTCGTAAGGGAGGCCTCCGGAGGCCGTCCG"	171	89.15
"GAGTTCGCGGCTACCGTCTCTTTTGCTTCTGAT"	171	89.18
"GAGTTCGCGGCGCCTACTTTCCTAGGGGCTGCC"	171	89.21
"GAGTTCGCACTTGTCGAATCCGTCGTTCTTTCT"	171	89.23
"GAGTTCGATCTTGAGACTCCGCTTCTCAACGGG"	171	89.26
"GAGTTCGACAGGGACACACTGTAGTCGGGGCCC"	171	89.29
"GAGTTCCTCGAGTCTAGACGGGGTTTGTCGCGC"	171	89.31
"GAGTTCCGGACGCGCGTAGCGGGGCTGGCGAAA"	171	89.34
"GAGTTCCAGGGTTCGGGTATTCGTCGAACGTTC"	171	89.37
"GAGTTCAATTGGGTTCCGGAACGTCTGGTGTCA"	171	89.40
"GAGTTCAAGATCGCGGGACGGTCTACCTAGTAT"	171	89.42
"GAGTTCTGTGGTCCCGTTAGTCAGTGGGCGCTC"	170	89.45
"GAGTTCTGGTATTGCGTGAGGAGTCTTTGTTGG"	170	89.48
"GAGTTCTGCCGGGTGTCGTCGGGTTTTGGACGA"	170	89.50
"GAGTTCTGCCAGCCGGGATGAGGACACTTGATA"	170	89.53
"GAGTTCTCTTGGGCTCGAAGATTTCAGTTGGAA"	170	89.56
"GAGTTCTCCGGGGAGCTGTGGGGTTTGCAGTTA"	170	89.58
"GAGTTCTAGAGTTCATGTGGGGGACTTTCGGGC"	170	89.61
"GAGTTCTACCGTACGGTTTTGTAGATTGAAAAC"	170	89.64
"GAGTTCTAACTCATGTGGATCGGGTGCCCTTTC"	170	89.66
"GAGTTCGTCGGTCATCACCGGAGTGTCTTGGGC"	170	89.69
"GAGTTCGTCCCATAGCCCAGGTGCCTGCAGTTG"	170	89.72
"GAGTTCGTAAGAGGGCAGAGGTGTGATCTCATT"	170	89.74
"GAGTTCGGGCAGTACACGAGATGCCATTTTGGA"	170	89.77
"GAGTTCCTGCGGCCATGTCGAATGCTGGGAGCG"	170	89.80
"GAGTTCCGACGATAGCGTCTAGGGTGTCGGACT"	170	89.82
"GAGTTCAGGTCAGCTATGCCGTTGTGGGCGTGG"	170	89.85
"GAGTTCACGCCGCGGTGGGCCCGTTGAAGTATT"	170	89.88
"GAGTTCTGTAGGTATCAATTGTGAGCTCGGCTC"	169	89.91
"GAGTTCTGGTTCATGATGAGGGGAGACTAGGTC"	169	89.93
"GAGTTCTCTGTAGGAGTGTCGGGGCTGGCGCGG"	169	89.96
"GAGTTCGGAAGGGCTGGGTTAAAGGTTGTATCA"	169	89.98
"GAGTTCGCTGGGTCGTTGGCGTCCGAGATTTCA"	169	90.01
"GAGTTCGAGGGAGCGGAGAGAAGATGGGGTTCA"	169	90.04
"GAGTTCGAATCGGGACGCAGGCGAGACGGAGTT"	169	90.06
"GAGTTCCTACTAAAAGTCTATGAATGTAGTCTC"	169	90.09
"GAGTTCCGGTAGTTTTGGGGGTGGCCGCTCACC"	169	90.12
"GAGTTCCCGGCCTGGAACGGGTGATGTCGGTAG"	169	90.14
"GAGTTCAGGCGACTGTTGCCACCTGTGTTGGTC"	169	90.17
"GAGTTCACGTTTGTTAGCCCGTGGCTGCGTATC"	169	90.20
"GAGTTCAACGGCCCCGGTGCGTGGTGGGTGTCA"	169	90.22
"GAGTTCTTGTAGCTGGGGTGGGGTCTACGGGGG"	168	90.25
"GAGTTCTTGAACCTTTTGAGAGATCAGGCCGGT"	168	90.28
"GAGTTCTGGTCGCGTTTAGTAGGGTGCTTCCGC"	168	90.30
"GAGTTCTATTGGGCAGCTTTTTCATGTTGAGGG"	168	90.33
"GAGTTCTAACGGTGGGAAACGGTTAGCGAACTG"	168	90.36
"GAGTTCGTGTTGGTTTTGGGGTGTGGGGGGTGG"	168	90.38
"GAGTTCGTCTAGGTCTGCTCGCATCGCCGGTAC"	168	90.41
"GAGTTCGGGTGCGCCTGAAGCTCGTTGTCTTGG"	168	90.44
"GAGTTCGCTTGGGCCCGCTCCGTTTGCTCTGAC"	168	90.46
"GAGTTCGAGCGATGCGGCGCACGTCCGTAGGCC"	168	90.49
"GAGTTCGACGCGTTACCCTGAAGTTGTTTGACA"	168	90.52
"GAGTTCCGTTGATTTCTGGCTGCTCGGATAGGC"	168	90.54
"GAGTTCCAGTGTTCGTTGAGGGGGCCTCTGGAC"	168	90.57
"GAGTTCTGTAGGGCGTGCTTGGTCCTTTCGTCT"	167	90.60
"GAGTTCTGCGGTCAGCGTGTATGCCTCAACTTC"	167	90.62
"GAGTTCTCGCAATACCCCTCCAAGTGGGTGTCA"	167	90.65
"GAGTTCTATTAGGGTGGCTCGGGTAGATCACGA"	167	90.67
"GAGTTCGTTGGGCTCGGACGCTGGTGTGGCGGC"	167	90.70
"GAGTTCGGTACTGGCTCGGGGGGTAACCGGTCT"	167	90.73
"GAGTTCGGGCGCTAGTGGAGAGCCCGGTCAGTG"	167	90.75
"GAGTTCGATTGGCGGCAATATGGACGCTAGGGG"	167	90.78
"GAGTTCGATGGGCAGCAAGCTGACAGGGTTCGG"	167	90.81
"GAGTTCGACCAGGACATTAAAGTACAGGGGATT"	167	90.83
"GAGTTCCGTGCTCTGGTGGTAGTGGCACCCCGG"	167	90.86
"GAGTTCCGCTCCCTCAAGTGGCTCCCATGGAGC"	167	90.89
"GAGTTCCATTGTCACGTCGGGATGAGGCGCAAC"	167	90.91
"GAGTTCAACACCGCATCGTTCTGGTGTGTTTGA"	167	90.94
"GAGTTCTTTTAGGAGCCGTCGATGAGCTGCTAC"	166	90.96
"GAGTTCTCTTGCCCATGTTGGACACAGGTGGCA"	166	90.99
"GAGTTCTACTCATTCTCGGTATGCGGTGCGGTG"	166	91.02
"GAGTTCGTTACGGTGCTGTCAGGGTGTTCACGC"	166	91.04
"GAGTTCGGTCCACGACGGGGAGTGCCCGTCGTT"	166	91.07
"GAGTTCGGTAGGAAGTAGTAGTGCGTTGATGCC"	166	91.09
"GAGTTCGACGGCCATCCGAGATGGCCCAGGTCA"	166	91.12
"GAGTTCGACCGGTGCTCTTTTGATGCAGCGGTT"	166	91.15
"GAGTTCCCCTAGTTGAGGGTCAGAGAGCTCCGG"	166	91.17
"GAGTTCCAGAGGGAGGTCTGGCGGTGACTTCGT"	166	91.20
"GAGTTCCACGCCGCAAAGAGGGGGAGGCGGTGA"	166	91.23
"GAGTTCATTTCGTCGGAACGGCCTGTGCACGAC"	166	91.25
"GAGTTCTTACATTGGCAGGGTCGTCATGACAGA"	165	91.28
"GAGTTCTGGTGAGATAGTTGTATCGTCAGGGGG"	165	91.30
"GAGTTCTGCCGGCGTGGTGAAGACTGCTAGTTC"	165	91.33
"GAGTTCTCCCGGAAGTCTTTTGGGGTTGTAGCC"	165	91.36
"GAGTTCTCCATGGACCATTAGAGCTGCGTGCAC"	165	91.38
"GAGTTCTATAGGCGGAGCACATTTTTGAAGTAC"	165	91.41
"GAGTTCGTCGGGAGCCATGGATTTCCGGTCCGC"	165	91.43
"GAGTTCGGTAGTGATAATAGGCTTGAGAGGGGT"	165	91.46
"GAGTTCGGCGGGGGGACGTGTGTATCGCAGGAT"	165	91.49
"GAGTTCGCCTGACTTCATGGTGAACTCAGTGTG"	165	91.51
"GAGTTCGAGCGGAAGTGCGGTTGCCGATCTCTG"	165	91.54
"GAGTTCCGGGCTATTTATTCAGGAGGGGTGACC"	165	91.56
"GAGTTCATATCGGAGACGGGGGAGTGCGGGAGG"	165	91.59
"GAGTTCATAGGATGGTTCAAGCTGGCCAATCGC"	165	91.62
"GAGTTCACTACTCGGTCCTGTTTGGGTCTGGCG"	165	91.64
"GAGTTCTTTTGGTCACCTGGCGCGAGGACACAG"	164	91.67
"GAGTTCTTGTGGGGGCTCCGATGAGTTTGTTTG"	164	91.69
"GAGTTCTTGAAATCAGAAGGTCGACCTCTGCAG"	164	91.72
"GAGTTCTTATGTTAATTGGAGCGGCTTGCACAT"	164	91.75
"GAGTTCTGTTCTGGGGACCGGTGCCGTTGGGCT"	164	91.77
"GAGTTCTGTGGCGCGCTTGCATATCTTTCTATC"	164	91.80
"GAGTTCGTTCTTCGGTCGGGGGCCAAAGTTTGC"	164	91.82
"GAGTTCGTCTTAGGCGATTTGTGTTGTGTTCGC"	164	91.85
"GAGTTCGCTCCGGTCGCGTGAAGGGAGTGGTCA"	164	91.88
"GAGTTCGCCAAGATCGGGGGTAGACCGGCGGAC"	164	91.90
"GAGTTCCATGGTTTTCCGCTCAATCGTTTCTGT"	164	91.93
"GAGTTCCAGCGGTAGGAACTAGGCGGTTGCTTA"	164	91.95
"GAGTTCAGCTGGCCTTCTTGGCCGGGAGTTCCT"	164	91.98
"GAGTTCTGTCGGCGTCCGTCTCGAGGGCGGCGT"	163	92.00
"GAGTTCTGCCTTGTGTGACCGTGGCGTTAGCTT"	163	92.03
"GAGTTCTGCCTGCGTCGATGGGCGCCGGCGTAG"	163	92.06
"GAGTTCTCTGGGGACAGCTGTGGGTCTCTGGAC"	163	92.08
"GAGTTCTCCAGAGGTTCGACACGGCCGCGCGGG"	163	92.11
"GAGTTCGTGCTTTAGTAGGGACAAGTTCGGGGC"	163	92.13
"GAGTTCGTCTATTTCTTTGGTTGCCGCGAGCTT"	163	92.16
"GAGTTCGCTTGCCACATCGGCCTGTGGAGTGCC"	163	92.18
"GAGTTCCCGCGAAGGTCTTCCGATTAGAAAGGT"	163	92.21
"GAGTTCAACCGCTGCCTTGGCGGAATCGCTTTT"	163	92.24
"GAGTTCTTCCGCGCTGGGGGGTGTATGGTGTAA"	162	92.26
"GAGTTCTGGACAAATTGGATGAGTTGCTGTGGT"	162	92.29
"GAGTTCTGATGTCAATGTGAGTCTCCTTAGCCA"	162	92.31
"GAGTTCTCTTATCCGGGTAGGCCTCGCGACCGC"	162	92.34
"GAGTTCTCCCAGTGTGGTTGAGTGTTAATGTCA"	162	92.36
"GAGTTCTAGGTATGTATCTGCTATTTTATCGCC"	162	92.39
"GAGTTCGTCCCGCATTAGTCGGTCTTAACCGCC"	162	92.41
"GAGTTCGGGCCATTTGAGGGTGCTCGGCCGGGC"	162	92.44
"GAGTTCGCGCGGTTTTCCATGGTTCGTAGGCGC"	162	92.47
"GAGTTCGAACGGGACCGTTGAGGTTGGTCCCCC"	162	92.49
"GAGTTCCTCACTATATCGAGCGCCACTCGCAGT"	162	92.52
"GAGTTCCGTCGACGTAGGACGCAAAGGTACCGC"	162	92.54
"GAGTTCTTCTGTGCTTTACATGGTTAGTAGATC"	161	92.57
"GAGTTCTCTCCCCAACCTCATTGAGCGTTAATC"	161	92.59
"GAGTTCGTGCCAGCCGAGCGCCAGGATGTGTAC"	161	92.62
"GAGTTCGTCAGGTTTCCGTCGAATGTAGGGCCC"	161	92.64
"GAGTTCGTCACCGGCCTTTGAACTCGGGCTGCA"	161	92.67
"GAGTTCGGTCAGGCAACGTGGCGAGTGGCGCCC"	161	92.69
"GAGTTCGCGGGGACCCGGTTGTGGTGTTCGTGC"	161	92.72
"GAGTTCGAGCGGGCTCGGTCTGGTGCGCCGGAG"	161	92.75
"GAGTTCGAGAGGTGGTTAAGACTGCCATTCAAC"	161	92.77
"GAGTTCGACTCGGTCTTAAGGTGCAGGCGATCC"	161	92.80
"GAGTTCCTTCGCTCCTGTTCTCGTCCTGCCGGT"	161	92.82
"GAGTTCTTGCCGCCAGCCTGCTCTCCGCGAGGC"	160	92.85
"GAGTTCTGGGTTCAGTTTAAACGATTTTTGAGT"	160	92.87
"GAGTTCTAGAGGTTATACAGGCGGGGACACTCC"	160	92.90
"GAGTTCGTCCCCGAGGTTGCTCCGGTGGTCGGG"	160	92.92
"GAGTTCGAGTGACACGAAGGAGGTCACCGAGGT"	160	92.95
"GAGTTCGACCTGCTAACGGTGATGAGGGCTTCT"	160	92.97
"GAGTTCGAAACGCGGAATAGATGATCGGCAGTG"	160	93.00
"GAGTTCCTGTGCCTCCAGAAGGGATTGAGGCGA"	160	93.02
"GAGTTCCGGGGTAAGCAGTGGCGACAACCGGGC"	160	93.05
"GAGTTCCATCACTACTGTATATGGGAGGCACTG"	160	93.07
"GAGTTCCACATGTGGCCCGTTGCGCCACGGCCT"	160	93.10
"GAGTTCTTTTTCCGCGGTTGGTGTGGGTCGCGG"	159	93.12
"GAGTTCTTGCATGCTGCTTGTGGTCGCCCGGGG"	159	93.15
"GAGTTCTGTAGGTATTCGGGAGATCTGGGAAGA"	159	93.17
"GAGTTCTGGGATGAGCGCGGGTCTTGATAGCCC"	159	93.20
"GAGTTCTCTGACCGGTTGTGGATGCGAACGACG"	159	93.22
"GAGTTCGGCTGCATCCGACCTTGGGGTATATGC"	159	93.25
"GAGTTCCATGAACAGTAACCGGAGGGTACTGAC"	159	93.27
"GAGTTCACCTCACCAGCAGTGGTACGCCGTGCA"	159	93.30
"GAGTTCAAACGGTGGTGGGGTTGTCACCTGGTC"	159	93.32
"GAGTTCTCACAGCCTTCTCGGATTGGTCGGGGC"	158	93.35
"GAGTTCGGCTTAGCGCGTGATCGGCTATTGCTG"	158	93.37
"GAGTTCGCGTGGCCACATTGACAGCGGTGCAGC"	158	93.40
"GAGTTCCTGCGTCAGCCTAGGACGTGATCAGGC"	158	93.42
"GAGTTCCGTCAAAATCGGGGGAGGAGCTGCCGG"	158	93.45
"GAGTTCCCGAGCCTGGCTTAGGTATGACTCCGG"	158	93.47
"GAGTTCCACGGGTGGCCATGGTTGTGTTGCAGC"	158	93.50
"GAGTTCAGTTATCACCACTAATTTTCATGGGGG"	158	93.52
"GAGTTCAGGTGTTCTTGCGCTTGTACGCTTTTC"	158	93.55
"GAGTTCTTTTGAATCGCCGCGCGGGTGCGTGCG"	157	93.57
"GAGTTCTTGACGGGGGTGGGTTTTATTTCGTGC"	157	93.60
"GAGTTCTGGTGGGCCGATGGTGGACTCCAATCG"	157	93.62
"GAGTTCTGGATGCGTTTTGTGGTTTGCGGGAGA"	157	93.65
"GAGTTCTCTCTCGTAATTTATAGTGTCATGGGT"	157	93.67
"GAGTTCTCGAGGTTGGATGGGAGTACCTGGTTC"	157	93.70
"GAGTTCGCTCGTCAACGGGTGTGATGGGGGTTC"	157	93.72
"GAGTTCCTGTTTGACGCTTTCCTACAATGATTG"	157	93.75
"GAGTTCCATCTTTAGCCTCATAGTTGTGCCCCC"	157	93.77
"GAGTTCATGCCCCCCCCACCATCACTGGTGTGG"	157	93.80
"GAGTTCTTCATGGCGGGCGGGTATCAGTTCCCA"	156	93.82
"GAGTTCTGGCCGCACGTCCTTGTGCGACGAGGG"	156	93.85
"GAGTTCTGGAAGTACCCCCGCGGACGGTGTGTT"	156	93.87
"GAGTTCTCGTTGGATTATCGCTGGGGCGGAACG"	156	93.89
"GAGTTCGTGTTGCCATATACATGCTGTTTGGTG"	156	93.92
"GAGTTCGTGCGGGTAGATTATGTTTGAGGGTGG"	156	93.94
"GAGTTCGGGCCTGTGTACTGGTGGCCCTACGTT"	156	93.97
"GAGTTCGGGAGTGACGGGGGGGAGACAAGGTGC"	156	93.99
"GAGTTCGCAAGTCCCTACGAGCTATGTGGAGCA"	156	94.02
"GAGTTCCGGCCCGTTATGGGACCGTCTTCATTG"	156	94.04
"GAGTTCCAACGAGCTTACTGTGAACGAGCAACC"	156	94.07
"GAGTTCGTTTAACAGGTACCCTTTCGTGGGTGT"	155	94.09
"GAGTTCGTTCCGTACGTAAAGGCAGAGGTGAGC"	155	94.12
"GAGTTCGGTGGGCCCGTGGTACTCTGCGGGCCG"	155	94.14
"GAGTTCGAGCGTCCGAGCGGTCAACACGGGTGT"	155	94.16
"GAGTTCAGTGCTATCTAGACGGGGAGGCGGAGA"	155	94.19
"GAGTTCTTTAGTGGTCTCTTGAGTGATCGGGCA"	154	94.21
"GAGTTCTGCCGTGTTTGGAGGGGTCGAGTGGGT"	154	94.24
"GAGTTCTGATGTTGTTCCATTAGAGTCTCGCGG"	154	94.26
"GAGTTCTCAATTTAACCGCTGGGGATGGAGTTC"	154	94.29
"GAGTTCGTCTCATAATCTTAACGGTGCTGGAGA"	154	94.31
"GAGTTCGTCCGGAGCTGGGGGAAGTTACCACCT"	154	94.33
"GAGTTCGGCGCGGATGAATCTTCACGCACCGCG"	154	94.36
"GAGTTCGCTTGGGGCTGAGAAGGGCGACAAGTC"	154	94.38
"GAGTTCGCCTGTGCCCTATGTTCGCCACCGCGA"	154	94.41
"GAGTTCCTCGGGCGTCACTCGGCTTTCAATCTC"	154	94.43
"GAGTTCCGGTGGTTGCGTATTTCGCGTGGTTTT"	154	94.46
"GAGTTCCGGTGGCCCGTATAGGTCTCCACTGCT"	154	94.48
"GAGTTCCCGGACTGCAAGCGATTGGTTCGGAGT"	154	94.50
"GAGTTCCCACGGGTTCTTGAGCGTCGGCCGAGG"	154	94.53
"GAGTTCTGGAGGGAGCCTTTCGGAGGGCTGTCA"	153	94.55
"GAGTTCTGACACTGATCGCAGGGGTTGGCGCGG"	153	94.58
"GAGTTCTCTCGGCGACGAAGGGTTCGTGCAACG"	153	94.60
"GAGTTCTCGTGTACAACATCGGGCTATGTGTGC"	153	94.63
"GAGTTCTAGGGTATGTGCGGGTGATCCCACGGG"	153	94.65
"GAGTTCGGTCTTCTCGCATGTGTTGGTGGGTTA"	153	94.67
"GAGTTCGGTCGCGTCGATGCCGGTCGTCGGTGG"	153	94.70
"GAGTTCGCTCGGACGTATGCTCGGCCCTAGGGA"	153	94.72
"GAGTTCGCAAGGAGGAAATGATGTTCTTCGGCC"	153	94.75
"GAGTTCGATCGGGTTATTGTTACATAAGGTACC"	153	94.77
"GAGTTCCTCGGTTTGTTACGCGCTACGACCCTC"	153	94.79
"GAGTTCCTCGGCTCATTGGATCGCCTTCGTCTT"	153	94.82
"GAGTTCCGTGGTTTTCCTGGGGTCATCGCCCTA"	153	94.84
"GAGTTCCGCGGGCCTCCGGGTGCATGCCGGGGG"	153	94.87
"GAGTTCAAGCCACCTTCGGTGGGCTTTGGGCCT"	153	94.89
"GAGTTCTTTTAGTTGGCGTGGTGTCCTGCGAAG"	152	94.91
"GAGTTCTGCGTCTTCGTGTGCTAGTCCGGGGCT"	152	94.94
"GAGTTCTCTCGTCCTGTCCGGGGGATCGGCAGC"	152	94.96
"GAGTTCTATCGGATGATCGTCGGTAGCGGGGCT"	152	94.99
"GAGTTCCGATGGTCGGACCGCACTGTGGCGATC"	152	95.01
"GAGTTCCCCCCCGCCTCCTGGCGGTGACTACCC"	152	95.03
"GAGTTCCAGGGTGTATGGAGGGATCGGGCGGGC"	152	95.06
"GAGTTCTATGGCGTGAGAGGGGGGTATGGATAG"	151	95.08
"GAGTTCGGCCACCATATGATCCGGCAAGGCGGC"	151	95.11
"GAGTTCGATCGGGGGCGGTAGGGACGTAGGCCG"	151	95.13
"GAGTTCCCTCAAGATTGGGCGTGCACCTTTGGC"	151	95.15
"GAGTTCATGCCCCATGTATGGGGCTTATTGTTA"	151	95.18
"GAGTTCTCCTAGTCCCCCACTGGAGTGCGAGTG"	150	95.20
"GAGTTCTAGTGTTAGTAGCCGTGGGTCTTCTGT"	150	95.23
"GAGTTCGGCAGACGCGTTTGGCCGTTTTAAAGG"	150	95.25
"GAGTTCGGACCGCCATGCGGGCCAGTTTACTTC"	150	95.27
"GAGTTCGAGCGGGAGTGCCACAGTCGCATCTGC"	150	95.30
"GAGTTCCAGGGTTGGTATGGGCAAGGTTACGGC"	150	95.32
"GAGTTCCACGGGCCTTGCGGTACTTAGTCCAGA"	150	95.34
"GAGTTCTTGTAGGAAGGTCTTTGGCTTTTTACA"	149	95.37
"GAGTTCTTGCGGGTTGGTGTATAACGTCCCGTC"	149	95.39
"GAGTTCTTGATTGATTCCGGATCTCTGGTCGAC"	149	95.41
"GAGTTCTTGAGTGTGTGGAGGCGGCGGGTTGTC"	149	95.44
"GAGTTCTTCGGAACCCCTTGATATTTGATCCGC"	149	95.46
"GAGTTCGTTTAGGTCAGGAGGGGGCAACGGTGT"	149	95.48
"GAGTTCGATTCATACTGCGTTCTGTCCGGCCGT"	149	95.51
"GAGTTCCCTTTTCGCTTATCGGTGGGGACTATT"	149	95.53
"GAGTTCTGGAGGGCGGCGAGGATGCGTAGCAAC"	148	95.55
"GAGTTCTCTAGGTAGCATGGGTGGACGTCATAG"	148	95.58
"GAGTTCTACTGAACCTCGGAGCGAAGTTTTCAT"	148	95.60
"GAGTTCTAATGCATGTTCATGGGCGGATGCACA"	148	95.62
"GAGTTCGCAAGACTGCAAACGCAGGGTTGGCGT"	148	95.65
"GAGTTCCGCGGTTTGAGTTCTTCCCCTAGTTCG"	148	95.67
"GAGTTCAGGCTCTCTACAAGACATAAGTCGGGT"	148	95.69
"GAGTTCTTGTATTTAGACTGAGTTCGGACTCCA"	147	95.72
"GAGTTCTCTAGCTGGTGCCGGTGACGCGTCGCG"	147	95.74
"GAGTTCTATGGCGTGGGAGGTGTTCAGCGCCGC"	147	95.76
"GAGTTCGGCATGCCTAGCCTTGTGACGACGCAC"	147	95.79
"GAGTTCGCTCTGGTGTCGCGGATGACGGTCAGA"	147	95.81
"GAGTTCGCCCCGGGCGCGTGACTCTCACGCTGC"	147	95.83
"GAGTTCATGGGTTCTCGGTGATTTTCGGGGCGC"	147	95.86
"GAGTTCAAAACCCATTGTTGGTACATTGCCGTC"	147	95.88
"GAGTTCTGGATTCTGCTTTGCTTGACCGTGGCA"	146	95.90
"GAGTTCTCGGTGGCGCAGCGCGGAGAGGTGCAC"	146	95.93
"GAGTTCTCCCGGGGTTGGTGTATAAGGGAGGGC"	146	95.95
"GAGTTCTCAATGGTCGGGGGGGTTAGCGGGTCG"	146	95.97
"GAGTTCGTACGGCAGTAGGGGTTTGGGCCTTGT"	146	96.00
"GAGTTCGGGTGTTAGCACGGGTGTCCGTGTTTC"	146	96.02
"GAGTTCGGAGATCCCACCCAGAAGTGGTATTCG"	146	96.04
"GAGTTCTTTCCTTGGTGGCGGATGCATGGGACT"	145	96.06
"GAGTTCTCTTTGCGTCCCAGGTTCTTGCTGCCT"	145	96.09
"GAGTTCTCGGGTAGTTAGTGGATCGCTCCTGTT"	145	96.11
"GAGTTCGTGGGGGGTCATGCGGTGCTGACCGGC"	145	96.13
"GAGTTCGTATAGGATGCATTACGCCTATGGTAC"	145	96.16
"GAGTTCGGTTGTCTGCGGTTGTCCCGGCGACCA"	145	96.18
"GAGTTCCTGCGCGATGCAATAAAATCACTTAGC"	145	96.20
"GAGTTCATTTAGGAGGGGTCGTTTTTGGGCGCG"	145	96.22
"GAGTTCTTGTGAAGTGGCGGTGGTAACAATACG"	144	96.25
"GAGTTCTGCACGTTCTACAGGCGGTTCGGTCTG"	144	96.27
"GAGTTCTCCTGTGGTGATGGACGACGTAAGGTA"	144	96.29
"GAGTTCTCAGTGCTCACCGGGTGACAAGACTCC"	144	96.32
"GAGTTCTAGTTCTTTTGTTGGGGTTTTCGTCTA"	144	96.34
"GAGTTCGGAAAGGGCCATGAGGCGGTCCGGGCC"	144	96.36
"GAGTTCCGGCATTGGTGCATCGCAGACTCGTCA"	144	96.38
"GAGTTCATCCGGTACGGTCTGGCGTACGTATTC"	144	96.41
"GAGTTCGTGCTGTGTTTCACGGATTCCCAGGGA"	143	96.43
"GAGTTCGGGGTTGCCAGTTCGCGAAGAGGGACG"	143	96.45
"GAGTTCGGCATGACTCGCGGAGGATCAAGTGAG"	143	96.47
"GAGTTCGACCCTTACAGTCGGGGTCGGAGCGGT"	143	96.50
"GAGTTCAGTGCGTTGTCCCCGAGTGCGCGGACC"	143	96.52
"GAGTTCTGGTTGTCAGTGGCAGTCGCAGTGGAC"	142	96.54
"GAGTTCTCGTTTACTAGTCTGGCGATTGCGGTC"	142	96.56
"GAGTTCTCCGGGATCGTTGGAAGACTCGATATT"	142	96.59
"GAGTTCGCAAGGTACTGCTAGGATTTAGGGTCC"	142	96.61
"GAGTTCCACCGGCAACAGGGGGGACGGCTGGCC"	142	96.63
"GAGTTCTGTAAGGTCCGGGGGGGCCTAGAGCGG"	141	96.65
"GAGTTCTGCCAGCGTGACGGGGCTCGTTGGTCG"	141	96.68
"GAGTTCCACCGCAATTACACTTGCCGGGGGGGA"	141	96.70
"GAGTTCAGGGCGGATGGAGCTCGACAGAACCGT"	141	96.72
"GAGTTCGTTTGGCGAATGCCCCTTTGCCTGTAT"	140	96.74
"GAGTTCGGTGTATATAGAACTTGTTGTTGTAGA"	140	96.76
"GAGTTCTTTTTCAGCTATAGCGGGTAGGGCAAC"	139	96.79
"GAGTTCTCCAAAAGGAATTAGACGAGGGGTCGA"	139	96.81
"GAGTTCTAGCGGTCGCGCGGTCGGCTTGTGTAA"	139	96.83
"GAGTTCGGTGTTGCTCAGCGTGGAATGTACGTC"	139	96.85
"GAGTTCGAGTGTGGGAGGAGTTGATGCGTGCTC"	139	96.87
"GAGTTCGAGGACATGACAACTTTCGTGTTTCTT"	139	96.90
"GAGTTCCATTAAACAGGGTGCCGGGGCTTTCAG"	139	96.92
"GAGTTCCATAGGCAGTCTTAGTGTAAGGTCCCA"	139	96.94
"GAGTTCTTGCATCGGGCGTGTGTCTATAGGGCT"	138	96.96
"GAGTTCTTCAGTTTTGAGGCGGCCGAGAGTACA"	138	96.98
"GAGTTCTGTGTCTCATTGGCCGGTCTGTCACAC"	138	97.00
"GAGTTCGTGGACAACTCGGGTATCCTAGTTAGC"	138	97.03
"GAGTTCGGCCTTACCATTTACTTGATGGGGTGG"	138	97.05
"GAGTTCGCTTTCAACTAAGACAGACTGGATGGT"	138	97.07
"GAGTTCGCTCGTTTATATGTGGGTTTGTGTCTC"	138	97.09
"GAGTTCTGACGGACTTGCGGTACGCATGTTCAC"	137	97.11
"GAGTTCTCGCGGTTGACGTCCTCTCCGAGTGGG"	137	97.13
"GAGTTCGACCGAGTAAATTGCGCCTCTCGGTCG"	137	97.16
"GAGTTCCACGGTGTGGGCCCCGTCGTGTAAGTC"	137	97.18
"GAGTTCATCGGAGATAAAGGTGGATGTTTGGGC"	137	97.20
"GAGTTCACGTGGGAGTTTGAAGGACCCACGATC"	137	97.22
"GAGTTCAAGCGCTATTCGGGCTATATAGCCACC"	137	97.24
"GAGTTCGTGCAGTCGCAGGGGGATTTGTGGGGC"	136	97.26
"GAGTTCGACTGGACCCGGTGAGGTGGCCGGCCT"	136	97.29
"GAGTTCACAGGCATTTAGATTGGCCCATAGTCC"	136	97.31
"GAGTTCTAGCCGAACTCGTAGGATCTCGTTTCG"	135	97.33
"GAGTTCTACTGACTGGAGCGAAGTAAACACGTG"	135	97.35
"GAGTTCGCATATTCCTTACGCGGTCTTGGCAAC"	135	97.37
"GAGTTCTGCCTTCGGTTCTTATTTCACTAAAGC"	134	97.39
"GAGTTCCGGGGTGGTTCTTAGGTTTCGTTCTGC"	134	97.41
"GAGTTCAGAATGAGAGCAGGGAGGAGGCCCCGC"	134	97.43
"GAGTTCTTGTGAAATTGGCGGGAGACGGCAGTT"	133	97.46
"GAGTTCTCAGGTGTATTACGGTCGCCCTCGACA"	133	97.48
"GAGTTCGGAAGGCAGTTGGGGCGACAGAGGGCG"	133	97.50
"GAGTTCGATTGTCGGATAAGATAACTTCCGTAA"	133	97.52
"GAGTTCCGATACGCCCGTGAGCGAACGCGGGCT"	133	97.54
"GAGTTCTCGCGTACAGGGGGGTCTCCAAGGGGA"	132	97.56
"GAGTTCGGGGAACCTCTTTCATGTTCCCCATAT"	132	97.58
"GAGTTCTGGCAGCTGTGGGGGGAAATTTGGTCC"	131	97.60
"GAGTTCTACTTGCTAAGCGAATATCTTCGGTTA"	131	97.62
"GAGTTCCGGCGCTCAACGAGGGTCCGTTCTTAC"	131	97.64
"GAGTTCTGCGCTGTATGCACGCGGGGTCACCTT"	130	97.66
"GAGTTCTCGCTGTTAAGTGGGGGGAAACGACCC"	130	97.68
"GAGTTCGCTCGCGAAGGTCCATTATCGTCCTGC"	130	97.70
"GAGTTCTTCGGGTATGGTTTTTGAGCGATAAGG"	129	97.72
"GAGTTCTCGGATGAGGAATGAATCATTGGATGC"	129	97.74
"GAGTTCGGTCTCTAAAGACTGACCGGTCCGCTC"	129	97.77
"GAGTTCGGCGGCCTTGTGGGAGGCAATCTCATA"	129	97.79
"GAGTTCGATCCAATAGGCTTTCGTTGTTTGGGA"	129	97.81
"GAGTTCACTGGGTCTGCTTGTGGTCTTAAGGCT"	129	97.83
"GAGTTCTGGAGGGCGAGTTGAGGAGTTTGGGCC"	128	97.85
"GAGTTCTCACAGCGATGTTGCGATTGTTGGCCC"	128	97.87
"GAGTTCCTCCGTCGTGCGCGCGGTCTCTGGAGC"	128	97.89
"GAGTTCCATCAGGTTTACGGGAGCCGTAGGGGA"	128	97.91
"GAGTTCTGGTAGGGTCAAAATGCATCTCTGTCA"	127	97.93
"GAGTTCTCCCGGGAATCGAAAGCGTCTCGCAAT"	127	97.95
"GAGTTCGGCCGTAACCACGGTGGCCCGTAACGA"	127	97.97
"GAGTTCCATTGTTCGAGCCAGCGAGGGGCTTCC"	127	97.99
"GAGTTCACCCCCGGGTAGAGTGGCTGCCGGCCG"	127	98.01
"GAGTTCTTGGCGGGCCACTGTAGGCAGTCGCCG"	126	98.03
"GAGTTCTATTTGTTCGGGTTTTTCAGTTGCGAA"	126	98.05
"GAGTTCGGTCAGCGGTCTTGGAGTTGTTTGCTC"	126	98.07
"GAGTTCGGCGGACTGGGAGAAGTGCACATATGC"	126	98.09
"GAGTTCGCTCGGGTGCCCTCGTTAATGGCAGAA"	126	98.11
"GAGTTCGACTTGGTGCCCCTAGGCCGTTCAGCG"	126	98.13
"GAGTTCTTCTGGTGGAGGCGACTCGAAGTCGGC"	125	98.15
"GAGTTCTACCGGCGTAAAGGGGGACTAGTGTCT"	125	98.17
"GAGTTCGACACACCTGGGTACGGTTTGGGGCTC"	125	98.19
"GAGTTCTATGTTTCTTCGGCGCGATGTTGACGA"	124	98.20
"GAGTTCCGCTATCCTCATTGGTGTTTTCGGCCA"	124	98.22
"GAGTTCCATTTGTTGTACGGGGGGCGCTGGAAT"	124	98.24
"GAGTTCAAGGCGTCGTTCATATGATCCGAAATA"	124	98.26
"GAGTTCGCTTTACACGATACTCCGTGAGGATGA"	123	98.28
"GAGTTCCTTGTGCACAATGGTCCCGTCGGGCGT"	123	98.30
"GAGTTCCGCAGGGATCTTATCGTGCGTTGTTTC"	123	98.32
"GAGTTCCCCTGGTCGGACTAGGAGCTAGGACTG"	123	98.34
"GAGTTCACTTGTGGGTCGTACTGTGTGTGGCCC"	123	98.36
"GAGTTCTTTCTATGCCCGTGGGGGCCCGGGCGC"	122	98.38
"GAGTTCTGGCGGGCGCCGGGGTCTACTAGGTCC"	122	98.40
"GAGTTCTATGGCTTCCAGCGCGACCATGTCCGA"	122	98.42
"GAGTTCTACGGTCGGCGGCCAGGAGGCTGGGCC"	122	98.44
"GAGTTCCCCGCCCCATATCAGTGGTCGATCCCG"	122	98.46
"GAGTTCTTCAGTTGTATGTCTGGCCAGAGTAAG"	121	98.48
"GAGTTCGCCCGTCATCCGAGATCTTTCGAGGAC"	121	98.49
"GAGTTCGAGTTAAAACGGTGGTGGCGTTGCCAT"	121	98.51
"GAGTTCCTCCCGGTTTGCGTCATACTGGACTTC"	121	98.53
"GAGTTCCGGCAGGTGTTGTTCGGCGTTTGGTCC"	121	98.55
"GAGTTCCGACGATAGTGGATAGGCGATAGTGTC"	121	98.57
"GAGTTCTCCAGGCAGTCTCAGAGAACGGAGTGG"	120	98.59
"GAGTTCTAAGCGGTCCTTTGGGCAATCTCGCGA"	120	98.61
"GAGTTCGGTCTGTGGAGGGAGGATGAGGTGATT"	120	98.63
"GAGTTCGGTAGTTTGTTGTCCGGATTAGGGGTT"	120	98.65
"GAGTTCGCGGGCGGGTGAGGGTGATCAACGCGG"	120	98.67
"GAGTTCGATACAGCGGGTTCGACACGGCCGGGT"	120	98.68
"GAGTTCCGGGGCGGGGTGAGGCGAACCGCTGGT"	120	98.70
"GAGTTCAGTACCCATGGGTGGTTTTACTGGAGA"	120	98.72
"GAGTTCACCAGATCATTCGGGGACGTCCGCCAA"	120	98.74
"GAGTTCCTCTGTTGGTATCGGGTCGCCTCTACA"	119	98.76
"GAGTTCTGTTAGAAGAATTGGGGCGGCGAGGTG"	118	98.78
"GAGTTCTAGCTCCCACAGTCACTAGATGGCTGT"	118	98.80
"GAGTTCGATGGAGGTTGGTCCCGTGGCACGGAA"	118	98.82
"GAGTTCAGACCGTAGGTGGAATTTGGGACCCGG"	118	98.83
"GAGTTCGGTTGGGGGATCGTTTGGTTGGGTCTT"	117	98.85
"GAGTTCAGTTGTCCCCGCCCGGGCATAAAAGCC"	117	98.87
"GAGTTCTGCAATTTCCTTTCGTGAGGACCCTCG"	116	98.89
"GAGTTCTATAGTTCGTGAGTATTTGGTCCGAAA"	116	98.91
"GAGTTCGGTGCTAGGATGTCATCTGTTTTATTT"	116	98.93
"GAGTTCCAATAGCGCTTAGGCGTTTAACTTGAG"	116	98.94
"GAGTTCGTGGTACGGCACTCCCGTCCGCAAGGC"	115	98.96
"GAGTTCATTGGACTACAGGTACCGAGGCATTGG"	115	98.98
"GAGTTCTCCATCTCTCCCTCGACCGTGATTGGC"	114	99.00
"GAGTTCGGCCGGTCGCCATGAGATCTGTGTACT"	114	99.02
"GAGTTCGGCACGTTTCGGTACGATCCGGGCTGT"	114	99.03
"GAGTTCCCGCGTCAGTGCAAGGGGGGGTCATTC"	114	99.05
"GAGTTCTCGCAGGTTTCAGGTCGTTATCCATGG"	113	99.07
"GAGTTCTCGAACGTGTTGCCGATCCGCCTATCC"	113	99.09
"GAGTTCTAAAGGCCGCAAAGGTTCGGGGCGCCG"	113	99.11
"GAGTTCGCTTGGGAGGGGTGGGACTGGATGGAT"	113	99.12
"GAGTTCACGCTGGCTTCGCGTTGCCTCTTAGGC"	113	99.14
"GAGTTCGTGTTTGGGCGACCGGGTTTTCGTCAC"	112	99.16
"GAGTTCCCACACGCGCCTGTGCGGCTAGAGGTA"	112	99.18
"GAGTTCATCGATAACGTGTGTTGATGGCTATTT"	112	99.20
"GAGTTCTGGGGCGGGCCAGTTTGCGGCTGGGGT"	111	99.21
"GAGTTCTGCCGGGCGCTATGGCTTTCCTGTTGT"	111	99.23
"GAGTTCTCGAAGTCTCTGGACTGCGGTGTTTCT"	111	99.25
"GAGTTCTCACCTCCGGTACAGCTGCAGTGCCAT"	111	99.27
"GAGTTCGATTGCCCCTGTTGGCGCAGTCTCTCG"	111	99.28
"GAGTTCGACGTCACCGGGTTTGTCACCGGTAGT"	111	99.30
"GAGTTCGACCCCTGGAGAGTGTTGGGTCGCTTT"	111	99.32
"GAGTTCCTCTCTCGTGGATCGATTTCGTTGTAA"	111	99.34
"GAGTTCTTGCAGTTAAGTGCATTGGATCCGGGT"	110	99.35
"GAGTTCTAACGTTGGTTGGGGCGGGCACAATAA"	110	99.37
"GAGTTCCCAAAACCTGTATGCCGTCTGGCCTCT"	110	99.39
"GAGTTCTTAAGGAATTTCGCGGTCTTCGGGCCA"	109	99.40
"GAGTTCTGCGGTCCCGGGTGAGATTAACCGTGG"	109	99.42
"GAGTTCTGAAAGGCCAACGGGGGTATGGCGGAG"	109	99.44
"GAGTTCTCTCGAGTTCGTTAGGGGGACCCCGCT"	109	99.46
"GAGTTCTCAGCTCGCAGTAGGTCCGAAGTGATC"	109	99.47
"GAGTTCAGTCGACCCGCCGCCGGTCGTGGGTCA"	109	99.49
"GAGTTCTATTGTCCTTGCTGATGACAATTGTCA"	108	99.51
"GAGTTCTAGGGTGTTTGACGGTTGTTTTTTTGC"	108	99.52
"GAGTTCGCCCGGATTCGCGCATGTCAAGATTCG"	108	99.54
"GAGTTCTGAGTGGTGGCGATTCCTTGTCGTCTC"	107	99.56
"GAGTTCTCTACTTCGTGTGTCGAGTATACCGCG"	107	99.58
"GAGTTCCGGTGCCAATCGTGTGTTTTTCCGGGT"	107	99.59
"GAGTTCCCGGAGCAGCGAGGAGGTCGCCAGTGC"	107	99.61
"GAGTTCAGGTGGGTTAAGAATTGGTCTTCAGGA"	107	99.63
"GAGTTCTGGCAGAAGTTCGGGTCTGCACGCGCA"	106	99.64
"GAGTTCTCTGGAGTTCGTTGTTGTCTTTTCGAC"	106	99.66
"GAGTTCTCTCAGGTGATTGGCGAACGCGTAGCC"	106	99.68
"GAGTTCGTACTGGGGACGGTCTATGCGTCGGAA"	106	99.69
"GAGTTCGACGTCAGCCGCCTGTGATCGGTTTGC"	106	99.71
"GAGTTCCTTATCTGGGGTCTAAGGTTAACTAGA"	106	99.73
"GAGTTCTGAACGTGGTCGTAGTAAACTGGGGCA"	105	99.74
"GAGTTCTCGGCTTCCCCTGGCCATCCTTTTTTG"	105	99.76
"GAGTTCGACGAGGTTATGCAACGTCCGTTATTC"	105	99.78
"GAGTTCATTATAGTTGCCGTTAGTTAGGTGATT"	104	99.79
"GAGTTCTCCGGGTTCTTTCGGATGCCAGATTGT"	103	99.81
"GAGTTCGGATAGGTCATTAGCAAGGCGACCGCC"	103	99.82
"GAGTTCTAGAGCTATGTATGAGGTCGACGATTC"	102	99.84
"GAGTTCGTGCGGAGATGGTCGTGTTGAGGGAAA"	102	99.86
"GAGTTCGCGTGGCGTATGATTCATATTGGCTGG"	102	99.87
"GAGTTCCGTCGGGAATGAGGTGGTTGCCGCTTT"	102	99.89
"GAGTTCTGCGGCTTCCTATGTTGCTGTGGGAGT"	101	99.90
"GAGTTCGTTCTAAGGTTTGGGGGGCCTCGGTAA"	101	99.92
"GAGTTCGGGCGTTACTTAGGGAGGGTGGTGTCA"	101	99.94
"GAGTTCACAGGGTCGGGTTAGCCTCCGGGAGCG"	101	99.95
"GAGTTCAAGCGGGTCGAAAGGGTTCCCTTTAGA"	101	99.97
"GAGTTCGGTATTCTTCGTTGATCGCTGTTTTTC"	100	99.98
"GAGTTCGGTAGCCTGTAAGACCGTTCCCTAGGC"	100	100.00
