BL-8120_88_S88_L002_R1_001_trimmed-Barcode	BL-8120_88_S88_L002_R1_001_trimmed-Count	BL-8120_88_S88_L002_R1_001_trimmed-SaturationPerc
"GAGTTCAGCGGTGCCGGGGGTGTACACGTTGTA"	13961	1.92
"GAGTTCAACCTTCATTGCGGCGGCTCCAGCAGA"	13204	3.73
"GAGTTCTAGGGGGACCGGGATTTCTTCCACGAT"	12980	5.51
"GAGTTCGTCTGGCTTACGCCGCGTGCCAGGGCC"	6022	6.34
"GAGTTCGTGGAGTCCGGCCGTAGTCGTCGGGGC"	5452	7.09
"GAGTTCTGGTGTACCGCTGTAAGGTCCTTCCGA"	5253	7.81
"GAGTTCCTGCGTGTGAGAGGGCCGTGGTCGGAC"	5080	8.51
"GAGTTCTCGGTCGGTTACTATGGTTGCCAGGAC"	3339	8.96
"GAGTTCCAGAACGCACAAATATTCTCGTTTTCT"	3287	9.42
"GAGTTCCGGCGAGCTGGTACTGCGCTTCTGGCT"	3221	9.86
"GAGTTCTTCCCCTTCTGTGATGGGGCTGTGTTC"	2909	10.26
"GAGTTCTATCGCCGGTGTGCAAAGGTTGTGGGT"	2606	10.61
"GAGTTCTTTAGGTTGACATTCGCGCGTCCAACG"	2538	10.96
"GAGTTCAACCAGTTCGATGTATTCACCAGGAGA"	2495	11.31
"GAGTTCCTCGGCCAGGTTTCGTGTATCTTCCGA"	2460	11.64
"GAGTTCGACGCCTCTGGGCCAGCTCTGGGTCCT"	2443	11.98
"GAGTTCCTACGTTCGTCCTGGGGCGGATACGTG"	2438	12.31
"GAGTTCTTCTGGTTGCCGGGTTGACTCTTGATT"	2433	12.65
"GAGTTCGGTGTTTAAGGTAGCCGGTAGGCTTAG"	2346	12.97
"GAGTTCGAAGGAGGTCTTATCAATTCTCGCAGA"	2341	13.29
"GAGTTCTGTCGGGGTTAGAGAGGCAGGTTCGGC"	2272	13.60
"GAGTTCTGTGCTGCTCATTCTGCAATGGGGTTA"	2239	13.91
"GAGTTCGATGGGCAGCAAGCTGACAGGGTTCGG"	2206	14.21
"GAGTTCTGTTCCATGCTAGTGGATCTACCGTCG"	2196	14.51
"GAGTTCGCAGCTTTCGCCGTATGGGCCTTGATC"	2145	14.81
"GAGTTCGGGCTAACAGCGAAAAAACTACAAATC"	2130	15.10
"GAGTTCTATGGAGTATCCCTGTGGTTTCCGCCG"	2098	15.39
"GAGTTCATGGTTGGCTCTCGATTTGGGTTTCTA"	2096	15.68
"GAGTTCAGTTGGTTCGCCTGGGATCGGTGACGG"	2069	15.96
"GAGTTCATGCCCCATGTATGGGGCTTATTGTTA"	2021	16.24
"GAGTTCGATTATAGGGTGAAGTATCGAATATTT"	2008	16.51
"GAGTTCAGAAGAGAGCCGTGCCGTCGTACGGCA"	1962	16.78
"GAGTTCTTGTCGTGTCGGGAGTGTGGGCCTATG"	1908	17.05
"GAGTTCGTTTCGGTCGTTCCGTCGTGGGATTCT"	1898	17.31
"GAGTTCTGTGGTGGACTGTTGGATGTAAGGTAC"	1876	17.56
"GAGTTCCCCCGTGGGTTCCGGCTGCGTTGATCG"	1868	17.82
"GAGTTCAGAACGCGCTCGCGTGCGTAGGCGCCG"	1854	18.07
"GAGTTCTACTGACTGGAGCGAAGTAAACACGTG"	1841	18.33
"GAGTTCCGATACGCCCGTGAGCGAACGCGGGCT"	1841	18.58
"GAGTTCGTGTGAGACTACGGGGACGGGCTAGTT"	1835	18.83
"GAGTTCGAGGAGTTGTAAAAATAATTCTAGTAC"	1830	19.08
"GAGTTCGCTTGGTGATTTGACTGCTGTTATAGC"	1814	19.33
"GAGTTCACCTGCCACACGGATTAACCGATAAGT"	1807	19.58
"GAGTTCTGGATTAATCTGTGTTTAGTATCGTTG"	1772	19.82
"GAGTTCGCAGCATACTCGATCGAGATATGATGA"	1763	20.07
"GAGTTCTTGTCCCGGGACAAATGGTGTTAGTGC"	1705	20.30
"GAGTTCGCGAAGGTTGTTTCGTCTTTATTGGTA"	1663	20.53
"GAGTTCACGGAGGACGTGAGGAGATTCATAATC"	1632	20.75
"GAGTTCACTCAATAGGTCATGTAGCCTTGGGTA"	1621	20.98
"GAGTTCAGTAGTTAATATGAGCTTTGTTGAATT"	1593	21.19
"GAGTTCGGCAATCTCGCCTAGGACCGTTCATCG"	1591	21.41
"GAGTTCCCATGGTTCGTTGGTTCGCCGACTACT"	1584	21.63
"GAGTTCCACACTCCTCTGGCTTGTTAGCCTTTC"	1565	21.84
"GAGTTCGGCGGGGCGTGGTGACAAGTTTTTGGC"	1559	22.06
"GAGTTCGACACAGGCAATCCTGGATCTGTGGGT"	1557	22.27
"GAGTTCTAGCTCCCACAGTCACTAGATGGCTGT"	1526	22.48
"GAGTTCCCCGTGCTGTGTGGCTCTATGCTTATT"	1518	22.69
"GAGTTCCGCCGGTCTGGGAGCGTAAAATCGCTC"	1513	22.90
"GAGTTCCTTGTCCCCATATGCAGGACGATGATT"	1499	23.10
"GAGTTCCATGGGCGTGTAGGGGGCCAGAAAACT"	1492	23.31
"GAGTTCCGCAATCGTGACGAGGGACTAAGGGCA"	1482	23.51
"GAGTTCTCCGGGGCTCGGAGTGGTTAGTGGTTA"	1466	23.71
"GAGTTCTTCTTTCAGTCTTGATTAGGTCAATAG"	1458	23.91
"GAGTTCTATCAAAAGGTGTTGGCGTTGTCGTCT"	1456	24.11
"GAGTTCGATTCGGGACATTGTCGACAGCCATTT"	1440	24.31
"GAGTTCGACACATTACTCTGCAGGGCTCTACGG"	1438	24.51
"GAGTTCTGTCCTGGGGCTTTGTCTTCGTTGGTG"	1436	24.71
"GAGTTCCGAAGGGAAAGATATGATGGGAGCTTG"	1425	24.90
"GAGTTCTCCTCTAGGATTCATCATAGAACGCTT"	1423	25.10
"GAGTTCTTTCATTTCATGAGTCTTACGTCACTA"	1419	25.29
"GAGTTCCGTCTCGAGACTGTTGTGGCAATGGAC"	1412	25.49
"GAGTTCTAGCGGTGGATGCAATGGTGGGCATGT"	1405	25.68
"GAGTTCTTTTGTGGCCCTGGCGGGTATGCATAG"	1403	25.87
"GAGTTCAGGTGTTCTTGCGCTTGTACGCTTTTC"	1400	26.06
"GAGTTCTAGCGCGTTCACAGGTTGCGACAACCA"	1370	26.25
"GAGTTCGCGGCCGTGTTACGTGTTCGTGCGATT"	1358	26.44
"GAGTTCAATCGGCCTTGGGTTAGAAGAAGGGAA"	1355	26.62
"GAGTTCGACGGATTGGCCCCAGAACGTGCGGTC"	1350	26.81
"GAGTTCGCTCACCGGTCCTATGGGCATGTACGA"	1332	26.99
"GAGTTCTCTGCGGGTGTGTGGTGCTCGTATATG"	1327	27.17
"GAGTTCACTGATTGGTGCGGGCCGATTCACGGG"	1321	27.36
"GAGTTCTTTGGTGCCCTGTAGGGTAGTTGCTCC"	1311	27.54
"GAGTTCTTTAGGGTGCCGGCAGCTATGGCCTGT"	1276	27.71
"GAGTTCAAGCGGGTCGAAAGGGTTCCCTTTAGA"	1272	27.89
"GAGTTCGATAGTGAATTGGGATGTGTCCAGTGA"	1269	28.06
"GAGTTCAATACAACAGTCTAAGAGACGCAACTG"	1268	28.23
"GAGTTCGGTCGGCAGTCGTATGAAATTCGGGTA"	1258	28.41
"GAGTTCTTCGAGCGTCGGGGAAATCTGATGAGC"	1256	28.58
"GAGTTCACGCTGGAGAGTTGTGCGTTTTCCGTT"	1246	28.75
"GAGTTCTGATGGGACCCTTAGAGATACGTATTG"	1245	28.92
"GAGTTCGTGAGGTATTTCCGTATTGTCTGAGCG"	1239	29.09
"GAGTTCTTCAGTGTCTATGTGCGAAGGGTACGT"	1231	29.26
"GAGTTCGCGCGAAGTTAGGTCTATCCGCCAAGT"	1220	29.43
"GAGTTCGGGCGTACGGTGGCATGGCGTATCCCT"	1217	29.59
"GAGTTCCCGACGTGTGTACGAGATGGGTTTCGA"	1216	29.76
"GAGTTCTACAGGCGGTCGTGGTCGGGAGTCGAT"	1214	29.93
"GAGTTCTCTCGTTCAACCATAGTTCTCCGTGCC"	1212	30.09
"GAGTTCACCAGATCATTCGGGGACGTCCGCCAA"	1210	30.26
"GAGTTCTCGGCCCAATGCAATTGCCGAGGTTTG"	1201	30.43
"GAGTTCTGCGTGTCACTTGGGAATTGATCACTT"	1196	30.59
"GAGTTCGCGCGGTCCTCAGCGAGGTGTGCGGGG"	1189	30.75
"GAGTTCAGCAGGCGACTGTCGCTTCTCTTTCAG"	1188	30.92
"GAGTTCACCAGGGGGTTAGAACGGTGAGGTGAT"	1182	31.08
"GAGTTCCGCAGTTCACGATTTTGATTGTGGAGT"	1180	31.24
"GAGTTCGCCTGACCCCGGCATCATCGGGAACTG"	1175	31.40
"GAGTTCGCATACTTTCGAATCCGGTGAGGCGAG"	1162	31.56
"GAGTTCAACTGTCTGGGGTCGTCATTCCGTTTG"	1155	31.72
"GAGTTCGGGTCAGCATTTCTGGGTTTGGCTTAA"	1151	31.88
"GAGTTCCAAGGTGGACACTCCTGTGCCGTGGAA"	1141	32.03
"GAGTTCTGCCGACGGTGGTGGTGTCGTTCGTAC"	1138	32.19
"GAGTTCCTTGACGCCTTGGAGGCAGGGCTGTTC"	1135	32.35
"GAGTTCTCGCGGGCGGGAGGTGACTCGGCGGTT"	1128	32.50
"GAGTTCGGTCTTGGGAACCTATGCTTTGCGGTC"	1127	32.66
"GAGTTCGGGCGTGCATAAGAGTATGTACTATCG"	1123	32.81
"GAGTTCTCGTCCTAGGTCGCAGCCCGGCAGCCC"	1122	32.96
"GAGTTCATATTACAACGTTCTGGTCAGCCGTAC"	1118	33.12
"GAGTTCCGGTGTCGCGTGACGATCGCGTGCGGA"	1111	33.27
"GAGTTCTGCGTGTTAGCGTGCTCTAGGTTGAGA"	1110	33.42
"GAGTTCTTTCCTATTTCGGTTAAACTTCGATCG"	1101	33.57
"GAGTTCTGGCAATCGCGGGGGGGTGAGAAGGGC"	1099	33.72
"GAGTTCTAGAGGCCTCATTCAAGGGGGAAAGCC"	1097	33.88
"GAGTTCCTGTGGGTCGTAGGAACTCTACGTGTT"	1097	34.03
"GAGTTCCCCTCCGTGCAGTGGAGAGAGAACGTA"	1096	34.18
"GAGTTCAATCAGGAATTTCGCACTTCCGCTCTT"	1092	34.33
"GAGTTCTCCCAGGACGCCATGCGTTTTCCAGGC"	1088	34.48
"GAGTTCATCGGAGATAAAGGTGGATGTTTGGGC"	1085	34.62
"GAGTTCTATGGTTGGCCTTAAGGTGCGGGAGCC"	1084	34.77
"GAGTTCATTCGGGGTTCGTACGACGTTACAAGG"	1075	34.92
"GAGTTCCGAGCTAAAGTTTTAGTTCTGACAGGA"	1063	35.07
"GAGTTCCGGTGGCCCGTATAGGTCTCCACTGCT"	1060	35.21
"GAGTTCGCCTGAGTCTCTGACCTGGCCATTCCA"	1051	35.36
"GAGTTCGTCTTGGAGGATCGAGTACTGCGCCGT"	1040	35.50
"GAGTTCTCCCATCGGACAATGGCTGCCATAGAG"	1034	35.64
"GAGTTCGCGGGGACCCGGTTGTGGTGTTCGTGC"	1034	35.78
"GAGTTCTCGAAGTAAGGTTTCAGTACGCTACGT"	1032	35.93
"GAGTTCTCCCCGTGGGCAAGCGACCCTGGGTGG"	1030	36.07
"GAGTTCGAGTCTGTCCGTTGGATGGGCGGCCTC"	1028	36.21
"GAGTTCGCGCGTGTCTCTTCGGGTGGTCCGGTA"	1025	36.35
"GAGTTCTGCCGTCAGAGTTGGTTGCAAAGTGTG"	1022	36.49
"GAGTTCTGGTTCATGATGAGGGGAGACTAGGTC"	1021	36.63
"GAGTTCTCGGGTTCGTAGTTTCGTCTCGACTGT"	1017	36.77
"GAGTTCTCGGGGGGGAGATGGGTATGTTCGCTA"	1016	36.91
"GAGTTCTGAGTTAGGGCACAAGCTCAATGTACA"	1015	37.05
"GAGTTCACGGGGTGTCTCCGTTGCCGAGCGGAT"	1012	37.19
"GAGTTCTCACTGGATAATGGTAGGATTTGGGGA"	1010	37.32
"GAGTTCCTACGAGGATTTACTGACGATATAAGG"	1009	37.46
"GAGTTCTATTGCAACCCACGGTGCTGTTTAAGT"	1008	37.60
"GAGTTCTGTGTTGAGCACGGTCGGAGACTCCCG"	1007	37.74
"GAGTTCGTCATCCTGCACGGAGCGTGTAGTCGG"	1003	37.88
"GAGTTCGCCCGGCGGTGCGGTCTTGAGTTAGCC"	1003	38.02
"GAGTTCTTTCGTATGACCTCATAGTGGATGAGA"	1000	38.15
"GAGTTCTACCCTGTCGGACAGTGGTTGGGAGTT"	1000	38.29
"GAGTTCCTCTCGTACGGGCCAGCGGAGTGGAAG"	1000	38.43
"GAGTTCTGTCGCTACGGTTGTCAACGGCGCCTA"	998	38.56
"GAGTTCTATCGTCAGGGGTGGTACGTTCTGGGT"	989	38.70
"GAGTTCCGTCAGACTCAAGGGTCCGGGTAGCAC"	987	38.84
"GAGTTCTCTTGGTTTCAAAATGGCGGACTGGGC"	980	38.97
"GAGTTCGTTCGGGGCAAATGTAGGTACATGAGC"	980	39.10
"GAGTTCGCTGGTCATCAGTAGGAACACTCGCAC"	979	39.24
"GAGTTCTAGCGGCTTCGCGAGGAAGGGGCATGC"	978	39.37
"GAGTTCGGTTAGGTGGTCCCGGGCGATTCCTGA"	977	39.51
"GAGTTCTGGGAAGGTGTAGGGAGTATGCTGTGA"	976	39.64
"GAGTTCTGCCTGGTACGCTTCGCGTCCCGTGCC"	975	39.78
"GAGTTCGAGCTGCGCGAAAGTCAGCGCTCGTGT"	975	39.91
"GAGTTCATACAACCGACGTCCGATCGTGCTTCT"	971	40.04
"GAGTTCGGCGGCATAAGCTCACGAGGGTCTCGC"	970	40.18
"GAGTTCGGCTGGCAGACTGATGACTGGCAGGCA"	968	40.31
"GAGTTCTCAGAGGGGAGGAGGTGGACTCCAGAC"	965	40.44
"GAGTTCTACTGTGATTCAGGTGGCGCAATTCCT"	963	40.57
"GAGTTCTGACACTGATCGCAGGGGTTGGCGCGG"	961	40.71
"GAGTTCGCTCGAGCCTACGGAGGTCGATGGTCG"	957	40.84
"GAGTTCGGTCGGCCATGATGGCAATATTCGGCC"	954	40.97
"GAGTTCGACAGTGCGCTGTGCGCATACGGGCAC"	954	41.10
"GAGTTCACCAACATAAACCGATCGCGACTTCGC"	953	41.23
"GAGTTCGTATTCCATTCTTGGCTCTAGCCGTTC"	950	41.36
"GAGTTCGAAAGGAACCAACTAGGCGGCGTCAGA"	950	41.49
"GAGTTCTATTGTGAGGCGTCCCAGGGTTTGCCG"	945	41.62
"GAGTTCGTCTGCACACTCGCGGGAATACGCGCA"	944	41.75
"GAGTTCGTCCGCTAAGAGAGTTGGCTGGAGTGG"	942	41.88
"GAGTTCGAAGTAACAGATAGAGATAGAGGATTA"	927	42.01
"GAGTTCGTTGACCTTTCTTAAGAGCTTCGCAGA"	925	42.13
"GAGTTCGAGCGGTTTGATACGCGTGAAATCGGG"	924	42.26
"GAGTTCCGCGGACGTGTTTTTCACCGGTTTGTT"	923	42.39
"GAGTTCTGTCGGCGAGATAGTCGAGGTCTTGTG"	922	42.51
"GAGTTCCTGTACAGGCTGGACCTTGTCAGCTTC"	922	42.64
"GAGTTCTATCGCGGTCATAGGTGTTGGACGGTT"	921	42.77
"GAGTTCATCATCTCCTTGGTGAGGACGCTGCTC"	921	42.89
"GAGTTCTCCTCGCACCTATTACGGTCGACGCGC"	920	43.02
"GAGTTCTGCCTGATATCTTAGGTTCGAGTGCGG"	919	43.15
"GAGTTCTCATTACGAGATGTGTAGGCGCGCGGA"	918	43.27
"GAGTTCTCCTTTTACCTGGCGCGTATCATGCAC"	915	43.40
"GAGTTCACTACTCGGTCCTGTTTGGGTCTGGCG"	915	43.52
"GAGTTCGGCTCTGGGTCTCCAAATTGCTCTTGC"	901	43.65
"GAGTTCTGGATTGTTTACTCCGGGCGGTGTGCG"	898	43.77
"GAGTTCCCTTGATCCGTCGCGGTCCGTAACCGG"	894	43.89
"GAGTTCTTTGATTACACGTTCGGAATCGTCGCG"	891	44.01
"GAGTTCTGTTGGCGCGTTTCGATATTGTTGCGC"	888	44.14
"GAGTTCTGCTGGTAAAGGGTTCGGTTTATGTAG"	888	44.26
"GAGTTCGCGAAGTCCCGTAAGTATCCAACGGCG"	882	44.38
"GAGTTCGAGCCCAATTTATTCTTATGAGAGGGG"	878	44.50
"GAGTTCCGCGCGTCGGCACGGGTCAGTGGTTTT"	878	44.62
"GAGTTCTTGGCCCTACACGATCGTTTTCGGTTT"	877	44.74
"GAGTTCTACCACGCAGCTAGGAGAAAGCCACCA"	875	44.86
"GAGTTCATTGGACTACAGGTACCGAGGCATTGG"	875	44.98
"GAGTTCTCCCGCCGATAGCACCTTGTGATGCGC"	870	45.10
"GAGTTCCCTAACTAGCGGGGCCTAGGCAAGCAT"	868	45.22
"GAGTTCTTTTGGCATTCGGGGCAGTGTTAGTCT"	867	45.34
"GAGTTCGACCGTCCCCCGGGGTGTAATCGCGAG"	865	45.46
"GAGTTCCAGTGTTCGTTGAGGGGGCCTCTGGAC"	864	45.58
"GAGTTCTGGAGTCTTTCCGACAGTGCTTTTTGC"	861	45.69
"GAGTTCTGTGCGCGGGCCGCGGCGAAATGGTTC"	860	45.81
"GAGTTCGGGGCGACCAAGCGTGGAGCGATAGCG"	858	45.93
"GAGTTCTACTAGCAGATCGGAGAGTGTTGTAAT"	857	46.05
"GAGTTCGACCCTAGTTTAGTGTTTCCATTATAG"	856	46.17
"GAGTTCTTAAGCGGCTGGTGGGCTTACTAACAG"	848	46.28
"GAGTTCTACGGTCTGGGGAGGTCAGTGAAAAAT"	847	46.40
"GAGTTCTCTTGCTATGCTCTGGTGACGATTCAG"	845	46.51
"GAGTTCGAGGGTCTGGTCTGGGTTAGCCCATTA"	843	46.63
"GAGTTCAGGTTCGTCATTAGTCGGTGTGCCCCA"	843	46.75
"GAGTTCTCAACAGTCGGCTGTCGTTATTGTACG"	840	46.86
"GAGTTCGGCAAGTGACCGTGGCGATGTCGTGAA"	840	46.98
"GAGTTCCCCAGTTCGGTCCGGGGCCAGCAACCT"	840	47.09
"GAGTTCAGTTACTTATACGATGGGCACTGTGGT"	840	47.21
"GAGTTCGACCCTCGATTATCGGCGTCGCGGAGC"	837	47.32
"GAGTTCGTTACCGTCGTATGACTGATTCTATTG"	833	47.44
"GAGTTCTCGGATCATTGCGTCGCCCGTATGGAC"	824	47.55
"GAGTTCGAATCGGGACGCAGGCGAGACGGAGTT"	822	47.66
"GAGTTCTATAGAGAATTGTCAGGAGGCACTGTG"	816	47.77
"GAGTTCGTCGCAGTAGCGGCGTTGCCGTCGAGT"	816	47.89
"GAGTTCGCGTGGCCGCATTGTAGATAGCGGGTT"	815	48.00
"GAGTTCTGCTGGTCGCATTAGTATCGTACGTGG"	812	48.11
"GAGTTCACCCATTGTTATTACAGTTGCTGTGGC"	810	48.22
"GAGTTCTCTGCAGTGGCCTAATGCGGTACGGAG"	806	48.33
"GAGTTCGAGAATCAATCGAAGGGAAGTCGTTAT"	800	48.44
"GAGTTCGGGCACACGAAATTTGGGGCGCAGATC"	798	48.55
"GAGTTCTTACAGGCACGGTGGTGGGTTCGAGGT"	794	48.66
"GAGTTCACTCGGCGTCTTCCGGGCTCGTCGAGA"	794	48.77
"GAGTTCCTCGTGCGGTGGTCTTTTGTGGTGGCA"	793	48.88
"GAGTTCCTTTTCGACCACGGTTCAGACGCGAGC"	791	48.99
"GAGTTCTTCGGGCTTGGTCGGTAAGGGTTGATC"	790	49.10
"GAGTTCGTGGACTAAGTTAGTGGGCGGAGAAGC"	790	49.20
"GAGTTCTGACTCCTATTACCGGAGGTATGAGTA"	789	49.31
"GAGTTCGGGTGGCTGGGGAAAGTGCTTAAGGTC"	789	49.42
"GAGTTCTCTCAGTCGGTATAGGGTGGAGGGTCT"	788	49.53
"GAGTTCGGTGGGTAGTTTTGGCGAGTTGGTCGT"	787	49.64
"GAGTTCTCTCTCGTAATTTATAGTGTCATGGGT"	785	49.74
"GAGTTCTAATGTCGGGACTGCGAAAGTCTGGGC"	783	49.85
"GAGTTCGAGCGGAAGTGCGGTTGCCGATCTCTG"	782	49.96
"GAGTTCGAGGGGTCCGGCACGGATTAGCTTGCT"	779	50.07
"GAGTTCGCTCTGTACGTGTGTCAGAGAGAGTTC"	778	50.17
"GAGTTCACTCTTCGTTTCTCATAGTGCGATTTG"	775	50.28
"GAGTTCGTAGGGCACGGGGGTGTGTCTGTCTGT"	772	50.39
"GAGTTCCTTACGGTCCGGGATGGTTGGAAGTGG"	772	50.49
"GAGTTCCGGTGGTGAACGCGGGATCTTCAGTTT"	772	50.60
"GAGTTCGGTCGGCTCGGATGGGGGGTTACGCGA"	771	50.70
"GAGTTCCCTTGACCATTCCGCGGGTGTTGGTCG"	769	50.81
"GAGTTCGACCTGTGAGAAGTATGCCTTGTGGCG"	767	50.91
"GAGTTCTATGGCCTAGTAATGTGACACACGGGT"	766	51.02
"GAGTTCTCTCATATCTACGGGTCCTTTGGCCAG"	762	51.12
"GAGTTCGGGTCGTCAGCAGGCAAGTCCGTGGCG"	762	51.23
"GAGTTCTGGAACCAGCTGCAGTGTTCCAGGCTG"	757	51.33
"GAGTTCAGGGGTGTGGGGTCTGACGCCCTGATG"	757	51.44
"GAGTTCTATCATGATTGATACAGCCTCCGGGTC"	754	51.54
"GAGTTCCATCGGGTGGGCTTACCGCATCAACGC"	751	51.64
"GAGTTCGCGAGGTCCTGGGTTGTCTTTCGGCCT"	750	51.75
"GAGTTCACGTACGAATGTTCGCGGCTTTCTTAA"	746	51.85
"GAGTTCCTCGGGTGTTCCGCATCTTTCTTGGGC"	743	51.95
"GAGTTCTTCGAAAAGCAACCGGGATCTCTGTTG"	739	52.05
"GAGTTCACGTAACCGTGCAGAGGATAGCGCATC"	739	52.15
"GAGTTCCACCAGTCCTTGGAGCGGTCTGGGCCC"	738	52.25
"GAGTTCGGTTTGCATCCGTCTTCTCCTTCGGTC"	737	52.36
"GAGTTCGCGGGGACGCTTGATGGGTCGTGTCGG"	736	52.46
"GAGTTCAACTATCCTCGGTGGGGGCGTGGGACG"	736	52.56
"GAGTTCTGTCATGGTTGCGGGGTGGTGCTTTGC"	730	52.66
"GAGTTCCCCTCATGGGTTCTTGGGATGATATTT"	728	52.76
"GAGTTCGCTGGGTCGTCGTCTGAGATCGTCAAC"	727	52.86
"GAGTTCTGCTGTCGCCCGAGCTTGCTGGCGCGG"	725	52.96
"GAGTTCAGGGGTGGTTCGTACTACTGATTGCGC"	724	53.06
"GAGTTCTTTCGTTCTACTACAGGGTCGGGGTTA"	723	53.16
"GAGTTCTACCAACGACCCGGAGCTTGTCTGTAG"	719	53.25
"GAGTTCCATCGGCGTAAATGGCGACGTGTGCCG"	713	53.35
"GAGTTCATATAAAACGCGTGCCCGGTGTCAGGA"	713	53.45
"GAGTTCTTAGAACAACGAGCATATCGGTGGCCC"	712	53.55
"GAGTTCTGAGTGTACCGATTTTCGGGTGTGCCC"	710	53.65
"GAGTTCGGGTGAACTTCGGTAACATCACCATTC"	710	53.74
"GAGTTCTATGGCGTGAGAGGGGGGTATGGATAG"	708	53.84
"GAGTTCTGGTAATCCTTGTATGAGCACGGGAGC"	707	53.94
"GAGTTCGATCGTGCACATAGGCGTTCTCGGTGT"	707	54.03
"GAGTTCGGAGGTAGCCTGGCGTCCGCCTTGCTA"	706	54.13
"GAGTTCGTCCAGGTCATGGGGTTGCGACCCCGC"	705	54.23
"GAGTTCAGCAAGTGTGCAGTATTGAATCTACTG"	705	54.32
"GAGTTCTGGCCGCGTCTTAGGCTTCTGTAGTTT"	704	54.42
"GAGTTCGATTGGGAGAGGTGGCAATATTTGGTT"	702	54.52
"GAGTTCCTCGTGCGCATGGTGCCATCTTTCTCA"	698	54.61
"GAGTTCGGTCTGCGGCGTTGTGGCTTGGCAGTG"	694	54.71
"GAGTTCTGACTGCCAGTGCGGACCCGTGCGGGC"	692	54.80
"GAGTTCTCTCCGGCTCGCGGTGGACGGATGCGG"	692	54.90
"GAGTTCGGCAATGGAACGGTGCGTTAAAACGCC"	691	54.99
"GAGTTCGCGAGCGCAGACAGCGGTCGTATTGGA"	687	55.09
"GAGTTCGCGCGGCTGTTTGGGCGGTGGAGTGGG"	686	55.18
"GAGTTCGCTCTCTCTGGAATTTTGGTCTCGTTA"	685	55.28
"GAGTTCCATTGCCACGGATGCCATGCTCGCTAA"	684	55.37
"GAGTTCATGTCTGGCCGAAGGTTCTGTCCATTG"	683	55.46
"GAGTTCATCCGTGCCCCGAGATGGTGAGTACGC"	681	55.56
"GAGTTCTTGTGTCAAGGGGGAGTGCGATGGTTT"	678	55.65
"GAGTTCTCTTGCGATTTGGTTTAAGAGTCAACT"	676	55.74
"GAGTTCTTCATCCAAGTTGCGTCAAGCGAACGC"	675	55.84
"GAGTTCTCAGTGCGTCTGTCGGCGGAGTGGCCT"	667	55.93
"GAGTTCGAGCGGCTGCAGAGTCCTTCGGTCGTG"	661	56.02
"GAGTTCCACGAGTTACATTGATTAGTCCATCCG"	661	56.11
"GAGTTCGCGCAAGGTGCGCCTAGTATGTCTGTC"	659	56.20
"GAGTTCACTTCGTCAGCTCGGATTTTACGGTAC"	657	56.29
"GAGTTCGATTCGGTCTTCGGGTCCTCTGCGGTG"	656	56.38
"GAGTTCAGCCGGGTCTGGATGGGAGGCGGCATG"	649	56.47
"GAGTTCGTGCCCAGCGGATGGTCGTCTCAGAAG"	647	56.56
"GAGTTCTAAAGATAGAGGTGGTCATGTCAGCTG"	646	56.65
"GAGTTCGAGACCCATCGGAGGGCGCTGCCTCTC"	645	56.74
"GAGTTCGTAGTGCGTTCCTAGTGTTTCTTCGGG"	644	56.82
"GAGTTCGCGTATCTCCGACGGGTACTTAGTCTC"	638	56.91
"GAGTTCTACTGGCTGGGGGAGCCGTGTTCGGCC"	636	57.00
"GAGTTCATTCCGTTCCGTGGGGCTTCTTAGTTG"	629	57.08
"GAGTTCTTTCGTGGGCGTGAATCAATGACGAGA"	628	57.17
"GAGTTCTTCTCGTCCACCTAATTTGGACGCTAC"	628	57.26
"GAGTTCGACCGTTAGAGCAAGTTGTTACCCTCG"	628	57.34
"GAGTTCTGAACTTGAACCGGTTTGCCTCTGCCA"	626	57.43
"GAGTTCGCTCGGCGTTGGAGCGGTGGTTCGCCG"	619	57.51
"GAGTTCGCCGGTGCTGAGGGTGATTCGTCCTGG"	619	57.60
"GAGTTCGGGCGGGTCTTCTCGGTCATGGGGTCC"	618	57.68
"GAGTTCTCTCGGGCTGCGAATGGACACGCGTAA"	617	57.77
"GAGTTCTATCACGCAATCTGGCGTCTTCCTTCG"	614	57.85
"GAGTTCGGATGAGGGATTGGACACCCTCGGTCA"	614	57.94
"GAGTTCGGACCCGGACGCCGGCGAGGATGGGCC"	614	58.02
"GAGTTCTAGCGACACCAGGCAAGTTCCGGAGAT"	613	58.11
"GAGTTCGATGTCCTGTGCCAGAGACTCGGTCCT"	611	58.19
"GAGTTCTGAGTCCGCAAGTGCTACCCACTACCT"	609	58.27
"GAGTTCAATCTACGACTCAGGTCTTCTTAGTCA"	609	58.36
"GAGTTCAGTCGTCTGATTTCGTTGCGCCATGGG"	608	58.44
"GAGTTCTCGAAGTCTCTGGACTGCGGTGTTTCT"	606	58.52
"GAGTTCTCATACCGCCCTTGCCGTCATTCCTTG"	604	58.61
"GAGTTCTAATGCTCAGCAGGAAGTTTAGTGTCT"	604	58.69
"GAGTTCTAAAGGATTACGGAATAATGGATGGTG"	603	58.77
"GAGTTCGGCGGACCGTAAATGTTTTGACAGTTC"	603	58.86
"GAGTTCGGCCGGGCAGGTTGACAGGAATGAAGA"	602	58.94
"GAGTTCTACCACGATCACTGGAGTGTTCGCATG"	601	59.02
"GAGTTCCCGGACTGCAAGCGATTGGTTCGGAGT"	600	59.10
"GAGTTCTGAAAGGCCAACGGGGGTATGGCGGAG"	599	59.19
"GAGTTCACTCTGCGCGTTTCGTTCAGGTTTGTT"	599	59.27
"GAGTTCGGAAGACGGTTAATGTTACATTATAGC"	598	59.35
"GAGTTCCACGCTACAACGCGTGGTGACAGTTTG"	598	59.43
"GAGTTCTCCCAAAAGTATCAATATTGATCTTTC"	596	59.51
"GAGTTCTAGCCGAACTCGTAGGATCTCGTTTCG"	595	59.60
"GAGTTCGATCCAATAGGCTTTCGTTGTTTGGGA"	593	59.68
"GAGTTCCACTGATCATCTCCGGGAGAACATGGC"	592	59.76
"GAGTTCAGTCGTTCGAGGGGGGTGCGTCCCGCT"	592	59.84
"GAGTTCCCGCTGGAGTGACGTTCCCTGTGGCGT"	591	59.92
"GAGTTCGACTGGCAGGCCAAGACGTGGGGCCTT"	589	60.00
"GAGTTCTTCGACCAACGGAGGATACTCTTCTCC"	587	60.08
"GAGTTCGGTTAGGGAAACCCCCCGCGTAGCGAA"	587	60.16
"GAGTTCCATCCGCATTTAGGTTCGTACCAGTCG"	586	60.24
"GAGTTCGACCGGTAGTCTAAACGTACCCCGGGC"	583	60.32
"GAGTTCAGCTGAAACGTCGGGTGTTTGAGTTGA"	582	60.40
"GAGTTCTTTGGTCCGCCGCGTGGCTGTGGAGGC"	581	60.48
"GAGTTCTCCGCGCATTCCAGGCACCCGGGAACG"	581	60.56
"GAGTTCCTGCCTCTGTCTGCGCACCCGCTGGCT"	581	60.64
"GAGTTCCGCCGGTACGGGGGCTATCGCGGCTGG"	580	60.72
"GAGTTCCAGATTCCATCTTTTGTCGCGGAACCA"	580	60.80
"GAGTTCAAAAGTCCGTGGGGTTTCCTTGGACGA"	580	60.88
"GAGTTCGAATGGGGCCCATGAGGGCCTCGGGTT"	579	60.96
"GAGTTCAGGTGGGAGTCGAGGCGGAGTGGACCA"	579	61.04
"GAGTTCTTGGCGAATCGTAGGTGTTTGGCGGTG"	578	61.12
"GAGTTCTTGCAGAGCCCGCGGTGTCGACCGTAA"	577	61.20
"GAGTTCTAGCGGGGGACGGAAGAATGTAGGTTA"	577	61.28
"GAGTTCAGACGGGAGCGGGCGGTTAGGTGTAGC"	576	61.36
"GAGTTCACGGCCTAGCTGGTCGCCGTCAAGAGA"	576	61.44
"GAGTTCGAGGAGAAAAAATGAAGGATGGAGAAA"	575	61.51
"GAGTTCTAGGTAGGACCCCTACTCTCTGGGTTA"	573	61.59
"GAGTTCGTACATTTGGTCTTGTCGGGAACGGTG"	568	61.67
"GAGTTCGCACAGGGGCGGGTGTCGTGTTCGACA"	568	61.75
"GAGTTCGAGAAACGCGGATGCAGTTTGAGGTCA"	568	61.83
"GAGTTCGCGGGGAGCTCTTGGGACTCAGTGCGC"	563	61.90
"GAGTTCGACAGGCAACTCGGAGGTTTCAGACCC"	563	61.98
"GAGTTCGACCGGTCCGTTGCCTACCCGCCTCCT"	562	62.06
"GAGTTCGGAAGACTCCGGCATTCGATAGGGCCG"	561	62.14
"GAGTTCGCGTGGGAGGTCGACTGTCGCCGCAGT"	560	62.21
"GAGTTCGATTCCTACGCTGCGGGTGCCTTGCCG"	559	62.29
"GAGTTCCGTGCGTGTTCGGTTGGTCGTTGATGT"	559	62.37
"GAGTTCGCCGGGACGCAGTCGTCGTTGCTCGGG"	556	62.44
"GAGTTCGGTCTCTAAAGACTGACCGGTCCGCTC"	553	62.52
"GAGTTCAGACCGTAGGTGGAATTTGGGACCCGG"	553	62.59
"GAGTTCACTAGGTGCTGGTGGGTGTCATCCTGC"	553	62.67
"GAGTTCTTGGTCCGGATTCGTTGGTCTTCCTTG"	549	62.75
"GAGTTCTCAAGGTTCCTTGCCAGGTCTGTCCCG"	549	62.82
"GAGTTCGAGGTTCCCCGTTACGGCTCCTCGAGG"	548	62.90
"GAGTTCCGGACTTAAGGCGAGAAAGGGTCCGCG"	547	62.97
"GAGTTCTGTTGTGTGCTGGGGCCGTCGCTCATG"	546	63.05
"GAGTTCCTCCTTGGCACTCTTCGATGGGTAGCG"	546	63.12
"GAGTTCAGGTGTGGTTGTTGTCGGGGGTGTGCA"	543	63.20
"GAGTTCTCTCAGGAATGAAGGTGATGGCGGGAC"	541	63.27
"GAGTTCGGCACGTTTCGGTACGATCCGGGCTGT"	541	63.34
"GAGTTCCCAGAGTACTCATTGGAAAGGGGATGG"	540	63.42
"GAGTTCTGTCCAATCGCGTGGCCAATGTCACGG"	538	63.49
"GAGTTCTCCGGGGATCGGTGGTGCGGGGTGACA"	538	63.57
"GAGTTCTCGCGTAGTCGCGGGGGTGGACGAGCT"	535	63.64
"GAGTTCCATGTGGCCGCTTTATCTCTCAGGTGA"	533	63.71
"GAGTTCGAGCGGGATGTTCAGGGTTTGGCTCCG"	532	63.79
"GAGTTCACCCGGCCCTCTAAGGGCTTCCGGGCA"	528	63.86
"GAGTTCAAGTGGCGTTTCTAGGGGCAGTTGCGG"	528	63.93
"GAGTTCTGTTAGAAGAATTGGGGCGGCGAGGTG"	525	64.00
"GAGTTCGTGATGATGCGGTATGACTAATGTCTA"	525	64.08
"GAGTTCTCAGCGCTGTTGCTGCATCGTTCGTTC"	524	64.15
"GAGTTCGCCCCCCAGGATGGGACCGTTTGTGAA"	524	64.22
"GAGTTCGAACCGAGGGGGTGTTTTCTCCGGATT"	524	64.29
"GAGTTCATGTATTTGTTGACCATTACGCGGTGT"	524	64.36
"GAGTTCGGCTTCGGTTTGGGTGTTCTGAGCGTT"	523	64.43
"GAGTTCTTACATAGGACCCCACGGTGCATTGTA"	522	64.51
"GAGTTCTGTCACGCTAAGCGTTGGGCCCCGGGC"	521	64.58
"GAGTTCTCCCAGCCATTTTGATGTGTTGTAGCT"	520	64.65
"GAGTTCTGAAGTCGCAATTGGGCTCTTCCGGGT"	518	64.72
"GAGTTCGTTGCGTCTCTTGTAGGGTGTTCATCC"	517	64.79
"GAGTTCCCTTTGTTTTTGCAGGGTCACCCGGCG"	517	64.86
"GAGTTCGATTGGGGACTCTTCCTTGGATTGGGA"	516	64.93
"GAGTTCTTTTCGGGAGGTGACGATATCCAGGCG"	515	65.00
"GAGTTCGGACGACAGGAAAGGAATCCGTATCCT"	515	65.07
"GAGTTCCGCTCATGGTCGAGCTAGTTGCTGTTC"	515	65.15
"GAGTTCGCTTGTTAGAGGTAGGGTCTGTCGCCA"	514	65.22
"GAGTTCGTCCGGTCGTGCGGGTAGCCTCAGTGA"	513	65.29
"GAGTTCTTGTAGCTGGGGTGGGGTCTACGGGGG"	511	65.36
"GAGTTCCATTGGCGGTATTCTGGGGGTCGAGTC"	508	65.43
"GAGTTCTTTTCTGGGCAGTGGGCGCAGGACTGC"	504	65.50
"GAGTTCAGTTGAAGGTTTGGGTAATGATACGGG"	504	65.56
"GAGTTCTAATGTGAGGATTAGTGTACGACGTCA"	503	65.63
"GAGTTCACCAATGGTTGGGGGGGGAAGTTGTGC"	502	65.70
"GAGTTCAGTGAAGTATCCTAGCGAGGGCACTAC"	500	65.77
"GAGTTCCATTGTTCGAGCCAGCGAGGGGCTTCC"	499	65.84
"GAGTTCACGCCGCGGTGGGCCCGTTGAAGTATT"	496	65.91
"GAGTTCATGGCCCCCTCGTGGGGCGTTCAGTTT"	495	65.98
"GAGTTCTATCGGTAGGGTTGAGCCTCAGGGGAC"	494	66.04
"GAGTTCTTGGGGAGGCCGAGCTGACGCGGATGA"	493	66.11
"GAGTTCGGCATGCCTAGCCTTGTGACGACGCAC"	493	66.18
"GAGTTCTTCTGGGGTTAGTTCTCTCACGGCTGC"	492	66.25
"GAGTTCTCCCCGATCTGGCCATCTTAAATCTCG"	492	66.31
"GAGTTCTGTCGGCTAAACATGGCCTCGTAACGC"	491	66.38
"GAGTTCGACCTCAAGCGCCGTCAACCGCGAAGC"	487	66.45
"GAGTTCTGTGTCTCATTGGCCGGTCTGTCACAC"	486	66.52
"GAGTTCTCTTCCCTCGATTGACAAGTACGGTTT"	486	66.58
"GAGTTCTTAGGAGAAGTCGCGTCCTTGCCTGGG"	485	66.65
"GAGTTCGAGCGTGGCGTTTCCGCGGGAGTCGTA"	485	66.72
"GAGTTCTACTATACGCGGTGGGGACTCAGGTCT"	483	66.78
"GAGTTCACAGGCGGACTCTTGGCCATCCTACGT"	483	66.85
"GAGTTCCCGCTGGCGACCGCGGGGTTTGTCCTC"	480	66.91
"GAGTTCTGTCTTTACGGACTCCGGGGAATGCGT"	479	66.98
"GAGTTCTGTCGAGAGTCCGTTGAAAGCGGAAGC"	478	67.04
"GAGTTCGACTGTGACCGTTGCTGGATGTGCTGT"	478	67.11
"GAGTTCTGGACGGATACATGGTAGGTTTCAGTT"	475	67.18
"GAGTTCGCCCGGTAGGAGTTAGGAAGGTAAGGT"	475	67.24
"GAGTTCCTACCCCGTGGTACGTGGTGCCCGGCG"	474	67.31
"GAGTTCTCTGCTCCCCCTTTTTCAGGCTGGATA"	473	67.37
"GAGTTCTCCGGGCTGTCTTTGGTCAAGGTGGAC"	473	67.44
"GAGTTCGGATTTGTAGAATTGGCGGGCTTGTTT"	473	67.50
"GAGTTCTGGTTGTAGTGAGGACGGATGGGGATC"	472	67.57
"GAGTTCGGCCGGCCCGTCTTCGGGAATAGTTCC"	472	67.63
"GAGTTCCTGCTTTGGCTATGGGTACGTTGATTG"	472	67.70
"GAGTTCAGCTGGCCTTCTTGGCCGGGAGTTCCT"	469	67.76
"GAGTTCTATCAGTCTGACCGGTCGAAAAGTTCG"	467	67.82
"GAGTTCCCGTAGGGCTAGTCGCTCACCATCAGG"	467	67.89
"GAGTTCTGCTGCAGTCCAGAGGAGTGGTTCGCA"	466	67.95
"GAGTTCCTAGCGTAGTCTGGTCATCCGGAGAGG"	466	68.02
"GAGTTCGAGGTTTCACAACGACGAGTTCGCGGG"	465	68.08
"GAGTTCCGTTTGCCACGTTTCCTAACTATAGGT"	464	68.14
"GAGTTCCATGAACAGTAACCGGAGGGTACTGAC"	464	68.21
"GAGTTCAGTGATGGTCACGTATGCGGACCGGTG"	464	68.27
"GAGTTCACTTGGCAACGGACTTTGTTTCGGTCC"	464	68.33
"GAGTTCGAGCTGCTTAGGGGGATTCGGCGGACT"	460	68.40
"GAGTTCTGATTCGGGCTATGAGGGTTGCGGGAC"	459	68.46
"GAGTTCTTTGCAAGTAATGGCTCTCACCGGATG"	458	68.52
"GAGTTCTACGCGGTTGTGTTCGGACGGTTCCAA"	458	68.59
"GAGTTCTACGTGTGAACTTTCTTTTTTTCGACT"	457	68.65
"GAGTTCGGGGTTGACCCATAAGGTTCGAGCATC"	456	68.71
"GAGTTCTTTCTACGGGGCGAAGTTGTGCGCAAT"	455	68.77
"GAGTTCTGGGGCGTGCTAGTTATTTGATGATAT"	455	68.84
"GAGTTCGGACGTTGAAAGAGAACACGACACCTC"	455	68.90
"GAGTTCTTGGGAGGTCTTGTGAGCCGGGGCTGT"	454	68.96
"GAGTTCTTGACCGACCAGAGATTTACGCGGCGC"	454	69.02
"GAGTTCGGGCAGCATATGGGGTGGCGTCCGGGC"	453	69.09
"GAGTTCTGTGTAGAGCAATTGGCACATCGTTCA"	452	69.15
"GAGTTCTCCCGGCGGTGTGTTGCCCTCAGGCGC"	452	69.21
"GAGTTCTCGGACCACAAGTATGACACCTGAATT"	451	69.27
"GAGTTCGGGCAGGCGGGTTTCGGTTAGCCAACT"	451	69.33
"GAGTTCAGCCCGATGGAAATGCCGCGGACGTTC"	451	69.40
"GAGTTCGTGAGGCCCCGACGTCGGAGTGGGCTG"	450	69.46
"GAGTTCGCCAGTGAGTCCGCGTAATGACGAATT"	449	69.52
"GAGTTCTGGCGGCTAGCTGAACGGTTATCGGGA"	448	69.58
"GAGTTCTGGTGGGTTTTTTGATTTCACGAGCTG"	445	69.64
"GAGTTCGTCTTAGGCGATTTGTGTTGTGTTCGC"	444	69.70
"GAGTTCGGTGGAAACCCTAGAGTATGTGCGCGA"	443	69.76
"GAGTTCATGTGGGTCTATTCGGGTATAACTCTG"	442	69.82
"GAGTTCTAATGCTTGGTTGTAGCGCGCAGGCGA"	441	69.89
"GAGTTCCCTCCTAGGTAGGGGTTACCAAGGGAC"	441	69.95
"GAGTTCGTCCATTCGTTGTTTTGCTCACGTCGT"	440	70.01
"GAGTTCCTCAACGAACGGGACCGTTGATAGTGT"	440	70.07
"GAGTTCTATTGTCAGAACGGAGATCCGCGGAAC"	438	70.13
"GAGTTCTAGTGGGGTGTGTGGTAGTGAGGGTTG"	438	70.19
"GAGTTCGACCGGGATTATCTCGAAATTGGTGCG"	436	70.25
"GAGTTCGTATAGGATGCATTACGCCTATGGTAC"	435	70.31
"GAGTTCCCAATTGTCAGGGTAGGCAATCGCAGT"	435	70.37
"GAGTTCTGCCGCGAGTGTTATTATTGCGTTTGG"	434	70.43
"GAGTTCGAGTGACACGAAGGAGGTCACCGAGGT"	433	70.48
"GAGTTCGTCTGTTTCAGTGAGTCATCGTTGTAA"	432	70.54
"GAGTTCCGCCGGGACGGGTGGTGGGCTCGAAGC"	432	70.60
"GAGTTCTGGCGTACGTCGGGGCAAGCCGTGCGT"	431	70.66
"GAGTTCTAGGTTTAACTTGAGAATGATAGATTC"	430	70.72
"GAGTTCACTTGCGTGTTACGCGTCCCTGTGTTA"	430	70.78
"GAGTTCCCCTGGTGCCCGTCTTGGTCATGGCGG"	428	70.84
"GAGTTCTCCGAACCATATTGTCCCTGTCGGCTT"	427	70.90
"GAGTTCCCCCTTGGTCATTCAGGGGTTCAATGA"	427	70.96
"GAGTTCTTGTCCGCCACGGGAGAACCGATGAAA"	426	71.02
"GAGTTCTAGAGGGTCATCTAGACGCCGCGGTAC"	426	71.07
"GAGTTCTAACTCATGTGGATCGGGTGCCCTTTC"	426	71.13
"GAGTTCTCCCGGGCCATTGGGCATGGTACGCGC"	425	71.19
"GAGTTCGGTGGGTTGATCCTGCAGGTCGCGTGC"	425	71.25
"GAGTTCCCGCCCATTATATGCCCTTACTTGTTA"	423	71.31
"GAGTTCTCCACCTCTGCTTACTCACTAGGGTGG"	419	71.36
"GAGTTCGGTTTGGCATAGACGACCAATGTCGGG"	419	71.42
"GAGTTCTTTCGGCCAACAGAATGCGTTGTGTGG"	418	71.48
"GAGTTCGGACTGAACTGGCCGCGGAGGCAGGTA"	418	71.54
"GAGTTCTGGCTCTTGCTTAGAATGGGTCCGGAA"	417	71.59
"GAGTTCTCTTGGAGCTGCACTTGCGTTATCGCA"	417	71.65
"GAGTTCGGAGATTATTGCTTGTTTCTGCTCATA"	411	71.71
"GAGTTCGCTTGGGGCTGAGAAGGGCGACAAGTC"	411	71.76
"GAGTTCCGCCGGACGTATGCCGGGAGCGACGGT"	411	71.82
"GAGTTCGTTCTGGGTCATTAGTCTGGTTGTTAA"	410	71.88
"GAGTTCGGAAAGAGGTTAGGGTGAAAATCCGTG"	410	71.93
"GAGTTCGGTCGGCATGGTGAAGAATTTCTGGCG"	409	71.99
"GAGTTCCGACGCTACTTGACGAGTTGTCAGTTG"	409	72.05
"GAGTTCCCGTTAGCCCCATGTGGGCTCCGTGCT"	409	72.10
"GAGTTCGTATTAGCATGCATTGGGTTACGCTAT"	408	72.16
"GAGTTCCTCTCGCAATTTCAGGCCTAGATTCGC"	408	72.21
"GAGTTCCTCGGGCGTCACTCGGCTTTCAATCTC"	407	72.27
"GAGTTCCGGTGGTTGCGTATTTCGCGTGGTTTT"	407	72.33
"GAGTTCAACTGCGAGCTATGGCATTATCTCTGG"	406	72.38
"GAGTTCTTATGGTACCATGGGGGGCGATGACCG"	405	72.44
"GAGTTCTTGTATAAACGTCGACGGTGTCGATCT"	404	72.49
"GAGTTCGGTGAAATTTGGTGGGGATCGGTGAGT"	403	72.55
"GAGTTCTTTGGGATATCAGCGCGTCGTCCTCAG"	402	72.60
"GAGTTCTTGTGAACTGCGCGTTCCGGAAGGATA"	402	72.66
"GAGTTCGTTCTGTCGGTGTAGCGGCGTGCGTAC"	402	72.71
"GAGTTCGGACTTCTACGGTGGCCTAGTCGCTGG"	402	72.77
"GAGTTCTATCGGTAACGTCCGGGATTACGAGTT"	400	72.82
"GAGTTCTTTGATTGGCGGACGTTTATCTTATCT"	399	72.88
"GAGTTCCGATGATAGTCGGAGGACGCTCTGGTC"	398	72.93
"GAGTTCCCGTAAGCGCAGTAAGGTGGGGGAATC"	398	72.99
"GAGTTCATCGATCCTTCCGATATGTCTTGATGT"	398	73.04
"GAGTTCTATCTATCTCTAGGTTCTTTGATTGCT"	397	73.10
"GAGTTCTCGCGATGATTGGTTGGTTTCGGCTTA"	396	73.15
"GAGTTCGGTCAGCGGTCTTGGAGTTGTTTGCTC"	396	73.21
"GAGTTCGATGGGGAGTTCGAGGTCAGGCCATCC"	396	73.26
"GAGTTCGAGCGGGGTCACCGTCGCCCGATATGG"	394	73.31
"GAGTTCTCCAGGTCAGAGTGTGTTGCCGCGTGC"	393	73.37
"GAGTTCTGTAACGCATTGGGGCGGTGGTCCCAG"	391	73.42
"GAGTTCGATCGGCCGCAATCGCGGGGTATGTCT"	390	73.47
"GAGTTCACACGGCGCAAAGGATAACATAGGCGA"	390	73.53
"GAGTTCGTTTCTAGGCGGTGTGTCCTGGATTTA"	389	73.58
"GAGTTCGGTCCGTGGTTTTTGAGGGTACCTTTT"	388	73.64
"GAGTTCACGAGGCAAACTTCGTGTTTGTCGATA"	388	73.69
"GAGTTCTTCTTGAAAAGTTAATGTGAAGCGCTA"	386	73.74
"GAGTTCTGAGGGACCCTAGGTTTTTGTATGTGT"	386	73.79
"GAGTTCATTTTTTGCTCCTCAGTCTTTCACATC"	386	73.85
"GAGTTCTTGAACCTTTTGAGAGATCAGGCCGGT"	385	73.90
"GAGTTCCTCTCTCACGCGCGTTCCGTGCCACTG"	385	73.95
"GAGTTCGCTCAGCTCTCCGTTCGGCAGTCGGTT"	384	74.01
"GAGTTCTAACGGATTCCGCTATTCCAGGGGTCT"	383	74.06
"GAGTTCCGTAGATGCGCTATTTGTGTCATCTAA"	383	74.11
"GAGTTCGTCCCGGGGTCGTTACGTCCTCGGTGC"	382	74.16
"GAGTTCCTTAATAACCGGGGATGTTGTTGGTTG"	382	74.22
"GAGTTCTGCTGTTGTAGCACAGGTCTGAAGTCC"	381	74.27
"GAGTTCATAGTGAGTCTGATACAAGTCTGGGGA"	381	74.32
"GAGTTCTATCGGCCACAGGGTTCCCGTGATCCA"	380	74.37
"GAGTTCGCCTGCACTCGGGGTAGTTTGGGATCT"	380	74.42
"GAGTTCCGACGTTAATATTTGGTGTAGAGCATC"	379	74.48
"GAGTTCCCGGTGTTCCAACCCGAGTGGTCGCAA"	379	74.53
"GAGTTCTTGTGAAATTGGCGGGAGACGGCAGTT"	378	74.58
"GAGTTCGACAGTCTCTCCTGTGGACGCCAGCTT"	377	74.63
"GAGTTCACATCGGTAGATTCGTTGGGTACAACC"	376	74.68
"GAGTTCGTGGGCATATCTGCGCGACGTAGGTGA"	374	74.74
"GAGTTCCGGTTCAACGTAACGAAGCCATGTGCT"	372	74.79
"GAGTTCAATCCTTCGCCAGCCGCGTGTAGGCGG"	372	74.84
"GAGTTCTTATACGGTGCAAGGTGGGTCTTGTGC"	371	74.89
"GAGTTCTATAGGGACGCGGGGTCCGCGGCCCGA"	370	74.94
"GAGTTCTACAGTTGCCGTGAGTGTCATTGGAGT"	370	74.99
"GAGTTCCTGCGGCGACAGTGGGATCGCCGCTGT"	370	75.04
"GAGTTCGTCCCGTGAGGAAGGGGTTGGTCGACT"	369	75.09
"GAGTTCTATTGGCCCCGCCGGTTAGGGGTGTTG"	368	75.14
"GAGTTCGCAGTTCATGTGAGGGGATGTCTGTCG"	368	75.19
"GAGTTCCACGCGTTATCCTTTAGAACGGGTTTC"	368	75.24
"GAGTTCGCTGTGTCTTATGTGGGGATTTATGGC"	367	75.29
"GAGTTCTCTGGTTGACCGAGAGTTAGGTGAGAG"	366	75.34
"GAGTTCTCCGAAACTGGCCTTTCTCCTGGTTGG"	366	75.39
"GAGTTCCATTGGAGACCATTCGTTTACGCATTG"	366	75.44
"GAGTTCGCTAAGTTTACCTTTACAGCCCAAACA"	365	75.49
"GAGTTCGCTAGCTTGGGTCGGTCTTTTTCGCTA"	364	75.54
"GAGTTCGATCGTCAATGTTGGTGGTTCCCGTTT"	364	75.59
"GAGTTCCACCATGAGCCTAAAAGGTTTAGGCGC"	364	75.64
"GAGTTCTAACGGATTTCGTGGTCGCTAAGGGGA"	363	75.69
"GAGTTCGACGAGGTGGAAGGCGTGTGAAGTTCC"	363	75.74
"GAGTTCTGGCAGTAGTGAGCAGGATTACTAGGT"	361	75.79
"GAGTTCTATATGGAAGGTAGGTCGGTGCTGGAC"	361	75.84
"GAGTTCGTTTCGTAAAAGTCTGGATGGTTAATA"	361	75.89
"GAGTTCAATGGTCAGTACTCAGTCTACTGGCGT"	359	75.94
"GAGTTCTGGTGAGATAGTTGTATCGTCAGGGGG"	358	75.99
"GAGTTCTCAAGGAACTCTTTGAAGAAGGGGCGA"	358	76.04
"GAGTTCAGGAGTTTGTTCTAATATCCATGGGGC"	357	76.09
"GAGTTCGGACGGTGCATACGAGAAGTTGAGCGC"	355	76.14
"GAGTTCGCTGGGTCGTTGGCGTCCGAGATTTCA"	354	76.19
"GAGTTCAATTGATGGAGAAGTAAAATTTTTGTC"	354	76.24
"GAGTTCGTAAGGGAGGCCTCCGGAGGCCGTCCG"	353	76.28
"GAGTTCGCCCGGCCTTGCGTATTAATGTCTCGG"	353	76.33
"GAGTTCGTGTCTCGGACAGTCCTGACGCATGTC"	352	76.38
"GAGTTCTGGGTAGGTCAATAGGCGTTGCCCGTT"	350	76.43
"GAGTTCCGACGATAGTGGATAGGCGATAGTGTC"	350	76.48
"GAGTTCTTGTGGCGGTGACCCTTCGCCTGGCTT"	349	76.52
"GAGTTCTTCTGTGAGAGGCAGGGGCATGGAGAC"	349	76.57
"GAGTTCCAGCAGAAAGCCGTCGTCTCGTCCGGG"	349	76.62
"GAGTTCGGTCGGCTCCCGGATGTATGGGGGCTC"	348	76.67
"GAGTTCAATTGGGTTCCGGAACGTCTGGTGTCA"	348	76.72
"GAGTTCTGTAGAGTTGCGAGGTTTGGTCTCTTC"	346	76.76
"GAGTTCTGGCAACGGAGAAAGGCCTTTCGCTCG"	346	76.81
"GAGTTCTAGTGACCGTGCTACAGGCAGACAGTA"	346	76.86
"GAGTTCGTCAGGGGGTGGGGTCCGCTTGCTGAG"	346	76.91
"GAGTTCGGTGAGGCGTGTGGTTGTTTCTAGGTT"	346	76.95
"GAGTTCGGCACCAGGTAATCAGTAGCTCAGGGG"	346	77.00
"GAGTTCGCGGGTCATGCAAGCGACTTTCGTGCG"	345	77.05
"GAGTTCAAAAGCGCGCTGGAGCTGCGTGCGAAT"	344	77.10
"GAGTTCCGCGTACATCGTCGTCGGTGTCCAGTA"	342	77.14
"GAGTTCTCCGGTAAGCAGTGAGGACGGGGGCGC"	341	77.19
"GAGTTCTATAGTTGTCATGCTGATCGTCTCGGG"	341	77.24
"GAGTTCTGCACCTTCCGGGGGTTGTTCAGATGG"	340	77.28
"GAGTTCGCTGGCAGCGGCAGGTGATCGGGGTCT"	340	77.33
"GAGTTCCTTTGATTGGACTTGGAGTTTGTCTCA"	340	77.38
"GAGTTCATTCGTGCTCCGGTATACCAAATGGCG"	340	77.42
"GAGTTCTGCTTAAAGACCATGTTGGTGTGCCCC"	339	77.47
"GAGTTCGAACGGGTATGCTGGACGTGATCAGTG"	339	77.52
"GAGTTCACTTGTCGTGTGGAGGGTGCGAAGTTT"	339	77.56
"GAGTTCGGCCCCGTTGCCCTGGTGTTATCGCAA"	337	77.61
"GAGTTCCGTCATAGGCTTCGGCATTCGGTGTTT"	337	77.66
"GAGTTCTTGAGGCACCCCGGGGGATCTCGTGGG"	336	77.70
"GAGTTCTCACTGAGGAATGTGCGATTTCGGTCG"	336	77.75
"GAGTTCGTCTGCCAGTGGTGTTGTTCAGAAATG"	336	77.79
"GAGTTCTTCAGAGTGGTTGGTTTCTTGACGTGT"	335	77.84
"GAGTTCGGTTGCCCTCCTACGGATTTACATCTG"	335	77.89
"GAGTTCTTCTTAGCTCTGGGTCTAGTAGTGAAA"	334	77.93
"GAGTTCTACAGTCATGAGTGGCAAATGAAGCCT"	334	77.98
"GAGTTCTTTGATGAGGTTTGATGGGCAGATCGG"	333	78.02
"GAGTTCGTTCTTCGGTCGGGGGCCAAAGTTTGC"	332	78.07
"GAGTTCCACCGGTCCTGCAGTGATCGGCAGCGC"	332	78.11
"GAGTTCAGTTTGTTCCGTGCATGTATATAAGTT"	332	78.16
"GAGTTCGCTAAGCCTTGCGGGTCCTGTCCACGT"	331	78.20
"GAGTTCTCGTGCTTTATGATATCTCAGTGGAGT"	330	78.25
"GAGTTCGGGACGACCTTGCCGCGTGGAGGCGAT"	330	78.30
"GAGTTCGGCTCTGTCCACGCCTGACAGGGGAAA"	330	78.34
"GAGTTCGTTCGTCCCCGACCCAGATGTTGGCTA"	329	78.39
"GAGTTCGGGTTACGACCGTAGTGGTAAGGAAGC"	329	78.43
"GAGTTCTCTTCGGACCTCCTTGGAGCGTGGTTT"	328	78.48
"GAGTTCTACGGCTCGAGCATAATATTTGTCTGG"	328	78.52
"GAGTTCGGGGTTACCGTCCTGAAGTACCTATAG"	328	78.57
"GAGTTCGATTGGGAGAAATGTTATTACAGGGTG"	327	78.61
"GAGTTCCCATGGAAGTTAGGTGTATTTCCGATA"	327	78.66
"GAGTTCGGGCCCGCTCGTCTGGGTTGTTAGTTA"	326	78.70
"GAGTTCTTGGGGTGCGAGAGGGGTCAACGGGTT"	325	78.75
"GAGTTCAGCTGCTGGTGACATTGTTGTTGGCGA"	325	78.79
"GAGTTCAGTCGTTCGTCGTCTTCCTTGAAAAAA"	324	78.83
"GAGTTCTCCAGTTTAAACGGGTAGTTGCATGCT"	323	78.88
"GAGTTCTAGTGGCATCACTGATTTGTGGTCCGG"	322	78.92
"GAGTTCTGAGTCGGTGCTCGGTATATTCGTAGG"	321	78.97
"GAGTTCTTTCAGCCCGCATTGGAATTTGCGGGG"	320	79.01
"GAGTTCTTCTCTAAGCATTCTGGGTCCTGCAGA"	318	79.05
"GAGTTCTTCCGGGTGCGTCGAGATGCTTCACGA"	318	79.10
"GAGTTCGGGCGGATTCGAGAGGATGGTCATGGC"	318	79.14
"GAGTTCATAGGAAATTACGAATCTACTGGGCGG"	318	79.19
"GAGTTCACATGTTCCCAGGTTGTTGGATGATTA"	318	79.23
"GAGTTCGATAGTTGGGCTCGAATCGCTGCTTGC"	317	79.27
"GAGTTCCGAAAAACGGCAGGCATTGATGGGGTA"	316	79.32
"GAGTTCAGGTCGAACGAGAGTTTAACGTTTCAG"	316	79.36
"GAGTTCTTGAGTGCAGCGGCGTCGGGGGCGCTG"	315	79.40
"GAGTTCTCTTGATAACTATTGTGGTCCTGGGTT"	314	79.45
"GAGTTCGTAAGGCAGGCGGTATCTCTCCACGCA"	314	79.49
"GAGTTCTAGGTTTTCCTCCGATGAGGGTCGGCT"	312	79.53
"GAGTTCTCCCAGCACCAGCAGTGGTCTGCCCAG"	311	79.57
"GAGTTCCACGCCGCCCTCTGGGGCGGCCAGTGG"	311	79.62
"GAGTTCTGACGTCGACGATGTCGCATCGAGTGC"	310	79.66
"GAGTTCTCGGGAGAGAGGACATCTCTATGCGGT"	309	79.70
"GAGTTCTACCGGGAGGACTGTTCATCGTGGAGT"	309	79.74
"GAGTTCGAGTCAGATTCGCGGTGTTGCCGATGC"	309	79.79
"GAGTTCACGTGCTCAGCTAATTCCTGAAAGGCC"	309	79.83
"GAGTTCTGGCCGCACGTCCTTGTGCGACGAGGG"	308	79.87
"GAGTTCTCACGTGACGCCAGGAGGTGCCCAAAC"	308	79.91
"GAGTTCGGGGGGCCCCCATTCGCAGCAGCGGCG"	308	79.96
"GAGTTCGTCCAATATCGAAATGGTCACTTGGGA"	307	80.00
"GAGTTCTACCGATGTTTGTAGTTCTACGACCTC"	306	80.04
"GAGTTCGTCAATCAGGTATAGGTCTACGTGCGC"	306	80.08
"GAGTTCGGCAGACGCGTTTGGCCGTTTTAAAGG"	306	80.12
"GAGTTCGCCTTGCGGTTGTGGGAGCGTGGTGTT"	306	80.17
"GAGTTCGTTCTCCCAAAGAAACGTGTAGTGTCC"	304	80.21
"GAGTTCGGGACATTGGGTTGCTGAGCTCGGGTA"	304	80.25
"GAGTTCAAGTGAATTAGTCGGAAGCCTATGTTG"	304	80.29
"GAGTTCGTTCGGGGCAATCGTAGACGGCGTTGC"	303	80.33
"GAGTTCTCTACCTCGTGCATTCAGGTTCCGAGA"	302	80.38
"GAGTTCTCCCAGATCGCGTTAGGTCTGGCGCAT"	302	80.42
"GAGTTCGTCCGGCAGTTAACAATCGGGTCGATG"	302	80.46
"GAGTTCGAGTGATAGCGGAGCCGGTGTCGAGCC"	302	80.50
"GAGTTCGAACAACACTGGCATATATATATCGTA"	302	80.54
"GAGTTCCGGGGCGGGGTGAGGCGAACCGCTGGT"	302	80.58
"GAGTTCTTCCGAGAGCTCGGGGCTTATGTAAAC"	301	80.62
"GAGTTCTGTTTGTTGTATGGGTGCGCGGGTAAA"	301	80.66
"GAGTTCGGCTGGTCAAAGGGGTGGCAACGGCTC"	301	80.71
"GAGTTCTCGGCATAACCCAAAGGGCGCATATGT"	300	80.75
"GAGTTCTCGACTTAGCGGGATTTTGCACCGTAA"	300	80.79
"GAGTTCATGCGGGATCGGGCGCGGTTGCGGTTG"	300	80.83
"GAGTTCCTTATTGGTCTCCGTGTATTGGCCCGG"	299	80.87
"GAGTTCAGCCCGTCTCTGTGGTACAGTTCGCTT"	297	80.91
"GAGTTCTTTCGTCTCCGAGCTTGTGTGGGGCTA"	296	80.95
"GAGTTCTTATGTGACCGGTGGGTTATAGTCTAT"	296	80.99
"GAGTTCTCGGCTCGATGTTGGTCCGGTGTGCCG"	294	81.03
"GAGTTCTATTGTGCCTCTGAGTAACAGATGTGC"	294	81.07
"GAGTTCGTCGACTCGCCGGGCCGTTGTGTCTTC"	293	81.11
"GAGTTCGATCTTGAGACTCCGCTTCTCAACGGG"	293	81.15
"GAGTTCTGGTGGTTTAAAGTCCCGATCTCGTAT"	292	81.19
"GAGTTCGGTCACCAGTCAGTACTTACCACGTGT"	292	81.23
"GAGTTCCCATAGTATCGAGCATTGCGCTTCTCC"	291	81.27
"GAGTTCAGTGCTGAATCTCCGATTTCGTTCGGA"	291	81.31
"GAGTTCTTCCGTGTATAGTAGCGAGTCTGGCTC"	290	81.35
"GAGTTCTGTCTTGTGGGGATGATTCTAGGGAGC"	290	81.39
"GAGTTCGCCTGGTGTGGAGGGGATGTTTTCCCC"	289	81.43
"GAGTTCCCCGCGGACCTTCTTGGGCGCGCGCGT"	289	81.47
"GAGTTCTTGTTTGGGTAGTAGCGTCTGCAGTTT"	288	81.51
"GAGTTCGCTGGGGGGCGCGAGTGACTAATGATA"	288	81.55
"GAGTTCGCGCTAGTACTGGTAGGCGTTTCCGTA"	288	81.59
"GAGTTCGCAACGCAGACGGGCTCTTAAATTATT"	288	81.63
"GAGTTCAGAAAGCTGACAAGGAACGGCGCATGT"	288	81.67
"GAGTTCTTGTGTACCGTATATGGAGGACTGTAC"	287	81.71
"GAGTTCGTCCCTCCAGAAATGTTATAACTTGTT"	287	81.75
"GAGTTCACAAGTTGGGGAGTGAAACAATGGGAC"	287	81.79
"GAGTTCTCTTATTCTTCTTCTCGGTCTTTCTTC"	285	81.83
"GAGTTCGTGCGTCAGAATGGAATTATGCCTCCC"	285	81.87
"GAGTTCGTCCACTGTTTTTAGGTTTGATCGGCG"	285	81.91
"GAGTTCATTTAGGAGGGGTCGTTTTTGGGCGCG"	285	81.95
"GAGTTCTCTGGCCTCTTGGCGCCCGTGTTCCCC"	284	81.98
"GAGTTCGGTAGGATTGAGCCCTCAGCTCGGCTG"	284	82.02
"GAGTTCTTAGATAGCGGGGTAGCATCAGTGGAA"	283	82.06
"GAGTTCAAGCGTGTAGTTTCGCAATTGGTAAGA"	283	82.10
"GAGTTCGGCGAGTTTACGCGGAGTCTGTGCTCA"	282	82.14
"GAGTTCGATCAGGACGGAGGGTCAGTCAAAAAA"	282	82.18
"GAGTTCGAATGGGTCAGTCTCAGCACACGGCCG"	282	82.22
"GAGTTCATTGGCACGTTGCGCCTGCCGGTGTGG"	282	82.26
"GAGTTCTGCTTGAGGTCGGAAGGAGGTCGGACC"	281	82.29
"GAGTTCGGTCAGTCGGTCCGGATACTGCGAGGC"	281	82.33
"GAGTTCGGTAGTCCTCAGTAGGATGTTAATTTC"	281	82.37
"GAGTTCAGAACCCAACCTAGGGGTCCCCGCCGC"	281	82.41
"GAGTTCACCTTAAGATGTGGAGATTGCACCGCT"	281	82.45
"GAGTTCTAGGGTTCGAGGTCTTGCCGCTTCTTG"	280	82.49
"GAGTTCTAGCGGGCGCGGTGAACGCCATGGACT"	280	82.53
"GAGTTCAACATGTCAACGGGCCGCCTGTTTATG"	280	82.56
"GAGTTCGAGGGAGCGGAGAGAAGATGGGGTTCA"	279	82.60
"GAGTTCTATAGGTCGTGGTGAGCACAGGCAGCC"	278	82.64
"GAGTTCCAGGGTTCGGGTATTCGTCGAACGTTC"	278	82.68
"GAGTTCAAGGTGGAGAGAAGGCGAGATCCGTGA"	278	82.72
"GAGTTCTAATGAAAGATGAATGAACTGAAGAAT"	277	82.76
"GAGTTCTACTTGCTGCCAGGGAGGGTTAAAGTT"	276	82.79
"GAGTTCGAGTGTGGGAGGAGTTGATGCGTGCTC"	276	82.83
"GAGTTCAGTTATCACCACTAATTTTCATGGGGG"	276	82.87
"GAGTTCGGTCTGTGGCCGGCTCTACATATGAGG"	275	82.91
"GAGTTCGGAGGAATCCGGAGTGGACCAAGGGTA"	275	82.94
"GAGTTCAAGCTTAGTGTGCGGGGAAATCTTAGA"	275	82.98
"GAGTTCTGTCGTGCAGTGCATAGATCTAGGTCG"	273	83.02
"GAGTTCTGTCGGGCACTTGAAGACCAACGTCCC"	272	83.06
"GAGTTCTAGCGACCCGTGTCCAGTAGTCAGGGT"	272	83.09
"GAGTTCGGAGTTAGATTCTGTTCTCCTGGAATT"	270	83.13
"GAGTTCTATCTATTAGGATCGAATCAAACCCTC"	269	83.17
"GAGTTCGATATCGCGTTGCAGTGGCGTAGAGCA"	269	83.21
"GAGTTCGAATAGGGACTCTGTCCGCCCGTTCCC"	268	83.24
"GAGTTCCAGGGTGGTCCCGATTTCTAGCGCGTG"	268	83.28
"GAGTTCGTCGGCCGGATTGGGAATCTAGGATGG"	267	83.32
"GAGTTCCTCCCGCGCTTAGCCGGTTGATGATGG"	267	83.35
"GAGTTCGGTTGTGTGAAATTTTTTTTAGGGGTT"	266	83.39
"GAGTTCGCGCAAGAATGGATACTGGGAAGAGTC"	266	83.43
"GAGTTCGAGCCGGGAGCTGGTTCACATTGGCTC"	266	83.46
"GAGTTCCGGTAGTTTTGGGGGTGGCCGCTCACC"	266	83.50
"GAGTTCTACCGTGGGGGCCCATTATTTCACCCG"	265	83.53
"GAGTTCGGCTATGGGATGTCCCGAGAGGGTCGT"	264	83.57
"GAGTTCGCCGAGGGTAAGGATCGATAGGCCTGT"	263	83.61
"GAGTTCAGTCTATTATGGTAGCAAAGGGTTGAA"	262	83.64
"GAGTTCTGTTAGGGTTTCTGGGTAGATTGGACC"	261	83.68
"GAGTTCTCAGATCCGTTTTTCGGCAATGGGCTT"	261	83.71
"GAGTTCGGCACTGACATCTGTTCCCGCTGGAGG"	261	83.75
"GAGTTCGATGCGTAGATGAGTTGAGTAAGGTCC"	261	83.79
"GAGTTCCGCAAGCCGTTATCGTCTGTGATGCAG"	261	83.82
"GAGTTCTCCTGGGTCTTCTCGTAATTAGGCGTA"	260	83.86
"GAGTTCTTTCGGCTCGGCGGACACCCCTTTTAG"	259	83.89
"GAGTTCTGTAGGTATCAATTGTGAGCTCGGCTC"	259	83.93
"GAGTTCTACTAGGCAGAGAGTAGAGCGGCGTCG"	258	83.96
"GAGTTCGGCGCGGATGAATCTTCACGCACCGCG"	258	84.00
"GAGTTCTTTTGTCGGTGGACCCTGTTGAGGCCG"	257	84.04
"GAGTTCTCTCTGGATCGTGGGGGCTCTCGTTGC"	257	84.07
"GAGTTCGAGCGTAAGCACTGTCCGCCCCCGCGT"	257	84.11
"GAGTTCGGCGGGGGGACGTGTGTATCGCAGGAT"	256	84.14
"GAGTTCGCACAGGTTTCTTAGTGGCTGCCCGGT"	256	84.18
"GAGTTCGGGGGTATGTCCTCGGGTGCTCCCCCC"	255	84.21
"GAGTTCGGGCGTATAACTTGGAAATAGTCGCGC"	254	84.25
"GAGTTCTTCGGTTATCAGGGAAAAAAACGGGTA"	253	84.28
"GAGTTCTCGGGTCCGCGTTCACAAGAGTGTTTA"	253	84.32
"GAGTTCTCCCGTCCACGCGGACCTGTCTCTGCC"	253	84.35
"GAGTTCGAACGGCAACGTTCTAATCCATGGGGG"	253	84.38
"GAGTTCTACTTGTATGTTAGCCGAGTTCGGTTA"	252	84.42
"GAGTTCGTGATTATCATAGGTCACGTTCAATTT"	252	84.45
"GAGTTCGGCAGGGATGTTAGTTAATTCGGTCCA"	252	84.49
"GAGTTCGAGCCGACGATGGTAAGGGACTATGGA"	252	84.52
"GAGTTCACTCATGATACCTGTAAGCGACGTATT"	252	84.56
"GAGTTCTTTTGGCGTCCATTGGGAGGCGATGGA"	251	84.59
"GAGTTCTGTAGTACGCCGTCGGGAGAACATGGA"	251	84.63
"GAGTTCTAGCTTGACGTTTCCTTATGGCCGTCC"	251	84.66
"GAGTTCGGATAAGCGATGTATTAGCCGTACCTT"	251	84.70
"GAGTTCTGCAACGTGACGTGACGGAGTCTTGTG"	250	84.73
"GAGTTCGGCAAGTGGTCCGGTATGCGGCTAGGC"	250	84.76
"GAGTTCTTCCGGTGGTTTGCTGGTTAGAACCGT"	249	84.80
"GAGTTCGATGCTCAATTTCGGTGCGGTTGGGGG"	249	84.83
"GAGTTCCAAGGATGCTTGAGAACGTTTGTAAAA"	249	84.87
"GAGTTCGGCTGTGTTGAGTAGTATGGGCTGATT"	248	84.90
"GAGTTCGATTCTCGCTTGTGTCTGGTCGTTCGC"	248	84.93
"GAGTTCCGGTGTTTCGGCTGTTGGTGGCCAACC"	248	84.97
"GAGTTCTGTCCGCGTCCCGAAGTATTCTAGTCT"	247	85.00
"GAGTTCTCCAAGATGTGTCCAAGTCATGGGCTA"	247	85.04
"GAGTTCAGGATTAGCAGGGACTGATAACTATTC"	247	85.07
"GAGTTCCAACTGTACCCTCTCCTCTGTTCGTCT"	246	85.10
"GAGTTCTCCGCCATGCGTGGAGGTCGGGAACGA"	245	85.14
"GAGTTCGTCACGATCCGTGGGAGACCCGAGCGA"	245	85.17
"GAGTTCTTTTTCTAGTTCCAGAAGTTTCGAAGT"	243	85.21
"GAGTTCTTGGCTTCCTCCGTCGGGCTGTATGAT"	243	85.24
"GAGTTCGCGTGCTCACGCAGCTACGTGTCGTGG"	243	85.27
"GAGTTCCATTGGGATTGATGTGGTAGTATATGC"	243	85.31
"GAGTTCAACCGTCTCACTGGGTCAAGCCAGTCT"	242	85.34
"GAGTTCGGACGATGTGCCTCCATTGGCGCAGGG"	241	85.37
"GAGTTCTTACGTTCGTTGGTATCTTTCCGGGGA"	240	85.40
"GAGTTCGTTAGGGGTAATTCGGATTGCATAGGG"	240	85.44
"GAGTTCTTTTGTCAGCTACGGTGCAGTCTTCCG"	239	85.47
"GAGTTCTTCTGGGCCTCCTTCTTATTTGGCGCT"	239	85.50
"GAGTTCGCGGCTATGGTGCGGAAGTTTCTGTCC"	238	85.54
"GAGTTCTCGCGTAAAGTTAGGGGTATAATCGAC"	237	85.57
"GAGTTCTACTGGATGTGCGCTGCGCGCAATCGG"	237	85.60
"GAGTTCGTTCGTGAGCGAAATGGGCCGTCGGCC"	237	85.63
"GAGTTCTGTTCGGGTGTTAAGTTGTATCTAGGA"	236	85.67
"GAGTTCGATCGGCAGAAAAGGCAGCTGTATGAG"	236	85.70
"GAGTTCACGGGTCTTGTGTGGTGCTACACGTTT"	236	85.73
"GAGTTCGGTTCGTTTTCTAGATCGTATGTCGTT"	235	85.76
"GAGTTCGCCAGGCCACTGAGGGCGTACAACTAG"	235	85.80
"GAGTTCAGGTGGTAGAGGACGTGCCTTCGGTTC"	235	85.83
"GAGTTCTCCTGCCCCCGGTGCGGACTGATTCGG"	234	85.86
"GAGTTCGGTAAAGCGTCTTGGTATCTTCTCGCC"	234	85.89
"GAGTTCGAGAGTTCGCCTGGCCGTTGGCGTGTC"	234	85.92
"GAGTTCGGTGGGGGGCCGTCCGCTCGGTGGCGT"	233	85.96
"GAGTTCGACCGTTGGAAATCGCAGCAGGGGTTT"	233	85.99
"GAGTTCCGTCGTCCGTCGTCACCATCATATAGG"	233	86.02
"GAGTTCTCTTGTGTTCTTAGAGTCCCATGTTGG"	232	86.05
"GAGTTCCTGTTGCCCGCACGGCGTGCGCATTCT"	232	86.08
"GAGTTCCGTCTGTTTCAGTTGCTGTTTATGTGC"	232	86.12
"GAGTTCAGTCAGCCGTAACGGAACTGTGGGGAA"	232	86.15
"GAGTTCAAAGTCGCGAGGTGTACTTTACGGTAC"	232	86.18
"GAGTTCTTTAGGGCTCCAGTAAGGCTTGGGCTA"	231	86.21
"GAGTTCTACTGGGCCCGCAGGCAAGGACGGGGG"	231	86.24
"GAGTTCGGCAAAGAAGCTTCGGAGTCTCAGTAT"	231	86.27
"GAGTTCGCTTGGGAGGGGTGGGACTGGATGGAT"	231	86.31
"GAGTTCTATCGATATCTTTCATCACTTCCAGGT"	230	86.34
"GAGTTCCAAGAGGATAGACGTCATTGGGCGGAC"	230	86.37
"GAGTTCTACTTTTCTGCTGGACAAGCACCGTTA"	229	86.40
"GAGTTCGTGGGTTCAATTGGCGTTCGATGGCAG"	229	86.43
"GAGTTCCATTGTGATCTGTAAGGCTTGCGTACC"	229	86.46
"GAGTTCCATTGTGAGTTACAGTTTTATTCCTCA"	229	86.49
"GAGTTCTCCTGGGCTGCTCGGCGATCGCGGTAT"	228	86.53
"GAGTTCTGTCGGCAAAGTTGCTGACGGTCTAGA"	227	86.56
"GAGTTCGTGTCCTTTCTCCCGCTGGATGGGTAA"	227	86.59
"GAGTTCGTGCCAGCCGAGCGCCAGGATGTGTAC"	227	86.62
"GAGTTCCCACAGTCAGGGGGACTACGCCGACGT"	227	86.65
"GAGTTCTTCTGGCAAGTCCGGTGTCTGGGCGGT"	226	86.68
"GAGTTCTGTTATGGTTCTAAGTGATACCGTTGA"	226	86.71
"GAGTTCGCTGTGGATTTTGGGGTATGGTTGGCG"	226	86.74
"GAGTTCAGAGTTCAGTAAGAACGTAGGTCGTAG"	226	86.77
"GAGTTCACTCGGTGGTCATGGGTTTTACTGGGA"	226	86.81
"GAGTTCTTGTGAAGTGGCGGTGGTAACAATACG"	225	86.84
"GAGTTCTGGCGGCCTTAGAGGGGTGGAGTGGGA"	225	86.87
"GAGTTCTCAGATAATTCATAATGTGCGCACTAG"	225	86.90
"GAGTTCTCACCGCCATGTTCCTGCCAGTGATTC"	225	86.93
"GAGTTCGCCGGAAGGCCGTAACGTCTCCGTTTA"	225	86.96
"GAGTTCCGCTGGCACTTGGTGGGGCACGGGTAC"	225	86.99
"GAGTTCACCTGGTTGATAATGCACTAATACCCT"	225	87.02
"GAGTTCTCTGCGTATGTACGGAATGGTTGAAAT"	224	87.05
"GAGTTCTATACGGTTCTCGGGAATTGAAGGGAT"	223	87.08
"GAGTTCGCTTAAGAGGTCGGGAAGGGGTGATCC"	222	87.11
"GAGTTCGCTGCCGGGTAGTGGTTCCGGCCTTGC"	222	87.14
"GAGTTCGACCGAACCGTGACTCTGCACGGCGAT"	222	87.17
"GAGTTCCATGGTTCAGCAGATGCTGGTACCTCT"	222	87.21
"GAGTTCTAGCGCGGGCGCCAATGACCCACGCAT"	221	87.24
"GAGTTCAGCTGGCCGGTCGTTATCGCAACGTCA"	221	87.27
"GAGTTCTGGGTGAGTGAGACCCCATCGTCGAAA"	220	87.30
"GAGTTCGTGTTTCCCATGTTACATAATAGTGCA"	220	87.33
"GAGTTCGTAGTCGTCGTGTCAGGATGGGCGTTC"	219	87.36
"GAGTTCCACCGACTGTCGAGGTTATAACGGCCG"	219	87.39
"GAGTTCAGTCTCGATTTTTCAAGTGGGCGGTTT"	219	87.42
"GAGTTCGCGCGGTCGCGTAAGCCGAACTCCCCG"	218	87.45
"GAGTTCTTGCGGGGAGCGAGGCTACAGGCACAC"	217	87.48
"GAGTTCTCTCGAGTTCGTTAGGGGGACCCCGCT"	217	87.51
"GAGTTCTACAGGGCGTTTTGGTTGGGGGGGGCC"	217	87.54
"GAGTTCAACCGCTGCCTTGGCGGAATCGCTTTT"	217	87.57
"GAGTTCTTACCGGTACTTGGCGTAGCTGTTGCC"	216	87.60
"GAGTTCTGTTAATGGTGGGTAGGGTTAGCGCTA"	216	87.62
"GAGTTCGCCCGGGGTGCATCGCCGAAGGTGACC"	216	87.65
"GAGTTCGATTGCACACGATGCTAAGGTTTGCGC"	216	87.68
"GAGTTCTGAAGTAGTCTGTTAGATTCTCTTCTG"	215	87.71
"GAGTTCTCATGACACCGGTGCGCAATGTCGGTT"	215	87.74
"GAGTTCCGAGGTGAGGGCTCATGTGACCATGGG"	215	87.77
"GAGTTCTATCTGCATGTAGGTTGGGGAAGGGGT"	214	87.80
"GAGTTCTACTGGAATGGTTAGAAGTCCTATTGA"	214	87.83
"GAGTTCTACTAGACTCGGGGGGACAAAGAGTGG"	214	87.86
"GAGTTCTACGGATTCATGCATTAGGTCCGATTG"	214	87.89
"GAGTTCGTGTCGGCGTCGTGGTTTAGGAGGCCC"	214	87.92
"GAGTTCGTCTGTTTAACGAGAGCATCGGCTGCC"	214	87.95
"GAGTTCCGGTAACCCTAAACGAGTGTTCGCTGG"	214	87.98
"GAGTTCCATGACAGATTCGGATCGAGGCACGGT"	214	88.01
"GAGTTCAGGAGGGGTCAAGGCCAAGCGTGGCCT"	213	88.04
"GAGTTCTGATGGCCCAGCTATGAGCCTAATTCA"	212	88.07
"GAGTTCGAGAGGGCGTACGCGCGAGCGAGGCAG"	212	88.10
"GAGTTCACCGGGGATATGGGTTATTTTATACAC"	212	88.12
"GAGTTCTTTCGGTTGACTTCTAGTTGAAGGTCA"	211	88.15
"GAGTTCGTGAGGAGGCTCCTGTTCTTGTTCTTC"	211	88.18
"GAGTTCGATCGGGCCTTTGAGGCGTACCCCTCC"	211	88.21
"GAGTTCTTACGTTAAAACTGGTTACCTCACTCG"	210	88.24
"GAGTTCTCGCGGTTGACGTCCTCTCCGAGTGGG"	210	88.27
"GAGTTCTAGCGGTATTCGGGGAGGCGTCCATCC"	210	88.30
"GAGTTCTCTGACAGACATCGGCCAACTTGTTCC"	209	88.33
"GAGTTCTAGTAGGTGTGTCAGTTCCTCCCCGGG"	209	88.36
"GAGTTCTAATAGAACAAGGACTACCTCATGTCC"	209	88.38
"GAGTTCGATGGTGGTTTCAGGGTGCGATTGCTT"	208	88.41
"GAGTTCTCTTTGTAGTCTAGAGCTAGGAGAGGC"	207	88.44
"GAGTTCGCGGCGCCTACTTTCCTAGGGGCTGCC"	207	88.47
"GAGTTCGATCGGGGAACCGGTAGATCCAGACGC"	207	88.50
"GAGTTCTCCGGGAGTGTCGTGAATTTTAGGGCT"	206	88.53
"GAGTTCGACAGGCCAAGCGGGGGAGTCGCGTTC"	206	88.55
"GAGTTCCTCGCGAGGCCGTAGAGGTATTGTTCC"	206	88.58
"GAGTTCACTGGATACGAAGTGGTCGGACGGAGA"	206	88.61
"GAGTTCAACGGACCTGAGCTATGTATCCCAACC"	206	88.64
"GAGTTCTGGCGTCATTGATTTTAACCTTAATCT"	205	88.67
"GAGTTCTGCTGGTTTCGGCCGTACATCTTGCGC"	204	88.70
"GAGTTCTCACTAGCACGATGGCGAGGAGAACTT"	204	88.72
"GAGTTCTATTGACCTCGGCTGCGGTGGTGTGGG"	204	88.75
"GAGTTCTAAGTCCCTGTACGAGGCGTTCGTCCG"	204	88.78
"GAGTTCGGTTGAACCCACAGGAGGGGTTGGGGA"	204	88.81
"GAGTTCAGATAATATTCGAGAATAATTCCCAGC"	204	88.84
"GAGTTCTTACGGGGTCATCCGATCGGCCCATTG"	203	88.86
"GAGTTCTGTCGCGACCGGCAGCGTAGCTCCCCA"	203	88.89
"GAGTTCCGATTGAGGTTCCTCGCTTGAGGGTCG"	203	88.92
"GAGTTCCAACGATACTTTTCAGATTAAGGGTTA"	203	88.95
"GAGTTCTATTGGAAAAACTGTATTTGCGTCTCT"	202	88.97
"GAGTTCGGTCATAGTGTCCCGAGTGCGATTCCC"	202	89.00
"GAGTTCTTCTATAAACGTAATATAGGCACTCGC"	201	89.03
"GAGTTCTGTAAGGCGGCTCGATTCCTATTGGGC"	201	89.06
"GAGTTCTAATAGTATGTTCGACCGGTGTCAAGA"	201	89.09
"GAGTTCGGCTACACGGGAGGGGCATGTCTAATG"	200	89.11
"GAGTTCGCTGGTCTGGGGAGACGTGGTTTGTGC"	200	89.14
"GAGTTCTAGCAGAAAGTAGGTTAACGCTTAAGC"	199	89.17
"GAGTTCGCCGCGCGCGTTCGACGACGGTCGCGG"	199	89.19
"GAGTTCATTCTGACGTACATGTAACAGCGGAAG"	199	89.22
"GAGTTCATCTGCGGGCACCGGAACCGTCTAACG"	199	89.25
"GAGTTCAACCTGCTGATGGGCGCGTAGAGGACT"	199	89.28
"GAGTTCCATCTACTTCTTCACGCTGTGAGCTGC"	198	89.30
"GAGTTCTTATGATGCGCCTGATGCTGTCTGGTC"	197	89.33
"GAGTTCTGTTAGCCATATAGGGTTCATTAGTGT"	197	89.36
"GAGTTCTGTCGAGGTACTTGACATCCTTTCTAT"	197	89.38
"GAGTTCTCTCGGAGTCACCAAGTGTCGGCATGC"	197	89.41
"GAGTTCTATGGCCCGCCTTCGTAAGTAACCAGA"	197	89.44
"GAGTTCGTCAGGGCTTAGGATGAGTATTTGATT"	197	89.47
"GAGTTCGGGTGGATACTGTCATGTTTCTGAGTA"	197	89.49
"GAGTTCACCGGGTCGTTTGATATGGGGTGGTGA"	197	89.52
"GAGTTCTCGAAGCCGACGAGGGATTGGCCGGTG"	196	89.55
"GAGTTCCGGGAATGGCGTCGGTGCTATACTTTA"	196	89.57
"GAGTTCTTGGTAAGCCTTAGACGACTGTAGCAC"	195	89.60
"GAGTTCTTCGTGATTCCTTTAGTGCCTTTGCGC"	195	89.63
"GAGTTCTCTCGAAGAGTCGAGAGCTATGCGCCT"	195	89.65
"GAGTTCGAGGGGGAATTGACACAATCTCCAACG"	195	89.68
"GAGTTCTACTGCTAGACGTCCCGGCACAGCTGA"	194	89.71
"GAGTTCGTTTATGGATCTTTGCATATGTAATTC"	194	89.73
"GAGTTCCTGAGGCATGAGTGTGTTGCTCGTGCA"	194	89.76
"GAGTTCACGTGTTCTATTGGAGGAGTTGTAGCA"	194	89.79
"GAGTTCACAATGAAGTGAGGCGTAATGTACAGA"	194	89.81
"GAGTTCGGCTGATTTTTTTAGTGAGTCGGGAGG"	193	89.84
"GAGTTCGAGCCGGCGGGATGTGGGCTGACATTC"	193	89.87
"GAGTTCCTCCATTACGGCCGGTTTTTTTTTAGG"	193	89.89
"GAGTTCCAGAGTAACAGGTTAGTCTGTTTGTCT"	193	89.92
"GAGTTCTGCCATCTGAACTGGTGCCCGGCGTCG"	192	89.95
"GAGTTCGCGGGGTCCGACTACGCGGGTTGCTTG"	192	89.97
"GAGTTCGCACAACGTGTCACGTTTACCAGTGGT"	192	90.00
"GAGTTCCTACGGTTGCCCTGGGCGCTGTGCCGC"	192	90.03
"GAGTTCAGGACTATCCACTCCCGTGAGGAAGGC"	192	90.05
"GAGTTCTCGGGCGATGTTGGAAACCGTTGAAGC"	191	90.08
"GAGTTCGCGTAGTCCTTCCGAGGCTAGGACCAC"	191	90.10
"GAGTTCGCCGATATTGATTGTGGGCGAATCAGC"	191	90.13
"GAGTTCTTGTGGGGTGGTAGGCGATATTTATCC"	190	90.16
"GAGTTCTTCCGGGCTTGACATAAACGGGATGGT"	190	90.18
"GAGTTCGGGTATTCGAAACGGAATCTACGGACA"	190	90.21
"GAGTTCCCCTGTGGACCATTTTTCATTGTGGGA"	190	90.24
"GAGTTCTATCCGTTGCTAGCCTGTATCTTGTGA"	189	90.26
"GAGTTCGGTTCTCCCCGGCGGCATGGTGCCTCG"	189	90.29
"GAGTTCGAGGATGGACAGAGCGTGCGGAAGGGC"	189	90.31
"GAGTTCCGTCGGTACCATCGGGTTTTTCGCGGC"	189	90.34
"GAGTTCCACCGGTGCTTTCGGGGTGCCGGGTCC"	189	90.36
"GAGTTCATTAGTCCTTTCAAAAGCTTCGTGTTC"	188	90.39
"GAGTTCACCAGGCTGTCTTCGTGCTCTCTGCCA"	188	90.42
"GAGTTCGCCTATGCCTCGGGAGGGTAGCGACCG"	187	90.44
"GAGTTCACGGAGGAGCCAGGGGATGGATAGCAT"	187	90.47
"GAGTTCTGACGGACTTGCGGTACGCATGTTCAC"	186	90.49
"GAGTTCGGTAGGAAGTAGTAGTGCGTTGATGCC"	186	90.52
"GAGTTCAGTGGAGGGCTGCACCACCCTCCCTGT"	186	90.54
"GAGTTCTGGGCCTCTTTGGTTATGATGGTAAGA"	185	90.57
"GAGTTCGTCGAAATACCCTGGGTCAATTCTTCG"	185	90.60
"GAGTTCGCAAAATCTTCACGTCGCCTCTGCTCC"	185	90.62
"GAGTTCACGTCCTGGGGGGTGGTTGCGCGATGG"	185	90.65
"GAGTTCTCTTATTCGAGGTATCGGTTTTTCGCA"	184	90.67
"GAGTTCTCCGGTGAGCTATGTGAATGAAGGTTT"	184	90.70
"GAGTTCCTTGGGTCCGTCCTGCCTACGGAGTCT"	184	90.72
"GAGTTCAGTCCGGCTCATGACTTTGGACTACTG"	184	90.75
"GAGTTCTTCTGACATAGGGTAGAAGAAGGGGCG"	183	90.77
"GAGTTCTGTAGCGCGCCGTGTGGGGTTGTCTTC"	183	90.80
"GAGTTCTCGGTGGAAAGTGCACATCTCATGTTT"	183	90.82
"GAGTTCACTCTCGGATTTACGCGTCCCTGGAAT"	183	90.85
"GAGTTCAATCAGTCCGTGGTGTGGCGACAAAAT"	183	90.87
"GAGTTCTTCCGGTGTCCGAGGTTGTCATACGTC"	182	90.90
"GAGTTCGTGAGTTATGTTGGGAGTCTAGAGCGG"	182	90.92
"GAGTTCGATCAGATTCGGGGGTTTCTCCGACGA"	182	90.95
"GAGTTCGAGCGGTCACCGTGGGAGAAGAGTTCT"	182	90.97
"GAGTTCAGCTTATGATGGCGGAGGCGAGGGTGT"	182	91.00
"GAGTTCTTTTTTAGTACATCTCGACGGTGCTTG"	181	91.02
"GAGTTCTCGAGTGTACGCTCAGGAAATTAAGTC"	181	91.05
"GAGTTCTCCTTTCCTCTTGTCTTGGAGTAAGTT"	181	91.07
"GAGTTCGTGAGCTCTTGGAAATGATGTCTAGGG"	181	91.10
"GAGTTCGGGAAGAGTCCAGGATATCGACAACCC"	181	91.12
"GAGTTCGCATTGCGGTGGAGGTGTCCGGGCTGT"	181	91.15
"GAGTTCGACCAGTCTCGCTCCGTATACCTGGGA"	181	91.17
"GAGTTCCCCCTTAACCTCGTCCCGGACGTCAGG"	181	91.20
"GAGTTCTTACTAGAGCTCACGTCACAACTGGGG"	180	91.22
"GAGTTCTGAGCGTTCATAGTGTTTGGTAGGTTG"	180	91.25
"GAGTTCCTCGTCTCCCTGTTTGGGATTCCGGTG"	180	91.27
"GAGTTCCATGTCCCTCAGAGCGTTCTTTGGTGG"	180	91.30
"GAGTTCTGGGTCAACCCCCGACATCGACGTGTT"	179	91.32
"GAGTTCTCGAGTTCCACTGTTGTGGCTTTCATT"	179	91.34
"GAGTTCGGCTGGTCTCGAGCGTGGATCGGGACC"	179	91.37
"GAGTTCCGGTCAACGACCAGGTATGAGAGGACC"	179	91.39
"GAGTTCCGCTACCCAGGTCGTGCAGGTGCGCAT"	179	91.42
"GAGTTCGCGCATATGGGATGTGGCCACTGACGT"	178	91.44
"GAGTTCGATTGAAGACGATGTGAAGACGCGTGC"	178	91.47
"GAGTTCGATAAGTTAAGGAGTTCTCTCCAGGAA"	178	91.49
"GAGTTCGACTGATGATTGTGGTACCACCGCGAA"	178	91.52
"GAGTTCGCGCCGGTGCCGCGAAAGATGCAAACT"	177	91.54
"GAGTTCGATTAGGAGTGTGCCGGTTCTTACGCA"	177	91.56
"GAGTTCATTCGTCTCGTTCAATCGAGTATGGCA"	177	91.59
"GAGTTCGAGGGGTACGTCCAGCCCCGTTCTCCG"	176	91.61
"GAGTTCCGGGGCCCTGCCGGGAACCGTCCTCTC"	176	91.64
"GAGTTCCACTATATCGTTTAGCGGAACTGGATC"	176	91.66
"GAGTTCCAAAGCCGGTCTGCGGGACGAAAAGTA"	176	91.69
"GAGTTCTCCGGTCAGCGGTTGGGATGAACCTTT"	175	91.71
"GAGTTCGGATCGCCCCACAGCCCGGGTGTCCTT"	175	91.73
"GAGTTCGCTTCGAGCGTGCTATGGGGCCCAGTT"	175	91.76
"GAGTTCGACGGGCTGGGTCGGAGTCGTCATTTA"	175	91.78
"GAGTTCTGTGGTGGAAGGGAACACATTCGGAGG"	174	91.81
"GAGTTCGGCTGTGGGCACTGCATTTAACTTGCC"	174	91.83
"GAGTTCGACGGGTTTCGTTCACCTCGGCGGCAC"	174	91.85
"GAGTTCCGTCGTGGCGGGGTATATCAACACGCC"	174	91.88
"GAGTTCATCCAGGTGGCGTTGGGACTCCGGTTA"	174	91.90
"GAGTTCACGCGGGACCAGTGATCTCGACGGTAT"	174	91.92
"GAGTTCTGCGGATACCTTCGTTAGCCCCGGTGT"	173	91.95
"GAGTTCTCGCGTCAACCCCCGGTTTGCTGGTAA"	173	91.97
"GAGTTCCTCCGCACGTGCCTTCGGTGCCAAGAT"	173	92.00
"GAGTTCTTAGGGGTGTCGCGGAGCGGCCGGCCT"	172	92.02
"GAGTTCTGGCTAACATTGAATGCGGGCTTGTTG"	172	92.04
"GAGTTCTATCGGCCTGCGGGATGACTACGCAGT"	172	92.07
"GAGTTCGGAAGGCAGTTGGGGCGACAGAGGGCG"	172	92.09
"GAGTTCCACGGGCCTTGCGGTACTTAGTCCAGA"	172	92.11
"GAGTTCTGGGTACCCCCGGTGTACGGGTCAGCT"	171	92.14
"GAGTTCTCACGGGGGAGGAGGCGTCCAGCGTGT"	171	92.16
"GAGTTCGCCTGGTAAAGCTAGTTACTGATGGAG"	171	92.18
"GAGTTCATCGGAATTGGGTCAAGAGCGCATAAG"	171	92.21
"GAGTTCTTCTGGTATTGCACTAGTACTGTCGAG"	170	92.23
"GAGTTCTGGTGGTGGTGAACGGTACGTGAGATA"	170	92.25
"GAGTTCTGATGGGGCGCGTCTTAACACGGGCGG"	170	92.28
"GAGTTCGTGCGACCGCCGTGTTACGGTGAGGTT"	170	92.30
"GAGTTCAGTGCCATGATCCCGGTGGTTGGTATT"	170	92.32
"GAGTTCAGATGGCACTAGGGGTGATTAAAGCAG"	170	92.35
"GAGTTCTTCAGGATGCACGGGGGACACCCGTTT"	169	92.37
"GAGTTCTAGGCGGGATTCCGTTCGGACCACTCT"	169	92.39
"GAGTTCGGCTTAGCGCGTGATCGGCTATTGCTG"	169	92.42
"GAGTTCGACTGGAGGGGATCGACTTCAGTTGTA"	169	92.44
"GAGTTCCGGGTGTGGAATCGGCGATTTAGCCAG"	169	92.46
"GAGTTCATCTGGTCCGGCGGATTGCCTCGCCGT"	169	92.49
"GAGTTCAGGTGGTATGCTGTTGGGTTCGATAGA"	169	92.51
"GAGTTCTGTGGAACTCTTGACGGACATCCGGTG"	168	92.53
"GAGTTCGGTCACACAGGGACCAATGGGGGTTCA"	168	92.56
"GAGTTCGCCGGTTTGCAGCAGGCGAGTTCCCGA"	168	92.58
"GAGTTCGCACGGGCGTGTTGGTGAGTTAGGCTG"	168	92.60
"GAGTTCGATCGGACGTCGACCACATATACGGGA"	168	92.63
"GAGTTCTTCAATCTCAGGTTTCGCCTTTATTGT"	167	92.65
"GAGTTCTGTCGTTGTCTTTAAGGTCATACCGGG"	167	92.67
"GAGTTCTGTACGGTCTGCTGGTGTCGATGGTTC"	167	92.69
"GAGTTCTGCCTGCGTCGATGGGCGCCGGCGTAG"	167	92.72
"GAGTTCGGGGTCGCAACATCGCAATTTCTCGTT"	167	92.74
"GAGTTCGAGCGGGCGCGCGGTGGACTTTGGCGC"	167	92.76
"GAGTTCTGTTAGCTGTGGTGGGCTCGGTGGTCA"	166	92.79
"GAGTTCTAGGGTGATCGGCGGTGGGTATGTTGG"	166	92.81
"GAGTTCGCGGATGAACCGTAGCGGGACCAGATG"	166	92.83
"GAGTTCCTTCTGCGCCTGTGGGCAACCAGAACA"	166	92.85
"GAGTTCCCCGTGTCTAGGTGATGTTCCGCGCCA"	166	92.88
"GAGTTCTTCTATCCGGCTTCGCTTTCGAGCTGA"	165	92.90
"GAGTTCTCGAGTCCGTCGGGCGGTGTGTCCGTG"	165	92.92
"GAGTTCGTGCGCCATTACATCAAGAATCAAGGA"	165	92.95
"GAGTTCGCGTACCGAATGGGTTCTTATTGTTCT"	165	92.97
"GAGTTCTAAAGAAACCCGGGATAACGACGGTGT"	164	92.99
"GAGTTCGTATGTTTCTCTAAGTGTCGTGTGAGA"	164	93.01
"GAGTTCGGCGACGCGCAAATTAGCGCGAACTGG"	164	93.04
"GAGTTCGCTACAGGACTTCGTAGGCGGTGTAAC"	164	93.06
"GAGTTCGAGCGACGGTTTTGGTGACAGACCGCG"	164	93.08
"GAGTTCCAGTCGGTCGCATAGGGTCCGCGCACA"	164	93.10
"GAGTTCAAGCCTCTGCGGTTGTTTTTGGGATTT"	164	93.13
"GAGTTCTTTGTTTCATGGTGGTGTCATGAGCGG"	163	93.15
"GAGTTCTTTAGTCAATACTTTGAGGCTAGGCCC"	163	93.17
"GAGTTCTGTCGGCGTCCGTCTCGAGGGCGGCGT"	163	93.19
"GAGTTCTACCAATAACCCTGAACTGACCCATTG"	163	93.22
"GAGTTCGTGGGACCTGCCGTGGCTAAGTTAGGT"	163	93.24
"GAGTTCGGGAAGCCGGGCTAGGGTCACGTGTCG"	163	93.26
"GAGTTCAGCCGATTCCGCTTGTCGCGTTTGTGC"	163	93.28
"GAGTTCAATGGACATCAATGACGATGCCTCCGG"	163	93.30
"GAGTTCTTGTGGCATCGCGCATCGGGGGGACGT"	162	93.33
"GAGTTCTGGTCGAATCCCCGTCTCGCGCGGTCT"	162	93.35
"GAGTTCTGAATATCGGAGAGAAGCCTCATGTCT"	162	93.37
"GAGTTCTCTAATTCCGATCGTAGATGCAATGAC"	162	93.39
"GAGTTCTCCTGAGACGGTGAGGGGCTGAAGTAA"	162	93.42
"GAGTTCTAGCGGTGTCGATACGGCCGGCTGACT"	162	93.44
"GAGTTCGTCCTGTCGCGCGGCGGCCGTGGTGGA"	162	93.46
"GAGTTCGGGAGTGGTTCGTTGGATCGTGGGGTT"	162	93.48
"GAGTTCGCCAAAAGTCCGGTTAGGCGGCTGGAC"	162	93.50
"GAGTTCGATCCGACCAGGTGATGATCCGTCCCT"	162	93.53
"GAGTTCCCACGGGTTCTTGAGCGTCGGCCGAGG"	162	93.55
"GAGTTCCACGGCTGCGCCCTGCACGCTATAATT"	162	93.57
"GAGTTCAGGATTGTGTCCACGGACCGCTGGTGA"	162	93.59
"GAGTTCTTTCAGCACCTTCGAGTGGCTCGTGTT"	161	93.62
"GAGTTCTCTGAGTGGTGTAATGGACCTTGGTCT"	161	93.64
"GAGTTCTCTCAGGTGATTGGCGAACGCGTAGCC"	161	93.66
"GAGTTCTCCTAGCGCTTCTCCTGTTCTCAGCTT"	161	93.68
"GAGTTCGTGGGTTTACTCCAAGGATTTCGTCGT"	161	93.70
"GAGTTCGTGAGTACATGTGGGGAGCGGCAGTAC"	161	93.73
"GAGTTCGTCTATGGTCCGTGACGTCATACGCGA"	161	93.75
"GAGTTCCCTAGGTACAAAGCGTGGATTCTCTCG"	161	93.77
"GAGTTCCAGGGTCATCGGTCGCAAGGTCGCGTA"	161	93.79
"GAGTTCACTTGGGGGCCCTTGTTTTGTGATTCC"	161	93.81
"GAGTTCTCTCTAGGGCAATAGTACCGGGCCGTT"	160	93.84
"GAGTTCTCGTGATAATCGTAGGGTGCTAACGGT"	160	93.86
"GAGTTCTAATGAACGTGGACTAAGATTTCGGCA"	160	93.88
"GAGTTCATTTGTCACTGGGTGAGCGGTCGGACC"	160	93.90
"GAGTTCTCACGGGCTCCAGCTGTACCGGTGTGG"	159	93.92
"GAGTTCGCGGTATACGTTGGATTTTCCGTAGTC"	159	93.95
"GAGTTCGCATGTGTTTTTATGCTATCCCATCGG"	159	93.97
"GAGTTCACTCAGCGCATCGGGTCTACTTGGATC"	159	93.99
"GAGTTCGTGTGTGTCTCGATAAGTCGCGACCGG"	158	94.01
"GAGTTCGGCCATCGGTCCAGGCAACGCAATCCT"	158	94.03
"GAGTTCGCTCGGGCCCCGGGCTGTTGGCCGAGC"	158	94.06
"GAGTTCTCCAGGTATTCTTGTAGTCGCCAGGGG"	157	94.08
"GAGTTCTATGAGCGATTCTCGTGCACCTGGTTA"	157	94.10
"GAGTTCGTGCGGTGTAGCTCACGATTTTTGTGG"	157	94.12
"GAGTTCGACGGGGCACGTATGTGGTGCTCGGCA"	157	94.14
"GAGTTCCACAGTTTCCGGGATCGGCTCCTTCTA"	157	94.16
"GAGTTCTTTCGTTACAATCGGTGCGTGGTTTTC"	156	94.18
"GAGTTCTGTAATGCGAAGGCGGCAGGCCAGGAC"	156	94.21
"GAGTTCTGCCCAACGCGAGGCGGCTTATTGAGT"	156	94.23
"GAGTTCGTGAGTTTCTAGCTGGATTCGCCAGAA"	156	94.25
"GAGTTCCTGCATGGTTGGCCGGGTTAGTCCCGT"	156	94.27
"GAGTTCAGGAGTCCACCCCGCGGTGGATTCTCT"	156	94.29
"GAGTTCAGCCCGGGACACTGTGCTTACTATGGT"	156	94.31
"GAGTTCTCGCGACACTAGTCTCGGGGCTTGGCC"	155	94.33
"GAGTTCTCAAGGTCCACCTAATGTTTTCGGTGT"	155	94.36
"GAGTTCTAGTGGTCTGGATGGCGATCCGAAGTG"	155	94.38
"GAGTTCGGTCGCCAAAGGTCGTATGGGCGAATC"	155	94.40
"GAGTTCCGTCGATGTGTGTGGGCGCATGGTGGC"	155	94.42
"GAGTTCCGCAGACAGGGGGACGGGCCTCCGGAC"	155	94.44
"GAGTTCTGGTTGGCGTCCCGGCTATCTCGTTTG"	154	94.46
"GAGTTCTCTAGGACTCGGGCATAACGCCGTTAC"	154	94.48
"GAGTTCTCATAGCGTGCTGAGACGACAAAGATC"	154	94.50
"GAGTTCTACCACCCCTCTTGGCGGTTTAAGTTC"	154	94.52
"GAGTTCTCGCCGCTTGCTCCGTCCTTTTGGAGA"	153	94.55
"GAGTTCTCAGGGTTGGCTTAGGACCCGCGGTCG"	153	94.57
"GAGTTCGGACGCTGTTGGCCGCGCGTCCCCAGA"	153	94.59
"GAGTTCGGAAGAAGTTTGTGGAAGTTGTCCTGG"	153	94.61
"GAGTTCGAACGGTCCTCCGGAGAGATTCAGACC"	153	94.63
"GAGTTCCATTGTCTAAATGTGCAGAGGCGCCTT"	153	94.65
"GAGTTCACGAGACGGCGTAAGTCCTGCGTGTCC"	153	94.67
"GAGTTCTGTCTTTGCTTATGGGAAGTACTGGGT"	152	94.69
"GAGTTCTGGCGGTATGTGTGGCTCAGGTTTTCA"	152	94.71
"GAGTTCGTGGACACGCAGACGGCTCGAGGAGGC"	152	94.73
"GAGTTCGAGCGGTAGTATGTGAGTCTTATGTCG"	152	94.76
"GAGTTCGAGCATCCGTCCTTAGGGATGATGCGT"	152	94.78
"GAGTTCCGGCGCCGATTGTGTCGTTGCATGGTG"	152	94.80
"GAGTTCAGTTCCACTCTTGCATGTCGCACGTCA"	152	94.82
"GAGTTCTTTTTTCGCATGCCTGATGTGCTGTCT"	151	94.84
"GAGTTCTCCCTCGGTCCGTGATGAGATGGGTCT"	151	94.86
"GAGTTCTATTGCTTCCACTGTTGAGAATCGGTA"	151	94.88
"GAGTTCCAACACTAGTATTGTATTCGCAAGGAA"	151	94.90
"GAGTTCAGAATTTTCTTTAGGGGGTGAAGTTAG"	151	94.92
"GAGTTCACTGGTCGCGTGACTTCAGCGATTGCA"	151	94.94
"GAGTTCTTTCGGAGAGGGTGTCGTAGTTTGAGT"	150	94.96
"GAGTTCTGACGGCAGCTGGGGCAGCCTGGTCCG"	150	94.98
"GAGTTCGTTCGTACGTAGTTGGTTCGGCGGTTT"	150	95.00
"GAGTTCGGAGGGGTACTGGGTAGGCGGGCGTGA"	150	95.02
"GAGTTCTGTCCGACGGTCTCAGTACGACCCCCC"	149	95.05
"GAGTTCTCGGCGTCCTGCAACAAACCCGGGTGA"	149	95.07
"GAGTTCTCGCTTTTCATTGCGTGGCCTTGGAGG"	149	95.09
"GAGTTCTCGCGGCTAACGGTTGGGTTTAAATGA"	149	95.11
"GAGTTCCGAGTTGTTGCGCTCCACGTGCTCCCT"	149	95.13
"GAGTTCTCGAGGCAGAGGTCGTTATTATCCCGG"	148	95.15
"GAGTTCTCCCATCAGCCATGGGCTGGTCAATAG"	148	95.17
"GAGTTCTAGTACTAGAAGTCACAGCGTGAATCG"	148	95.19
"GAGTTCTAAGATGGCTTCGGGAGGTGCCGAACA"	148	95.21
"GAGTTCGTAGTTCCGAGCGTGTTACGAGGTTGC"	148	95.23
"GAGTTCCACCGTCATTTGTGGGGTGCGACTCGC"	148	95.25
"GAGTTCTGTAAGCAACATCGATCTTTACGATCT"	147	95.27
"GAGTTCGTTGGCTTCTAGTGACCATTGAGGTTG"	147	95.29
"GAGTTCGTGGTTTCCCCGGGAAGGATGAGGTCG"	147	95.31
"GAGTTCCACCGTCTTCTGGGGCCATGTATACCA"	147	95.33
"GAGTTCAGCTCTGGCTGGTGACGCTGGGCTCCC"	147	95.35
"GAGTTCAATGGATTTTTTTGAGGGGTTGAAAAC"	147	95.37
"GAGTTCAACTGTCAATTATCGCTCCTTGTATAC"	147	95.39
"GAGTTCTTCCCGATCGTGGGGCATCGGGATTGT"	146	95.41
"GAGTTCTTACGCGATATAGAATGCTGTCCTTGG"	146	95.43
"GAGTTCTGAAGACGTCAATGCTATACGTGGTGT"	146	95.45
"GAGTTCTCTCGGACTAGGTGTTCAAATGAGCAT"	146	95.47
"GAGTTCTATGGGAACGAAGGATTGTTCGCAGTG"	146	95.49
"GAGTTCGGGCTACACTGGCGGGTTATAAGAATA"	146	95.51
"GAGTTCGAGTGTTTTCTTTCGACGACGGATTTA"	146	95.53
"GAGTTCGACAATTAAGATCGAGGATGAGCATTC"	146	95.55
"GAGTTCAAAGGGGAAACTGTAGTTTACACCGCC"	146	95.57
"GAGTTCTGGTACAAAACATTGTCTAAGCCTGTC"	145	95.59
"GAGTTCTGATGGTGTTCGTCGAGATGTCCGTTC"	145	95.61
"GAGTTCTCTCGGGAATGAAAACGATTCCAATTA"	145	95.63
"GAGTTCTATGGTGGACGTTGTTGAATCACGACA"	145	95.65
"GAGTTCGCCTAACACCTCTAGTGACCGGGGGGC"	145	95.67
"GAGTTCCCGTGATCTGGTTGGGGATTGATATTG"	145	95.69
"GAGTTCAGACAAGCGCGATCCAGCCCTTAGAAA"	145	95.71
"GAGTTCTGCATTACGTGTATGGGCTCTTCGACT"	144	95.73
"GAGTTCGGTGTATATAGAACTTGTTGTTGTAGA"	144	95.75
"GAGTTCCAGCAGCGATTCTGTACGTCAACGGCA"	144	95.77
"GAGTTCAGGATAAGCGTCCTCCTAGCGCTCGAC"	144	95.79
"GAGTTCTTCGGGTCCCCCTGATGGGGGCTGGCA"	143	95.81
"GAGTTCTCCCGAAGACGCCAGGGCGTGACTATA"	143	95.83
"GAGTTCTAAGCGGTCCTTTGGGCAATCTCGCGA"	143	95.85
"GAGTTCGTGCGTTGCTTGTGTCGGTTCTTTACC"	143	95.87
"GAGTTCGGCCGGCATCATTAAGAAGGACTGGTA"	143	95.89
"GAGTTCGCGCTGAGCATCTAGGTAAGGTCATGA"	143	95.91
"GAGTTCGAGGTGTCATCTGAGTCGGGGAGCTTT"	143	95.93
"GAGTTCACTCCGACGGTAGAGAGACGCCTCGCT"	143	95.95
"GAGTTCTCGCCAAGCGAAGCCCATGTAATCGGC"	142	95.97
"GAGTTCGTTGGTTCCGTGGTTTGAGGCTGGGCG"	142	95.99
"GAGTTCGGTGGCCTGGCGTCATGTTAGGTCTGG"	142	96.00
"GAGTTCGCATGGAGGTAAGCCTGAGGTTCGCTA"	142	96.02
"GAGTTCCCTTCGGTGGCGATTAACTAGAAGGAT"	142	96.04
"GAGTTCAGCGGGTGTGAGAGTCTGCGGCCGAGA"	142	96.06
"GAGTTCTGCAGGCAGAACTGGCGACGTGGGTGT"	141	96.08
"GAGTTCTCTCGAGAGATCTGGATATTCAAAGCG"	141	96.10
"GAGTTCCCCGATAAGTGGGGTGGACTGGGCTCG"	141	96.12
"GAGTTCCACTAAAGTCTTCGGGTTTCATATATG"	141	96.14
"GAGTTCAGGTGGTGTTTGATGTTAAGTCGGTCC"	141	96.16
"GAGTTCAATGGCCCCCCCCTACGTGGGTCGGCC"	141	96.18
"GAGTTCAATCGGTTATGTGGCGCAATTATTTAG"	141	96.20
"GAGTTCAATAAGGACTCGCAAGTAGAGTGACGA"	141	96.22
"GAGTTCTTGTGCGAGTCCGCGATTCGGGGACGT"	140	96.24
"GAGTTCTGTCACAAGCACGGAGGAGTTATAAGG"	140	96.26
"GAGTTCTGCGGCGACAATCGGTCTTAGATCTCG"	140	96.28
"GAGTTCTCCTGTAAAGAGGCTACTGGCCCGTTA"	140	96.29
"GAGTTCGGCCTCGGGTTCGGGTGGAAGATTCCA"	140	96.31
"GAGTTCGGATGCGCACACTGGAAATGATTGTCT"	140	96.33
"GAGTTCGAGCGTTTCCGATGGTGCTTCACATAA"	140	96.35
"GAGTTCCCTTGGGGTCGGTCTCAGTTTCGGTAG"	140	96.37
"GAGTTCATCCGACCTAGGTTTCAGTCAGAGTCA"	140	96.39
"GAGTTCAGGATGTAGTCGTGCCGAGTTCCTCTT"	140	96.41
"GAGTTCAACGGCATGCGGAGGCGATATCTCGAT"	140	96.43
"GAGTTCAACCACCCAGGGAGATCAGGTGCGGCA"	140	96.45
"GAGTTCTTGCTCGGTGGTTGGATTCCATGATCG"	139	96.47
"GAGTTCTTAAGTCCCCATTTCTGAGGTCTGAGC"	139	96.49
"GAGTTCTCACAGCGATGTTGCGATTGTTGGCCC"	139	96.51
"GAGTTCTATTGGGCAGCTTTTTCATGTTGAGGG"	139	96.53
"GAGTTCGTTTGGTGCCTTCGACGGTGTCGATGG"	139	96.54
"GAGTTCGGCCCCCGGGTTCTGTCGTCCGATTCA"	139	96.56
"GAGTTCGCTCGCTAGCTTGCATGAAATCGAGTC"	139	96.58
"GAGTTCCGGTGAAGCCTTTTGGTCTTGGGAGCA"	139	96.60
"GAGTTCAGCTTTTTTGGGCCAGCCCTGTTGAGC"	139	96.62
"GAGTTCTTTTAGACATGCGCGCACCGTTAGTTC"	138	96.64
"GAGTTCTTGCATCGGGCGTGTGTCTATAGGGCT"	138	96.66
"GAGTTCTTGAGCGATCTAGGATGGCGGGTACCC"	138	96.68
"GAGTTCTTCTGTGATGTTATCGACGAGCGATAT"	138	96.70
"GAGTTCGTGCGGTCGGGCCGGTGACGGTATCCC"	138	96.72
"GAGTTCAGGCAGACTGGTTGTGGCGCCCCATCG"	138	96.73
"GAGTTCAGCCGGCCACCCAGTCCTCGTGGGGGA"	138	96.75
"GAGTTCTTGCGGGCGGGTTGTGGTGCTGAGGGT"	137	96.77
"GAGTTCTTGTCGTTTAGCATTAAGGTCGCGCGC"	136	96.79
"GAGTTCTGATGATAGTGCACTGTAAGTCGGCTG"	136	96.81
"GAGTTCTCCCGACTGTCCGAGAGCGGGAAGGTA"	136	96.83
"GAGTTCGGTCAACCTAGGGCAACGGCATGATCA"	136	96.85
"GAGTTCGCTGGGGCCCGTTGAAGGCCGAGGTTG"	136	96.87
"GAGTTCGATCAGCTGCCCTGAGGATGTCAAATC"	136	96.88
"GAGTTCTTCGGAACCCCTTGATATTTGATCCGC"	135	96.90
"GAGTTCTGCCTGGGGTACGGCCGGAGCCCGCAA"	135	96.92
"GAGTTCTATCCCTACTCGCGATATCTTTGAGCA"	135	96.94
"GAGTTCTACAGGTACTGGTGCGAAACAGATGGC"	135	96.96
"GAGTTCGTTGGGCTCGGACGCTGGTGTGGCGGC"	135	96.98
"GAGTTCGTGTTTCGGACTGATTACACAACCTGT"	135	97.00
"GAGTTCGTGAGCTTACGTCGACGTAGCATGCGC"	135	97.01
"GAGTTCGACAGATTCGATGGTTTCAGTCCTTTT"	135	97.03
"GAGTTCTCGTGGACGCGTAGGGCGTTAGTAGGT"	134	97.05
"GAGTTCGGTGGCGGGGGACTCCAACGCCGGTAG"	134	97.07
"GAGTTCCTGTGGAACGAGCGCCGCGGCAAGCTT"	134	97.09
"GAGTTCCGGTGGGAGACTTTGTTTTCCGCGCGA"	134	97.11
"GAGTTCATTTTCGAAGGCTGGTATTTGTGCGCC"	134	97.12
"GAGTTCAGTGCTATCTAGACGGGGAGGCGGAGA"	133	97.14
"GAGTTCTGGATTCGGTTCCGTGGATTAGTTTGC"	132	97.16
"GAGTTCTATTACCGACGGTCTCTGGTGATGGCC"	132	97.18
"GAGTTCTACGGCGCTTATAGGTGTAGCCCGGCG"	132	97.20
"GAGTTCGTTCAGGTTACAGGGCTATTTCGAATT"	132	97.21
"GAGTTCCCTTGTGAGACTTTTTGGAGTTGGTGC"	132	97.23
"GAGTTCTTTGGTTGCAGACACATTGGCAACCGG"	131	97.25
"GAGTTCTTCTGTATCTAGCGTCCGCTGAGCTAC"	131	97.27
"GAGTTCTCTCGGTAAAGAGGGGGATGTTCAACT"	131	97.29
"GAGTTCTCCTGGGATGGCTGCGCCATGAGCTCT"	131	97.30
"GAGTTCGATGGAGGTTGGTCCCGTGGCACGGAA"	131	97.32
"GAGTTCGACTCGGAGATGAGGGCACCGCCGGAA"	131	97.34
"GAGTTCGACAAGCCAAATATCTCGCAAACGTCT"	131	97.36
"GAGTTCCAGGCCCAGTGCCCCTGGGGTTGTGCC"	131	97.38
"GAGTTCCAGAAGGGATAGGGGTAAAACCGAGGT"	131	97.39
"GAGTTCAGTTTTGGCTCATATGGTCTGGGGGCC"	131	97.41
"GAGTTCTGTTCTGGGGACCGGTGCCGTTGGGCT"	130	97.43
"GAGTTCTCGAACGGACACGGGCCTGAGTTAACC"	130	97.45
"GAGTTCGGCTGTGTCCTTGTGATGAGTAGGCAC"	130	97.47
"GAGTTCCCTAGTCCGATTGGAGAACCAGGGTCT"	130	97.48
"GAGTTCAGGAATGTGACAGTCCTTAAGCCGTAG"	130	97.50
"GAGTTCTCTAACTACTCGTGTGGCAAACGGCTA"	129	97.52
"GAGTTCGTCCGGCACGCTTGTTATCGACTGTAC"	129	97.54
"GAGTTCGGACTCATTTAGGCTGTCTACTGGCTT"	129	97.56
"GAGTTCGCTTGCGCATGCCCAATTCGCAGGTTG"	129	97.57
"GAGTTCGCTCCTAAGTAGTGCTGTGGTCGCCGA"	129	97.59
"GAGTTCGATTAGAAATGGGAGAATGTTCGGTCC"	129	97.61
"GAGTTCGACTTCAAGTCGAGAGTCTCTAGATAG"	129	97.63
"GAGTTCTTCCATGACGTCCGAAGTCCGGACTCG"	128	97.64
"GAGTTCTGATATATCCACTGATATTTGTTGTAA"	128	97.66
"GAGTTCCTGCGGCAGATATAACTGGGTCGGGTA"	128	97.68
"GAGTTCAGTTCCGCACGATCGATTGGTGCGCGG"	128	97.70
"GAGTTCTATGGCCGTACGGGGTTACCGGACATC"	127	97.71
"GAGTTCTACGATTGACGTTGGGGTCAGTGCAGG"	127	97.73
"GAGTTCGAGTGGTTCGCGGGGTGTATGCGGGTT"	127	97.75
"GAGTTCTATACGAGTCCTGGAGTCGGTACATTT"	126	97.77
"GAGTTCATCGGTTCCTCGTATGTCACGTGGAGT"	126	97.78
"GAGTTCTGCGAAGAACGATTGGGGGTAGAGAGT"	125	97.80
"GAGTTCTGAAGTGTGCTCTTTAGTTCTTTGTTG"	125	97.82
"GAGTTCGCTTGCCGATACGGGCGTGCTGCCGTC"	125	97.83
"GAGTTCGCGTAACAAGTAATACTATGTTGGAGA"	125	97.85
"GAGTTCGACAGGTACCGCGCGTGACAATGGTAC"	125	97.87
"GAGTTCTGCGGGTTTGATTGGGATGCACCCTTC"	124	97.89
"GAGTTCTTTCGTGGTACTTGGTGGGGCCTGACT"	123	97.90
"GAGTTCTTACAGCCTTCTGTAGAGAAGGATCAG"	123	97.92
"GAGTTCGATTGCCCCTGTTGGCGCAGTCTCTCG"	123	97.94
"GAGTTCCGAGTTAGCTTGCTAGGCTGAATTGGA"	123	97.95
"GAGTTCTTTCGGTTTCCTGTTTGGTCTCCGGGT"	122	97.97
"GAGTTCTACCGGCCGGGGATGGACGCAGTATTC"	122	97.99
"GAGTTCGGTTCATTGACGTTAGGTCCGCGGGTC"	122	98.00
"GAGTTCGATGAGTAGCAGTATTAATTTCTGGCG"	122	98.02
"GAGTTCGAGTTAAAACGGTGGTGGCGTTGCCAT"	122	98.04
"GAGTTCGGGCGCAAGACCGATGGGTCGTTGCTG"	121	98.05
"GAGTTCGAATCCTAGCGTTCTGACTATGGGATC"	121	98.07
"GAGTTCCCGCGTTTTGGATGGAGATGTCCCGAC"	121	98.09
"GAGTTCTTCCGTTACCTCCCGGGTAGACTCGCA"	120	98.10
"GAGTTCTGCGGCTGCCCATTTGGGTCGGTTGAT"	120	98.12
"GAGTTCTCGGGCCGGCGAGGGGGAACCTAGCGC"	120	98.14
"GAGTTCGGCGACCCCGGGTGCTGTACTTAAACC"	120	98.15
"GAGTTCCAGCGGGCTAAGTCTGTACGGTCGGCT"	120	98.17
"GAGTTCAAACTAAACTGATGGCGCAGGGACCTG"	120	98.19
"GAGTTCTCGCGGGAACGTAAGGACAGTCCAGGC"	119	98.20
"GAGTTCGCGCAACGTGACGGTTGCGTTAAATCG"	119	98.22
"GAGTTCATGCGTTGGAGTCCTTATGGCTCGTGC"	119	98.24
"GAGTTCTTACGCATCCCAGGCAGTTTCCGCTGC"	118	98.25
"GAGTTCTGTCGGCCGTCGGAGTGAAGTGTCTCC"	118	98.27
"GAGTTCTATGTTTCTTCGGCGCGATGTTGACGA"	118	98.28
"GAGTTCTATCAGCAGTGTAGGTGGTCTCGACCC"	118	98.30
"GAGTTCGTTCGCTTCAGCCGTCTTCGGTTACCT"	118	98.32
"GAGTTCGCGCGGAACCATCTGGTAAGGTGGGGA"	118	98.33
"GAGTTCCACGGCGGCGTAGGTACCCGGGTCTCA"	118	98.35
"GAGTTCTTCGCTGTCCTGTGGCGGTGTGGAGTG"	117	98.36
"GAGTTCTGTGGCGCGCTTGCATATCTTTCTATC"	117	98.38
"GAGTTCTGTGAGTCAATGGGAGATTGCCGTTTA"	117	98.40
"GAGTTCTCCGCGGAACGGTTAGTACAGTCCCGA"	117	98.41
"GAGTTCGTAGCGGCGTGTTTCATTCGTTACTGA"	117	98.43
"GAGTTCCTCGTGCAGTCAGGGGGTGGCCTGCGA"	117	98.44
"GAGTTCCATCGGCCGGGTCGTCGAGGGCGATCG"	117	98.46
"GAGTTCTGTCAGTCGTGGACATACCCCCCATCA"	116	98.48
"GAGTTCTAGCGGTGGTCCTCATGAGTACTGGCA"	116	98.49
"GAGTTCTAAACGAAGCGTGGTCGTGTTATGTAG"	116	98.51
"GAGTTCGTTTTACCCCCTCATCCTACGGGTGCC"	116	98.52
"GAGTTCGCGACGTACGAATCGTAACGGAAGAGG"	116	98.54
"GAGTTCCCCATGTGGGAAGGATGGGCGGAGATC"	116	98.56
"GAGTTCCCAAAACCTGTATGCCGTCTGGCCTCT"	116	98.57
"GAGTTCTTAATGGTCTCGGAGCGTAGTGCATCA"	115	98.59
"GAGTTCTGTCGGGTTATATATGGACTGTCGGGT"	115	98.60
"GAGTTCTGCAGTTGACGACAATAGTGTCTGCTG"	115	98.62
"GAGTTCCACAAGCAGTAAGTCTACCGTGTGCCC"	115	98.64
"GAGTTCACTGGAGCGCCGTGTCGGGCGAGGCAT"	115	98.65
"GAGTTCGGTTGGTGGTCTTCCCATGTCGCGCCC"	114	98.67
"GAGTTCATGGGCCCTTCGGAGCCCACCCGGTGC"	114	98.68
"GAGTTCTTTTAGTTGGCGTGGTGTCCTGCGAAG"	113	98.70
"GAGTTCTGCTCTGCCGTGAGAAGAGCGAGGGGA"	113	98.71
"GAGTTCGGTCGGAGGCACTCGTTGGTCGTCACC"	113	98.73
"GAGTTCGAGCGTCATGATACCAATGCGCTGTCG"	113	98.74
"GAGTTCATTAAGCTGTCGGTGGGATGTGTCGAA"	113	98.76
"GAGTTCTCGATGGTCCTTTATGGATGGGTGCTT"	112	98.78
"GAGTTCTCAGACGCTGATGGAGGAGGTACGTTT"	112	98.79
"GAGTTCTAACGGCCTCCTGAGGGGATTCGATAT"	112	98.81
"GAGTTCGTTTGCGGGAACTGACGTCACCGGTCT"	112	98.82
"GAGTTCGTGGATTCTATATAGAGGGGTCCCGTA"	112	98.84
"GAGTTCGGTCGCAGTCGGTTCCAATCGCTGAAT"	112	98.85
"GAGTTCAGCAAGGAGTGCGCTGGGCGGTTCAGT"	112	98.87
"GAGTTCGTACCGTTATAGTGGTCACCAGGCTGC"	111	98.88
"GAGTTCGGGCCAGCTTTGGGTTATCGTCGGGTA"	111	98.90
"GAGTTCCGGGTTTAGGGTCTTGCTTCGGTTCTC"	111	98.91
"GAGTTCATGTATCTGCCAAGAATCTCGGATCGT"	111	98.93
"GAGTTCACCGGGGGTCTTTAGCCACAATGACGG"	111	98.94
"GAGTTCGTGCAGCTGTCCACGGGTTAGCGCGTG"	110	98.96
"GAGTTCGCCCCGCTGAGTAGGGGACGGCTTAGG"	110	98.97
"GAGTTCGATCGAGAAAATGAGAGATTGCCTTGG"	110	98.99
"GAGTTCCTGATGGGTAACTTGCGGATAGGGAGT"	110	99.00
"GAGTTCTCGTGAAAAGTTTTGGGTCTCTTGTGC"	109	99.02
"GAGTTCTCGTCGTCAGCGGTGTAACGTCGGGCC"	109	99.03
"GAGTTCTAGGGGTAGTTCTGGTTTCGACTCAGC"	109	99.05
"GAGTTCGCGGCGTGGCTGTTAGATACGTTGTTC"	109	99.06
"GAGTTCGCCCGATATTGCGCGCCACGGGCTCCG"	109	99.08
"GAGTTCACACTGGCAATTTTTTAGGTTTAGATA"	109	99.09
"GAGTTCAAAAGTTTGTATAGCGGCTCGGGGTGG"	109	99.11
"GAGTTCTTACGTGCGGGATTAGGAGTTGGGAGG"	108	99.12
"GAGTTCTGGTGGGTTTAAGGATGACTAGGCTAT"	108	99.14
"GAGTTCTACAATTCCTTAAAATTACTCTCAGGG"	108	99.15
"GAGTTCGCTTGCCACATCGGCCTGTGGAGTGCC"	108	99.17
"GAGTTCGAGTGCTCAGTGGATCGTCGGATGTGG"	108	99.18
"GAGTTCCTCTCCGATCGAGGTGTGGTCCGGGCA"	108	99.20
"GAGTTCCAGTTGTGCCACTTGTGCGTCTGGCTT"	108	99.21
"GAGTTCAGTCAGGAACGATGAAATTGAACGGTT"	108	99.23
"GAGTTCTCCCAGTCACGTACGTACGGGCAGCGC"	107	99.24
"GAGTTCGTCAGGCACGCAGGGTCAAATTCAAGG"	107	99.26
"GAGTTCGGTTCAGCTGAATCTGGGAGGTCACGC"	107	99.27
"GAGTTCGGTCGGGGCAGGTGGGGACCGAGCGCG"	107	99.29
"GAGTTCGATTAGGAGTCAAAGACGGGTCACTGC"	107	99.30
"GAGTTCCTTGGGCTATGCCTGCATACTCTTTAC"	107	99.32
"GAGTTCCTCCGGGTGTCCCGTAGCTAATTTCCA"	107	99.33
"GAGTTCATGTATTTTCAGAGTGACCAGAGGTCT"	107	99.35
"GAGTTCAGGCGACCATCGGAGCTTAATAGAGCC"	107	99.36
"GAGTTCAAGCTGCCCTTGTGGTCTATTGGTGTT"	107	99.37
"GAGTTCAAAGAGCGTACCGACGGTCAGAGGGCT"	107	99.39
"GAGTTCGGGTGTGATAAGGGCGAGAGGGTAAAC"	106	99.40
"GAGTTCGGGCGTGCTCAGTTCGGTTCCCGAATA"	106	99.42
"GAGTTCGGCTGGGATTCAGTGGTGCGCTAGTCA"	106	99.43
"GAGTTCGCTAGGGCAGAGTGCGGATGCTAAGCC"	106	99.45
"GAGTTCAGGGGGATTCTGTTGCTACTGGCTCGG"	106	99.46
"GAGTTCTTCGGGCTGCCTTCATGAATAGTAATG"	105	99.48
"GAGTTCTGCGGGAGGGGGGTGTGCGCGCTTCGC"	105	99.49
"GAGTTCTCTGACTTATGTACTGATCCTATGTTG"	105	99.51
"GAGTTCTCTAGGCCCCGGGCAGGGTATCGACCC"	105	99.52
"GAGTTCGTGCGTCAGCACGGGCCTTTGTACGCT"	105	99.53
"GAGTTCGTCCGGCGACCGTCATATGGTGTGGTC"	105	99.55
"GAGTTCGCGAGTAGTCTATGGGGGCGCGCGGTT"	105	99.56
"GAGTTCGCAAATCTCTGCCATTGTGTGTAGGAT"	105	99.58
"GAGTTCGATTATCATGGGTTGCCCACGTCGAAG"	105	99.59
"GAGTTCCGTAGGCGCTGCCACTGACTTGGTCTG"	105	99.61
"GAGTTCCCACAACCTGCTGAAATGCGGGAGAGC"	105	99.62
"GAGTTCAAGGCCTCTTTAGCTGGATTCGAGAGT"	105	99.64
"GAGTTCTGAGATCGTCGAGTCGCAGCACGGTAC"	104	99.65
"GAGTTCTCGTTACTACTCTTGTAGGCTTTGTTA"	104	99.66
"GAGTTCTCCGCAGGTCTGGCATGGGACTATACG"	104	99.68
"GAGTTCGGTCGAACTCGCGATTCTCGGGAGTGC"	104	99.69
"GAGTTCGGGCACGCGCCATACCGTGTTGTGGCC"	104	99.71
"GAGTTCGGAAGGTCGCCATGCGTTCGCATTGGT"	103	99.72
"GAGTTCGCGTGCGAAGAATGGGGGGGACAAGGA"	103	99.73
"GAGTTCGCACTATTGACGACGCATCTATGGTGC"	103	99.75
"GAGTTCCCTGTGTACCGTTAATTAATTACGTCT"	103	99.76
"GAGTTCCCCCGGTCTCTGCTTGTTCCATTCGGG"	103	99.78
"GAGTTCACTCGCTGTATAACATCAGTTCCGTGC"	103	99.79
"GAGTTCTTTAGCAAGGTTTAAACGTGGTTTCGC"	102	99.81
"GAGTTCTTCTGGTGTGTTGTCTCCCGTCTGTGG"	102	99.82
"GAGTTCGGGCAGTCGGTTGGGTATCCTTTGTTC"	102	99.83
"GAGTTCCTTAGCTCGTTCGGGTCGATCTTCGAT"	102	99.85
"GAGTTCCCTTACTGGGCCCGCTGTATCGGTTCC"	102	99.86
"GAGTTCCAGAGCGCACGAGCACAGTTGCGAGAA"	102	99.88
"GAGTTCTGGGATTCTTCCATGGGCTGACCGAGA"	101	99.89
"GAGTTCTCTCCGAGGGATCGGGGCTTGAGCCTT"	101	99.90
"GAGTTCTCAGTGGGCGTCCCCGTTGAATGATTA"	101	99.92
"GAGTTCGTTTCTTCGGAATAGGTGATTGGGATT"	101	99.93
"GAGTTCGCATCGGCGAGTTCGTGCTGCTCGATC"	101	99.94
"GAGTTCGACTCTTCTCGATCGCTGTGGTGAAAT"	101	99.96
"GAGTTCCACAGTATAGCGTAAGTTAGTCGACCC"	101	99.97
"GAGTTCTGGTCTGATCAGCGGGGGGCTCCGGCC"	100	99.99
"GAGTTCACTCTGTATGTTCGGCGGGGTTCCCGA"	100	100.00
