8bp_i504_S62_L002_R1_001-Barcode	8bp_i504_S62_L002_R1_001-Count	8bp_i504_S62_L002_R1_001-SaturationPerc
"GAGTTCTCCCGTGCACACGCATGCAAGTTTTCG"	1297	1.23
"GAGTTCTGTGGGACGCGGTGATGTCGGTGGCAG"	1214	2.39
"GAGTTCGGTTAGAAGCAATGGCTTGCACGCTGG"	1208	3.54
"GAGTTCTACCCGCACCCGTGTCGTATGAAGTTA"	1145	4.63
"GAGTTCCTTCGGTTGATTCAGGACGGTACCGAA"	1137	5.71
"GAGTTCGGAGTCCTGAAGTTACTACCGACGTTA"	1132	6.79
"GAGTTCGTTACGGAGCATAGGCGTGTACTTCAT"	1126	7.86
"GAGTTCCGAGATACCTAGGGGCGGTAGAGGGTC"	1120	8.93
"GAGTTCGATGAGGATGCGGAGAATCAGTTCTTT"	1102	9.98
"GAGTTCTAGTGCGGGTAAGGGTGATTACTCGAT"	1086	11.01
"GAGTTCTAGCGGGAATAGTGACGTTCTGCGTGC"	1074	12.03
"GAGTTCTAGCATTCGTGGAACCCCCGAGAGTTG"	1074	13.05
"GAGTTCCGTAGGTCTCGTCCAGTGTTCCGTAGA"	1070	14.07
"GAGTTCCGTCGCTGGTGCTCGTGCCACCTGGTT"	1057	15.08
"GAGTTCATTCGGTAATGATTTAGTCATTCCTGC"	1047	16.08
"GAGTTCCCTTGCATGCTATATGAGCACGTCATG"	1043	17.07
"GAGTTCTTGCCGCGATAGATATCCGCTTCGATC"	1039	18.06
"GAGTTCGATGAGCGGTGTGAACGTGACAAGTCA"	1039	19.05
"GAGTTCACGTCTTCGTCCGCAGTGGCTGCTCCG"	1038	20.03
"GAGTTCCAGTGGCAACTACTGGTTGAATCCGCC"	1026	21.01
"GAGTTCACCTGCTTCTACAAGCATCGGCTCGGT"	1025	21.99
"GAGTTCTCATACGCTTGAAGGAGTTGCGGGTAG"	1022	22.96
"GAGTTCGTGGCATGGTCCACGTTACCCCCCGAT"	1016	23.93
"GAGTTCTTTCTCAGCGTCTTTTGTGATGTCGCG"	1011	24.89
"GAGTTCTGATCTGTCTCTGGGTACACAAGGCGA"	1011	25.85
"GAGTTCGGTAGTCTAGGGAGACTACTACGGTCT"	988	26.79
"GAGTTCGAGAATGGTTGAAGGCATTGAAGGTGG"	987	27.73
"GAGTTCTCTCGTAGAGCTCGGTGTTCTGGGTGC"	984	28.67
"GAGTTCATGTGGGTGCAACGAGGGTCTAGCACA"	984	29.60
"GAGTTCGGGAATTATAGAGGAACATGGTAAAAT"	974	30.53
"GAGTTCGAGTCTTGGTCTGGTGTGGTTGTGTGA"	965	31.45
"GAGTTCATGATGGTGCAAGGTGGACTGAGGTCA"	961	32.36
"GAGTTCTCGCTTTGGCTCATTCGTATCTCTCTT"	959	33.28
"GAGTTCGTGGGTGAAACTTGCGATCTAGTGGGC"	949	34.18
"GAGTTCGTTAGTAATCAGTTACATTTCTGGCCG"	946	35.08
"GAGTTCTCGCGGGGCCTCAGGGAATTGTGATGG"	927	35.96
"GAGTTCTATATGAGTCGATGGTTATGTCGTTGA"	924	36.84
"GAGTTCGTCAGATCGGTAACGTTGTCGGTCGAA"	916	37.71
"GAGTTCAGTCAGGGGGCCCGGTGGGAATTAGGT"	909	38.58
"GAGTTCAATTTGTCTATTTTTGCGCCAATGTCC"	905	39.44
"GAGTTCTCGGTGCCTCTTTAACGGTCAGAGTCA"	904	40.30
"GAGTTCTTGCCCTTACGAACGGCTTTTTGGCGT"	902	41.16
"GAGTTCTACCATCTGTGGGAGCGAAGAAAGTGC"	902	42.02
"GAGTTCTAGTAGGCCGGATCATGAGATATGCAT"	901	42.88
"GAGTTCTGTAGGTGTCGATGACAGATGCGGATA"	900	43.73
"GAGTTCTACCTGGTTGGTAGGGAGCTGCCAATG"	888	44.58
"GAGTTCTGTCGTTTGTGGTGGATCAATCGCCGT"	885	45.42
"GAGTTCAGGGTAGCCCCGGCTGGGGACGCACCG"	884	46.26
"GAGTTCTATCGGTTTCTGTGGCCTGGTATGTGT"	876	47.09
"GAGTTCTTTATCACGCATGTGGTATCGGGGTCC"	866	47.92
"GAGTTCGGTCGTGATGAGCTATGGTTTTGCGGT"	863	48.74
"GAGTTCGTGCTGGCGATACAGCAGTGGTTGCTT"	862	49.56
"GAGTTCTCTTGCTATGAATACTCCGAGGGTGCG"	861	50.38
"GAGTTCTCGTGATATAACGATGCTTTTGTGCTC"	856	51.19
"GAGTTCCGTAAGGGTCCTTCCCACTCGCCTTTA"	855	52.01
"GAGTTCTTATTAAGGCCCAAGGCAATGTTGAGA"	852	52.82
"GAGTTCCTCGTGATGTATTGTTTGGTGCAAGGG"	843	53.62
"GAGTTCTGGAACCAGCTGCAGTGTTCCAGGCTG"	839	54.42
"GAGTTCTATCGTAGTTGCGTTTTCCTGCGAAGA"	834	55.21
"GAGTTCCCATAGTATCGAGCATTGCGCTTCTCC"	834	56.01
"GAGTTCAGGTGTTCAAGAACTCTAGCTCGAAGC"	834	56.80
"GAGTTCGAGATTGGCACCTGGTAAGTGCGGACC"	831	57.59
"GAGTTCGACAGCAAGAGATGTTGGCTCACGTTG"	829	58.38
"GAGTTCTTCAGTAGGCCCGGTCTCACTGGTTAA"	818	59.16
"GAGTTCTGGCCGATTCGTGTGTGTTTGAGCGTA"	815	59.94
"GAGTTCTTGTGCTAGGCCCGGCCACCCTAGCGC"	811	60.71
"GAGTTCTATGTTTAGGCCTGGCAAAGGTGGAGC"	798	61.47
"GAGTTCAGTCAAGAGCGCTAGGAACGCACGCTG"	797	62.23
"GAGTTCTTGTATGCAGAGCGGCGAGGGCGCGGA"	783	62.97
"GAGTTCACCTAACTGCGGTTGAATCCACAGATG"	775	63.71
"GAGTTCCCGCAACCTTCGGAAGAACGCTCGGGC"	772	64.44
"GAGTTCTCGCCGCCGCTGAGCGGTCGGGGCCGT"	766	65.17
"GAGTTCTGACGGGACGTGTCGGGACGTGTCGAC"	742	65.88
"GAGTTCGGCAGTTACAATGGAGTTCATCGGGTT"	740	66.58
"GAGTTCGCGAGTACGAGCTGCGCATAGGGGTGC"	739	67.29
"GAGTTCGCCCACCGGCTGTCCGCCCGTAGTGTT"	729	67.98
"GAGTTCTAAGGAAGTAGTGGTGGGCGGTGAGGC"	712	68.66
"GAGTTCAGGCGAGCCTTTGGGTGGCGACGCGTG"	698	69.32
"GAGTTCACGCCGCGGTGGGCCCGTTGAAGTATT"	690	69.98
"GAGTTCTTGAGGATGTCGTCGGCTTGCTTGTGT"	687	70.63
"GAGTTCTGTAGGTCTGATATCCGAACGATTAGC"	650	71.25
"GAGTTCTGCCGACAAACCGGGCCGCTAATGCTC"	640	71.86
"GAGTTCGCGCGTTCCCAGTCGCATACAGGGGCG"	639	72.47
"GAGTTCTTGCGGAAGAGATTGGCGTCCCGGATA"	632	73.07
"GAGTTCTCGCGTCAACATTCACGTGACCCGTGA"	630	73.67
"GAGTTCTTCCGTTGTCAGAGCGGGGGTCTACCA"	601	74.24
"GAGTTCTATAGGATTAAGGGTCTGCTCTTTGGT"	601	74.82
"GAGTTCTCACCTGTTTATCGGCGTATATAACGA"	587	75.37
"GAGTTCGCAGTATTGTTCGTCGGAACCACGGTC"	555	75.90
"GAGTTCTTGAGTGACCATAGGGGGATATAGGCG"	527	76.40
"GAGTTCTGGACGTTCTCGTGTGATGGTACCTTC"	524	76.90
"GAGTTCCGACGTTAATATTTGGTGTAGAGCATC"	524	77.40
"GAGTTCTTCGTATGTCAGATTCGTTTATTTCGG"	522	77.90
"GAGTTCTGGCACGAGTGGTGGGTAAGAAGTTTT"	517	78.39
"GAGTTCTCACGGTGACAGGAACGATCGCCCCGT"	517	78.88
"GAGTTCGGGAGGAGAGATCTGTGGATAGTCGTA"	517	79.37
"GAGTTCCTTCGGTAGACTTGGGATTGTGGATTG"	513	79.86
"GAGTTCTTTGCATATCGGTGTGCATGGTTAGTC"	512	80.35
"GAGTTCCGCGAGGGGCGCATTGGACGTCCTTGC"	503	80.83
"GAGTTCTGCCAGCCGGGATGAGGACACTTGATA"	502	81.31
"GAGTTCGCTCGTCAGGAATTGAATCAGACTAAA"	502	81.78
"GAGTTCGTTAGCAGCGCCCCTCGCGGGTTAACG"	499	82.26
"GAGTTCAGTCGCGGAGCAAGACTAACCCCTGGC"	499	82.73
"GAGTTCCCGACTTAGCTGCCGTAAGTTGGCTCT"	497	83.21
"GAGTTCTTGCAATTCGGAAGGGTACGTAGTTTT"	495	83.68
"GAGTTCAAGGGACGCCGTTATTGTGTACCGTTT"	493	84.15
"GAGTTCTCGGGAAATCATAGCAATTTTGCGACA"	482	84.61
"GAGTTCTCGCACGCTCGTCGGGGTGAGATCCAG"	478	85.06
"GAGTTCGCGGGACTGCGTCTTGCTGCGCCGGGA"	474	85.51
"GAGTTCCGGTCCGATCGGTATGGTCGAGCGAGC"	473	85.96
"GAGTTCCAAGAGCTGGGTTAAGGTACTCGGGCG"	469	86.41
"GAGTTCGCCCGGGTCGTTTGGGGTGGTTCCTTA"	464	86.85
"GAGTTCTCCGAGGCGTACGTGTGTCAGATAGTG"	463	87.29
"GAGTTCTTTAGGAATGGACGACTTGAGGACCTA"	461	87.73
"GAGTTCCTTTGATTCTGGTGGAGTTTTGGGGGA"	457	88.17
"GAGTTCTGATGGTGTTCGTCGAGATGTCCGTTC"	454	88.60
"GAGTTCGCGGGCAGAAGCTCGGTGTTGCCGGAA"	453	89.03
"GAGTTCTTTCATAGGTCCGGATTGTGAATGATC"	452	89.46
"GAGTTCGGCTATCCGTGTGGGTGGAGGAACGTC"	444	89.88
"GAGTTCTCACCGTATACTGGTCAGTGGCAGGGG"	442	90.30
"GAGTTCATTGGTATTGACCGGCCACGGTGTCTC"	440	90.72
"GAGTTCTCGCGTAAGATCGTCCAGTGGCTGAGA"	429	91.13
"GAGTTCTTCCTTTTAGCGAGAGGTTGTTATCGG"	428	91.54
"GAGTTCATTAGGGGCAGTCGGGTATCGCGATAC"	417	91.93
"GAGTTCTGGTGGTGGTCGTATTGTGTACTTCGA"	415	92.33
"GAGTTCTTTCGTGGGCGTGAATCAATGACGAGA"	410	92.72
"GAGTTCGTTAGGGTGCCAATTGGAAGCTGGCGT"	410	93.11
"GAGTTCTGTAGTTGTGGATGGTAGTAGGCTCCA"	397	93.49
"GAGTTCCCGAAGGTATGTCCGGGGTACAATTTT"	362	93.83
"GAGTTCTCTGATCCCAGGTGCGGGCGCCTCCCA"	361	94.17
"GAGTTCGGGACGGTGCGTGAACGTTCCATGAGA"	341	94.50
"GAGTTCTGTAGGTCGAAGGAGTATATGCCAAAG"	338	94.82
"GAGTTCTCGAATGCGGCGTTCGATTATCTGCCC"	334	95.14
"GAGTTCCTCGGCGCAATCGTGGGATAGTACTCC"	313	95.44
"GAGTTCGCTTGGGTGGCCCGAGGTTCCCGGCGC"	296	95.72
"GAGTTCATTGAGCTGTTCCTTCTTTCGGATGTA"	284	95.99
"GAGTTCTTGCGGCTGTGCGAGTTGTAGTCAGGA"	275	96.25
"GAGTTCTCACTGCGCTCGCGCTGATGGGCTCTG"	272	96.51
"GAGTTCTTCGCGATAGGCCGGTTGCTGGTGCCA"	257	96.75
"GAGTTCGAGCGTTGACGGTAGTGATCAGTATAC"	252	96.99
"GAGTTCGCCTGCATGCAGTAATACCTTGCACCC"	251	97.23
"GAGTTCAACTAGTCATCCGCGAGACTTGCACCG"	246	97.47
"GAGTTCCACAGTAAGGTGTTAGCGTTAGGGGCG"	245	97.70
"GAGTTCTGCCACTCATGTTAGGATCGTCTGGTT"	244	97.93
"GAGTTCCGTACGCGTTATGTGTGAGGATGCTGC"	229	98.15
"GAGTTCGCTTGATTGCCCGATCTGTGCTCACTA"	227	98.37
"GAGTTCGAGTGGTTGCAGCAGGTGTGGTGCTTA"	226	98.58
"GAGTTCCTCGCGTTAATTTGCTGCGTGTGTCGC"	217	98.79
"GAGTTCCCACGGTTGAGACGGGGTAGCCATATG"	214	98.99
"GAGTTCTTCGGTCGGTAAAGGTATACGGGAGGT"	157	99.14
"GAGTTCGATAAAACGGGTCAGGACCTGACGTGT"	156	99.29
"GAGTTCTATAGGAAGGGTTGGAGCGCCGGTACA"	154	99.44
"GAGTTCTCGACCCTAGGTTCATTGCGTCTTGCT"	152	99.58
"GAGTTCCTTTATTGGTCTGTTCGTCTCACGCCA"	122	99.70
"GAGTTCCCTCTCATTGCAGAGGATGACTTCGCA"	112	99.80
"GAGTTCTATCGGCGTGCCCTGTGTTGGACGGTA"	104	99.90
"GAGTTCTCCGAGGAGCTCTGATTTGGTGGAGTC"	102	100.00
