BL-7989_11_S11_L002_R1_001-Barcode	BL-7989_11_S11_L002_R1_001-Count	BL-7989_11_S11_L002_R1_001-SaturationPerc
"GAGCTCCGTTAGTTTTACGC"	777418	22.39
"GAGCTCTATTGGCATTTGAA"	670118	41.69
"GAGCTCTGTAGATGAAATTG"	164453	46.42
"GAGCTCAGTGTGTCGGAATG"	134054	50.28
"GAGCTCTTAACCCGTTGTTA"	133068	54.12
"GAGCTCATCGCTGGTTGACA"	101693	57.05
"GAGCTCACGTAATCATACTT"	99097	59.90
"GAGCTCTCGGCCCTTTCTGA"	77013	62.12
"GAGCTCTCTAAAAGCGTTCG"	76740	64.33
"GAGCTCGTGGAGGGACATTG"	71112	66.38
"GAGCTCGGAAGTGCAGAAAA"	69663	68.38
"GAGCTCTAGGCTATAGGTCT"	69187	70.37
"GAGCTCGTTCGCGGAGAATC"	65358	72.26
"GAGCTCTGGTTAGGGCGTAG"	55600	73.86
"GAGCTCATGGCTAGGTCCTT"	52354	75.37
"GAGCTCTTTTAATGCTTTCT"	51123	76.84
"GAGCTCTGTGAATACTTTTG"	50867	78.30
"GAGCTCACTCGTTGGTATAC"	49743	79.74
"GAGCTCGTTTTATTATGCTT"	46385	81.07
"GAGCTCTGCTTGTCTTCGTA"	37173	82.14
"GAGCTCTCCTTGGTAACTCG"	36455	83.19
"GAGCTCGATGTAGGGAACTG"	35387	84.21
"GAGCTCGATCCTGAAATCCT"	35282	85.23
"GAGCTCGTCCCCTGGCGCGG"	33762	86.20
"GAGCTCGTTAGTTATAAGGG"	31941	87.12
"GAGCTCTAATTCGTCTTCCT"	31529	88.03
"GAGCTCCTAATTAAGAGCAG"	28543	88.85
"GAGCTCTAAAGCGTGTCCGA"	27952	89.65
"GAGCTCCGTTAGTCCTTGAC"	24012	90.35
"GAGCTCTTGGCAAAGCGGTA"	20063	90.92
"GAGCTCTCAGCGATTAATTG"	19390	91.48
"GAGCTCGTACCAACGCCGTC"	17738	91.99
"GAGCTCAATATATTTAATTT"	15871	92.45
"GAGCTCAGATCTCCCCCATT"	15291	92.89
"GAGCTCGGGTCGTCACATGG"	15123	93.33
"GAGCTCTGAGGTGACTCTCA"	14777	93.75
"GAGCTCGTGGTCCGTTCCAC"	12633	94.12
"GAGCTCATATTCTTAAGTTT"	11962	94.46
"GAGCTCAGGTGACTGGTACG"	11848	94.80
"GAGCTCAACAGGGTGAGTGA"	11561	95.13
"GAGCTCGTAGCGAAAGTTGT"	10004	95.42
"GAGCTCCAGACTATTATACA"	9964	95.71
"GAGCTCTGCATTCGTTGCCA"	9109	95.97
"GAGCTCACAGATTATGTGCG"	7009	96.17
"GAGCTCGCGATGTGCAAGGG"	6804	96.37
"GAGCTCGTCTGATGAGATAA"	6714	96.56
"GAGCTCGAGAGCTCGGGAAT"	6582	96.75
"GAGCTCCCGATAGTTTAGCA"	5131	96.90
"GAGCTCGGAGACTGGTGTGG"	4315	97.02
"GAGCTCTGTCTTGACGACCG"	4214	97.15
"GAGCTCCCTCCAATACCCTG"	4155	97.26
"GAGCTCGGCGTGAACGGCCC"	4074	97.38
"GAGCTCACTTCGAGAACCAC"	3736	97.49
"GAGCTCTGATCGAGTGCTAG"	3709	97.60
"GAGCTCGGCCTGGAGTAGTC"	3424	97.70
"GAGCTCAGGCCCCTTGCATA"	3417	97.79
"GAGCTCTGATTACATTGTTA"	3081	97.88
"GAGCTCCGCCGGACAAGCGT"	2913	97.97
"GAGCTCATCAAAGATAGTTC"	2913	98.05
"GAGCTCTGGATATAATTTTA"	2892	98.13
"GAGCTCTGGGGCAACGGTTA"	2450	98.20
"GAGCTCGACATCCGTATCAG"	2392	98.27
"GAGCTCGGCAGTCTAACGCA"	2208	98.34
"GAGCTCAGTGCGCAGCGCTT"	2082	98.40
"GAGCTCTCGATCAACGGATT"	1982	98.45
"GAGCTCAATCGATTGGGGAT"	1957	98.51
"GAGCTCGTGTGGTCTGTGGG"	1850	98.56
"GAGCTCAAGAAATATTGGTC"	1726	98.61
"GAGCTCCGGCGACTGAGTTC"	1585	98.66
"GAGCTCTCGTTTCGGACAAT"	1559	98.70
"GAGCTCGCACAAACAGTGCG"	1487	98.75
"GAGCTCAGAATGGGACCCAT"	1420	98.79
"GAGCTCGCATATGTTATCCC"	1381	98.83
"GAGCTCAGAGTGCCGATTTT"	1215	98.86
"GAGCTCATATATAATTGGGG"	1179	98.90
"GAGCTCGTGTCGATACGTTG"	1132	98.93
"GAGCTCCGTGAGCCGACTAA"	1121	98.96
"GAGCTCCAAACTTCTTTGTG"	1060	98.99
"GAGCTCCGCATTCCGTAAAT"	1016	99.02
"GAGCTCAAGCTTTGATGAAG"	992	99.05
"GAGCTCGGGATCTACAGCAT"	886	99.07
"GAGCTCAGTAAGTGGACTAT"	850	99.10
"GAGCTCTTGACTGTATCGGG"	843	99.12
"GAGCTCTGATATACTGATAT"	819	99.15
"GAGCTCCTTGAATCGCGAAT"	782	99.17
"GAGCTCTCAATCCTTATGCT"	754	99.19
"GAGCTCAGTTAGAATTACGC"	742	99.21
"GAGCTCGATGGTGTATAGTG"	731	99.23
"GAGCTCAAAGTAGACCTTTC"	717	99.25
"GAGCTCCGTGGTTTCGATAG"	712	99.27
"GAGCTCGTCGGCACACTTTC"	699	99.29
"GAGCTCAACGGTGTTGTCGT"	675	99.31
"GAGCTCACTTACCGGTAGGG"	663	99.33
"GAGCTCTATAGGAATTTTAA"	658	99.35
"GAGCTCTCGTGGGGCTGTGT"	634	99.37
"GAGCTCTATTGGCAAAAGAA"	613	99.39
"GAGCTCAATATTTCGAAGTT"	594	99.41
"GAGCTCAGTTAGTTTTAATC"	579	99.42
"GAGCTCGAGGACAGTTCTTA"	572	99.44
"GAGCTCCGATGGTCGGGCCG"	558	99.45
"GAGCTCAAAAATCAGGTTAT"	532	99.47
"GAGCTCTGGAGAAGATCAAA"	516	99.48
"GAGCTCTGTGGTATCCATAC"	486	99.50
"GAGCTCATTTAAAGTGTCGT"	471	99.51
"GAGCTCCCAGCGACAGTCGT"	457	99.53
"GAGCTCGGACGCCCTAGATT"	450	99.54
"GAGCTCCGTAAGTAATACGC"	445	99.55
"GAGCTCAATTAGAATTACAA"	408	99.56
"GAGCTCTAATGGGTCGTATT"	402	99.57
"GAGCTCCGTTAGTTAAACTC"	388	99.59
"GAGCTCGCATGTACTTGCAG"	386	99.60
"GAGCTCCTACGTTCATCTTA"	381	99.61
"GAGCTCTTAGCCCCCAAACG"	363	99.62
"GAGCTCTTCTTACGCCATAG"	347	99.63
"GAGCTCTATAGTCAATTGAA"	317	99.64
"GAGCTCTATTTGAAATTGAA"	314	99.65
"GAGCTCAGGCGGTTCTTTGT"	289	99.65
"GAGCTCTCGCCTCGTTAAGC"	286	99.66
"GAGCTCACAGTTCCCCTTTT"	282	99.67
"GAGCTCGTACCTGTTCGTCT"	280	99.68
"GAGCTCACGAAATGGACCTA"	280	99.69
"GAGCTCTATTGTCATATTAA"	261	99.69
"GAGCTCCGTTAGTTATAAGA"	257	99.70
"GAGCTCATTGACGCCGACGT"	255	99.71
"GAGCTCGACTCAAACGTCAC"	252	99.72
"GAGCTCTAGCACGGGTTACA"	251	99.72
"GAGCTCTAATGGCAATTTAA"	245	99.73
"GAGCTCCGTAATTTTTAAGC"	243	99.74
"GAGCTCAGCATGATCTCTGT"	243	99.75
"GAGCTCGGTTTCTGATCTTG"	230	99.75
"GAGCTCGACGGATGGGGTTA"	223	99.76
"GAGCTCACCGTAATCGTCCA"	214	99.76
"GAGCTCAATAGGCATATGAA"	207	99.77
"GAGCTCTACTATGGCATACA"	203	99.78
"GAGCTCCGTTATATTTACGA"	202	99.78
"GAGCTCCGATAGTATTACTC"	201	99.79
"GAGCTCGTTACGTACCGTAC"	200	99.79
"GAGCTCACGTAATCGTCTAT"	199	99.80
"GAGCTCGGCTAATGGCGGCC"	197	99.80
"GAGCTCACGGAGCTTAGGCA"	193	99.81
"GAGCTCGAGCAAGGGCGTGC"	188	99.82
"GAGCTCGATCATTGGGGCAG"	183	99.82
"GAGCTCCCACATCTACAATA"	180	99.83
"GAGCTCAAGGGTAGGTCCCG"	180	99.83
"GAGCTCCGTAAGATTAACGC"	179	99.84
"GAGCTCAATATATGTATTGA"	179	99.84
"GAGCTCAAGGACCGATCATC"	173	99.85
"GAGCTCCGATAGATTTAAGC"	169	99.85
"GAGCTCGTGGCATTTCACTT"	166	99.86
"GAGCTCTATTAAAAATTTAA"	148	99.86
"GAGCTCACGTTATTGTTTTC"	147	99.86
"GAGCTCTAATTGAATTAGAA"	143	99.87
"GAGCTCAAGCACAAACCGTA"	143	99.87
"GAGCTCTTGACTGGAAATTA"	134	99.88
"GAGCTCTGTAGAAGAAAAAG"	132	99.88
"GAGCTCAAATTTTATCTTAA"	130	99.88
"GAGCTCTACGGGGTTTCCTT"	129	99.89
"GAGCTCATAACACAAGGTAG"	129	99.89
"GAGCTCTTAACACGATGATA"	128	99.90
"GAGCTCTATAGAAAAAATAA"	127	99.90
"GAGCTCAGTAGATTAAAATG"	127	99.90
"GAGCTCACTTAATAATACTA"	127	99.91
"GAGCTCTTTACCCGGCTACA"	125	99.91
"GAGCTCATAGAGGAGGCATT"	125	99.91
"GAGCTCACGAAGGCGGGGTT"	125	99.92
"GAGCTCACGTAATCAAAATA"	123	99.92
"GAGCTCAGTTAATTTAACGC"	122	99.92
"GAGCTCTTAACCAGATTTTA"	119	99.93
"GAGCTCTGCTCTTGGAATCG"	119	99.93
"GAGCTCTAATGGAATATGAA"	117	99.93
"GAGCTCCGATACTTATACGC"	117	99.94
"GAGCTCCAAGCGGATGATTG"	115	99.94
"GAGCTCTAGGGGCTAAGCTA"	114	99.94
"GAGCTCACATATAAGCGCCG"	114	99.95
"GAGCTCCGTTAGATATAATC"	113	99.95
"GAGCTCAGTTAATAATAATC"	111	99.95
"GAGCTCAATTTGCATTTTAA"	111	99.96
"GAGCTCAAACTAAAGATATC"	111	99.96
"GAGCTCCGTTAGTAAAAAGC"	110	99.96
"GAGCTCTATAGGAATAAGAA"	108	99.97
"GAGCTCGCTGTCGGGAAGAT"	108	99.97
"GAGCTCCCGCGGCCTACTTT"	106	99.97
"GAGCTCATCGAGAGTTGTTG"	106	99.98
"GAGCTCTAGCGCTTTAAATT"	105	99.98
"GAGCTCGCATGTGAATGGTA"	105	99.98
"GAGCTCTTCCAATGTCAGTT"	104	99.99
"GAGCTCCACAACACTATTCA"	103	99.99
"GAGCTCCTTAGGGGTTCTAG"	102	99.99
"GAGCTCTATTCCCATTAGAA"	101	99.99
"GAGCTCCAAGCATAGGGATT"	101	100.00
"GAGCTCGCGATCTGTTAATG"	100	100.00
