BL-8036_35_S35_L001_R1_001-Barcode	BL-8036_35_S35_L001_R1_001-Count	BL-8036_35_S35_L001_R1_001-SaturationPerc
"GAGCTCAGATTGGACTTATA"	22943	0.42
"GAGCTCAGTGGTGGAAGAAA"	22014	0.82
"GAGCTCACCCGGCAGCCGTC"	21376	1.20
"GAGCTCGAAGCGGTGTCGTT"	20666	1.58
"GAGCTCAGTCTGTATGGCCA"	18669	1.92
"GAGCTCGGACGGATGCCACC"	17730	2.24
"GAGCTCGGGAGATTAGGGCA"	17121	2.55
"GAGCTCACCGTGAGTCGTGG"	16235	2.84
"GAGCTCGACTTAGTGTACTG"	15719	3.13
"GAGCTCGTAGTGCTGTGTTC"	14634	3.39
"GAGCTCGTTACAAGTGCCTA"	14544	3.66
"GAGCTCGCGGTTCGCCTCAC"	14327	3.92
"GAGCTCACAGACAGATGTGG"	14103	4.17
"GAGCTCACCTAACCTATGTT"	13232	4.41
"GAGCTCGGGTCACCCCTACC"	12924	4.65
"GAGCTCTGCTGGGCGGTCGT"	12791	4.88
"GAGCTCGCATCCTACCACGC"	12186	5.10
"GAGCTCGGCGGCTTGTCGAT"	12005	5.32
"GAGCTCGGCGTGGTCCTGCT"	11875	5.53
"GAGCTCGACTGTGAGTACAT"	11840	5.75
"GAGCTCGAGCAGCGGACAGT"	11609	5.96
"GAGCTCAGGAGGGTGAGTTG"	11146	6.16
"GAGCTCAGAGCGGTTGGTCG"	11091	6.36
"GAGCTCATGGTGCGAGTCAG"	11065	6.56
"GAGCTCTGGCTACACTTGAT"	11061	6.76
"GAGCTCGGTGTGGAAGGCTC"	10898	6.96
"GAGCTCATAGAGTCGGGCTG"	10888	7.16
"GAGCTCGGCTAACGTACGCG"	10868	7.35
"GAGCTCTGTCTGGGCAACGG"	10845	7.55
"GAGCTCGGTCGTTTCAAGCG"	10666	7.74
"GAGCTCAGTGAAAGGCTGTC"	10622	7.94
"GAGCTCGTGTTGTTAGGATG"	10619	8.13
"GAGCTCATCATCAGTGTTGG"	10612	8.32
"GAGCTCAACCTGCTCAGGAC"	10592	8.51
"GAGCTCCGTGGCGGGGGTTT"	10476	8.70
"GAGCTCGATCGGATCTATCT"	10452	8.89
"GAGCTCCGGCTGTTGGAGTG"	10249	9.08
"GAGCTCATTACATTATGTTC"	10142	9.26
"GAGCTCAACTGGTAGCAATG"	9812	9.44
"GAGCTCGCGGAACAATCTTG"	9797	9.62
"GAGCTCGTGCCTTGGTGCGA"	9794	9.80
"GAGCTCGGGACAGTCGATTT"	9630	9.97
"GAGCTCGGCACTAATGGGTA"	9580	10.15
"GAGCTCTGCCTGCGTGGGTC"	9490	10.32
"GAGCTCACAGGGGCTGACGG"	9380	10.49
"GAGCTCACCCGTACTGCCTC"	9373	10.66
"GAGCTCAGCGGTTGCCGTAG"	9309	10.83
"GAGCTCACCCATGAATCGTT"	9259	10.99
"GAGCTCATCCGGTCGTTATC"	8947	11.16
"GAGCTCTACCTACTGCAAAT"	8878	11.32
"GAGCTCGGTGGTCAGAGAGT"	8747	11.48
"GAGCTCATGGTTTCAAATTT"	8744	11.63
"GAGCTCAGTCACAGTGACCA"	8681	11.79
"GAGCTCATCCTGGTTGGCGT"	8666	11.95
"GAGCTCAATGCAGTAAGGGT"	8662	12.11
"GAGCTCGCGCCAGTGTTGCG"	8531	12.26
"GAGCTCGTTCGCCTGCAGCC"	8504	12.42
"GAGCTCGATCGGAGATCAGA"	8501	12.57
"GAGCTCGTGAGATAGACGTT"	8460	12.72
"GAGCTCAGGGTACCGGTATT"	8414	12.88
"GAGCTCGGCAGAAGGCGAGA"	8403	13.03
"GAGCTCGTGTTGGGTATAAT"	8345	13.18
"GAGCTCATATCAACGTAATA"	8284	13.33
"GAGCTCATGCAAGAGATGTA"	8195	13.48
"GAGCTCAGCCATGTAGACGC"	8105	13.62
"GAGCTCATGGCACCAAACTT"	8032	13.77
"GAGCTCGCTGGCATATATTG"	8012	13.92
"GAGCTCGCACTATTCGATTA"	7995	14.06
"GAGCTCGACATCGACTATAA"	7944	14.20
"GAGCTCATATGCTAGCAGTG"	7884	14.35
"GAGCTCGATATTCCGAATTA"	7876	14.49
"GAGCTCGAGCAGATATTAGT"	7848	14.63
"GAGCTCAGCCGTTAATGGGT"	7838	14.78
"GAGCTCGCGCCTGTATGTTC"	7754	14.92
"GAGCTCGTCGCAATGCTGGG"	7747	15.06
"GAGCTCACTATGGTGCTGAG"	7738	15.20
"GAGCTCGGTGTTCGTGGTGA"	7720	15.34
"GAGCTCGCTTAAGGGCTAGC"	7706	15.48
"GAGCTCGCATGTTAGCCATT"	7630	15.61
"GAGCTCGCGAACTCCAGTAC"	7577	15.75
"GAGCTCGCGTCAGGGCAACT"	7491	15.89
"GAGCTCAGTAGAAGGCAGTT"	7460	16.02
"GAGCTCATGTACCATTATAC"	7392	16.16
"GAGCTCGGGTTGATCTTCGG"	7381	16.29
"GAGCTCGCGGGTAGTTGGGG"	7356	16.42
"GAGCTCGTAGAGGAGCACTG"	7327	16.56
"GAGCTCGCCATGGTACCCTA"	7262	16.69
"GAGCTCAATGCCCTAACGTT"	7239	16.82
"GAGCTCTAACCGACGAGGCT"	7169	16.95
"GAGCTCGCTCCGCTATAGCT"	7136	17.08
"GAGCTCGCGTGTAGCCGCGG"	7136	17.21
"GAGCTCGCTAGAATGGTAGC"	7123	17.34
"GAGCTCTAGCCGGGTTTGGT"	7112	17.47
"GAGCTCCTGAAATATGTATC"	7075	17.60
"GAGCTCATAGACCTTAGGAT"	7053	17.72
"GAGCTCGTAAAGGTGTTCTG"	7008	17.85
"GAGCTCGTTGTACATGGGTA"	6957	17.98
"GAGCTCAACCGGGTGCGGTC"	6942	18.10
"GAGCTCATACTAAACTCTCT"	6940	18.23
"GAGCTCCCCATTAGGGTGCG"	6883	18.35
"GAGCTCTAGCGGTAGGGGGA"	6743	18.48
"GAGCTCGGCGAATTCCTATT"	6726	18.60
"GAGCTCATGGATGATCCTAT"	6696	18.72
"GAGCTCGGGGATTATAATTG"	6655	18.84
"GAGCTCTGGGCCAAACCTAT"	6637	18.96
"GAGCTCGTATGTCCATGGCG"	6633	19.08
"GAGCTCGACGGGTGTGAGCG"	6627	19.20
"GAGCTCGACGCACCGTCCGT"	6612	19.32
"GAGCTCGGTGTTAAATTCAT"	6589	19.44
"GAGCTCGAGGGTGCTAGAAT"	6588	19.56
"GAGCTCGTTAGTCTTAGGTG"	6585	19.68
"GAGCTCGTCCGCAAGTAAAG"	6563	19.80
"GAGCTCGTTTACACGTAGAT"	6561	19.92
"GAGCTCCACGCGTGGCAGGA"	6539	20.04
"GAGCTCGAGCGTGCTGTCTG"	6497	20.15
"GAGCTCTGGGGGATAGTTCA"	6477	20.27
"GAGCTCGTTAGAGGATATTC"	6461	20.39
"GAGCTCGGGCGGTACACCAG"	6453	20.50
"GAGCTCAGCAGAGATTCCTC"	6439	20.62
"GAGCTCACCGACGGGTCTCA"	6408	20.74
"GAGCTCAAGGGAGATTTGTT"	6371	20.85
"GAGCTCGTGTCGGGGGTACC"	6345	20.97
"GAGCTCTGGAGAGGGTGTCG"	6334	21.08
"GAGCTCAGTAATATCATAAG"	6309	21.20
"GAGCTCGGCCCACTCCCTTA"	6290	21.31
"GAGCTCGGGCGGTGGTTATC"	6241	21.43
"GAGCTCGGGGGGCTGTGTCG"	6233	21.54
"GAGCTCGGGTCAGGACACGC"	6206	21.65
"GAGCTCCGCCGATCTCGAGG"	6199	21.76
"GAGCTCCAAAGCTGCATGTT"	6195	21.88
"GAGCTCGGGAGTGTAGCGTG"	6174	21.99
"GAGCTCATAGAGCGTTTTCG"	6166	22.10
"GAGCTCCATGCTGGTCAACT"	6158	22.21
"GAGCTCAACAGGCGAGACAC"	6117	22.32
"GAGCTCGTGGGGTGGCGCAT"	6099	22.43
"GAGCTCTGTGCCCGTTAGAA"	6090	22.54
"GAGCTCGGGTACCGAGGCTG"	6080	22.65
"GAGCTCGGACTAGGGTTGTG"	6068	22.76
"GAGCTCTTGTTGTGGCTGTT"	6043	22.87
"GAGCTCAAACGCATTCAGCA"	6033	22.98
"GAGCTCTGCCTCGTAACGAT"	6028	23.09
"GAGCTCGGGCCGGGCGGCGA"	6007	23.20
"GAGCTCGCAATATTTGGTGT"	6000	23.31
"GAGCTCAACCCAGTGAGGGA"	5997	23.42
"GAGCTCGACCGTAGCTTCCT"	5940	23.53
"GAGCTCAGGGCAGTGTCTTA"	5929	23.63
"GAGCTCGACCAGATGGTTGT"	5924	23.74
"GAGCTCACCGGACGGGGTCC"	5924	23.85
"GAGCTCATAATGACTGCTAT"	5900	23.95
"GAGCTCGGCCGTCGGGCTAG"	5895	24.06
"GAGCTCGCAGACAGGCACAT"	5888	24.17
"GAGCTCGGGTTTTCGGGGTG"	5887	24.28
"GAGCTCACACCGCGGTGGTT"	5875	24.38
"GAGCTCGTCAACTACTTGAC"	5867	24.49
"GAGCTCGCATGCGAGGGGGC"	5824	24.59
"GAGCTCAAAATAGATGGGCC"	5818	24.70
"GAGCTCAGTGCAGGTTTATC"	5800	24.80
"GAGCTCGCGGTGAGTGCGTA"	5791	24.91
"GAGCTCGTGAAATACTTTAA"	5788	25.01
"GAGCTCGACAAGGTGTTCCC"	5772	25.12
"GAGCTCGGACTGTGTTAGTC"	5738	25.22
"GAGCTCCTGCGCGTCGGTCT"	5726	25.33
"GAGCTCGGCGGATAGTACGA"	5723	25.43
"GAGCTCAAAGTTGGATAACA"	5722	25.53
"GAGCTCGCACTCAAGATCCG"	5705	25.64
"GAGCTCGATGCGGATCATGG"	5702	25.74
"GAGCTCGGGATGTGAGTGCC"	5687	25.84
"GAGCTCGCAGTGTGATCCGA"	5639	25.95
"GAGCTCGGGCCGCCCGGATC"	5624	26.05
"GAGCTCTATAGGGCATTCGT"	5596	26.15
"GAGCTCGCGTACGACACTCT"	5596	26.25
"GAGCTCATCGGGGTGTATAA"	5595	26.35
"GAGCTCCAGCTTGACGTTAC"	5577	26.45
"GAGCTCAGGACCAGTGATGT"	5575	26.56
"GAGCTCACGGGCGCAGGGAG"	5565	26.66
"GAGCTCACGGGCAGCTGACG"	5554	26.76
"GAGCTCAGTCAGCACACACT"	5544	26.86
"GAGCTCGTCCGGGTAGCTCT"	5539	26.96
"GAGCTCGGTTCTTAAGATTA"	5527	27.06
"GAGCTCAAGTACGTGCGCCC"	5526	27.16
"GAGCTCGTGTCCCCGGCCGT"	5505	27.26
"GAGCTCGGCGGGCCGATTGA"	5482	27.36
"GAGCTCGAAACGGGGGACAT"	5477	27.46
"GAGCTCGCCTATCGTCGGAC"	5469	27.56
"GAGCTCAATTGCAGCTTTGA"	5466	27.66
"GAGCTCGTCCACCCGGGCGA"	5462	27.75
"GAGCTCGGGGTAGTCGCCCA"	5456	27.85
"GAGCTCTGTGCTCGTCGATA"	5445	27.95
"GAGCTCGGGGTCATTCGCTG"	5435	28.05
"GAGCTCGACACATAGGTTGA"	5424	28.15
"GAGCTCAAGTGGGCCGCACC"	5417	28.25
"GAGCTCAGGCGTGTCTACTT"	5412	28.35
"GAGCTCGGTCTATGGGCACA"	5373	28.44
"GAGCTCTATGTTGCAGTTCA"	5371	28.54
"GAGCTCAAGCTAGGTGTGCG"	5363	28.64
"GAGCTCCGTGGGTGTTGAGA"	5346	28.73
"GAGCTCGCGGGGGCTGTACA"	5314	28.83
"GAGCTCCCTGTCGCACAAAG"	5314	28.93
"GAGCTCGTTTGATGTTGCCT"	5310	29.02
"GAGCTCAGGCTGTAACCTCA"	5304	29.12
"GAGCTCGTGGTAGGAGATAC"	5302	29.22
"GAGCTCTGGGACCATACAAT"	5300	29.31
"GAGCTCGAAACGCGAGGGCA"	5298	29.41
"GAGCTCGACTGTACCAGCTT"	5283	29.50
"GAGCTCAATGGCACCCCTCA"	5283	29.60
"GAGCTCGTGAGAGGGTTCCA"	5272	29.70
"GAGCTCAGCCCCTGCCGCAG"	5267	29.79
"GAGCTCCAGGAGTGCGATGA"	5266	29.89
"GAGCTCAGCCCCCATGATGG"	5256	29.98
"GAGCTCGTCTATGGTTTATT"	5241	30.08
"GAGCTCGGTCGGGGCCCGGC"	5241	30.17
"GAGCTCCGAAGGCAGGTTCA"	5234	30.27
"GAGCTCGGAGGTGTCCTACC"	5233	30.36
"GAGCTCAGGACTGTCTCCTC"	5219	30.46
"GAGCTCTATTCGTGAGATCT"	5217	30.55
"GAGCTCTCGGCGTATACGTC"	5215	30.65
"GAGCTCGGGTAAAAGATTTG"	5215	30.74
"GAGCTCAACCCAGGGATAGA"	5211	30.83
"GAGCTCGTCTAATCTCGCCT"	5210	30.93
"GAGCTCGAGGGAGTGATTGG"	5208	31.02
"GAGCTCTGTCTGGTAGTTTT"	5203	31.12
"GAGCTCATTCAGCAATTCAT"	5196	31.21
"GAGCTCACGTGTAAGTGCCC"	5194	31.31
"GAGCTCCGGGGGAGATTCTG"	5193	31.40
"GAGCTCGGGCTGTTTACGCT"	5162	31.49
"GAGCTCGGGAATTTAGATGT"	5161	31.59
"GAGCTCGCCTGCGTCCTATG"	5159	31.68
"GAGCTCGACTCGAATGACAT"	5146	31.77
"GAGCTCACCTAGCAACCACT"	5141	31.87
"GAGCTCACAGGCTCTTCTAT"	5129	31.96
"GAGCTCGGCTGTGCTCTCCA"	5120	32.05
"GAGCTCAGCCCGTGTTTCGG"	5120	32.15
"GAGCTCGATCGGCCGATGGA"	5119	32.24
"GAGCTCTGGCGCTATGTAAG"	5109	32.33
"GAGCTCGGTCAGCCCTGCTG"	5108	32.42
"GAGCTCGCTGGATGACTGTC"	5108	32.52
"GAGCTCAGGGCTAGCAATTC"	5106	32.61
"GAGCTCAGCGTGATATTGTC"	5104	32.70
"GAGCTCGCACAGTTCGGGTG"	5086	32.79
"GAGCTCAGGGCTGATGAGCG"	5084	32.89
"GAGCTCGTGGCACGATAAGC"	5083	32.98
"GAGCTCAGCGCTGGGTCCTA"	5078	33.07
"GAGCTCGAACGCCGTCCCAA"	5076	33.16
"GAGCTCGGAGTGAAGCCGCA"	5075	33.26
"GAGCTCGGTGTAGGATTAGG"	5064	33.35
"GAGCTCACCGCCGCACATAA"	5057	33.44
"GAGCTCAGTGATGCCTCCGT"	5041	33.53
"GAGCTCGACGCGAAACCACC"	5035	33.62
"GAGCTCGGTGACCGGCAGAA"	5029	33.71
"GAGCTCGGCCGACAGCTATA"	5029	33.80
"GAGCTCAGCGGAAGTTGTAC"	5028	33.89
"GAGCTCGTGGCATGGCTGTT"	5022	33.99
"GAGCTCTCGGCGGGCTTCTT"	5021	34.08
"GAGCTCGGACGGTACCGGAG"	4983	34.17
"GAGCTCGCCGGGCACCGGCA"	4969	34.26
"GAGCTCATTGGGTGGCACAG"	4968	34.35
"GAGCTCATGAAGCGGTATAC"	4968	34.44
"GAGCTCATTCCCGCGGCACC"	4967	34.53
"GAGCTCAGTGTGTTGCACAT"	4965	34.62
"GAGCTCGACGCGAGAAGCAG"	4964	34.71
"GAGCTCGCACGGAATTTCGG"	4951	34.80
"GAGCTCATCAAGGTCAGTTA"	4942	34.89
"GAGCTCAATCGTGCAGCGGG"	4939	34.98
"GAGCTCGACGTGTACAAGAG"	4936	35.07
"GAGCTCTAGGATGGTCGTGT"	4935	35.16
"GAGCTCAGGGCCGCTCTGGA"	4926	35.25
"GAGCTCGGGAATAGCTAGTG"	4921	35.33
"GAGCTCGATGGCGATATTGC"	4921	35.42
"GAGCTCCCTCCCTTCTGTTC"	4911	35.51
"GAGCTCGACTCAATCTCGTG"	4893	35.60
"GAGCTCAGTGCAATTGGTTA"	4888	35.69
"GAGCTCGGGCAAGCTCAACG"	4880	35.78
"GAGCTCGTGCGATGTTCGAG"	4877	35.87
"GAGCTCCGGCAGATATACTC"	4876	35.96
"GAGCTCAGTGTTAAATCTGG"	4875	36.04
"GAGCTCGAGGCGAAGTCAAG"	4873	36.13
"GAGCTCACTGAAGTGTGTCC"	4868	36.22
"GAGCTCAGCATCGGACGTCA"	4866	36.31
"GAGCTCAGTCACGTTCATCG"	4860	36.40
"GAGCTCGAACGCTGGGGCTA"	4854	36.48
"GAGCTCGCGTTCGAGGCATG"	4853	36.57
"GAGCTCGCGACACCGCAATT"	4845	36.66
"GAGCTCGAACGGTTAGGGTA"	4843	36.75
"GAGCTCATGTGGAGCGTATA"	4842	36.84
"GAGCTCGTCCCGATGGTTTC"	4840	36.92
"GAGCTCGGGCTGAGTGCAAT"	4833	37.01
"GAGCTCGCTGTCCGAATGGG"	4827	37.10
"GAGCTCAGAACAGTCACGTA"	4821	37.19
"GAGCTCACCCACTTGGCGTT"	4821	37.27
"GAGCTCGGGTGGTTCACAAT"	4815	37.36
"GAGCTCTGTCCGCTGTTAAG"	4814	37.45
"GAGCTCGGTGACATTGCTTC"	4811	37.54
"GAGCTCAGTTAGGTGTGTCA"	4807	37.62
"GAGCTCGGATGACCAGTAGC"	4798	37.71
"GAGCTCACGGCGGCTTATTG"	4794	37.80
"GAGCTCACGGGCTGCCTAGT"	4781	37.88
"GAGCTCAGTGCGAATCTGAT"	4775	37.97
"GAGCTCAAGCTAGGATGCAT"	4770	38.06
"GAGCTCATAACACAAGGTAG"	4768	38.14
"GAGCTCAACGGTAGTCATGT"	4768	38.23
"GAGCTCGGTCAAGTGCGGTT"	4761	38.32
"GAGCTCTACTAACGTGCAGA"	4758	38.40
"GAGCTCGGGATGCTGAGTGA"	4754	38.49
"GAGCTCGGGCCGCCATGGAA"	4749	38.57
"GAGCTCGTGCATCAGTTGTA"	4743	38.66
"GAGCTCTTCAGGCGTGATGT"	4723	38.75
"GAGCTCGGTATGGGGGGGCT"	4707	38.83
"GAGCTCGTTTCTGTTCGGGT"	4704	38.92
"GAGCTCGTGTAGCAATCTTG"	4703	39.00
"GAGCTCGAGCTGATGACGTT"	4685	39.09
"GAGCTCGACGAATATCTTAG"	4676	39.17
"GAGCTCGGGCTCGACACTGA"	4667	39.26
"GAGCTCCCCTTGCGGCATTG"	4659	39.34
"GAGCTCAATCCGGAGGACTG"	4659	39.43
"GAGCTCTGTTTATCGCGTGA"	4653	39.51
"GAGCTCGAGCTAGCACAGGA"	4650	39.59
"GAGCTCGGTCATCGGGGGGG"	4644	39.68
"GAGCTCCGTGTCATACATTT"	4643	39.76
"GAGCTCGTGATACCACGAAG"	4635	39.85
"GAGCTCAAGGGAAGCGACCT"	4632	39.93
"GAGCTCATGGGCTGGCGGAG"	4631	40.01
"GAGCTCATAGCCTGCGCACA"	4630	40.10
"GAGCTCATGGACAGTATATA"	4629	40.18
"GAGCTCTGTCTGGCTTTGAT"	4612	40.27
"GAGCTCGGGGTCATATCACC"	4609	40.35
"GAGCTCAGATGTGGATCCGG"	4609	40.43
"GAGCTCGCAGTCTGGTCATA"	4603	40.52
"GAGCTCAGGTATAGTTGTGG"	4600	40.60
"GAGCTCGGTGACGATCGTTA"	4594	40.68
"GAGCTCAACAAGGTGCACAT"	4592	40.77
"GAGCTCTGTGAATTTTGAGG"	4567	40.85
"GAGCTCTGGCCCGATTAAAT"	4565	40.93
"GAGCTCATCGGGAGACAGAG"	4559	41.02
"GAGCTCCTGGCGACGAAGGT"	4552	41.10
"GAGCTCAGGGCTACTACACT"	4535	41.18
"GAGCTCTCGGCCAAATCGGG"	4526	41.26
"GAGCTCGTGTGAATGTTTCT"	4523	41.34
"GAGCTCTGCACTTCCCGGGG"	4520	41.43
"GAGCTCTCCGGGCATTAATC"	4509	41.51
"GAGCTCATCACCGTCTAAGG"	4508	41.59
"GAGCTCGGCTAACGAGAGTT"	4507	41.67
"GAGCTCGTGGAGTCAGATCC"	4506	41.75
"GAGCTCTTGGAGTCGTCTGT"	4494	41.83
"GAGCTCAGCGCATCTTAGTC"	4494	41.92
"GAGCTCAACAGAAGGTGATC"	4487	42.00
"GAGCTCGACGCCAAGCGTAG"	4483	42.08
"GAGCTCTGGCGGGTCCCCTG"	4470	42.16
"GAGCTCTGCGGGGGACCAGA"	4462	42.24
"GAGCTCAGAACAAGATCATG"	4461	42.32
"GAGCTCGCTGTACCTCTGCG"	4458	42.40
"GAGCTCGTCGTCCGCTAGCA"	4453	42.48
"GAGCTCAGGAATGTGATGGT"	4447	42.56
"GAGCTCGTTGGACTCTAGCT"	4442	42.64
"GAGCTCGACACAAAGAAGTT"	4434	42.73
"GAGCTCAGTACTGTGGTAAG"	4434	42.81
"GAGCTCGCCTCGTTGGGTAT"	4433	42.89
"GAGCTCGCAACAGTTAGATG"	4432	42.97
"GAGCTCGATGCGTTTGGGCT"	4427	43.05
"GAGCTCATCACGTATGGACT"	4421	43.13
"GAGCTCGGTCGAACCATAGT"	4419	43.21
"GAGCTCACTGCGCTGCTGTT"	4408	43.29
"GAGCTCATGAGGTATGCTCT"	4406	43.37
"GAGCTCGTATCTTTGTTGAT"	4390	43.45
"GAGCTCAATGTGTGAGAACG"	4386	43.53
"GAGCTCGCAGTGGTGGTAAC"	4372	43.61
"GAGCTCACGGCACTTGCTAT"	4369	43.68
"GAGCTCAAGGGGTATGCTGG"	4367	43.76
"GAGCTCTGCCCGTGCGGCGC"	4356	43.84
"GAGCTCGCTCCGGTAGGGTA"	4354	43.92
"GAGCTCAACATTGGACAGCA"	4349	44.00
"GAGCTCGTGTGACAAACTAA"	4348	44.08
"GAGCTCACCAAACGTCTAGG"	4344	44.16
"GAGCTCATCCCGGACATTAA"	4342	44.24
"GAGCTCATTTGACGATAAAG"	4340	44.32
"GAGCTCATCGAGGGTCTTGA"	4340	44.39
"GAGCTCAGATTACTTAATGC"	4335	44.47
"GAGCTCATGGGCAATTGTCT"	4331	44.55
"GAGCTCACTGTTGGTGGCAA"	4331	44.63
"GAGCTCACCTCCAAAATCCG"	4323	44.71
"GAGCTCACATTACGTACACT"	4322	44.79
"GAGCTCTACTTAGCTGATGC"	4321	44.86
"GAGCTCGCGGAGGGTGCGCA"	4313	44.94
"GAGCTCCCCCTTCAGTGATA"	4313	45.02
"GAGCTCAGGCGGCCTGAGAA"	4311	45.10
"GAGCTCAGTAGCTGTAGTGC"	4307	45.18
"GAGCTCGCGCGCAAGGCATT"	4305	45.26
"GAGCTCGTAGGGAATAGGCG"	4294	45.33
"GAGCTCACTCGTTGGTATAC"	4293	45.41
"GAGCTCGAGGCACCTTTTGT"	4281	45.49
"GAGCTCATCCTGTAGTACAA"	4281	45.57
"GAGCTCAATCCAGACTGACT"	4277	45.64
"GAGCTCGTGGAGCCACCATT"	4265	45.72
"GAGCTCGAGTTTGGCAGTGA"	4262	45.80
"GAGCTCGTGGATGGCATTCT"	4257	45.88
"GAGCTCGGCTGCCAACTTTT"	4243	45.95
"GAGCTCGAACATTCGTGTGC"	4243	46.03
"GAGCTCAGATGGCCCAAGAC"	4240	46.11
"GAGCTCAAGACAGTAAGACG"	4238	46.18
"GAGCTCGTACTGTTTGGCTC"	4236	46.26
"GAGCTCGGTATCTTGAGTTA"	4228	46.34
"GAGCTCAGTCTGTTGGTCAG"	4226	46.41
"GAGCTCGGGCTATACTATAG"	4225	46.49
"GAGCTCGGTTGGACTCGTTG"	4212	46.57
"GAGCTCTTCGGGATTAATGG"	4208	46.64
"GAGCTCGCGTTTCCGGACAC"	4202	46.72
"GAGCTCCACGGGTGTGGACG"	4198	46.80
"GAGCTCGCCCGCTGTATTTT"	4189	46.87
"GAGCTCATATCGTGGGACAA"	4184	46.95
"GAGCTCGGGTACCCGAAGCA"	4179	47.02
"GAGCTCGATCAATATCGTGG"	4172	47.10
"GAGCTCGTACAAGGGTTTCT"	4171	47.17
"GAGCTCGTAGGTGGAAGAGG"	4160	47.25
"GAGCTCGGTTGTATAAATGG"	4157	47.33
"GAGCTCGTAAAGCAGTGTAG"	4154	47.40
"GAGCTCGCGTAGTAGGGAAT"	4147	47.48
"GAGCTCGATGATTGAGTTGG"	4129	47.55
"GAGCTCGATCTCCGAGGCTA"	4124	47.63
"GAGCTCGAACATAGTATTGG"	4123	47.70
"GAGCTCGCTAGACTGTTTAA"	4116	47.77
"GAGCTCGACTTGTATTATCG"	4104	47.85
"GAGCTCAATGGAGGGCAAAT"	4103	47.92
"GAGCTCGTAAGAGTGATATG"	4101	48.00
"GAGCTCGCTTACTGCTGCCT"	4097	48.07
"GAGCTCGGCGCTATGACGCT"	4096	48.15
"GAGCTCGGATCCGTCAACCT"	4095	48.22
"GAGCTCTTACCGAGATGTTG"	4093	48.30
"GAGCTCAAATTTATGCATTT"	4090	48.37
"GAGCTCAGAATCGTCGGAAG"	4086	48.44
"GAGCTCATAGTCACGTGCGT"	4085	48.52
"GAGCTCAGGGGTGTTCGATT"	4083	48.59
"GAGCTCGCCGACTTTGCCGT"	4082	48.67
"GAGCTCGCAGACCAGAATTA"	4081	48.74
"GAGCTCATCTTTCGTGGTAT"	4081	48.81
"GAGCTCTGTTGTGTTGTAAG"	4079	48.89
"GAGCTCAGGGTCACCTTGAG"	4079	48.96
"GAGCTCGTCGTCTGGTGCGG"	4067	49.04
"GAGCTCGGGCGCTCTCGGGA"	4065	49.11
"GAGCTCAGTGGCTTAAGCGT"	4064	49.18
"GAGCTCACGCCGCCAGCTAG"	4061	49.26
"GAGCTCAAGCGAAATCAGCA"	4060	49.33
"GAGCTCAGAGGTGTATCACA"	4059	49.40
"GAGCTCACGAAGTGGGCGGT"	4059	49.48
"GAGCTCGACCTTTCGAACGT"	4044	49.55
"GAGCTCAAGGGTCCGGGTGT"	4044	49.62
"GAGCTCGTGTAACGGTTAGA"	4042	49.70
"GAGCTCATCAAAGTGCGTGT"	4019	49.77
"GAGCTCGCTTAAGTCTATAG"	4017	49.84
"GAGCTCGCAAGTTGTCGTAC"	4011	49.92
"GAGCTCCCCTAGAGTTACTG"	4011	49.99
"GAGCTCGCGGATTGTATGGT"	4008	50.06
"GAGCTCAGGACATAAAGTTC"	4004	50.13
"GAGCTCGCGTCCGCTGCAAT"	4003	50.21
"GAGCTCTGTGCTGTGGTGGG"	4002	50.28
"GAGCTCAAGATGCACACGAC"	4002	50.35
"GAGCTCATGCAGGCATAAAG"	3989	50.42
"GAGCTCGGCATATCTATGTA"	3981	50.50
"GAGCTCATCCTGTAACTACA"	3980	50.57
"GAGCTCGGGGATTTTACCCG"	3976	50.64
"GAGCTCGAAGAGGTAGCGAT"	3974	50.71
"GAGCTCATTGTGCCGCTTCA"	3969	50.78
"GAGCTCGGGGCGCGGTTAAG"	3964	50.86
"GAGCTCATCCCCTCGCTATG"	3960	50.93
"GAGCTCGTGTCATGTGTTTT"	3954	51.00
"GAGCTCATGGAGCTGTCAGT"	3954	51.07
"GAGCTCGTAGGAGACCAAGG"	3952	51.14
"GAGCTCCGGCCATGCACGCT"	3946	51.21
"GAGCTCGAACACGCATTTTA"	3938	51.29
"GAGCTCGTGATATAGTGTTG"	3928	51.36
"GAGCTCGTGGTCTGTTTTGG"	3927	51.43
"GAGCTCTGTGCACATGGGCA"	3922	51.50
"GAGCTCGCTCAATGTACCAA"	3914	51.57
"GAGCTCGGCTTATCGTCATA"	3913	51.64
"GAGCTCAGGCTTATTGCCCA"	3909	51.71
"GAGCTCAACCTCGACTGAGG"	3899	51.78
"GAGCTCATGCGGTTGAGAAT"	3896	51.85
"GAGCTCATTGCCCGTTATTG"	3889	51.92
"GAGCTCACAATGACATGTTC"	3884	51.99
"GAGCTCCGTGCATGAAGCAG"	3877	52.06
"GAGCTCTTTGACTCCGCCCG"	3870	52.14
"GAGCTCGAATGTTAGCTTGG"	3861	52.21
"GAGCTCATCGAGAGTTGTTG"	3856	52.28
"GAGCTCAGGCTCAACGGAGT"	3856	52.34
"GAGCTCCGGACACCAACCAC"	3854	52.41
"GAGCTCGTTACTGACGGTGG"	3846	52.48
"GAGCTCGTTGCACGTATTTC"	3842	52.55
"GAGCTCATGGGATTCGACCC"	3835	52.62
"GAGCTCCGGTCCAGTCATGG"	3834	52.69
"GAGCTCATTAGGCACGCTTG"	3824	52.76
"GAGCTCGTATTGTGCGATGT"	3823	52.83
"GAGCTCGGCGTCTGATCAGA"	3823	52.90
"GAGCTCAACAAGGTACCAGA"	3822	52.97
"GAGCTCGTTTCCAGATACCG"	3821	53.04
"GAGCTCAGGATTAAGCCGGA"	3821	53.11
"GAGCTCTCGGTAACCGTATG"	3819	53.18
"GAGCTCTGCGCCATGGGCTG"	3817	53.25
"GAGCTCCGGGCTGTCTCCCA"	3817	53.32
"GAGCTCGGGGCCTACGGCTG"	3816	53.39
"GAGCTCTACACCTCTATGAC"	3813	53.46
"GAGCTCAGGTCGTATAGAAG"	3811	53.52
"GAGCTCATTCGTAGCCCTCG"	3809	53.59
"GAGCTCAGGTCTCGAGCTTG"	3803	53.66
"GAGCTCGCTGAGTCACTCAA"	3796	53.73
"GAGCTCGTAGCTGTGAGAGT"	3792	53.80
"GAGCTCTTGGGTGGTCGACG"	3789	53.87
"GAGCTCCTAGTCGCAAGTGT"	3789	53.94
"GAGCTCGTATACGCTCTCTG"	3783	54.01
"GAGCTCGAGACCAACTAATT"	3777	54.07
"GAGCTCGCAGTAAGCTCGAG"	3771	54.14
"GAGCTCTGCCGATACCCTCC"	3769	54.21
"GAGCTCTGTACGGGGCTTCG"	3762	54.28
"GAGCTCAGCGCTTTGCCCGA"	3762	54.35
"GAGCTCATGGGTTGTAACAA"	3758	54.42
"GAGCTCAGTTATACGAACGG"	3758	54.48
"GAGCTCACTGCGATCAGAGC"	3756	54.55
"GAGCTCAACCTACATATAGA"	3756	54.62
"GAGCTCTGCTGGACAGTTGC"	3753	54.69
"GAGCTCACTGAACCCTCCCT"	3748	54.76
"GAGCTCGATGTTCGGAAATA"	3744	54.82
"GAGCTCGTCCATATGAGGTT"	3734	54.89
"GAGCTCAGATAAACGAACAG"	3731	54.96
"GAGCTCCGAGCGGTCCACAG"	3722	55.03
"GAGCTCGGTGTTATGTTCGG"	3720	55.09
"GAGCTCATACCTAAGCACAA"	3720	55.16
"GAGCTCGTTAGCGGGTTAGT"	3718	55.23
"GAGCTCGGTCTTGTGGGAAG"	3715	55.30
"GAGCTCGAGATCGCTTCGAT"	3709	55.36
"GAGCTCTGCACGCGATAATC"	3701	55.43
"GAGCTCTACGACCGGGCAAC"	3696	55.50
"GAGCTCTGCCCTCGCTAGTC"	3695	55.57
"GAGCTCGCGACAAATGTTGC"	3694	55.63
"GAGCTCAGAGAGATATCTGG"	3677	55.70
"GAGCTCTGATGTACTACTTT"	3672	55.77
"GAGCTCAGAACACAATGGTT"	3671	55.83
"GAGCTCGGTCAGAATATAAG"	3668	55.90
"GAGCTCAGATGAGAAGTATC"	3668	55.97
"GAGCTCATGACACTCTCCAT"	3663	56.03
"GAGCTCGCTGTCCCTTTACT"	3659	56.10
"GAGCTCGACCTCTAAGTAAA"	3651	56.16
"GAGCTCTGGTGTGAGGATAC"	3649	56.23
"GAGCTCCCTTCCCGGGTAAC"	3644	56.30
"GAGCTCGAGTTATCAACCTG"	3643	56.36
"GAGCTCGTAATTTGCTGACT"	3642	56.43
"GAGCTCACGAACACCGTCGG"	3642	56.49
"GAGCTCGATCGCATCGTGCT"	3641	56.56
"GAGCTCGGTATCCGTATGAA"	3639	56.63
"GAGCTCAAGGACTGTTAAGC"	3630	56.69
"GAGCTCCTCCATAAGTCATA"	3622	56.76
"GAGCTCAAGTTCCAGGCACG"	3618	56.82
"GAGCTCATTCACGCTTGGTG"	3616	56.89
"GAGCTCAGCTCAGTTTAACA"	3611	56.95
"GAGCTCTACCTAGCAGTTAG"	3607	57.02
"GAGCTCAGGATTTATTTGTT"	3605	57.09
"GAGCTCCGGCAGTGCAACAG"	3604	57.15
"GAGCTCGTCCAAATGTTTTG"	3601	57.22
"GAGCTCTGTACCCGGTGATC"	3591	57.28
"GAGCTCGTAGGTTAAGCGGC"	3588	57.35
"GAGCTCGCATGTTCATATCG"	3585	57.41
"GAGCTCAGGTCGATCGCGGC"	3579	57.48
"GAGCTCCCCGGGTCTTTTGG"	3575	57.54
"GAGCTCGTCCTGTTTATGAC"	3562	57.61
"GAGCTCGCATACTCGATAAT"	3558	57.67
"GAGCTCTGGAGTGCGCGTTC"	3549	57.73
"GAGCTCAGGTTGAATATTCT"	3546	57.80
"GAGCTCGGGCTTCATCTTAG"	3544	57.86
"GAGCTCGTCATGGTTCATCG"	3540	57.93
"GAGCTCATTTGCGACTAACA"	3540	57.99
"GAGCTCACGCACTAACCTGT"	3532	58.06
"GAGCTCCACCAATGAACGTC"	3523	58.12
"GAGCTCTACACGGGGCTTCC"	3521	58.18
"GAGCTCGCATAGATGCGGAT"	3518	58.25
"GAGCTCATGTCATCCGGTTC"	3517	58.31
"GAGCTCGATAAGAGCCAAGT"	3509	58.37
"GAGCTCCAGGGCCGTAGTAC"	3505	58.44
"GAGCTCATACTATGGTAGCT"	3504	58.50
"GAGCTCATACGGTCTGAGAT"	3503	58.57
"GAGCTCTCCAGTAAAATTGC"	3497	58.63
"GAGCTCGGGCCATTTTGTTT"	3496	58.69
"GAGCTCCGCGCGGTGGGCTG"	3496	58.76
"GAGCTCCGAGAGACGAGTCC"	3495	58.82
"GAGCTCACAGTTTGGGGTTG"	3492	58.88
"GAGCTCCGACACCGATGCCG"	3491	58.95
"GAGCTCCGTAGAAATCCTTA"	3490	59.01
"GAGCTCGCTCAATGTCTAAC"	3489	59.07
"GAGCTCGTACTGTATCATAG"	3487	59.14
"GAGCTCGTACTCATTCCTCA"	3486	59.20
"GAGCTCGGATCTATGAGACT"	3486	59.26
"GAGCTCATCCCATAGATCGT"	3476	59.32
"GAGCTCATACATGAACTCCT"	3476	59.39
"GAGCTCACCTTTCTGGCCGC"	3475	59.45
"GAGCTCTATTAGCTTCCCGC"	3473	59.51
"GAGCTCGTCGGCCTGTGTTT"	3473	59.58
"GAGCTCACAAACTGCTGGAT"	3468	59.64
"GAGCTCAGTGTTTGGTGAAC"	3461	59.70
"GAGCTCATGTTTGACTCAGC"	3460	59.77
"GAGCTCTGCTGTATGGTGGT"	3455	59.83
"GAGCTCCCAAGGGCTTTTAC"	3448	59.89
"GAGCTCAGATGCTACGCTCC"	3444	59.95
"GAGCTCGTCAAGGTCAGGGG"	3441	60.02
"GAGCTCCATCTGATATAGTG"	3437	60.08
"GAGCTCAAAATTGTGAAGTC"	3434	60.14
"GAGCTCAACATATGATGATG"	3433	60.20
"GAGCTCATCCTAATATGGCA"	3428	60.26
"GAGCTCGTATCGATAATCAG"	3427	60.33
"GAGCTCCGTCAGGGGGACTA"	3422	60.39
"GAGCTCGGACATCTTTACAT"	3421	60.45
"GAGCTCTCCAGTCATGTACT"	3405	60.51
"GAGCTCGTGAGATATAGGTA"	3404	60.57
"GAGCTCGTTGGTCCTGACAG"	3403	60.64
"GAGCTCTGTGAGGGTAGGGG"	3397	60.70
"GAGCTCGCGTGTTTATGGGT"	3397	60.76
"GAGCTCTGTGAATGTCACAC"	3395	60.82
"GAGCTCACATTACCTGGTGT"	3392	60.88
"GAGCTCAATTTATATCGTGG"	3381	60.94
"GAGCTCCTCGGTGGCCACCC"	3378	61.00
"GAGCTCTGACGCTTACGATT"	3373	61.07
"GAGCTCTACCGTAGACAACT"	3373	61.13
"GAGCTCTAGTTGGGGGCAAT"	3370	61.19
"GAGCTCAAGACCCATGTTAT"	3368	61.25
"GAGCTCTTCCCTCGCGTTGG"	3367	61.31
"GAGCTCACAGTGTCTTCACT"	3357	61.37
"GAGCTCGGGGCTTCTGGATG"	3352	61.43
"GAGCTCAGACAGACGCAGGC"	3351	61.49
"GAGCTCGATACTTGAGAACT"	3350	61.55
"GAGCTCTAACTGTTGTGACA"	3348	61.61
"GAGCTCGCTCTTGGACTATT"	3348	61.67
"GAGCTCGTTAGCAACAGATG"	3346	61.74
"GAGCTCGGAGATAAATATCT"	3340	61.80
"GAGCTCTGTGGGGGTTGAAG"	3335	61.86
"GAGCTCGTATATGCCAGGCT"	3327	61.92
"GAGCTCAGGCTGTTTGTAAT"	3326	61.98
"GAGCTCCGTATATGTAGTAT"	3325	62.04
"GAGCTCTGGAGGGGTCATAG"	3320	62.10
"GAGCTCGTGAGCTTCTGTTG"	3313	62.16
"GAGCTCCCAGCCAGTCGTCT"	3312	62.22
"GAGCTCATAAACGAATCTGC"	3307	62.28
"GAGCTCCGGGTCAGCGAGTC"	3298	62.34
"GAGCTCCCCCTGTTCGAAAT"	3291	62.40
"GAGCTCGTTTGGTCGGTGTC"	3280	62.46
"GAGCTCGGGCGTTTTTGAGG"	3276	62.52
"GAGCTCGTCGACGGAAATGT"	3275	62.58
"GAGCTCCAGTGAATGCCTCG"	3273	62.63
"GAGCTCGACTTTGTTGTATC"	3272	62.69
"GAGCTCTGGCTGAAGCTCTA"	3270	62.75
"GAGCTCGCTCCCTTAGAGTT"	3268	62.81
"GAGCTCATTTGACGGGTGTT"	3267	62.87
"GAGCTCAGTAAAAGGTCTTG"	3264	62.93
"GAGCTCTATGGTGGGTAGCA"	3262	62.99
"GAGCTCAACTGAATATCAGT"	3257	63.05
"GAGCTCGACCTTTTTCGTGG"	3254	63.11
"GAGCTCCGGTCAAGTTTGTA"	3253	63.17
"GAGCTCAGTGTTGTTTCTGT"	3253	63.23
"GAGCTCTCAGTCTATGAGAA"	3251	63.29
"GAGCTCATGTCATATGAACT"	3240	63.34
"GAGCTCGCAAATACTAATTA"	3239	63.40
"GAGCTCAGTATAAGCTTGCA"	3239	63.46
"GAGCTCTGTTAGTAACTTTG"	3234	63.52
"GAGCTCACGTTCTAGAACGT"	3234	63.58
"GAGCTCGTACAATCCCTGGG"	3231	63.64
"GAGCTCACGAAATAGCGAGA"	3227	63.70
"GAGCTCGTACTTAAGCTAGT"	3224	63.75
"GAGCTCACTTGACTCAGTTC"	3223	63.81
"GAGCTCAGTGTTATTGCTAG"	3222	63.87
"GAGCTCATCACATTTGGGTG"	3217	63.93
"GAGCTCAATGTTGACCGGAC"	3214	63.99
"GAGCTCCGTCCGGTTATGCT"	3207	64.05
"GAGCTCCTGCAGTCAATTGT"	3206	64.10
"GAGCTCCAACCCGCTGATTA"	3203	64.16
"GAGCTCAGGGGATTTCGAGG"	3203	64.22
"GAGCTCTGTCGATGTGACCA"	3201	64.28
"GAGCTCTGTGCACATTCAGG"	3200	64.34
"GAGCTCTGGCTAACAGAGCC"	3200	64.39
"GAGCTCGAGTCAAGTTATAA"	3198	64.45
"GAGCTCATGGATTATCAGTG"	3196	64.51
"GAGCTCCGGCCCTCCATTCG"	3195	64.57
"GAGCTCAAAAGTGAAGCATT"	3191	64.63
"GAGCTCTGTCTGAGTAACAG"	3190	64.68
"GAGCTCTGATGTGGTGCCCA"	3189	64.74
"GAGCTCGTAAAGCAATTATC"	3189	64.80
"GAGCTCTCCAAATCTTAGTA"	3186	64.86
"GAGCTCCACTGCCCACGGCT"	3181	64.92
"GAGCTCAGTAACCCTACAAA"	3178	64.97
"GAGCTCCGAGACGGCGCCCG"	3176	65.03
"GAGCTCGCTTATCACTGAAC"	3174	65.09
"GAGCTCATGTCAATCATTGA"	3172	65.15
"GAGCTCAAAGATATGCGGAC"	3172	65.20
"GAGCTCTGGACATACCGTTC"	3166	65.26
"GAGCTCGTATACAATCGACG"	3162	65.32
"GAGCTCATAGTATGGAGGAC"	3161	65.38
"GAGCTCAGAGATTGTTATGC"	3161	65.43
"GAGCTCACTAAGTCGGGTTT"	3159	65.49
"GAGCTCATTAGTACAATGTG"	3158	65.55
"GAGCTCATCCAGATCCTTTA"	3158	65.60
"GAGCTCGCATGTACTTGCAG"	3140	65.66
"GAGCTCGGAGGTTTACTAGT"	3139	65.72
"GAGCTCACATCTATTAGTCA"	3139	65.77
"GAGCTCCTGTAAGCACTCTT"	3138	65.83
"GAGCTCGTACGATTTTACGT"	3137	65.89
"GAGCTCCGGTGCTCGGCTTG"	3135	65.95
"GAGCTCATCAGCTGTTTTTC"	3132	66.00
"GAGCTCGGCTTCGGAGCTCC"	3131	66.06
"GAGCTCTATCGCGGGTCCGT"	3129	66.12
"GAGCTCATTCGCTGAGTGGA"	3125	66.17
"GAGCTCGCTAATTGCTTGTA"	3124	66.23
"GAGCTCATTTGGGGACAGAT"	3123	66.29
"GAGCTCAGGAAGTTAATAAC"	3121	66.34
"GAGCTCTGCCTTGACGAGTA"	3115	66.40
"GAGCTCACTTCTGCTGTGGT"	3114	66.46
"GAGCTCCAAGCTATATTAGT"	3113	66.51
"GAGCTCCGAGCACCGATGGG"	3109	66.57
"GAGCTCGTTTGCCGAACGAT"	3104	66.62
"GAGCTCAACTCGCTGTATTG"	3100	66.68
"GAGCTCAGAATACCTCAGTA"	3085	66.74
"GAGCTCTGGCACTGGAGGCT"	3083	66.79
"GAGCTCCGGAACGGATTATA"	3070	66.85
"GAGCTCACGTGCTTTTTTCC"	3068	66.90
"GAGCTCATTTGAAAGGTGCG"	3067	66.96
"GAGCTCGCGTTATAATTTGA"	3062	67.02
"GAGCTCGTCCTTTCAGTGGT"	3059	67.07
"GAGCTCGGTAAGTTCTCGAG"	3058	67.13
"GAGCTCGACAATTCATATAT"	3051	67.18
"GAGCTCAGATCTTGCATCGC"	3050	67.24
"GAGCTCTGCGCTTGAGCCCG"	3049	67.29
"GAGCTCATGCTTCAATGGGT"	3046	67.35
"GAGCTCTAGCCTAGGCGCTT"	3042	67.40
"GAGCTCTGTCCTGACAACTA"	3041	67.46
"GAGCTCAGGTTGATTTTCTT"	3041	67.51
"GAGCTCTACGTACAAACAAC"	3033	67.57
"GAGCTCGGCTTTATGAACTC"	3030	67.62
"GAGCTCGGTTTGGAATCGCT"	3028	67.68
"GAGCTCCAACAGATGTCATC"	3028	67.73
"GAGCTCTGAGCATATTTGCG"	3026	67.79
"GAGCTCGTCAAGTCTCGTCG"	3026	67.84
"GAGCTCGAACCTTTCATTGC"	3026	67.90
"GAGCTCGGGGATCTTTGAGA"	3023	67.95
"GAGCTCTGAGCATTACAGTA"	3022	68.01
"GAGCTCACTGGGTGGTCGTG"	3022	68.06
"GAGCTCAAATACGTTGTACT"	3011	68.12
"GAGCTCTTATTGGAGGTTTG"	3010	68.17
"GAGCTCGCCTTTTTGTGCAT"	3010	68.23
"GAGCTCAATATGTGGGTTGT"	3008	68.28
"GAGCTCATACTTTTAGATCC"	3006	68.33
"GAGCTCAGTGTTCTTAACTG"	3005	68.39
"GAGCTCTACTTTACGTGTCG"	3004	68.44
"GAGCTCTAGGCTGGACTGCG"	2998	68.50
"GAGCTCGTGCTCTTTCTGTT"	2989	68.55
"GAGCTCGTTCCGTATATTAG"	2988	68.61
"GAGCTCATCACTTGACTAAT"	2985	68.66
"GAGCTCGAGACGAAAAAGGG"	2982	68.71
"GAGCTCATAAATAGACAGTG"	2980	68.77
"GAGCTCTTAACCGGTTTGTA"	2975	68.82
"GAGCTCGCATTAACTCAATT"	2975	68.88
"GAGCTCCTGCCGATGTCTCA"	2971	68.93
"GAGCTCACCAACTTTTAACC"	2970	68.98
"GAGCTCGTCGGATCTGGGGC"	2967	69.04
"GAGCTCGGTTTGAGGTTTTT"	2963	69.09
"GAGCTCCCCGGGCGGATTAA"	2962	69.15
"GAGCTCCCCGGGTGAGACGG"	2961	69.20
"GAGCTCGAGTAGGTTAGGCT"	2956	69.25
"GAGCTCAATGAAAGTTTGTC"	2956	69.31
"GAGCTCTGGAATGTCATAAA"	2955	69.36
"GAGCTCGTTAGATAGTGTTC"	2955	69.41
"GAGCTCGCATCGAGTTGAAT"	2953	69.47
"GAGCTCGCGCTATGCGAAGT"	2950	69.52
"GAGCTCGCCTCTTTGCAAAC"	2949	69.57
"GAGCTCGCGCTAGCTTGCGT"	2943	69.63
"GAGCTCAGTGTTTCAGTACT"	2936	69.68
"GAGCTCAGAAGTGAAATCTT"	2933	69.73
"GAGCTCTTGCAACTACAGAC"	2928	69.79
"GAGCTCCGGACGGATTTTTG"	2928	69.84
"GAGCTCAGTCTGTTACCTTG"	2926	69.89
"GAGCTCGGGTCTTATGTTGA"	2923	69.95
"GAGCTCATTTAGAGTCCAGC"	2915	70.00
"GAGCTCGTACCTGTTCGTCT"	2909	70.05
"GAGCTCGATAATTGCGCTTT"	2905	70.10
"GAGCTCCGTTACGTGGGTTC"	2902	70.16
"GAGCTCGTTGTAGCAAAGTG"	2898	70.21
"GAGCTCCGTGAGGAACGTAG"	2891	70.26
"GAGCTCAAATACGTTGAGGT"	2888	70.31
"GAGCTCGCTGAATCATCGGT"	2886	70.37
"GAGCTCCACTCGCTGTCTTA"	2884	70.42
"GAGCTCGCTTCTCGCCAGCA"	2877	70.47
"GAGCTCGTTCGAATAATAAC"	2876	70.52
"GAGCTCGGCATTCTTTTCAT"	2873	70.58
"GAGCTCATGTGTTTCCGTAC"	2873	70.63
"GAGCTCTTCACAGGTTAGTC"	2870	70.68
"GAGCTCGGTTCTTCGACTAC"	2870	70.73
"GAGCTCATTTGCGCACGAGA"	2870	70.78
"GAGCTCACACATCTTTGGTA"	2867	70.84
"GAGCTCAACGTCAAACTATG"	2864	70.89
"GAGCTCGATATAGCATATAT"	2863	70.94
"GAGCTCACAGACATTAATTT"	2859	70.99
"GAGCTCGAAGCATTAACGGT"	2858	71.04
"GAGCTCATCCGTTTAGGGTT"	2853	71.09
"GAGCTCAGTAGGTTAAAACA"	2853	71.15
"GAGCTCCGACATTGGGCTGG"	2851	71.20
"GAGCTCATCCATGCAAAGTT"	2849	71.25
"GAGCTCCCGGGCCGGAAGAG"	2846	71.30
"GAGCTCGCACATATGACCCT"	2841	71.35
"GAGCTCGAAGTTCAAGTTCT"	2841	71.40
"GAGCTCAGTTTCACAGCGCT"	2841	71.46
"GAGCTCCGGCGTCAACAGGG"	2836	71.51
"GAGCTCCATTACGGGGGCTA"	2826	71.56
"GAGCTCACTTTGTGTGGGGT"	2825	71.61
"GAGCTCTAGCACAAGTCTAG"	2822	71.66
"GAGCTCTGCGTAGTATCCTT"	2819	71.71
"GAGCTCGTCTTAAAGTGTGT"	2819	71.76
"GAGCTCCGGAGGCGCGCTTA"	2819	71.81
"GAGCTCAATTGCTCAGTGTT"	2818	71.87
"GAGCTCATTGTTACGGTTTG"	2817	71.92
"GAGCTCTGAGGGAACGTCGT"	2810	71.97
"GAGCTCGTCTACATTTGGTG"	2806	72.02
"GAGCTCTGCAAGATTAGGCA"	2796	72.07
"GAGCTCAGAGGTAATAGAAG"	2792	72.12
"GAGCTCCTCCCCGACGTATC"	2785	72.17
"GAGCTCCGGCTTATAGGGCC"	2784	72.22
"GAGCTCTGTCTGCGCCTTTA"	2782	72.27
"GAGCTCTACACGACATCTCA"	2780	72.32
"GAGCTCTTCGGGGATATTGA"	2779	72.37
"GAGCTCTGGGTATACACGCC"	2777	72.42
"GAGCTCGTGTTCCTTTGTTA"	2772	72.47
"GAGCTCGTGTATTTGTCTTC"	2771	72.52
"GAGCTCTTAGGAAGGCCAAT"	2770	72.57
"GAGCTCAATTCACAATCGAC"	2765	72.62
"GAGCTCCCGATTGGTTTTTT"	2762	72.67
"GAGCTCTGCAAAAGCGGTAG"	2758	72.72
"GAGCTCTACGGTCTAGCCGG"	2757	72.77
"GAGCTCCTGTTTGAGCGTTA"	2756	72.82
"GAGCTCTAGGCTAAGGTGTG"	2755	72.87
"GAGCTCAGGTACTTTGCTAT"	2753	72.92
"GAGCTCGCTTCGGAATATCG"	2750	72.97
"GAGCTCGTCCATTATATTAG"	2748	73.02
"GAGCTCCTGCGGCCCCGTCC"	2748	73.07
"GAGCTCGGTGTGGGGTATTC"	2746	73.12
"GAGCTCAATTTATGCCCACT"	2746	73.17
"GAGCTCCGAGATCACGCACA"	2743	73.22
"GAGCTCTGGTGTCTGACGGT"	2735	73.27
"GAGCTCTGGGGATGTTCGTT"	2731	73.32
"GAGCTCGTTAGAGTAGGAGA"	2731	73.37
"GAGCTCTGTTACTTGTGAAA"	2726	73.42
"GAGCTCTCATGTCCGTTTTG"	2725	73.47
"GAGCTCTGATAGGGCGCGGT"	2723	73.52
"GAGCTCCAGGCTTAACGTTT"	2719	73.57
"GAGCTCTGTAGCTAGTGCTG"	2718	73.62
"GAGCTCCATGAAGGCTCTCG"	2718	73.67
"GAGCTCGTGCTTTTATTCGG"	2715	73.72
"GAGCTCTGCTTGCAGGCTGG"	2714	73.77
"GAGCTCCGTACACCCCTTTC"	2713	73.81
"GAGCTCCCCTACCGATGTTG"	2707	73.86
"GAGCTCGGCTTTATCGGTGG"	2703	73.91
"GAGCTCGTTTGACAGATTAG"	2696	73.96
"GAGCTCAAAAGTGCTACCAA"	2693	74.01
"GAGCTCAGCCGTATCGTCAT"	2690	74.06
"GAGCTCGTTTAGCGTCCCTT"	2689	74.11
"GAGCTCACGTCATTAGGGTT"	2688	74.16
"GAGCTCATCTACCTTGATCA"	2685	74.21
"GAGCTCTAACGCTGGGTGTT"	2682	74.25
"GAGCTCCATGGGCAAAATTG"	2676	74.30
"GAGCTCGACTTGCGTTCACC"	2675	74.35
"GAGCTCTGGCTGTCGTGTAT"	2673	74.40
"GAGCTCTCGTACCGTGCACG"	2673	74.45
"GAGCTCACGTTATCTATTCA"	2671	74.50
"GAGCTCAACAGTTTAACTGT"	2668	74.54
"GAGCTCGTCTGTATTTGCTT"	2667	74.59
"GAGCTCCAAGGCATCCTTGA"	2661	74.64
"GAGCTCATTCTACTAGTGTC"	2661	74.69
"GAGCTCTGTGCCTGACGTAA"	2653	74.74
"GAGCTCCGATCTGTCAGTTC"	2651	74.79
"GAGCTCCGGCATTGGGAGTT"	2648	74.83
"GAGCTCGTAGTTTGATTGTA"	2640	74.88
"GAGCTCTAGCCTCGGGATCT"	2639	74.93
"GAGCTCGTTCAAATTGTATG"	2639	74.98
"GAGCTCGTTAAAGCATACGT"	2636	75.03
"GAGCTCAAGGCCTTAAGTTT"	2635	75.07
"GAGCTCGTTCACACTCAATA"	2632	75.12
"GAGCTCAGTAAGCCGGTTCT"	2632	75.17
"GAGCTCTTGACCGCAGGTAG"	2628	75.22
"GAGCTCCGATCAACTAACTG"	2625	75.26
"GAGCTCCCCTTCCTCCCGTG"	2617	75.31
"GAGCTCGTATCTCATTAGCG"	2616	75.36
"GAGCTCGGGGGCAGAGTAAT"	2616	75.41
"GAGCTCACTAATTCGAAGTC"	2616	75.45
"GAGCTCTGACCGCTTATGAA"	2614	75.50
"GAGCTCATGTCTTCATATGC"	2614	75.55
"GAGCTCATCGTTCAAGTGAT"	2614	75.60
"GAGCTCAGATATATTCATTT"	2613	75.64
"GAGCTCGCCAAAATAGGAAT"	2610	75.69
"GAGCTCAAGTTCTTCTAGGT"	2605	75.74
"GAGCTCGTTTCGAGGCGTAA"	2604	75.78
"GAGCTCGATATTGTTGGGAA"	2604	75.83
"GAGCTCCAGGGATTGGCCTC"	2603	75.88
"GAGCTCTACGGTATCGCGGG"	2600	75.93
"GAGCTCATTATACAGCAGGA"	2598	75.97
"GAGCTCCCGTCATGGCCACG"	2597	76.02
"GAGCTCCAGGGTGTTGTCTT"	2597	76.07
"GAGCTCCCCAATGCAGGTCT"	2592	76.11
"GAGCTCGTCGCTGCTTTTAT"	2590	76.16
"GAGCTCTACGCCCTACAGGC"	2584	76.21
"GAGCTCTAACTCTTGGTCCC"	2579	76.26
"GAGCTCCTGTGCGCGTTGTT"	2579	76.30
"GAGCTCATTGTATTGTAGCC"	2579	76.35
"GAGCTCCTGTAACGTTTTGA"	2577	76.40
"GAGCTCATTCGGATAGAATT"	2575	76.44
"GAGCTCAGTTTCAGTTTGGC"	2574	76.49
"GAGCTCCAGGCTCAGAGCCG"	2573	76.54
"GAGCTCTGTTGTGGAGAGGT"	2563	76.58
"GAGCTCGTAGTGGTGCGTGA"	2561	76.63
"GAGCTCTGTCAGCTTGCATG"	2558	76.68
"GAGCTCCACATTGAGCATCG"	2556	76.72
"GAGCTCCCGAGGGGGCGTAA"	2555	76.77
"GAGCTCAGCTGTCGCTTATA"	2554	76.81
"GAGCTCAGTCTTTGGGTTGT"	2549	76.86
"GAGCTCCATGTCGACCTCAG"	2548	76.91
"GAGCTCTGCGAGTTAACATG"	2544	76.95
"GAGCTCTGTGATATCGACTA"	2543	77.00
"GAGCTCCAGGAGGTTCAGGC"	2538	77.04
"GAGCTCTGCACTTGGTTATT"	2537	77.09
"GAGCTCGTGACGCGGGCTGT"	2537	77.14
"GAGCTCTAACAATGACCCGT"	2535	77.18
"GAGCTCCCCTGAACGGTTTG"	2534	77.23
"GAGCTCTCTACGATTTTACG"	2533	77.27
"GAGCTCATAAACAACTCGGA"	2529	77.32
"GAGCTCATGTATACAATTCT"	2526	77.37
"GAGCTCGGTAAAACTCGTTA"	2524	77.41
"GAGCTCGATGGATTTTCAAA"	2524	77.46
"GAGCTCATAATCTATGCCCA"	2524	77.50
"GAGCTCTGGAATGAGCAATT"	2523	77.55
"GAGCTCCGTCGTACCTACTC"	2523	77.60
"GAGCTCATTAACGATCTGTG"	2515	77.64
"GAGCTCCAATCGAGACTTGC"	2512	77.69
"GAGCTCTGGAGGGTCTTGAT"	2511	77.73
"GAGCTCATCCCCCGCTTACG"	2510	77.78
"GAGCTCTCCGCAATAGGGTG"	2495	77.82
"GAGCTCATACTTTGCTCCGA"	2494	77.87
"GAGCTCAGTACAAGTAGCCA"	2493	77.91
"GAGCTCTCACCGTCAGCGTT"	2489	77.96
"GAGCTCGTCAACTAAATATG"	2489	78.00
"GAGCTCTATTTAGTGCCAAT"	2483	78.05
"GAGCTCTAGCTATAGTGCAT"	2474	78.09
"GAGCTCATAATCGAGGTTAA"	2467	78.14
"GAGCTCCCTGACCATGTATG"	2462	78.18
"GAGCTCAGTAGGTTTTGCTT"	2462	78.23
"GAGCTCTGGTCTACGTTGTT"	2454	78.27
"GAGCTCGAGTGCTAGAGTAG"	2454	78.32
"GAGCTCTTCCCAATCTCATC"	2443	78.36
"GAGCTCTTGCCAGTCGTAAG"	2442	78.40
"GAGCTCGTTTTGTCTTTGTA"	2441	78.45
"GAGCTCAAATGACTTCATAC"	2441	78.49
"GAGCTCGTTTCGTGTGTTTA"	2440	78.54
"GAGCTCGCAGGAACGTTTGC"	2433	78.58
"GAGCTCCACAACGCAACTCG"	2433	78.63
"GAGCTCCGGATGGATATAAT"	2432	78.67
"GAGCTCATGATGCCGTGTTA"	2427	78.71
"GAGCTCCACTTGGTCTGGCG"	2422	78.76
"GAGCTCTAATAAGGTGAAGA"	2421	78.80
"GAGCTCTATGTCGTGGTCGA"	2420	78.85
"GAGCTCTTGCACACGCTGGC"	2419	78.89
"GAGCTCTAACGGCCATGGAT"	2419	78.93
"GAGCTCGTGCGAGTCGAAGG"	2412	78.98
"GAGCTCTACTCAGGCCGCTT"	2410	79.02
"GAGCTCTGTGTATCACCAGG"	2409	79.06
"GAGCTCCCATGACGACGGGC"	2407	79.11
"GAGCTCACTCGGTTTATGTT"	2406	79.15
"GAGCTCCGTGAGCATTTAAG"	2404	79.20
"GAGCTCGATCTGGGTACTAG"	2402	79.24
"GAGCTCCAGAAGAGGCTCGG"	2402	79.28
"GAGCTCCAAGTGCTGTAGGC"	2401	79.33
"GAGCTCGTTCAAAATTAGCT"	2395	79.37
"GAGCTCATCTGTTTAGAATG"	2394	79.41
"GAGCTCATGAAATCGTATTT"	2392	79.46
"GAGCTCTATGCCCGCCATCC"	2390	79.50
"GAGCTCCGCAGTAAATAAAC"	2389	79.54
"GAGCTCTCTGTTGAGATTAA"	2381	79.59
"GAGCTCAATTATACTGCGTA"	2379	79.63
"GAGCTCGGTTTCTGATTAGG"	2376	79.67
"GAGCTCCAGATCGCCTACAC"	2375	79.72
"GAGCTCTAGCGCTAGGATTA"	2374	79.76
"GAGCTCTGATCCGCTCTAAG"	2373	79.80
"GAGCTCTATGCCAATTTGCG"	2369	79.84
"GAGCTCTGATATAAAGACTT"	2368	79.89
"GAGCTCTGCACTGTAGGATG"	2366	79.93
"GAGCTCTGAGTTGACTCGGT"	2364	79.97
"GAGCTCCTATCCCGACACAC"	2362	80.02
"GAGCTCCCGCACTCTTTCTT"	2362	80.06
"GAGCTCCCACGTCAAGAGCG"	2362	80.10
"GAGCTCGGGGAAGCTGGTCT"	2358	80.14
"GAGCTCCCGCGCGAACCAGT"	2358	80.19
"GAGCTCCCGTCTGCCACTAT"	2356	80.23
"GAGCTCAAGTTTGGTTATAT"	2347	80.27
"GAGCTCATCTATTGGTGATT"	2346	80.32
"GAGCTCTGAGCGTTCGCTGT"	2338	80.36
"GAGCTCACTATTTGTGTTGT"	2333	80.40
"GAGCTCGTCATGAGGATGTG"	2332	80.44
"GAGCTCTCGGGAGGGATGAT"	2331	80.48
"GAGCTCCGGGCTTCGGATAT"	2328	80.53
"GAGCTCAAGTACAAAAATTA"	2326	80.57
"GAGCTCAAGGGGTTATGTCT"	2326	80.61
"GAGCTCGGACGAGTTTACAT"	2325	80.65
"GAGCTCGCCTTGTTTATACT"	2323	80.70
"GAGCTCAAGTATCCAGGGCA"	2322	80.74
"GAGCTCGTTCTTGTTTGCGT"	2320	80.78
"GAGCTCGGGTGCTAAGCTTG"	2319	80.82
"GAGCTCGCTGCTTTTTTCAG"	2316	80.86
"GAGCTCATTCAGAGGTTCCG"	2315	80.91
"GAGCTCGATTTGATTCTTTG"	2311	80.95
"GAGCTCCGTATCGAGATATT"	2303	80.99
"GAGCTCTATTGTGGGTCCAG"	2302	81.03
"GAGCTCTACTCCGTTGGTCT"	2301	81.07
"GAGCTCCTGTAGTGTATGTA"	2299	81.11
"GAGCTCTACTGGCCCTATAT"	2298	81.16
"GAGCTCCGACACCTTACAAT"	2293	81.20
"GAGCTCCAGTATAGGTATTG"	2287	81.24
"GAGCTCCGAGGTTGAGATGT"	2283	81.28
"GAGCTCTGTTGGGAATTTTG"	2281	81.32
"GAGCTCTTAGCGGCGGCAGG"	2277	81.36
"GAGCTCCGGACTACTCTGTT"	2274	81.40
"GAGCTCCTACTGGGAGACGT"	2271	81.45
"GAGCTCCCTTTAGGGGCTAT"	2269	81.49
"GAGCTCCATGCTCAGGGTTC"	2264	81.53
"GAGCTCATGCATCCTGCTCG"	2257	81.57
"GAGCTCCAGGAGTATTTTGC"	2253	81.61
"GAGCTCATGTTTTACATGGC"	2241	81.65
"GAGCTCCTGCCCAATGGAGT"	2240	81.69
"GAGCTCTAGCAACGTCTAGG"	2236	81.73
"GAGCTCCACTAAGCTCTGTT"	2224	81.77
"GAGCTCATCTGATTGCAGAA"	2220	81.81
"GAGCTCTGTAGGTGCGTATA"	2214	81.85
"GAGCTCCCTACTACCGTCTG"	2214	81.89
"GAGCTCAAAGTTTGTCCAGG"	2212	81.93
"GAGCTCCGACCTTGGAAAGA"	2209	81.97
"GAGCTCTACCCCTTGTGTAG"	2204	82.01
"GAGCTCTGGATCTATGTTTT"	2200	82.05
"GAGCTCTAGTTGCCAGGTCA"	2198	82.09
"GAGCTCCATCCGGGATTATT"	2197	82.13
"GAGCTCCGCCATAGACAGTT"	2193	82.17
"GAGCTCCCGTGAGATCGCGT"	2193	82.21
"GAGCTCTCTCGTTGAAATCT"	2188	82.25
"GAGCTCAATTATCGATACAA"	2187	82.29
"GAGCTCGGGGGTTGATCTTC"	2186	82.33
"GAGCTCTCCGTGAATAGGTG"	2182	82.37
"GAGCTCCGCCAGATACCGGT"	2176	82.41
"GAGCTCCTCCCATGCCTGGT"	2173	82.45
"GAGCTCCGAGTACGTTAATT"	2173	82.49
"GAGCTCTTAACCAACGTAGA"	2169	82.53
"GAGCTCGTCCTCGACGGTTA"	2169	82.57
"GAGCTCTATGTGGGTTTGGA"	2168	82.61
"GAGCTCGGGAAGATTTCCCG"	2167	82.65
"GAGCTCCAACGTTGCCTCTT"	2167	82.68
"GAGCTCCCGTGACACCCGAA"	2165	82.72
"GAGCTCACATGATCCTGGGT"	2163	82.76
"GAGCTCACTTTCCTGATAGG"	2155	82.80
"GAGCTCTTTGCGGGGGGCGT"	2153	82.84
"GAGCTCCGATCTGAACTTAA"	2152	82.88
"GAGCTCGTCTTCTGTGTAAG"	2151	82.92
"GAGCTCATTAGTCGCGCCAT"	2148	82.96
"GAGCTCTGTGTTGATTACAG"	2146	83.00
"GAGCTCTGAGTTGTGGTTAT"	2146	83.04
"GAGCTCCAATAGAGCGTGTA"	2146	83.08
"GAGCTCCAACATCGCAAGGG"	2142	83.11
"GAGCTCAATAACTTATGTGC"	2141	83.15
"GAGCTCTCAGGTCGGGGCAG"	2137	83.19
"GAGCTCTCACAAGGTTACCA"	2137	83.23
"GAGCTCATTGTATACCAAAG"	2129	83.27
"GAGCTCTCTTACAGGTAGTA"	2126	83.31
"GAGCTCTCCGGTAACCAGAG"	2122	83.35
"GAGCTCGGAGTTTTGATTTC"	2119	83.38
"GAGCTCAGATAATATGTAGA"	2116	83.42
"GAGCTCATATGTTGCGTTCT"	2111	83.46
"GAGCTCTCGACTAAGTCCTA"	2109	83.50
"GAGCTCTGATACTGTACTAT"	2106	83.54
"GAGCTCTATGGTTGGGTGGT"	2103	83.58
"GAGCTCCTGCTTATAACGAG"	2099	83.61
"GAGCTCCCTGTCTGTGTGGC"	2099	83.65
"GAGCTCCATGTGTTAGCGTC"	2098	83.69
"GAGCTCATGATCTCCAAATA"	2098	83.73
"GAGCTCTGCTTGTTTGTGTC"	2096	83.77
"GAGCTCTGTTCGAGTTTCAT"	2095	83.80
"GAGCTCTGTTACTGAACTAA"	2089	83.84
"GAGCTCTAGCTACACTTCGT"	2089	83.88
"GAGCTCTCGAGTGGCTCGTA"	2088	83.92
"GAGCTCCTCTCGGATTCGTT"	2088	83.96
"GAGCTCACTTCTGTTGTATA"	2085	83.99
"GAGCTCACTTTTTTGTACTC"	2078	84.03
"GAGCTCGCGCGAGCACCAGT"	2076	84.07
"GAGCTCGTTTACGTTATCTC"	2072	84.11
"GAGCTCCTCCGAGGTCGGCT"	2068	84.14
"GAGCTCATATTACATTCGCT"	2064	84.18
"GAGCTCTAGCATTGTAGCTG"	2063	84.22
"GAGCTCAAGTATCTCAGTAG"	2057	84.26
"GAGCTCTCGAACCGTATTGA"	2044	84.29
"GAGCTCGTTGAATATAATTA"	2043	84.33
"GAGCTCAAGAGCTATTTATG"	2042	84.37
"GAGCTCCGCTGTAGGCACTA"	2041	84.40
"GAGCTCCGATTACTTGTCAC"	2040	84.44
"GAGCTCTGAACTTTTTTGAG"	2038	84.48
"GAGCTCCGGTTCTCGCACTT"	2036	84.51
"GAGCTCACAAAATTAGAGTT"	2030	84.55
"GAGCTCTGGTTGATTACTTT"	2029	84.59
"GAGCTCGTGAGCATGTTGTA"	2029	84.63
"GAGCTCCTCGCTGAGGCCGT"	2025	84.66
"GAGCTCCTTAACAGTGTTTA"	2024	84.70
"GAGCTCATTTCGCTACGAAA"	2022	84.74
"GAGCTCCCCGCGAGCAGTTT"	2021	84.77
"GAGCTCTTGAGGTTATCCGT"	2019	84.81
"GAGCTCATTTAAAACGTGCT"	2017	84.85
"GAGCTCTCACCTATCAATTG"	2016	84.88
"GAGCTCGTGTGATATCCTAG"	2015	84.92
"GAGCTCTTAAATACCAATCG"	2011	84.95
"GAGCTCCTGTCTGGAGTTGG"	2009	84.99
"GAGCTCCTGCCAGCACCCGG"	2009	85.03
"GAGCTCTCGGTACGCATTCT"	2008	85.06
"GAGCTCCCATTGTACGACCC"	2008	85.10
"GAGCTCTCCGCCGCGGAGGG"	2003	85.14
"GAGCTCAATCGTGCTTATCG"	2003	85.17
"GAGCTCTCTGGCTGGTCCTG"	2002	85.21
"GAGCTCCCGTGTCGAAATCA"	2000	85.25
"GAGCTCCCAGTAGGCTTTAC"	1996	85.28
"GAGCTCTGGGTTACTCTCAA"	1992	85.32
"GAGCTCTATCTATCCCATGG"	1992	85.35
"GAGCTCTGGATTGATCTCTA"	1991	85.39
"GAGCTCTCACGTAGATGGAT"	1989	85.43
"GAGCTCATGATCTTCTAGGA"	1987	85.46
"GAGCTCAAATTCTCGGCGTG"	1987	85.50
"GAGCTCTACGTTCGTGAAAC"	1986	85.53
"GAGCTCCCGGGTCTGGTGGT"	1986	85.57
"GAGCTCCCGAGATACAGGTC"	1986	85.61
"GAGCTCATTTTGTATTTGTC"	1978	85.64
"GAGCTCCGAAATTTAAGTAT"	1971	85.68
"GAGCTCATTACTTGGAAAGT"	1971	85.71
"GAGCTCATTTACATAGAGGT"	1970	85.75
"GAGCTCGCGATCTGTTAATG"	1968	85.79
"GAGCTCCGTACTATGTTTTA"	1966	85.82
"GAGCTCTTGGTGCCGGATCG"	1963	85.86
"GAGCTCTTAGAGGCGAACCC"	1961	85.89
"GAGCTCCTCCGAGGTCATGG"	1960	85.93
"GAGCTCAACGTTTTACCTTT"	1953	85.96
"GAGCTCTCAGCCGCTAATGG"	1952	86.00
"GAGCTCCATTGAGTTGGCTA"	1943	86.03
"GAGCTCCCCCTTGAAAATAG"	1941	86.07
"GAGCTCCCGCCGTTGGTTGT"	1940	86.10
"GAGCTCAAATCTCTGAGGTG"	1940	86.14
"GAGCTCTAATGTGATACGAC"	1939	86.17
"GAGCTCCAATGTAACGCGGT"	1938	86.21
"GAGCTCGGTCTATTTTTTAT"	1932	86.24
"GAGCTCTGACTTATATAACG"	1931	86.28
"GAGCTCTGAGCTTCGGGAGG"	1926	86.31
"GAGCTCCACTGGGCTCGAGG"	1926	86.35
"GAGCTCTTATCGAGATGTAA"	1925	86.38
"GAGCTCGAGATTGAAAACCT"	1924	86.42
"GAGCTCCAACTTACTAGGCG"	1924	86.45
"GAGCTCGTGTTTGGTTTTAT"	1923	86.49
"GAGCTCAATGTCTTTGGGGA"	1922	86.52
"GAGCTCTTAAGTCTCCTGGA"	1912	86.56
"GAGCTCCCGGTCTGTTGACC"	1908	86.59
"GAGCTCTAGAGAGCACCTAT"	1907	86.63
"GAGCTCGATTTTCGTTGAGT"	1907	86.66
"GAGCTCGTGAAACATTGTTC"	1900	86.70
"GAGCTCCGTTGAGTAACTAG"	1899	86.73
"GAGCTCCCTTGCCCAGACGT"	1898	86.77
"GAGCTCCCTGCCCGCCCCTA"	1895	86.80
"GAGCTCACTCCGTCCATGTT"	1895	86.83
"GAGCTCTGAGAATCGATTTA"	1891	86.87
"GAGCTCTAACATTTTAGGTG"	1889	86.90
"GAGCTCGACTTTTACAAAAT"	1889	86.94
"GAGCTCCCTAGGACAGCGGT"	1889	86.97
"GAGCTCTCTCCGGTAGGAGC"	1884	87.01
"GAGCTCTAGTAATGATAAGT"	1884	87.04
"GAGCTCTAGCTAGACCTTAC"	1874	87.07
"GAGCTCGTACTTGAAGTTCG"	1874	87.11
"GAGCTCTAGTCACTAATATG"	1873	87.14
"GAGCTCTGGGTAACTTTCGA"	1868	87.18
"GAGCTCTTAATGCCTAATGG"	1866	87.21
"GAGCTCTGGCCTAAAGGATG"	1865	87.24
"GAGCTCCACATCGTTTATTC"	1861	87.28
"GAGCTCTCCGGCCAACTACG"	1858	87.31
"GAGCTCTTGGAGCGTGCGCT"	1854	87.34
"GAGCTCTGACCCGTACGTAG"	1845	87.38
"GAGCTCCTGTCGAGCGCTCG"	1843	87.41
"GAGCTCGAGCATCTTGCAGT"	1842	87.44
"GAGCTCTCAAGCAAGACATT"	1839	87.48
"GAGCTCTCGTCAGAATTCCA"	1838	87.51
"GAGCTCCTGCATATGCGCTT"	1838	87.54
"GAGCTCATTTTAACGTGTAC"	1835	87.58
"GAGCTCTCGGTGTCATGCAT"	1829	87.61
"GAGCTCCATAACTAGCATCT"	1828	87.64
"GAGCTCAAGGTGTACCTGTA"	1828	87.68
"GAGCTCTCTGTACGAGACGA"	1821	87.71
"GAGCTCAAGGTAATACGCAA"	1819	87.74
"GAGCTCCCGTTGCCGTGGGG"	1817	87.78
"GAGCTCCATATGTCGATGTG"	1817	87.81
"GAGCTCCGTGGGTGTCGATT"	1815	87.84
"GAGCTCGTCGATATGATCGT"	1812	87.87
"GAGCTCTGGCTCTTGTCGAT"	1810	87.91
"GAGCTCCTAAAAAGAGTATC"	1808	87.94
"GAGCTCGAGCTTTAGAGCTG"	1805	87.97
"GAGCTCTACTGTTGTCTGAC"	1804	88.01
"GAGCTCCTGACGTCTGGGCA"	1802	88.04
"GAGCTCTAAAGTGCATACAA"	1801	88.07
"GAGCTCCAATCTATGAGTCG"	1801	88.10
"GAGCTCCGGAATTCCCAAGC"	1796	88.14
"GAGCTCCTATGGATTGTTTT"	1794	88.17
"GAGCTCCCCTTGAGGTTTGA"	1794	88.20
"GAGCTCTCTGTAATATATGG"	1793	88.23
"GAGCTCCGTGTTAGAGTCCA"	1791	88.27
"GAGCTCTGTGATTCTAACTC"	1787	88.30
"GAGCTCTTACGGAATAACAC"	1783	88.33
"GAGCTCTGATCGTTTATCGG"	1772	88.36
"GAGCTCCGGGTTATCAAGTT"	1763	88.40
"GAGCTCCGATAGCTTATCTA"	1758	88.43
"GAGCTCATTATAGTTGTGAT"	1757	88.46
"GAGCTCTGCTTCACCTTGAA"	1756	88.49
"GAGCTCTTGAGGCGACGCAG"	1754	88.52
"GAGCTCTATCGTATGTGGGG"	1751	88.55
"GAGCTCATAATTCTGAATCG"	1749	88.59
"GAGCTCCCTCCAAGGTAGGA"	1744	88.62
"GAGCTCATTGGTATTTAAGT"	1743	88.65
"GAGCTCTACGCGCGCTCTGC"	1742	88.68
"GAGCTCCAGCTCATTCGAAT"	1741	88.71
"GAGCTCTTAGTGAAGGCCGA"	1739	88.74
"GAGCTCGTCTTAGATCTAGG"	1738	88.78
"GAGCTCAAGTTATTTGTGCT"	1738	88.81
"GAGCTCCTACTGAGACAATT"	1735	88.84
"GAGCTCTCGTCGATGTCTTA"	1729	88.87
"GAGCTCCGCATCCATGGTGT"	1725	88.90
"GAGCTCTAGTTAGCACTGTT"	1719	88.93
"GAGCTCTTGTCGCGTTCAGG"	1717	88.96
"GAGCTCCATTGTGAACTAAG"	1717	88.99
"GAGCTCCGTTACTCATAAGG"	1716	89.03
"GAGCTCTTGTCTGGCATCGG"	1713	89.06
"GAGCTCATTTTGGCTCACTG"	1710	89.09
"GAGCTCTCAGTAACGGTCGA"	1706	89.12
"GAGCTCTATCGGTTGAGATT"	1706	89.15
"GAGCTCCATTAGGATTTTTA"	1703	89.18
"GAGCTCTGTTTAGCGCGATT"	1700	89.21
"GAGCTCTAGTATCGCTTACT"	1698	89.24
"GAGCTCCCTCAATGGTTTCG"	1695	89.27
"GAGCTCCCGGTCTTCACTCC"	1695	89.30
"GAGCTCATATTTGAGCGTTT"	1694	89.33
"GAGCTCTCAGTCAAAGTGGT"	1688	89.37
"GAGCTCTGTTGAATAGTAAT"	1686	89.40
"GAGCTCTACAACGTTCTATT"	1686	89.43
"GAGCTCCCAGTCCATATAAG"	1683	89.46
"GAGCTCCGATTGTCATTGCC"	1682	89.49
"GAGCTCTGGTCCAGGGCGCG"	1681	89.52
"GAGCTCTTTGTAACGTGTTC"	1677	89.55
"GAGCTCCGAGTAGCTTAAAG"	1674	89.58
"GAGCTCTTTATGAGGCCTAA"	1672	89.61
"GAGCTCCGATCCTCTCAATC"	1671	89.64
"GAGCTCTAGAGCTGCTGAAT"	1665	89.67
"GAGCTCATTTTCACAGTATC"	1650	89.70
"GAGCTCTGACTATACAATGG"	1648	89.73
"GAGCTCATGTTCTTAAGCGT"	1642	89.76
"GAGCTCCCGCATTGACCTCC"	1637	89.79
"GAGCTCAAAACATCATTAAT"	1637	89.82
"GAGCTCTCAATCACAGTTAC"	1634	89.85
"GAGCTCCAAAACGAAAGGAT"	1631	89.88
"GAGCTCTACTTCATCGGTCA"	1627	89.91
"GAGCTCATTTTGTACAAAGC"	1623	89.94
"GAGCTCTAATCTGCATACTA"	1622	89.97
"GAGCTCCATAGAGGTGATGT"	1622	90.00
"GAGCTCCAAGATGATAAGGT"	1620	90.02
"GAGCTCCGCACCTGATGATT"	1619	90.05
"GAGCTCGTTTTCCCAGTTTG"	1611	90.08
"GAGCTCTCGCAGCCCGGGGC"	1609	90.11
"GAGCTCGTCCAATTATCAGG"	1609	90.14
"GAGCTCGTGTTCTTTCTAAA"	1606	90.17
"GAGCTCACCTCTTTATAAAA"	1594	90.20
"GAGCTCAAATTAGTTATATC"	1594	90.23
"GAGCTCGGATTATCGTTAGA"	1592	90.26
"GAGCTCCTTGCGAAGATTGG"	1592	90.29
"GAGCTCCTGGCGTTCCGGGT"	1591	90.32
"GAGCTCCTGGCGTCCTCGAA"	1591	90.34
"GAGCTCCGCGTCTTTCGGTG"	1588	90.37
"GAGCTCTGGTTTATAGTAGA"	1587	90.40
"GAGCTCTGCTTGTTATTATT"	1586	90.43
"GAGCTCCTGAGTGACTAATT"	1584	90.46
"GAGCTCCGGGGTTTTCTTGA"	1581	90.49
"GAGCTCCCGCGCTCGAGCCT"	1580	90.52
"GAGCTCGTTTTGTGGTGAAA"	1577	90.54
"GAGCTCTTATTTGCTAGATA"	1576	90.57
"GAGCTCCAAGTTGATTATCT"	1576	90.60
"GAGCTCTGAGGGTTCCCGGT"	1574	90.63
"GAGCTCCTCTGCAAGGAAAC"	1574	90.66
"GAGCTCCCAAACGTTTGTTC"	1573	90.69
"GAGCTCTGCTGGCTAGTGGT"	1572	90.72
"GAGCTCTAGTCTCGGTTAAA"	1566	90.74
"GAGCTCTTGACATGCTTTCC"	1562	90.77
"GAGCTCGATTTATACATTTA"	1558	90.80
"GAGCTCTGTTTTAGTGGAGG"	1554	90.83
"GAGCTCCCGTTACTTAGGCC"	1552	90.86
"GAGCTCACATTAAATATAGT"	1550	90.89
"GAGCTCCTGGTCTACACACT"	1548	90.91
"GAGCTCTAGTTAGTATTTCG"	1542	90.94
"GAGCTCTCAGAAGCACAGAG"	1539	90.97
"GAGCTCGCCGATCATTGGAT"	1537	91.00
"GAGCTCTGTTTCGTACGTCA"	1529	91.03
"GAGCTCTGGGTAGTCCATCA"	1527	91.05
"GAGCTCCATTGTTGAGTAGT"	1527	91.08
"GAGCTCATTTGTATCTTGAC"	1527	91.11
"GAGCTCATGAATTTTCAGTC"	1527	91.14
"GAGCTCTATTACAAATAAAG"	1526	91.16
"GAGCTCGCTTTTTCCATCGT"	1522	91.19
"GAGCTCTGAACTTACGAATA"	1520	91.22
"GAGCTCCTGGAATAACGACT"	1520	91.25
"GAGCTCCTAAGAGTGGGTTG"	1518	91.27
"GAGCTCGCTTCTTTATTTAC"	1516	91.30
"GAGCTCGCCGTTTGTATTAT"	1516	91.33
"GAGCTCCGTATAGGTTTTGA"	1514	91.36
"GAGCTCCTCGCACATTAAGT"	1513	91.38
"GAGCTCTACACATATTTGTT"	1512	91.41
"GAGCTCTTAGCAAGCATTGT"	1511	91.44
"GAGCTCATGAATAAATCCAG"	1509	91.47
"GAGCTCCAACCAAATACCCC"	1506	91.49
"GAGCTCCATTGTGTAAAACT"	1504	91.52
"GAGCTCTAATCAAACAAGCT"	1499	91.55
"GAGCTCCCTATAATGGCCGA"	1498	91.57
"GAGCTCATTCGTTATAATTT"	1498	91.60
"GAGCTCTTCGTAGTGTTAGA"	1491	91.63
"GAGCTCTATGGACCTTGAAT"	1491	91.66
"GAGCTCTTACCGGGTTTTGA"	1488	91.68
"GAGCTCTGGAATTGTTTTAT"	1486	91.71
"GAGCTCTCTGACTCCGTGTT"	1483	91.74
"GAGCTCCTCGTTAGTGTATG"	1479	91.76
"GAGCTCGCATACGGGAAATC"	1470	91.79
"GAGCTCTTTGATCATTGGCA"	1469	91.82
"GAGCTCTAATCTGATGCTGT"	1469	91.84
"GAGCTCTAGTATTGCGTCCT"	1468	91.87
"GAGCTCCAGTATATCCGAAG"	1466	91.90
"GAGCTCCAATCTAGTTTCGT"	1466	91.92
"GAGCTCTATACCCATTATTC"	1465	91.95
"GAGCTCATTCAAATTCTTGA"	1463	91.98
"GAGCTCCATCTCTCGCCAGG"	1462	92.00
"GAGCTCTCATTGAAGGGAAG"	1459	92.03
"GAGCTCCTTCGATTGATATT"	1459	92.06
"GAGCTCACATTCGCCTTAAT"	1459	92.08
"GAGCTCGTTGAAAGAATTTC"	1458	92.11
"GAGCTCAATCTATTAGCGCA"	1456	92.14
"GAGCTCCCAAGATGTTCGAT"	1454	92.16
"GAGCTCCATGTATTGAGTTT"	1453	92.19
"GAGCTCATATTCGAGAGGCA"	1451	92.21
"GAGCTCAAGATTTCGAGCTT"	1447	92.24
"GAGCTCCTAGAATGGATACT"	1445	92.27
"GAGCTCTTGTTGCGCTAGCT"	1444	92.29
"GAGCTCTTCGCCTGTGCGTT"	1443	92.32
"GAGCTCCAAGTATTGGTTTA"	1439	92.35
"GAGCTCCATTTGCTGCGAAT"	1436	92.37
"GAGCTCTCCCATGTTTAATA"	1430	92.40
"GAGCTCTCAAGAAGCATTGT"	1427	92.42
"GAGCTCTTGGGTTACAGCTG"	1424	92.45
"GAGCTCCTAAAAGGCGGTTG"	1421	92.47
"GAGCTCCGAAATATTAGTTC"	1420	92.50
"GAGCTCCTTCCGCAGATCGA"	1411	92.53
"GAGCTCTAGCATACGGATTT"	1407	92.55
"GAGCTCCATTTATACTTAAT"	1405	92.58
"GAGCTCTCGCAACTCCACTT"	1400	92.60
"GAGCTCGAATTTTATCTAGT"	1400	92.63
"GAGCTCCATGGAATTTTAGT"	1399	92.65
"GAGCTCTTTGATTTTGCACA"	1395	92.68
"GAGCTCCTCTTGGGGAGGGG"	1395	92.70
"GAGCTCTGTTGCTCGCAGTC"	1388	92.73
"GAGCTCTGGAGAATATAAGT"	1388	92.75
"GAGCTCCGCAGTCCTGTATA"	1386	92.78
"GAGCTCTTCAATCGCGCACC"	1385	92.80
"GAGCTCAGTAGTGCGTCGCG"	1385	92.83
"GAGCTCTCATGCTTGCTCTT"	1384	92.85
"GAGCTCTTACTGTCGAGGTT"	1381	92.88
"GAGCTCTTGCATACTGTTAC"	1380	92.90
"GAGCTCCTCTATGTGCATGG"	1376	92.93
"GAGCTCTCAACTCCGCTTTC"	1375	92.95
"GAGCTCGTTTTTGGATGAAG"	1374	92.98
"GAGCTCTCTGGCCTCTAGTG"	1370	93.00
"GAGCTCTCCGGTTATGCAGA"	1370	93.03
"GAGCTCTTAGTTCCTGTTGC"	1368	93.05
"GAGCTCTGGGGTTTTTGGTG"	1367	93.08
"GAGCTCTCAATCAGATATGT"	1364	93.10
"GAGCTCCGCGTCATTATTAA"	1361	93.13
"GAGCTCTCGTTGTGTTTTCT"	1360	93.15
"GAGCTCCATTGGCTTCTAGG"	1357	93.18
"GAGCTCTACCTTATATCAAT"	1353	93.20
"GAGCTCCGCTCATAGGCCCA"	1353	93.23
"GAGCTCTTGATTATAGAGTA"	1348	93.25
"GAGCTCCTGGCGCGTAGGGC"	1340	93.28
"GAGCTCTCCAATTCAATACC"	1339	93.30
"GAGCTCTAATTTGGAAGGCC"	1336	93.32
"GAGCTCTTTACAGTCCTGAA"	1334	93.35
"GAGCTCGTCAACCATCAAAA"	1331	93.37
"GAGCTCTGCTTCAACTTAAG"	1330	93.40
"GAGCTCGTTTTCGGATTTGA"	1329	93.42
"GAGCTCATAGCTTTTACGAA"	1329	93.44
"GAGCTCGTTTTATCCTGTGT"	1324	93.47
"GAGCTCGGACTAGGGGTACC"	1322	93.49
"GAGCTCCTGTTGATACAGAT"	1317	93.52
"GAGCTCCAGACTATGAGATT"	1314	93.54
"GAGCTCTTGTCAATGACCGG"	1311	93.56
"GAGCTCATTTAAAACTCCAT"	1307	93.59
"GAGCTCTTCAGCCACATCAG"	1306	93.61
"GAGCTCTTCTTGTCTGGTTG"	1305	93.63
"GAGCTCGTATTAATATAAAG"	1305	93.66
"GAGCTCGTACATTTAGGCGC"	1305	93.68
"GAGCTCACTATTTATTAATG"	1303	93.71
"GAGCTCCCATTAAATGCGAT"	1295	93.73
"GAGCTCCATATTGAATTTCG"	1292	93.75
"GAGCTCCGGTAAGATTCACG"	1291	93.78
"GAGCTCTTGAGACCTGATGT"	1290	93.80
"GAGCTCCCGCCGTCCGGTCG"	1282	93.82
"GAGCTCCTCGTCGCTGGACA"	1280	93.85
"GAGCTCTCGCCTTGTTCAAG"	1279	93.87
"GAGCTCTATAAGTTGGTCCT"	1279	93.89
"GAGCTCTCATGGTATTGCGG"	1276	93.92
"GAGCTCATATTATACTAGTA"	1276	93.94
"GAGCTCCTTCCCGTTGTTCT"	1275	93.96
"GAGCTCTGTTTTCCGTATAC"	1274	93.98
"GAGCTCTAATCCACTTTATG"	1273	94.01
"GAGCTCTTAACAGAGAATAC"	1272	94.03
"GAGCTCTGTAATCTCTACGG"	1270	94.05
"GAGCTCCAGATATGTTTTTG"	1270	94.08
"GAGCTCTTAAAGTGTGTACC"	1269	94.10
"GAGCTCCTATGACAGGGATT"	1266	94.12
"GAGCTCCGTTCACTAGCCAT"	1266	94.15
"GAGCTCTAGATTTGCCTAGG"	1259	94.17
"GAGCTCCTCGTTGCATTTGC"	1255	94.19
"GAGCTCAAGGTTTCTATACT"	1249	94.21
"GAGCTCTGCATTTCACAAAT"	1245	94.24
"GAGCTCTCAAGACTTAGCAG"	1245	94.26
"GAGCTCTATTCCTGTTACAG"	1244	94.28
"GAGCTCCTTAGGGGGTTGAA"	1244	94.30
"GAGCTCATTTACACATGACG"	1243	94.33
"GAGCTCTCTTGTCGGCTATA"	1235	94.35
"GAGCTCTCAAGGGTTTCTGG"	1227	94.37
"GAGCTCATGTAATTTTTATG"	1227	94.39
"GAGCTCTTGCCTCTTGGTCT"	1226	94.42
"GAGCTCCCAAGAGCGGGAAA"	1226	94.44
"GAGCTCCTAAAGACGCATGA"	1222	94.46
"GAGCTCTTCAGAGAGCCAGG"	1221	94.48
"GAGCTCACGTTTGAACATGA"	1219	94.50
"GAGCTCTTTACGGGCGCTCG"	1215	94.53
"GAGCTCTATTCTGACTAGGG"	1214	94.55
"GAGCTCTTCTCGTGAAGTGA"	1213	94.57
"GAGCTCTACATACATTTTAT"	1204	94.59
"GAGCTCCGATCGGTGCAGCG"	1202	94.61
"GAGCTCAATTGTTGATGTGA"	1199	94.64
"GAGCTCTTCAGGTGTACTAA"	1195	94.66
"GAGCTCTTGTGTACAGAAAT"	1192	94.68
"GAGCTCCTATTCAGTGGTCT"	1190	94.70
"GAGCTCTTGGTTTGATCCCG"	1187	94.72
"GAGCTCTTATCGTGTAGTTA"	1186	94.74
"GAGCTCGTTTAAGCGAAAGG"	1186	94.77
"GAGCTCAATATTTAAGTTAG"	1186	94.79
"GAGCTCCAAATGTTAACGTT"	1185	94.81
"GAGCTCCCGAGGGGTGTTGA"	1182	94.83
"GAGCTCTGCTATGCTCATGA"	1181	94.85
"GAGCTCGCCAATGTGAACGG"	1180	94.87
"GAGCTCAGAACGGTCGTAGT"	1180	94.89
"GAGCTCTGATCCAGAAAACC"	1166	94.92
"GAGCTCTCTCAACTTGGTCT"	1165	94.94
"GAGCTCTCTTTGGAGGTGTG"	1162	94.96
"GAGCTCTCATAGTCCAGTGT"	1160	94.98
"GAGCTCTCATAGGCCTTGGA"	1160	95.00
"GAGCTCAATTAATTTAAACC"	1156	95.02
"GAGCTCTAAATTGTTGTTGT"	1155	95.04
"GAGCTCCCATTCAGTTGAAA"	1155	95.06
"GAGCTCCTTCTGTCCGCCGC"	1152	95.08
"GAGCTCTTCCTCCGTCGGAG"	1148	95.10
"GAGCTCTTGGGAACATTAAA"	1145	95.13
"GAGCTCTTACTCCATCACCT"	1144	95.15
"GAGCTCCTATGCCTCCTGAG"	1143	95.17
"GAGCTCTAGTTTCAATGCTG"	1137	95.19
"GAGCTCTCTAGCAAACAAGA"	1135	95.21
"GAGCTCATTTCTATATAGGC"	1134	95.23
"GAGCTCTTTGGGAGCACGAT"	1132	95.25
"GAGCTCTTGAATTGGATGTA"	1127	95.27
"GAGCTCCGTGATATCGTTTA"	1125	95.29
"GAGCTCTTCATATGGCATAC"	1120	95.31
"GAGCTCTAAATTGAACGTAA"	1118	95.33
"GAGCTCTAGTATTGAGGTTT"	1116	95.35
"GAGCTCTTTTAGGTTATCTT"	1115	95.37
"GAGCTCGTTGAAAGCGATTA"	1115	95.39
"GAGCTCCAATTAGTTTATTG"	1115	95.41
"GAGCTCATCTATTCTTATAC"	1111	95.43
"GAGCTCCCTTGTGGCGTAAA"	1110	95.45
"GAGCTCCTCTCTCGGTTCAA"	1107	95.47
"GAGCTCTAGTGTTTGACTGG"	1104	95.49
"GAGCTCTAAGGTATTCATAC"	1100	95.51
"GAGCTCCAACTTTAATTCCT"	1100	95.53
"GAGCTCTATTTAGGACATTT"	1094	95.55
"GAGCTCTGAAGTGCAAGTCA"	1093	95.57
"GAGCTCTTCGTTAGCCCTAG"	1089	95.59
"GAGCTCTCTATGAAAATGTG"	1087	95.61
"GAGCTCCCTGATTTGAATTG"	1087	95.63
"GAGCTCTAGACGATGATGAT"	1082	95.65
"GAGCTCTCAGTGTTAGAAAT"	1077	95.67
"GAGCTCTACTCTTACATAAG"	1076	95.69
"GAGCTCAAATACAAGATAAT"	1076	95.71
"GAGCTCCTACCTTCTACGGA"	1073	95.73
"GAGCTCTCGCTATTCAGTGA"	1071	95.75
"GAGCTCCCTTTAAAAGAGCA"	1066	95.77
"GAGCTCCCTTCGTTCGACGG"	1066	95.79
"GAGCTCTTGGTTTGGTGATT"	1065	95.81
"GAGCTCTGGCTTTTAGGTTT"	1060	95.82
"GAGCTCTTGGATTTGGGCTT"	1059	95.84
"GAGCTCCTTTACGGTTCGCT"	1059	95.86
"GAGCTCTTGATGATAAAATG"	1057	95.88
"GAGCTCTTCTGGTGAAATTA"	1057	95.90
"GAGCTCTAGATAAACTATTC"	1052	95.92
"GAGCTCCTTTAATAAGGTTA"	1048	95.94
"GAGCTCTTTGTTTTAAACTG"	1047	95.96
"GAGCTCGTTATTTAACGAGC"	1047	95.98
"GAGCTCGAGCTTTCATTGTG"	1047	96.00
"GAGCTCCTTATGCAATCTCC"	1047	96.02
"GAGCTCCCTCGAAACTTTTG"	1046	96.03
"GAGCTCTCGGAATGTTGACG"	1045	96.05
"GAGCTCTCGCAAGTTGTTTT"	1040	96.07
"GAGCTCTGATAAATTATGTT"	1037	96.09
"GAGCTCCTAGAACCGTTGGA"	1035	96.11
"GAGCTCTAGATTAGTTTATC"	1032	96.13
"GAGCTCCAATAATGTTATAA"	1031	96.15
"GAGCTCCAGATATATTTTGA"	1030	96.17
"GAGCTCCTATGACACTAGAG"	1026	96.18
"GAGCTCTTGTCTATAAGGAG"	1022	96.20
"GAGCTCACGGTTTTTCCAGA"	1021	96.22
"GAGCTCTCTCTTCGAAGAAC"	1017	96.24
"GAGCTCCAAGAATTTAGCCT"	1008	96.26
"GAGCTCGTTTTTAAATAACA"	998	96.28
"GAGCTCTAAGTTCCAACGGA"	996	96.29
"GAGCTCCGTTTGTCTTATTA"	995	96.31
"GAGCTCCAATCTGCTACCTA"	995	96.33
"GAGCTCTTTGGGATGTTTCT"	994	96.35
"GAGCTCTCATTCTGAATCGT"	993	96.37
"GAGCTCTTGATTAACTCGAC"	991	96.38
"GAGCTCCTTAGGATTATAAC"	989	96.40
"GAGCTCCGAATTGTGAGGAA"	985	96.42
"GAGCTCTCTATAGAACTGTG"	982	96.44
"GAGCTCCTTGATCTGGCTAT"	981	96.46
"GAGCTCATAACCATTTTGTT"	978	96.47
"GAGCTCTCCAGCAGTGCTGC"	977	96.49
"GAGCTCTGTCTTTTTTCAAT"	976	96.51
"GAGCTCTACTATTTGTCAAT"	976	96.53
"GAGCTCCTATTAGGTCTGAA"	973	96.54
"GAGCTCCTAATGCATTTAGT"	969	96.56
"GAGCTCTACAATTCTCGTCT"	965	96.58
"GAGCTCCTCCTTTGATTCGT"	965	96.60
"GAGCTCTTCGTTGATAACCT"	959	96.61
"GAGCTCCTAATACCATTGCA"	959	96.63
"GAGCTCCTTCCGTTGAGCCA"	958	96.65
"GAGCTCTAATTTACGTTGTG"	954	96.67
"GAGCTCCTGGACCCTGCAAT"	953	96.68
"GAGCTCATTTACCTATGTGT"	953	96.70
"GAGCTCTTACGGGCGTTGGA"	948	96.72
"GAGCTCAGTATGTTCTACCG"	948	96.74
"GAGCTCTCTCATGTCTTGGA"	947	96.75
"GAGCTCTTTGTGGTAGATTT"	945	96.77
"GAGCTCGTGGACCCCGTTAA"	945	96.79
"GAGCTCGTCGCTAATTTCCA"	945	96.80
"GAGCTCCTACTCGCGATCTC"	945	96.82
"GAGCTCTTTGGCTTGCACAT"	934	96.84
"GAGCTCTGCTTCGCAGGTGT"	934	96.85
"GAGCTCCCTTATTAGGTTTA"	928	96.87
"GAGCTCTTCGTCTGTTTACT"	925	96.89
"GAGCTCTTCACAATTATGGG"	924	96.91
"GAGCTCCCGGATCATCCATT"	921	96.92
"GAGCTCTAAATTCGTGCTTT"	919	96.94
"GAGCTCCTTAGGGATTGGTT"	919	96.96
"GAGCTCTCGTCTATGGTACA"	917	96.97
"GAGCTCAAGTTTCCTGCGGG"	912	96.99
"GAGCTCTCGTGATATAAAAA"	908	97.00
"GAGCTCATCGTGTAAGAGAA"	905	97.02
"GAGCTCTTCTAAGATGCGAG"	902	97.04
"GAGCTCTTTCACGAAACTGG"	897	97.05
"GAGCTCTCATAACTTATGAC"	893	97.07
"GAGCTCATTTGTTTTTGTTC"	892	97.09
"GAGCTCTAGCTTGCGGAGAG"	891	97.10
"GAGCTCCTATGAGTTTAGAG"	891	97.12
"GAGCTCATGGAATGAGAAGT"	889	97.13
"GAGCTCTTTTGTGGCCGACG"	887	97.15
"GAGCTCCATTGCTACGGAGA"	883	97.17
"GAGCTCTGGGAGCTCCTCTG"	874	97.18
"GAGCTCTCTTGAACTTATTG"	874	97.20
"GAGCTCAGTCTTGGTTGGTC"	867	97.21
"GAGCTCTTGTTATGATTTGA"	866	97.23
"GAGCTCTTATCAGAGTCAAA"	865	97.25
"GAGCTCCCTTTACTGTTTAT"	863	97.26
"GAGCTCTTATAAGATGTACC"	862	97.28
"GAGCTCCTATTACAATGTTC"	858	97.29
"GAGCTCATTTGTGCACAGTT"	856	97.31
"GAGCTCAACCGGAATGCTCG"	854	97.32
"GAGCTCTGTATTCGGGGAAA"	852	97.34
"GAGCTCTAATAGATCTCGAG"	852	97.35
"GAGCTCTAACTTTAACATAG"	851	97.37
"GAGCTCTTGAGATCTTCTGG"	846	97.39
"GAGCTCAATTAACTCTATTG"	846	97.40
"GAGCTCTTTAACTGAGCGTT"	844	97.42
"GAGCTCATACTAGTTTTTTT"	843	97.43
"GAGCTCTTTGCCTTGTGAGG"	840	97.45
"GAGCTCTTGGAAGCTCGCGC"	840	97.46
"GAGCTCCAGTTAGTTTTGTC"	839	97.48
"GAGCTCTATTTCGCTTCTTT"	831	97.49
"GAGCTCCTAGGACGTTGCGT"	831	97.51
"GAGCTCCAGTTTTGATTAAT"	829	97.52
"GAGCTCTTTGGCAGTTTTTA"	828	97.54
"GAGCTCACTTTTATTATTAT"	822	97.55
"GAGCTCCAGTCTGGGGACTC"	814	97.57
"GAGCTCTATAGACACATTCG"	813	97.58
"GAGCTCTAAATTGCGCGCCT"	808	97.60
"GAGCTCTAGACTAGATAAGT"	806	97.61
"GAGCTCTCTCACGCCATTAT"	805	97.63
"GAGCTCAGCCCACGGCCATT"	803	97.64
"GAGCTCTGTTTATTTTGTCG"	799	97.65
"GAGCTCTCGAGACTCTTAAA"	794	97.67
"GAGCTCTGTTATTCTTCAGT"	792	97.68
"GAGCTCCAATAACTCCTTTA"	791	97.70
"GAGCTCGTCGAGCTACGCAA"	788	97.71
"GAGCTCTAATCATCTTAGGA"	787	97.73
"GAGCTCCCTTGGTGCCTTTC"	780	97.74
"GAGCTCCTATCGTTTGAGAA"	777	97.75
"GAGCTCTTATGATAGTCACA"	776	97.77
"GAGCTCTTATCGCTTCTTGC"	770	97.78
"GAGCTCTTTATAGCGCCGGA"	765	97.80
"GAGCTCCTCATCTTATGTGG"	760	97.81
"GAGCTCTTCTGATAAACTCT"	759	97.82
"GAGCTCCAAAATACTCAGTT"	753	97.84
"GAGCTCTAGAATTAGGTAGC"	752	97.85
"GAGCTCCTTTCTAAATCTTA"	748	97.86
"GAGCTCCTTATTCGAGGGGA"	747	97.88
"GAGCTCTTGGGCGTAAGTAA"	746	97.89
"GAGCTCTCAGTTTGATCATT"	745	97.91
"GAGCTCTGGTAATTTTGCAG"	739	97.92
"GAGCTCTTCAAATTGGTCAA"	738	97.93
"GAGCTCTGTAATTCTTGAAT"	728	97.95
"GAGCTCGCGCTTCCTGTCGT"	726	97.96
"GAGCTCTCCTTTATATCTTC"	724	97.97
"GAGCTCCTTACAATTCCATA"	720	97.98
"GAGCTCCTTAATAGGTAGCA"	720	98.00
"GAGCTCCAACTTATGGGGAT"	719	98.01
"GAGCTCCTATCATTTGTCGG"	715	98.02
"GAGCTCTTTATGCACCGAAA"	710	98.04
"GAGCTCTTGGTTCCTTTATT"	710	98.05
"GAGCTCTTGATTCAATATTA"	708	98.06
"GAGCTCCCTTTTGCGCGGTT"	702	98.07
"GAGCTCTATTTTACTGATCA"	699	98.09
"GAGCTCAGGGAAAAGAAGTG"	697	98.10
"GAGCTCTCTTTAGCATGCAA"	696	98.11
"GAGCTCCTTACATCTTCGGG"	695	98.13
"GAGCTCTCGCTTTCCTTACT"	694	98.14
"GAGCTCTTCATCGTTTCTGG"	688	98.15
"GAGCTCCTTACATCTGAGAA"	680	98.16
"GAGCTCAATTTATAATTAAA"	680	98.18
"GAGCTCCCTTGTGAATGTTT"	679	98.19
"GAGCTCTCTAGCATTTTAAT"	676	98.20
"GAGCTCTTTTAGGGGTTGAC"	673	98.21
"GAGCTCTTTAAGCTGCTCTT"	673	98.22
"GAGCTCGAAATCTTCATAAT"	673	98.24
"GAGCTCTTTTGTGACTAGTC"	669	98.25
"GAGCTCTGTTTCTTCAACGG"	669	98.26
"GAGCTCTCGGCGAGATAACT"	665	98.27
"GAGCTCTATGGTTTTGTCCA"	664	98.28
"GAGCTCTGCTTCATTATGGT"	663	98.30
"GAGCTCCTTTGACTTGAGGG"	663	98.31
"GAGCTCTGTGTTTTACATGG"	660	98.32
"GAGCTCTAATGTACGTTTCT"	657	98.33
"GAGCTCTATTCTCCATATCG"	656	98.34
"GAGCTCCTCCTACTTAAAGA"	655	98.36
"GAGCTCTTTTAGGCGTTGGG"	654	98.37
"GAGCTCTTAAAGAATCCCTT"	654	98.38
"GAGCTCTTTCACACAAGACT"	648	98.39
"GAGCTCTTTACCTTACGTAG"	648	98.40
"GAGCTCTATTGGCATTTGAA"	645	98.42
"GAGCTCTCTGGTGATCATTA"	642	98.43
"GAGCTCTTCGCGATCGCTAA"	641	98.44
"GAGCTCTAAGTCTTATTGCT"	640	98.45
"GAGCTCTTATTTAACAAATT"	639	98.46
"GAGCTCCACTCCTGTCCGTA"	639	98.47
"GAGCTCCTTCACTTCTTCGG"	638	98.48
"GAGCTCCTTAGTTAAAATCG"	635	98.50
"GAGCTCATATTTTTTGAGCG"	635	98.51
"GAGCTCCTGCGTTATTGGGT"	632	98.52
"GAGCTCTCTAGAGGTCTCAT"	628	98.53
"GAGCTCTTATTTCGGATCGA"	625	98.54
"GAGCTCCGAATTTTATTCCG"	624	98.55
"GAGCTCCTGTAATCATAGAA"	620	98.56
"GAGCTCTCGTTTTCAATTAG"	616	98.58
"GAGCTCCCTTAAGGGCTGAA"	612	98.59
"GAGCTCCAAATCTTCCTTGA"	611	98.60
"GAGCTCCCATATTTTTACGT"	610	98.61
"GAGCTCATTGTCTTGTGTTA"	610	98.62
"GAGCTCTTTGTTCGTTTGTT"	606	98.63
"GAGCTCCCATTGGTGTGGAT"	605	98.64
"GAGCTCAGCGTCGAGGGTGT"	604	98.65
"GAGCTCGGATACATATCCCG"	603	98.66
"GAGCTCTTTACGCTTTGATT"	586	98.67
"GAGCTCTTTAACCATTATCT"	586	98.69
"GAGCTCGTTTTAAGTTTTCA"	585	98.70
"GAGCTCTCTCCGAGTTTTAT"	584	98.71
"GAGCTCCTCCTCTTTATTCA"	584	98.72
"GAGCTCCTCATTTAATTCTT"	583	98.73
"GAGCTCATTTTTTTGTACCA"	582	98.74
"GAGCTCGATTTTCTATTTTG"	579	98.75
"GAGCTCTATGTTTTTCGCGA"	577	98.76
"GAGCTCTTAATAAATGCATT"	571	98.77
"GAGCTCGTCAACGACACTTC"	571	98.78
"GAGCTCTTTTTAGGGCTGTT"	569	98.79
"GAGCTCTTCTTATGCCGAAA"	569	98.80
"GAGCTCAAGCACAAACCGTA"	568	98.81
"GAGCTCCGGGACTTTGTCTC"	566	98.82
"GAGCTCTTTTGGAAAGAGAG"	560	98.83
"GAGCTCCCAGTTATCGAATT"	559	98.84
"GAGCTCTTTAGATCTGTGAC"	553	98.85
"GAGCTCTTCGTTTCATAGTA"	553	98.86
"GAGCTCATTTTAATTTGCGA"	549	98.87
"GAGCTCTGTAGTTCTATTTA"	548	98.88
"GAGCTCTTTTTGACGTCCTG"	544	98.89
"GAGCTCCGTTATAAGGGATG"	537	98.90
"GAGCTCGTTTTTTAATAGAA"	534	98.91
"GAGCTCTCAGTTTTCTACGT"	532	98.92
"GAGCTCCTTTGACATTTGTT"	531	98.93
"GAGCTCTTGTATTTAAAGTA"	525	98.94
"GAGCTCTTTCTATCTTTTGT"	516	98.95
"GAGCTCTCTTGACATTACGG"	515	98.96
"GAGCTCAGAAGGGTGCATTT"	515	98.97
"GAGCTCTACAAGCTCTATTT"	514	98.98
"GAGCTCTTTTTGACTGCCGA"	508	98.99
"GAGCTCCTTTAGTCTGTTTA"	508	99.00
"GAGCTCCTCTTGGAGTAAAT"	507	99.00
"GAGCTCCTTAATCCAATTAA"	506	99.01
"GAGCTCGTGACACGTACGAA"	505	99.02
"GAGCTCTTCTTGATATTTGA"	499	99.03
"GAGCTCTTAATTGTTAGTAT"	499	99.04
"GAGCTCTTGTTTTTAGTGAA"	496	99.05
"GAGCTCTTTTCTGGAGAAGC"	486	99.06
"GAGCTCGTCTAGGAGCAGTT"	485	99.07
"GAGCTCAAAGTCGGCCCTGG"	484	99.08
"GAGCTCAAGCACATCTCTTT"	476	99.08
"GAGCTCTTCTTTAAACTTTT"	470	99.09
"GAGCTCTTGATATTATACTT"	469	99.10
"GAGCTCTAGAGCGCTGGCGG"	467	99.11
"GAGCTCCATATTTCTTTGGT"	467	99.12
"GAGCTCTCGTTTTGATGTCC"	465	99.13
"GAGCTCCACATAGGGTAATC"	464	99.14
"GAGCTCTTTTCGAGCTTTGT"	458	99.14
"GAGCTCAATTCGACGGCTTG"	446	99.15
"GAGCTCTTATTTTGTGATCA"	444	99.16
"GAGCTCGATAGTGTTTGAGC"	443	99.17
"GAGCTCTGCGGCGCCGCATA"	432	99.18
"GAGCTCGTTACTTAAGAATT"	425	99.18
"GAGCTCACATGTTAAGTGAG"	423	99.19
"GAGCTCTTTCTTATAATGTT"	421	99.20
"GAGCTCTTCTGTATTTTTGT"	421	99.21
"GAGCTCAGACAAAGGGTTTG"	416	99.21
"GAGCTCTATCAAAACTTTGA"	407	99.22
"GAGCTCGCCTCCTACGTTCA"	406	99.23
"GAGCTCTTAATCTATCTTTG"	404	99.24
"GAGCTCTCTCTGGCCTGTAG"	402	99.24
"GAGCTCGCTACATTGGCAAT"	401	99.25
"GAGCTCGGCTGGTGTATAAG"	398	99.26
"GAGCTCGCTATACGTCCACT"	396	99.27
"GAGCTCTTTCTTGTCTCGTC"	395	99.27
"GAGCTCCTTTACTTTTACTC"	394	99.28
"GAGCTCACGGAACGGGGCCA"	394	99.29
"GAGCTCTTAGTCGTGTGCTT"	392	99.29
"GAGCTCTTTAGTATTCTCCA"	389	99.30
"GAGCTCCATGGCGGTTAACC"	389	99.31
"GAGCTCTCGGTTTTGTGAGA"	387	99.31
"GAGCTCTCTTTAACCTTCGG"	385	99.32
"GAGCTCTTAGTGGTCCCTCG"	384	99.33
"GAGCTCCTCCTTTTGTTGCC"	384	99.34
"GAGCTCTACGGCACTCATGT"	382	99.34
"GAGCTCTTACTCATTCGTAC"	378	99.35
"GAGCTCTCTAATATTATAGT"	378	99.36
"GAGCTCTGGTTGCATTCACT"	377	99.36
"GAGCTCTTGTATTTTACGAA"	375	99.37
"GAGCTCTTGGCCTAGGTGCC"	375	99.38
"GAGCTCTTAATTTCACTGAG"	374	99.38
"GAGCTCTGATTAATTCGTGG"	374	99.39
"GAGCTCATCGTTCTGTTCAC"	374	99.40
"GAGCTCTATGGCGGAACTGC"	370	99.40
"GAGCTCCCATAATTGCCATG"	370	99.41
"GAGCTCTCATTTCGTGAGCC"	363	99.42
"GAGCTCTTCCGAACGGCATA"	362	99.42
"GAGCTCTTTAATTCCAGTTG"	361	99.43
"GAGCTCTCTATGTTTCTCAA"	355	99.44
"GAGCTCTTTCTTTCTTGCAC"	352	99.44
"GAGCTCTATATAAATTTAAG"	350	99.45
"GAGCTCTATTCTTTGCATTA"	346	99.46
"GAGCTCAGGATTCAATCAAT"	344	99.46
"GAGCTCTTAAGCTTGTTATC"	338	99.47
"GAGCTCTTACACGATACATT"	337	99.47
"GAGCTCTCAGTTTTCAGAAC"	333	99.48
"GAGCTCGATTCATCTTAGTC"	330	99.49
"GAGCTCAACCTGGTCTCGAA"	327	99.49
"GAGCTCATGACTGTTATGGT"	326	99.50
"GAGCTCGAGCTACGTAAAAA"	325	99.50
"GAGCTCAGGTGGGTTTCCCC"	324	99.51
"GAGCTCTAGTAGGGTCATTT"	319	99.52
"GAGCTCTCGGATTTAGGGAG"	317	99.52
"GAGCTCTTCTCTATCGGCTT"	315	99.53
"GAGCTCAGTCTGGGGAGAGA"	315	99.53
"GAGCTCAGGGGGGAACCTTT"	315	99.54
"GAGCTCAGTTCATTATTTCG"	314	99.54
"GAGCTCTTAATTAATGAAAA"	311	99.55
"GAGCTCTAATGAATGTTCTT"	311	99.56
"GAGCTCTTAGCTTAACATTT"	304	99.56
"GAGCTCAGACAGATCCATAC"	304	99.57
"GAGCTCAGAGGTTAATAGTA"	300	99.57
"GAGCTCGTACTTACAACTGA"	299	99.58
"GAGCTCTTAGAAAATTCTTT"	296	99.58
"GAGCTCGTCGCCCTGCATGC"	293	99.59
"GAGCTCGGCAATAGGTGCTT"	291	99.59
"GAGCTCTTTCTCTTTGTACG"	289	99.60
"GAGCTCCACCATGCGTTACT"	284	99.60
"GAGCTCAATATATGTATTGA"	284	99.61
"GAGCTCTCTCTTTTTCTCAG"	281	99.61
"GAGCTCATTGTAGTCTGCCG"	281	99.62
"GAGCTCTTTCATTTATATTC"	279	99.62
"GAGCTCGCGTGGTGCTTTTG"	277	99.63
"GAGCTCCTTTCATTTTAATA"	271	99.63
"GAGCTCTTAAGCTAGGTGGC"	270	99.64
"GAGCTCTCGCCAGCTCATTC"	270	99.64
"GAGCTCCGCAAGTGTATGGA"	267	99.65
"GAGCTCTGGGTAGGGGGACA"	266	99.65
"GAGCTCCAGAATAAAAGTGA"	265	99.66
"GAGCTCAAGTTTAAGTTAAG"	264	99.66
"GAGCTCTTGGTCGCTATTAA"	261	99.67
"GAGCTCCGTTAGTTTTACGC"	261	99.67
"GAGCTCTAGTCGGTTAGTTA"	260	99.68
"GAGCTCCCGGAAAATGGCAT"	260	99.68
"GAGCTCCGTGTTTAGGTATT"	258	99.69
"GAGCTCACATCCTCATTGGA"	255	99.69
"GAGCTCTGCTGGCGGATTTT"	253	99.70
"GAGCTCTTTTTCTTGGCGCA"	251	99.70
"GAGCTCTTTAGGGCGAAGGT"	245	99.70
"GAGCTCTTTCGTTTTTTGCT"	242	99.71
"GAGCTCGGATGTTCTGGATA"	239	99.71
"GAGCTCGCCATGGTTTTTAT"	239	99.72
"GAGCTCCAGTAGTTTGAGCG"	239	99.72
"GAGCTCACACGACATTACAT"	238	99.73
"GAGCTCTCAGCGTCCGTCCC"	235	99.73
"GAGCTCGTTTGGTGTCGCCA"	222	99.73
"GAGCTCGCGAATGTTGTGCG"	222	99.74
"GAGCTCTGTTCACGGATAGT"	221	99.74
"GAGCTCGTACAAGGAACGGC"	221	99.75
"GAGCTCCCGGATAACTCTTT"	221	99.75
"GAGCTCCTGGATTGAAAATC"	220	99.75
"GAGCTCCAGGTTCGTAGGAG"	216	99.76
"GAGCTCTAATATGCGCAGTT"	214	99.76
"GAGCTCTTTATCGTCATGCC"	213	99.77
"GAGCTCTAGTATGTGCGTCA"	212	99.77
"GAGCTCGGCGTGTCTCGGTT"	211	99.77
"GAGCTCATCCACGGCTTTAG"	208	99.78
"GAGCTCTTCATTTATCATGG"	207	99.78
"GAGCTCTACCGAACGTTCAA"	206	99.79
"GAGCTCGCGCTAAGCTTCTT"	206	99.79
"GAGCTCCCGCCAAATACGGA"	197	99.79
"GAGCTCCTTTAACAGTTGAC"	195	99.80
"GAGCTCCTAATAATGGACAG"	195	99.80
"GAGCTCTACCGCTACTCGTG"	193	99.80
"GAGCTCTAGTCATCTGTTCC"	185	99.81
"GAGCTCTTACCTGGATCAGC"	183	99.81
"GAGCTCGAAACTCGGGTGGG"	181	99.81
"GAGCTCATACGTGTATCGTG"	176	99.82
"GAGCTCCACAAGTGCTTGGG"	175	99.82
"GAGCTCCTGGGGGTGCGCAC"	174	99.82
"GAGCTCGCTGATTATATCTA"	173	99.83
"GAGCTCGTGTCTTTAGCATT"	171	99.83
"GAGCTCTGGTTAGGGCGTAG"	170	99.83
"GAGCTCTTAACCCGTTGTTA"	169	99.84
"GAGCTCGGAATTAATTAGAT"	167	99.84
"GAGCTCACAGATTATGTGCG"	165	99.84
"GAGCTCCGCCTACACGAGAC"	164	99.84
"GAGCTCCTACGTTTATTTGT"	163	99.85
"GAGCTCTCTTTTGCCTGCAT"	162	99.85
"GAGCTCGATCGAAGGGAAAC"	161	99.85
"GAGCTCTAAAGCGAGGTAAA"	160	99.86
"GAGCTCTTGCTGGTAGTAAC"	159	99.86
"GAGCTCTAGCTCCTTTATGG"	159	99.86
"GAGCTCAATGAGGACTGCAA"	159	99.86
"GAGCTCTGCAGACCAAATCT"	157	99.87
"GAGCTCATACGTTGTGTCAT"	157	99.87
"GAGCTCTTTTCTTCTTGATC"	154	99.87
"GAGCTCGTATCGCGGTAATG"	152	99.88
"GAGCTCGACTGACGTTGAGT"	150	99.88
"GAGCTCCTCCTACCAATCAT"	150	99.88
"GAGCTCTTTCATACATACAT"	149	99.88
"GAGCTCCCTCATTGAAAATC"	148	99.89
"GAGCTCGTATAGGCGGGGGT"	147	99.89
"GAGCTCCCTTATTTAGTGGG"	147	99.89
"GAGCTCTTTGCTGGAGTCAA"	145	99.89
"GAGCTCGACTGTTAGGTCAT"	143	99.90
"GAGCTCTTTACCCGGCTACA"	142	99.90
"GAGCTCAAAGGGTGATGGTG"	142	99.90
"GAGCTCTTCTTAAAATACCG"	141	99.90
"GAGCTCCCTCTCCGCACGTA"	141	99.91
"GAGCTCGAAGTAACGTGGTC"	140	99.91
"GAGCTCTTCAAGCGCATCGT"	139	99.91
"GAGCTCCAAGAGATGCAGGA"	139	99.92
"GAGCTCATACAATCGATGTA"	139	99.92
"GAGCTCTCCATCGGATCTCG"	138	99.92
"GAGCTCGAACGAATTTTATA"	137	99.92
"GAGCTCTTTTTAATTTATTA"	136	99.93
"GAGCTCCTTCATCGGGACGT"	136	99.93
"GAGCTCCGTCAACCATTTAT"	136	99.93
"GAGCTCATCTACTGTTAGGT"	136	99.93
"GAGCTCAGTGTGTCGGAATG"	134	99.93
"GAGCTCCGATTCTGTGTTAG"	133	99.94
"GAGCTCTGGAATCAGTTGGT"	132	99.94
"GAGCTCCGTGCCTATTTTGC"	132	99.94
"GAGCTCATCAATTAGCTCCC"	130	99.94
"GAGCTCGGTAGTAGGTTATT"	129	99.95
"GAGCTCCTTATATGGAGAAG"	129	99.95
"GAGCTCCCAAATCAGGTGTA"	127	99.95
"GAGCTCTTACAGGTGATTGC"	126	99.95
"GAGCTCAATCGCATCTCATA"	126	99.96
"GAGCTCGGCTGGGTGGGCGT"	124	99.96
"GAGCTCTACTCGACACCAGT"	122	99.96
"GAGCTCCGATTGCAAAATTT"	122	99.96
"GAGCTCCTCGCGTGTCGATG"	118	99.96
"GAGCTCTTATTCGCATCTCA"	116	99.97
"GAGCTCCCAAGGCGGTTGTT"	116	99.97
"GAGCTCAACGATCAGAAAAG"	115	99.97
"GAGCTCCTGCGATACAACAG"	114	99.97
"GAGCTCACAGACACGAATGG"	114	99.98
"GAGCTCGATTGCTATCGCTT"	111	99.98
"GAGCTCAGTGTGTAGGGCTC"	110	99.98
"GAGCTCGATGTCCCTCAGAA"	109	99.98
"GAGCTCCCGCGAATGGTAAA"	107	99.98
"GAGCTCGTTTCCTCAGCCCG"	106	99.99
"GAGCTCAGGTCAAGTAGTGC"	105	99.99
"GAGCTCCATGTAGTGCCGTC"	104	99.99
"GAGCTCGATATTTACGGGAT"	103	99.99
"GAGCTCAGACCGTCGAGAGT"	103	99.99
"GAGCTCTATGTCACGAGTTA"	102	99.99
"GAGCTCTGAGACAGGTTTCC"	101	100.00
"GAGCTCGTAAGTCCATTTTT"	101	100.00
"GAGCTCGGTATATTACGCGG"	101	100.00
