BL-8036_42_S42_L001_R1_001-Barcode	BL-8036_42_S42_L001_R1_001-Count	BL-8036_42_S42_L001_R1_001-SaturationPerc
GAGCTCATAACACAAGGTAG	1009733	30.14
GAGCTCATCGAGAGTTGTTG	807104	54.23
GAGCTCATGATGCCGTGTTA	651684	73.69
GAGCTCGCGATCTGTTAATG	323068	83.33
GAGCTCTCCAGCAGTGCTGC	235879	90.37
GAGCTCAGTAGTGCGTCGCG	73207	92.56
GAGCTCCTACGTTTATTTGT	30802	93.48
GAGCTCTATTGGCATTTGAA	16745	93.98
GAGCTCACAAACAGCCAGGT	15533	94.44
GAGCTCCCACTAAATCTCTA	13398	94.84
GAGCTCTGGCAAAGAGGCGA	12053	95.20
GAGCTCCTGGACGAAGGTGG	9623	95.49
GAGCTCACTCGTTGGTATAC	7672	95.72
GAGCTCTGGTTAGGGCGTAG	6027	95.90
GAGCTCCGTCGTTGTAGACG	6002	96.08
GAGCTCAGTGTGTCGGAATG	5675	96.25
GAGCTCCGTTAGTTTTACGC	5373	96.41
GAGCTCGCATGTACTTGCAG	4805	96.55
GAGCTCTTACAGGTGATTGC	3616	96.66
GAGCTCGTACCTGTTCGTCT	3274	96.76
GAGCTCGTACACAGAAACGA	3241	96.85
GAGCTCATAATTATTTATGT	3117	96.95
GAGCTCGATACCCACGGCAT	2853	97.03
GAGCTCGGTCTTTAATTGAA	2848	97.12
GAGCTCTTATCACAGAGAAA	2801	97.20
GAGCTCGGAAGTGCAGAAAA	2565	97.28
GAGCTCTTTACCCGGCTACA	2493	97.35
GAGCTCTTTCAGATTGCTAA	2431	97.42
GAGCTCATCCTCAGGAATGG	2279	97.49
GAGCTCTAAGAAAGCTTCTA	2243	97.56
GAGCTCGACCTATTGTCCCA	1895	97.61
GAGCTCATGTACAGCTTGTT	1806	97.67
GAGCTCTTAACCCGTTGTTA	1804	97.72
GAGCTCTCACTTTAGTATTA	1652	97.77
GAGCTCGTTTAAAAATGAGA	1537	97.82
GAGCTCCCCCTTGACGTTAT	1501	97.86
GAGCTCCGATTATTGGGTAG	1465	97.91
GAGCTCGTGGAGGGACATTG	1391	97.95
GAGCTCCGCGATCGTACTGT	1359	97.99
GAGCTCGTGCAGTTCGGCTC	1300	98.03
GAGCTCAGGGTCGCTGATCT	1254	98.06
GAGCTCCGAATATTTAATGT	1243	98.10
GAGCTCCATGGTTGCAGGGT	1208	98.14
GAGCTCCTGGTAACCAGTAA	1179	98.17
GAGCTCGAGAAGCCGAAAGG	1151	98.21
GAGCTCAATATATGTATTGA	1046	98.24
GAGCTCAAAACACAATGAAG	1020	98.27
GAGCTCGACATATTCAGCAT	1016	98.30
GAGCTCAACATTCTGGTATT	1008	98.33
GAGCTCTGTAGATGAAATTG	873	98.36
GAGCTCATTTACCTATGTGT	869	98.38
GAGCTCTGACTGGAGAAAGG	838	98.41
GAGCTCAAGGTTCGAGGGAC	792	98.43
GAGCTCATGAACCGTGCGGG	784	98.45
GAGCTCGTTAAAGTTAGGAT	762	98.48
GAGCTCCTACCCTGATCAAA	725	98.50
GAGCTCCCAAATCAGGTGTA	713	98.52
GAGCTCCCGATACGACTATT	689	98.54
GAGCTCTCATCAGATAACAC	675	98.56
GAGCTCTCGGATGGAGAAAG	669	98.58
GAGCTCACGAAATGGACCTA	635	98.60
GAGCTCATAAGGCGTAAACT	629	98.62
GAGCTCTTCCTGGCAGTACA	627	98.64
GAGCTCAAGCACAAACCGTA	624	98.66
GAGCTCTATAATCGGAGGCA	610	98.67
GAGCTCGGATGGAGAAAGGA	606	98.69
GAGCTCAGTCTAAGACATGA	593	98.71
GAGCTCATGAAGGATTGTAA	553	98.73
GAGCTCAGACCTTATAATCT	550	98.74
GAGCTCCACATAGGGTAATC	546	98.76
GAGCTCGATGATTCTATTAC	531	98.77
GAGCTCTCACCTCATTACAA	529	98.79
GAGCTCGTGTAAATAGTATA	522	98.81
GAGCTCCCATCCAAGAAGCC	521	98.82
GAGCTCATTTCGGATGGAGA	506	98.84
GAGCTCTAATAACTGGTCAG	505	98.85
GAGCTCATCATTGCCATACT	503	98.87
GAGCTCATCTTTGGGGCATA	491	98.88
GAGCTCATTTGACATGCTCA	466	98.89
GAGCTCAGTATTGGATTGTG	455	98.91
GAGCTCATAAAACAATGTAA	450	98.92
GAGCTCTTTGTCTACGTAGT	432	98.93
GAGCTCTCCATTTAATCTCA	427	98.95
GAGCTCACATGTTAAGTGAG	425	98.96
GAGCTCGGGCGTGGAACATA	419	98.97
GAGCTCTTGTTTCACACTTT	418	98.99
GAGCTCATAAAAAAAGGAAG	412	99.00
GAGCTCGTTTTGGCTGTGCG	411	99.01
GAGCTCAGACAAAGGGTTTG	409	99.02
GAGCTCAATTCGACGGCTTG	403	99.03
GAGCTCCGACGCGTAAAAAC	401	99.05
GAGCTCTAATTTCAGGCTAT	400	99.06
GAGCTCGCGCCGAATCATTC	400	99.07
GAGCTCTGCGGCGCCGCATA	396	99.08
GAGCTCTACCTTCGATATGC	396	99.09
GAGCTCTTCACGTTCTAGGC	390	99.11
GAGCTCTTCCGAACGGCATA	366	99.12
GAGCTCGCGTAAAGGGCAAG	360	99.13
GAGCTCAACCCTCTGCTTTA	359	99.14
GAGCTCAAAACATGTTATGG	358	99.15
GAGCTCGGCTGGTGTATAAG	354	99.16
GAGCTCGTTTCAATACAGAT	348	99.17
GAGCTCTTGGCCTAGGTGCC	347	99.18
GAGCTCAGCGAACAAGATTA	346	99.19
GAGCTCAAGATTCCGTGATA	346	99.20
GAGCTCTAACAAGGCCTTGA	344	99.21
GAGCTCGCACGGCCGAACAG	342	99.22
GAGCTCTGTTTGGTCTAATG	341	99.23
GAGCTCTCTGTATTCTCTGA	341	99.24
GAGCTCACATGCCGGGGCAT	339	99.25
GAGCTCAAAACAAAATATAC	337	99.26
GAGCTCCGTGCCTATTTTGC	336	99.27
GAGCTCCCGTTATTCTTAGC	330	99.28
GAGCTCGTTATCAATAAAGC	321	99.29
GAGCTCGGCAAGGGATGGTT	320	99.30
GAGCTCTGTGAATACTTTTG	318	99.31
GAGCTCGATTCATCTTAGTC	309	99.32
GAGCTCTAGTAGGGTCATTT	307	99.33
GAGCTCGCTATACGTCCACT	305	99.34
GAGCTCGTACTTACAACTGA	303	99.35
GAGCTCATGAAGCAGAGTTA	302	99.36
GAGCTCTATGGCGGAACTGC	299	99.36
GAGCTCATGACTGTTATGGT	296	99.37
GAGCTCCAGAATAAAAGTGA	291	99.38
GAGCTCAGAAAATTGATAGC	291	99.39
GAGCTCAATGGAGAAAGGAA	289	99.40
GAGCTCATGCTATGCTCTAG	287	99.41
GAGCTCACCAATCACCCAAA	285	99.42
GAGCTCTGTTACGGAATGGA	282	99.42
GAGCTCAAAAGCCGGTACAG	277	99.43
GAGCTCGTAATGACATCGCA	275	99.44
GAGCTCTTGAATTAATTTGA	274	99.45
GAGCTCATAGAGAGATGTAG	273	99.46
GAGCTCAGTAATACGAATAA	271	99.47
GAGCTCACATCCGAAATTAA	269	99.47
GAGCTCTGGCACCGTTATAG	267	99.48
GAGCTCGGATTAAGGAGGTG	266	99.49
GAGCTCGTAGTTATCAGAGA	264	99.50
GAGCTCACCAAAGGGCACTA	264	99.51
GAGCTCCGGTATTTAACTTG	262	99.51
GAGCTCCACCATGCGTTACT	262	99.52
GAGCTCATTGTAGTCTGCCG	261	99.53
GAGCTCTCTTCCCGTATCAC	259	99.54
GAGCTCGACACATGCAACAA	259	99.54
GAGCTCATGCTGGTGGCAGG	258	99.55
GAGCTCAGACAGATCCATAC	253	99.56
GAGCTCAATGTGTATCATAG	253	99.57
GAGCTCATTGTACTAGGACA	252	99.57
GAGCTCTGGAAATTCCAATT	251	99.58
GAGCTCTGCTGGCGGATTTT	251	99.59
GAGCTCGACGGCATTGTGCC	249	99.60
GAGCTCATACGTGTATCGTG	249	99.60
GAGCTCGAGCTACGTAAAAA	248	99.61
GAGCTCACACGACATTACAT	247	99.62
GAGCTCAGCTAGTGATTCAA	244	99.63
GAGCTCATCGCCAGTTGCGG	243	99.63
GAGCTCGACAGAAATACACA	241	99.64
GAGCTCTACACATGACACAT	238	99.65
GAGCTCATTTCACACATCAA	238	99.65
GAGCTCACACATATCTGTCA	236	99.66
GAGCTCAAAATAACAGAATA	233	99.67
GAGCTCATCTCCCAATACGG	232	99.68
GAGCTCATAACACAATTTAT	232	99.68
GAGCTCTTTGGCGTTTTGTG	231	99.69
GAGCTCTCATTCCCACATTC	231	99.70
GAGCTCAGAACATAAATGCA	231	99.70
GAGCTCTTAAGCTAGGTGGC	230	99.71
GAGCTCTACCAACGAACACA	230	99.72
GAGCTCATGGTCCACGTTCA	229	99.72
GAGCTCATACCGAACAATAA	228	99.73
GAGCTCAAAACAAAAGTTAG	228	99.74
GAGCTCGCCATGGTTTTTAT	227	99.74
GAGCTCCATTTGCCTCTTAG	227	99.75
GAGCTCACCGTAGAACTCTA	226	99.76
GAGCTCTAAGTATCAAACCA	223	99.76
GAGCTCGCTGTCGGGAAGAT	222	99.77
GAGCTCGAATGTGAAATTAC	221	99.78
GAGCTCCCACGGATGGAGAA	221	99.78
GAGCTCATTTATGCGCAGGA	219	99.79
GAGCTCATACATATACCACC	219	99.80
GAGCTCATGAAACATGTGCA	218	99.80
GAGCTCGACCGATGTATTCG	216	99.81
GAGCTCAACTCCACAGTTGG	216	99.82
GAGCTCATTTACATAGCATA	214	99.82
GAGCTCAGCACACGACACAC	214	99.83
GAGCTCCTTAGGGGTTCTAG	213	99.84
GAGCTCGCGAATGTTGTGCG	209	99.84
GAGCTCAAATTGATACTACT	209	99.85
GAGCTCCGTACGACCAACAA	208	99.85
GAGCTCATGGATTGGGCTGA	207	99.86
GAGCTCAACCGGATCGTGTA	207	99.87
GAGCTCAACCGTTAACAGGG	206	99.87
GAGCTCTCTACGTAAGTCAC	205	99.88
GAGCTCTAAAGACGTTCTAC	205	99.89
GAGCTCCTGTTACTGTGTCC	205	99.89
GAGCTCAGAGGTTAATAGTA	205	99.90
GAGCTCAATGTAGCTGTGAG	205	99.90
GAGCTCGGAATATAAGTTCG	204	99.91
GAGCTCAATCAATACCACTA	204	99.92
GAGCTCTGATCTGTTCCATT	203	99.92
GAGCTCAATCGCCTAGCATA	203	99.93
GAGCTCTAGTATGTGCGTCA	202	99.93
GAGCTCTACGGATGTGGATA	202	99.94
GAGCTCGAACAATTGACACA	202	99.95
GAGCTCAAATTGGGCGTGTA	202	99.95
GAGCTCGTTGATGCGACTGA	201	99.96
GAGCTCACCGGACAGTGACA	201	99.96
GAGCTCTTGATCATGTATTG	200	99.97
GAGCTCTGGGTAGGGGGACA	200	99.98
GAGCTCTACCGTGAGTGTGA	200	99.98
GAGCTCTAAATATCACGGAA	200	99.99
GAGCTCGCGATCTGAAAAAG	200	99.99
GAGCTCATCACACAACAGTA	200	100.00