BL-8036_50_S50_L001_R1_001-Barcode	BL-8036_50_S50_L001_R1_001-Count	BL-8036_50_S50_L001_R1_001-SaturationPerc
"GAGCTCGACTGGGTTGGCGA"	78341	1.22
"GAGCTCACACGCTGCAGTAT"	61562	2.19
"GAGCTCGCCAATTAAGTAGC"	54490	3.04
"GAGCTCGCCCGTTCTATCAG"	48346	3.79
"GAGCTCGAATACATTGACTC"	46228	4.52
"GAGCTCAGGGCGATGTCGAG"	45650	5.23
"GAGCTCTGGATCAGTCACAC"	41297	5.88
"GAGCTCTGGGTCGCAGGTGT"	40738	6.51
"GAGCTCTGTACATGTGCACA"	40312	7.14
"GAGCTCGTTGTGTCCCCTAG"	34786	7.69
"GAGCTCCGCGATCTACGGTG"	33636	8.21
"GAGCTCACGCAGCGGGTGTG"	31318	8.70
"GAGCTCGGCGACGGGTTATG"	30823	9.18
"GAGCTCAGGCTGCGGTCGTC"	29805	9.65
"GAGCTCAGCGTGATAGTGCG"	28883	10.10
"GAGCTCAATTCGCGGCGTGC"	27900	10.54
"GAGCTCGGTGGGTTCCATAT"	27705	10.97
"GAGCTCGGGCTGGCAGAACG"	27648	11.40
"GAGCTCGATATGCAGCCAGT"	25799	11.81
"GAGCTCGGGTTACCGTACGA"	24937	12.20
"GAGCTCGCCCACTTCGCTTG"	24858	12.58
"GAGCTCGAGTGGAGCTTTTT"	24620	12.97
"GAGCTCGCACACTAGTAAGA"	24419	13.35
"GAGCTCACCGTGTCTTAGTC"	24339	13.73
"GAGCTCATGTCATAACACTA"	24047	14.11
"GAGCTCGAGTCTGCTGCGTG"	23972	14.48
"GAGCTCGTCTGCAGGGCGAG"	23881	14.85
"GAGCTCGAGTGCCGGGAGTG"	23417	15.22
"GAGCTCGGGGCATCTAGGTA"	23186	15.58
"GAGCTCTGTCCGTCTCCCCA"	22960	15.94
"GAGCTCGTTATCACGGGATC"	22895	16.30
"GAGCTCAGCAGAGGATCAGG"	22681	16.65
"GAGCTCAGCTCGTCTGTGCC"	22381	17.00
"GAGCTCAAGCTGCAGGGCGG"	22189	17.35
"GAGCTCAGTTCAAGGAATGC"	22121	17.70
"GAGCTCTAGTCACGGCAGGG"	21817	18.04
"GAGCTCAGCCAGGGAGGAAC"	21464	18.37
"GAGCTCGCGTGTTCATTGTA"	21416	18.71
"GAGCTCACTACGCAGCCAGT"	20613	19.03
"GAGCTCTGCGTACTGTCCTG"	20578	19.35
"GAGCTCGGGCTGGTGAGGTG"	20278	19.67
"GAGCTCAGAGTAACATAGCG"	20141	19.98
"GAGCTCTGAGGTGAAGGCGC"	19657	20.29
"GAGCTCGGCCGGCGGTCAGT"	19232	20.59
"GAGCTCGATCGTTGGACGGG"	18869	20.89
"GAGCTCGGGGAGCAGCGCGG"	18736	21.18
"GAGCTCGATCGGAGGCAGCA"	18061	21.46
"GAGCTCACCGTAAAGTGACA"	17924	21.74
"GAGCTCGCGACAGCCACGGG"	17376	22.01
"GAGCTCGGGCTGAAGTGGGA"	17306	22.28
"GAGCTCGCGCGTACAGTTAG"	17297	22.55
"GAGCTCAGCAACAGGTGTTT"	17223	22.82
"GAGCTCGGCAGGTGTTCCAT"	17002	23.09
"GAGCTCCCGGCACGTAATAT"	16974	23.35
"GAGCTCACCGACGTAGTACG"	16526	23.61
"GAGCTCGGGCTGGAAGAGGA"	16301	23.87
"GAGCTCCGTGGAGTGACCAG"	16281	24.12
"GAGCTCGTGTATCAGTTGGG"	16254	24.38
"GAGCTCGAGGATGTTGAGTG"	16054	24.63
"GAGCTCGTCGGATTTCTGTG"	15766	24.87
"GAGCTCGGACCATGTAATTG"	15731	25.12
"GAGCTCTGGAACGTTAAGTG"	15678	25.36
"GAGCTCAGAACAGCGGTCCG"	15674	25.61
"GAGCTCAGCGGGAACCCCAA"	15532	25.85
"GAGCTCGGCCAATTGTTTTA"	15369	26.09
"GAGCTCTTACTGTTGGCACA"	15172	26.33
"GAGCTCGGGAGGGAGTATTA"	15004	26.56
"GAGCTCGCAACTGATTTCTA"	14891	26.80
"GAGCTCGTGCAACCTATATG"	14821	27.03
"GAGCTCGAGGGGGATGGGGG"	14321	27.25
"GAGCTCGTGGTAGCGCTAAG"	14238	27.48
"GAGCTCCGTGGGACGCTAAG"	13941	27.69
"GAGCTCGCCGGGACTCGCGT"	13915	27.91
"GAGCTCGTTGATAGCTATTG"	13644	28.12
"GAGCTCGTTTGTGTAGTGAC"	13563	28.34
"GAGCTCAACCCGACTAGGTA"	13544	28.55
"GAGCTCGTGGCTAAGCGTTC"	13535	28.76
"GAGCTCGCCGCCGAGTATGA"	13466	28.97
"GAGCTCATGGTCGGGGGCGG"	13436	29.18
"GAGCTCTGACTATGTGTACG"	13320	29.39
"GAGCTCGATTGGTATGTCTG"	13290	29.60
"GAGCTCGTGCTCTGTCTTGG"	13194	29.80
"GAGCTCGGGTCAGGTCCAGG"	13125	30.01
"GAGCTCGGGAAAGACGTTAG"	13109	30.21
"GAGCTCGGGGAAGGCTACAA"	13098	30.42
"GAGCTCTTTTGCGCGGACGA"	13083	30.62
"GAGCTCGCATAGTGTTTCTT"	13052	30.83
"GAGCTCACGCTGATTACGGA"	12819	31.03
"GAGCTCGATTCCGGGGAGAT"	12790	31.23
"GAGCTCGTACCTGGATCGTA"	12726	31.42
"GAGCTCATGAAGAATGACGG"	12661	31.62
"GAGCTCTATGTCGTACATAG"	12623	31.82
"GAGCTCGGGCATAGAAGCCA"	12400	32.01
"GAGCTCAAGTAGTAAGGTGG"	12399	32.21
"GAGCTCGATGGGTGCCGATG"	12369	32.40
"GAGCTCACAGTATGAGCTTG"	12111	32.59
"GAGCTCACTGGGATACTGAC"	12024	32.78
"GAGCTCGATGGCCGCCACAG"	12007	32.97
"GAGCTCCGTCTTGTGGGCTT"	12006	33.15
"GAGCTCATGCTGAGCAGGGT"	11916	33.34
"GAGCTCAGTTACCTCTATCA"	11792	33.52
"GAGCTCAAAGGGGTCACCGA"	11691	33.71
"GAGCTCAATGTAGACTACCG"	11675	33.89
"GAGCTCGGCATGGATGTTTT"	11628	34.07
"GAGCTCCGTGGGATTGTTTT"	11485	34.25
"GAGCTCCAAACATCGGGGTG"	11476	34.43
"GAGCTCGGTATAGTTGTGCG"	11186	34.60
"GAGCTCACTATTTCGGGTCC"	11138	34.78
"GAGCTCGATGGGGTAATGGT"	11055	34.95
"GAGCTCGGGGACTGGTTCAG"	11010	35.12
"GAGCTCGCTAAGGCTGAGGC"	10761	35.29
"GAGCTCTGTCCATACGTTGG"	10735	35.46
"GAGCTCAGTGTCTCTTGCCG"	10716	35.63
"GAGCTCGACACGGCTGTATT"	10620	35.79
"GAGCTCGGGTGTGGGTGTTA"	10585	35.96
"GAGCTCCGTTCGTGAATGAT"	10567	36.12
"GAGCTCGCTCAAGGCATGTG"	10556	36.29
"GAGCTCTGGCGGCTTGCGTA"	10543	36.45
"GAGCTCACCAGCTCTGCGTT"	10357	36.62
"GAGCTCGACGCGGGTGGATC"	10341	36.78
"GAGCTCCGTCAGCATTTGTA"	10075	36.93
"GAGCTCGCGAGCGCTTCTTG"	10004	37.09
"GAGCTCCGAACAGCGGCTAC"	9976	37.25
"GAGCTCTGTGCTATGTTACC"	9973	37.40
"GAGCTCAGTGGTCGTACTCT"	9971	37.56
"GAGCTCGAAACGTTTCACTA"	9934	37.71
"GAGCTCGGACCGAGGTAAGT"	9849	37.87
"GAGCTCGACTATATCCGTTG"	9839	38.02
"GAGCTCGCACGTTCAGTTAA"	9837	38.18
"GAGCTCTTGGGCGGTTTGTT"	9774	38.33
"GAGCTCGATATGCAGATACT"	9600	38.48
"GAGCTCGGACGGCGGCGGTC"	9561	38.63
"GAGCTCGTTACGCTTGTACG"	9533	38.78
"GAGCTCGTGCTGAAGCTCTC"	9533	38.93
"GAGCTCGGGCCAGCGACATG"	9521	39.07
"GAGCTCGGATTTGCCTGGCG"	9504	39.22
"GAGCTCGCTGCTTTACTTAA"	9470	39.37
"GAGCTCCCGGATCCACTAGG"	9439	39.52
"GAGCTCGTATCCTCACGCGC"	9432	39.67
"GAGCTCGTGGCCATGATGCC"	9429	39.81
"GAGCTCGCAGAAGTCACTAG"	9370	39.96
"GAGCTCCGGTAATGACCTAA"	9308	40.11
"GAGCTCTCAGCCTTCTCTTG"	9289	40.25
"GAGCTCGACCGACATCTCCG"	9190	40.39
"GAGCTCATGTACGTCCCTGG"	9187	40.54
"GAGCTCTGGTACTGCTGTTA"	9175	40.68
"GAGCTCATCTCAGTACCACC"	9172	40.82
"GAGCTCGGGAGGGAAGACGC"	9165	40.97
"GAGCTCGCTCGGGCGTATGC"	9053	41.11
"GAGCTCTGGTACAGCGATGT"	8945	41.25
"GAGCTCTTCCGCCGTGGAGA"	8911	41.39
"GAGCTCGTGCTATGGCGTAA"	8883	41.53
"GAGCTCGCCGGGTTGGGGTG"	8874	41.67
"GAGCTCGCACCCTGCATGGT"	8837	41.80
"GAGCTCAATACATGCTGCTT"	8805	41.94
"GAGCTCGGTTTGCCTATTGC"	8780	42.08
"GAGCTCAACACGGGTCCGAA"	8765	42.22
"GAGCTCAGTTTGTTACCGCT"	8738	42.35
"GAGCTCGATTGGGCTAGGTA"	8710	42.49
"GAGCTCGGAGTTCGGAGGGG"	8707	42.62
"GAGCTCATGAGAAAGGCTGG"	8692	42.76
"GAGCTCACATTAGGTGGGTA"	8670	42.90
"GAGCTCCCTGCTTGTGTATC"	8649	43.03
"GAGCTCGGACGGAAGAGTAT"	8611	43.17
"GAGCTCATCGGGTTGCCATC"	8610	43.30
"GAGCTCAGTGTTCACATCAT"	8314	43.43
"GAGCTCGGTCAGCAATACTC"	8301	43.56
"GAGCTCAGTGGTCTTGGGAG"	8253	43.69
"GAGCTCAAGCGAGGGATTGG"	8215	43.82
"GAGCTCGAGACCGTTCGCTT"	8206	43.95
"GAGCTCACACATTAGTGCAA"	8186	44.07
"GAGCTCGAATCGATGCCGCC"	8089	44.20
"GAGCTCGGTGGTGTGGCGAG"	8088	44.33
"GAGCTCGCGCATAAATGTAT"	7988	44.45
"GAGCTCCCATTATGGCTCGT"	7983	44.58
"GAGCTCCACGTTTTGTAGTT"	7871	44.70
"GAGCTCGGACTCCGCGACAT"	7859	44.82
"GAGCTCTGTGACAGAAAGAA"	7834	44.94
"GAGCTCGCGCCCGCTGGGTG"	7789	45.07
"GAGCTCTGTGGCGGACACTC"	7783	45.19
"GAGCTCTGGCGGCTAATAAT"	7774	45.31
"GAGCTCAATGTTCGTAATAG"	7734	45.43
"GAGCTCGTGAGTTGGCGGAA"	7719	45.55
"GAGCTCAGCGCTGGTGTGTG"	7655	45.67
"GAGCTCCGGTGGACTTAAAA"	7620	45.79
"GAGCTCAGGGCGCGATGGAA"	7595	45.91
"GAGCTCGTGCTGCGTACCTT"	7542	46.03
"GAGCTCTGACCGTGATAGTT"	7473	46.14
"GAGCTCGTATAGGCTCGAAG"	7434	46.26
"GAGCTCAGGGCCAGGGGGAT"	7419	46.38
"GAGCTCGATAGTAAGCTTCG"	7414	46.49
"GAGCTCACAATGCGGGGGGG"	7400	46.61
"GAGCTCGTTCCGCTTGTGAT"	7390	46.72
"GAGCTCCGCGTACGCGGCAG"	7387	46.84
"GAGCTCATAGTATCCTGTGG"	7383	46.95
"GAGCTCGATAAGGCCCGATA"	7382	47.07
"GAGCTCGTGCCGATCATTCG"	7334	47.18
"GAGCTCATCTTGGATACTTG"	7333	47.30
"GAGCTCTGCATTAGGGGGCC"	7317	47.41
"GAGCTCTCCGTGCGAGTTGC"	7316	47.53
"GAGCTCGAGCGAATTTTTGA"	7272	47.64
"GAGCTCATAGCTTGTGGTGC"	7265	47.75
"GAGCTCTGGGGGGTCTGTGT"	7262	47.87
"GAGCTCAGCCCGACTTATAT"	7227	47.98
"GAGCTCGACCACTAAACAAT"	7150	48.09
"GAGCTCGGACTGTGCTCGCT"	7128	48.20
"GAGCTCGCCACCTCCGTGTC"	7086	48.31
"GAGCTCGCGCTTTCGTGATT"	7070	48.43
"GAGCTCTGTGCGTCGTTTTC"	7043	48.54
"GAGCTCGGCTCGTGTTATTT"	7041	48.65
"GAGCTCGTGCCTCTGCTCGG"	7034	48.76
"GAGCTCGGGTGGGTTTACGT"	7033	48.87
"GAGCTCACTAAGTCTGGCTT"	7032	48.98
"GAGCTCAGTGGTGACGTTTC"	7018	49.08
"GAGCTCATGACAATGAAGCG"	7006	49.19
"GAGCTCCAATTGGGTCCCCA"	7001	49.30
"GAGCTCGGTTAATCAAGGGG"	6984	49.41
"GAGCTCGGCGGGACTTTGCT"	6975	49.52
"GAGCTCGGTTATAGGTTCGT"	6942	49.63
"GAGCTCCTAGTAGGACCCCT"	6877	49.74
"GAGCTCTAGAGCGAGAAACC"	6862	49.85
"GAGCTCTCATGGGCGATGGA"	6860	49.95
"GAGCTCCCTACCCAGCATGT"	6830	50.06
"GAGCTCGGACGACCAATCAG"	6788	50.17
"GAGCTCGCTAGAGACGTTTG"	6772	50.27
"GAGCTCGTAAAGCGTGCTGG"	6722	50.38
"GAGCTCGGCGGTTAGGGTAC"	6695	50.48
"GAGCTCTAGGGTCATCGATA"	6632	50.58
"GAGCTCGAAGGCTATGAAAA"	6615	50.69
"GAGCTCGCTCTGCTTGTATC"	6603	50.79
"GAGCTCACATACATACACGT"	6557	50.89
"GAGCTCTGACTTAGAAATGT"	6537	51.00
"GAGCTCGTGACGTCAATATT"	6537	51.10
"GAGCTCCCGATAGGGCATAA"	6503	51.20
"GAGCTCATTGTAAAAGTGAC"	6486	51.30
"GAGCTCCAATGTGATCCAAC"	6482	51.40
"GAGCTCAGGCTACCGGCCCA"	6475	51.50
"GAGCTCGTGGGCAGATACGC"	6425	51.60
"GAGCTCATTATTGGTGGAAG"	6423	51.70
"GAGCTCTACGCCTCGAAAGA"	6409	51.80
"GAGCTCGGTTGTTGCGCCAA"	6394	51.90
"GAGCTCGCATTCGTACTTAC"	6385	52.00
"GAGCTCGCAGGGACGAATGC"	6369	52.10
"GAGCTCCTGGGACGATCAGA"	6357	52.20
"GAGCTCTACGGTGTGGTTTA"	6349	52.30
"GAGCTCGCGTCCTCTGGTGC"	6255	52.40
"GAGCTCGTATTTGTCAGCAT"	6216	52.50
"GAGCTCGGGTTTATAAAAGG"	6170	52.59
"GAGCTCACGAGTCACGCACC"	6157	52.69
"GAGCTCGCAGTTCGGTCCTT"	6116	52.79
"GAGCTCTGCCCAAGTAGGTG"	6099	52.88
"GAGCTCTCGGCTTCCTTCAG"	6057	52.98
"GAGCTCATCGGTCTAGATTT"	6010	53.07
"GAGCTCGCTGGGCACCAGCA"	5998	53.16
"GAGCTCTGGCTGATGCGATA"	5987	53.26
"GAGCTCAAGAGTACGCGGTA"	5923	53.35
"GAGCTCGTCGGCTGTTTGTG"	5891	53.44
"GAGCTCACTACCACCTAATC"	5842	53.53
"GAGCTCCGTCCGCGCATCCC"	5840	53.62
"GAGCTCGATCGAGTCCCCTA"	5792	53.71
"GAGCTCTGTTAGCGGCGTCG"	5770	53.80
"GAGCTCACCTCACTAGGGGG"	5750	53.89
"GAGCTCATAAGTGGTTGATT"	5732	53.98
"GAGCTCACTGTAAATAGGAT"	5699	54.07
"GAGCTCCTGAGTTTCACGTG"	5690	54.16
"GAGCTCTGTGTGTGAATTAT"	5677	54.25
"GAGCTCTTGTGTGTTGGACC"	5647	54.34
"GAGCTCCGATGGCAATCGCG"	5623	54.43
"GAGCTCGTGAGAGTATACTT"	5618	54.52
"GAGCTCATGATCGACGGGAC"	5608	54.60
"GAGCTCGGAGTTGACCTAGG"	5588	54.69
"GAGCTCGAGTTTGTGAAACA"	5578	54.78
"GAGCTCAGGAGAGGCGTTAT"	5578	54.86
"GAGCTCCAACTCGGTTGTAA"	5577	54.95
"GAGCTCACGCGCCGGAATGC"	5513	55.04
"GAGCTCCGCTTAGCCATTGG"	5499	55.12
"GAGCTCATTAGAGCACTAAG"	5494	55.21
"GAGCTCAGCCATATGTGACG"	5484	55.30
"GAGCTCGTATCCGGGTGGTG"	5472	55.38
"GAGCTCGTCGTGTGCAGCAG"	5452	55.47
"GAGCTCCATGGGTCTTTACC"	5440	55.55
"GAGCTCAGATTTGCGCATGG"	5416	55.64
"GAGCTCGTCCCCGGTGCATT"	5405	55.72
"GAGCTCGTGCGGGATCGCGA"	5380	55.80
"GAGCTCATAACACAAGGTAG"	5376	55.89
"GAGCTCTCTGCGATCCGGTG"	5355	55.97
"GAGCTCACCGAGTGCTAAAA"	5355	56.06
"GAGCTCTACCTGATATTTGA"	5344	56.14
"GAGCTCGGTAGGCCTTGTCA"	5343	56.22
"GAGCTCAGTAACAAAGTATT"	5325	56.31
"GAGCTCACCTGACTGTAAGA"	5321	56.39
"GAGCTCCCGGTCACTATCTA"	5314	56.47
"GAGCTCATCATGAGGTGACA"	5286	56.56
"GAGCTCGAACCATTAAGGAG"	5265	56.64
"GAGCTCGAAGAGTGCCAAGA"	5264	56.72
"GAGCTCGTCACGGTCAGAGA"	5262	56.80
"GAGCTCGACAACCCCTGCGC"	5253	56.88
"GAGCTCGGTTGCAGGTGTTA"	5245	56.97
"GAGCTCGAATTTTCGCGTTG"	5245	57.05
"GAGCTCAGCCGTGTACAATC"	5243	57.13
"GAGCTCATTATTGGCAAACT"	5227	57.21
"GAGCTCGTGGCGCGAGGACA"	5187	57.29
"GAGCTCGGTTTGTACAGCAT"	5183	57.37
"GAGCTCATAATGGCAGTGTT"	5170	57.45
"GAGCTCATGGTCTTTGGGAC"	5166	57.54
"GAGCTCAGCCCGGTTACTAA"	5159	57.62
"GAGCTCAATTTCGATATGGG"	5159	57.70
"GAGCTCATTGCCTTTCCCAT"	5153	57.78
"GAGCTCTCCCAAGTAGTATG"	5148	57.86
"GAGCTCGTCGAGGCAGGTAA"	5137	57.94
"GAGCTCAGTGGGGATTGATA"	5127	58.02
"GAGCTCTTCACTCGGTCGGG"	5111	58.10
"GAGCTCATATTAGCGGGGCT"	5087	58.18
"GAGCTCTGCGATACGTCGAA"	5067	58.26
"GAGCTCATTCAATTAGTTCC"	5044	58.34
"GAGCTCGGAGCGATCGTAGA"	5037	58.41
"GAGCTCGCCAACATTGAGAC"	5027	58.49
"GAGCTCGACCTAACGGGATG"	4987	58.57
"GAGCTCACGTGATGCCTGTT"	4977	58.65
"GAGCTCATAGGACTATGACT"	4972	58.73
"GAGCTCCCCCTAAGATTGTC"	4962	58.80
"GAGCTCTGGATTGAGGCGGT"	4959	58.88
"GAGCTCGGTTAACCATTGGA"	4954	58.96
"GAGCTCTCTTTGTCGGCACG"	4943	59.04
"GAGCTCCCCCTAGGACATGC"	4927	59.11
"GAGCTCGCGTGAAGAAGTGT"	4926	59.19
"GAGCTCTGAGTTGCAAGTTA"	4918	59.27
"GAGCTCAGCAACTATTACGC"	4903	59.34
"GAGCTCTGACTATGAGCCCT"	4897	59.42
"GAGCTCGTCGCTGGTTCGTA"	4883	59.50
"GAGCTCGGATCCAATCTCGC"	4872	59.57
"GAGCTCGTTACGCATCTGTC"	4854	59.65
"GAGCTCCTGAGGTGCCAGCG"	4852	59.72
"GAGCTCCATGTCACACGGCT"	4851	59.80
"GAGCTCTCCTCTGGACGGGT"	4846	59.88
"GAGCTCTGTTGCTAGGGCTT"	4828	59.95
"GAGCTCACGGTTGTAATCAG"	4828	60.03
"GAGCTCATGGAGTCGAAAGG"	4824	60.10
"GAGCTCCCCGCGGAGTGCTT"	4806	60.18
"GAGCTCGTGATGCGGTAAGT"	4803	60.25
"GAGCTCTCGTACTGGTTGGG"	4801	60.33
"GAGCTCCCGTGTGCTAGGTA"	4785	60.40
"GAGCTCGTGTTTGGGATTTG"	4757	60.48
"GAGCTCACTCGTTGGTATAC"	4727	60.55
"GAGCTCGGACAAGGCCTATT"	4691	60.62
"GAGCTCTCACGCATGTCCTG"	4676	60.70
"GAGCTCGAAATTTTCGGATG"	4672	60.77
"GAGCTCTACACTGCTCACCG"	4642	60.84
"GAGCTCATATCCAATTGTGG"	4628	60.91
"GAGCTCAGAGTCCCAAGGGG"	4597	60.99
"GAGCTCAGCAGTGGTAAGCA"	4595	61.06
"GAGCTCGGCAATTTTTGACA"	4589	61.13
"GAGCTCATTAATCAGGTTTC"	4543	61.20
"GAGCTCCGCTTTAGACAACC"	4540	61.27
"GAGCTCGTGTATGGTCCCGG"	4530	61.34
"GAGCTCGCAGGCGGTCGGTG"	4500	61.41
"GAGCTCTGTGGGTGACGGGT"	4482	61.48
"GAGCTCTGCGATTGAGATGA"	4476	61.55
"GAGCTCCTACGCGTATGTTT"	4464	61.62
"GAGCTCCCCGTAGGGATTTC"	4464	61.69
"GAGCTCGGATATCGCTTTCC"	4448	61.76
"GAGCTCTTGTACACCGTCCA"	4447	61.83
"GAGCTCGGGAGATGGAGTAC"	4414	61.90
"GAGCTCTTGCCAACATTCGG"	4413	61.97
"GAGCTCGTGTTGAAAACACC"	4406	62.04
"GAGCTCGACCGGCACAAGCG"	4392	62.11
"GAGCTCTCGCGTGGGCAATC"	4386	62.18
"GAGCTCATCGAGAGTTGTTG"	4378	62.24
"GAGCTCTGTAGCTAGCTAAA"	4358	62.31
"GAGCTCTGCGAGAAAAGTGC"	4350	62.38
"GAGCTCGTCCGGCGGGAAGT"	4320	62.45
"GAGCTCGTTGTTAACCTCTC"	4286	62.52
"GAGCTCGGTAATTGAGAAGC"	4269	62.58
"GAGCTCGAGTCCAACATGTC"	4265	62.65
"GAGCTCGTGCAAGACCGCCA"	4252	62.71
"GAGCTCCACAGGGCTCAAAG"	4246	62.78
"GAGCTCGGTCCGTCTAACTC"	4245	62.85
"GAGCTCGTGGTAATGGGACC"	4243	62.91
"GAGCTCTAATGTGTCATACT"	4228	62.98
"GAGCTCCGCAGTAGGGCAGT"	4211	63.05
"GAGCTCGTCGTTGATACGTG"	4205	63.11
"GAGCTCGGGTTGCGTCTTCA"	4179	63.18
"GAGCTCTTTGGCGGGACCTA"	4168	63.24
"GAGCTCGGTGTCCGCTCCTC"	4166	63.31
"GAGCTCTGGTGCTGGCAGGG"	4158	63.37
"GAGCTCGATAGGTCTGCGCT"	4139	63.44
"GAGCTCGGGAAGGCCCTAAT"	4131	63.50
"GAGCTCCGTTCTGTTGCTGA"	4127	63.57
"GAGCTCGGTGACATGTTGTG"	4126	63.63
"GAGCTCGCCCGGAAACCATT"	4126	63.69
"GAGCTCTAGTACGAAATGCC"	4122	63.76
"GAGCTCAATGACATTCGCAG"	4120	63.82
"GAGCTCGGTAATTGTCGACT"	4118	63.89
"GAGCTCTGTACGGTAGTCTG"	4106	63.95
"GAGCTCTACAGGAGTCTTCC"	4099	64.02
"GAGCTCGGCAACATCGTATT"	4093	64.08
"GAGCTCTTCTCGGTCGGACC"	4076	64.14
"GAGCTCATGCCCGTATTTTT"	4048	64.21
"GAGCTCTGTGGGCTATTGCA"	4046	64.27
"GAGCTCCGAAATCGACGCAG"	4026	64.33
"GAGCTCTAAGCCGGACGGGT"	4008	64.40
"GAGCTCGTAATAGGATTATC"	4007	64.46
"GAGCTCGTAACCATCGGCAA"	4003	64.52
"GAGCTCTTGCTAGTGACATT"	3993	64.58
"GAGCTCGGTGGTCATTGATC"	3985	64.65
"GAGCTCGGAGCCTCACAATG"	3980	64.71
"GAGCTCCGTAACAACTATGC"	3974	64.77
"GAGCTCAGTGGCTGACGTGA"	3973	64.83
"GAGCTCGTCTCGGCGTGATC"	3953	64.89
"GAGCTCGTACATTTCAAGAT"	3941	64.96
"GAGCTCACGGGGAAGGCTTA"	3930	65.02
"GAGCTCTGGACGTGTTTGTG"	3916	65.08
"GAGCTCGGGCGGTTGGCACT"	3909	65.14
"GAGCTCGTCGGCTGACGGTC"	3895	65.20
"GAGCTCAGTTGTGGCTAGTT"	3862	65.26
"GAGCTCAAATGAACGGGGCG"	3862	65.32
"GAGCTCATCGTAATGTTGGA"	3861	65.38
"GAGCTCGCCTAATTTTGAAT"	3853	65.44
"GAGCTCAGCGGGAAAGGTAA"	3849	65.50
"GAGCTCACGGAATCGTCCTT"	3849	65.56
"GAGCTCAGTTGTAAACTGCA"	3840	65.62
"GAGCTCTGGAGGCCCGGAAC"	3839	65.68
"GAGCTCGATAATGTGAGCAG"	3828	65.74
"GAGCTCAATCTCCACGCGGT"	3814	65.80
"GAGCTCGTTGTTACCCGTCT"	3794	65.86
"GAGCTCGTTTCCGACACAAA"	3769	65.92
"GAGCTCGATTGGACTGTATT"	3767	65.98
"GAGCTCATTGATAGCGTGGG"	3739	66.04
"GAGCTCGGTCTCTATCGCTT"	3718	66.10
"GAGCTCGGAAGGGGCTACCC"	3708	66.15
"GAGCTCTCAGCTCATCCGCT"	3705	66.21
"GAGCTCAGGGGATGGATTCC"	3690	66.27
"GAGCTCCAACTTGCGTCTAG"	3671	66.33
"GAGCTCTCTGTGTGGTACTC"	3670	66.38
"GAGCTCTCAAATGTGGGTGT"	3664	66.44
"GAGCTCGCAGGTTTAAGCGT"	3656	66.50
"GAGCTCGCGGTTTAGGGGCT"	3648	66.56
"GAGCTCCTTTAGCTGGGCTT"	3640	66.61
"GAGCTCGTTGAGGAGTGCTG"	3638	66.67
"GAGCTCGATAAGACACGGCG"	3637	66.73
"GAGCTCGGTTTTAGTAGGCA"	3634	66.78
"GAGCTCTACAATCAACAGTC"	3629	66.84
"GAGCTCCCCAAGTCTGTGGG"	3629	66.90
"GAGCTCCCACGCGGCACGTA"	3629	66.95
"GAGCTCGATCTGGACTCAAA"	3624	67.01
"GAGCTCGCACTGGCTATACT"	3621	67.07
"GAGCTCGTTTGCTCACACAT"	3619	67.12
"GAGCTCGCATAAGGCAGTGT"	3616	67.18
"GAGCTCACATTGTTACGTGG"	3615	67.24
"GAGCTCTGTTAAGGAGGGGG"	3614	67.29
"GAGCTCTGTTTGCGGCCACA"	3613	67.35
"GAGCTCAATGATACGTTGTC"	3613	67.40
"GAGCTCCGCTGATCGTGTCA"	3602	67.46
"GAGCTCCGATGTCTTGAATT"	3601	67.52
"GAGCTCCAGGCTCGTCGAGG"	3599	67.57
"GAGCTCCTCGAATGAGACAG"	3590	67.63
"GAGCTCGGTAAGTGTGCAGT"	3583	67.69
"GAGCTCAACTAGCATTATTT"	3574	67.74
"GAGCTCCAGCTATAGTGTCA"	3568	67.80
"GAGCTCACAATGAGGATGTA"	3562	67.85
"GAGCTCTATGATCTGTGCTT"	3551	67.91
"GAGCTCGCATGTACTTGCAG"	3549	67.96
"GAGCTCACAGCCCGTGCTTA"	3549	68.02
"GAGCTCGGGCTTTGTACGTG"	3547	68.08
"GAGCTCCGGTTAGTCAGGAT"	3528	68.13
"GAGCTCGTTACTGGCTCGTC"	3521	68.19
"GAGCTCCCATGGAGAAGCGC"	3520	68.24
"GAGCTCGTCCCAGTGGTCGC"	3506	68.30
"GAGCTCCAGGGACAGTCACT"	3489	68.35
"GAGCTCGATCGATGTTGTAA"	3487	68.40
"GAGCTCCGTGTGAAGGGGAG"	3472	68.46
"GAGCTCTACCACTTCTAGGC"	3443	68.51
"GAGCTCATGCCCCTAGATGA"	3439	68.57
"GAGCTCGCTACTTGGTCGAT"	3425	68.62
"GAGCTCCAAGGCGGTACCGT"	3424	68.67
"GAGCTCAGTCTGAAGACGGT"	3421	68.73
"GAGCTCGATAACCTAGGCGT"	3416	68.78
"GAGCTCGGTGATTTTGCTGG"	3415	68.83
"GAGCTCTGCTCTAGCTAGAG"	3410	68.89
"GAGCTCGGCATGGGGGGCCT"	3406	68.94
"GAGCTCAACAAAAGGGCCGC"	3398	68.99
"GAGCTCTCGGAGGCACCAGC"	3394	69.05
"GAGCTCTACGCATCGCGCCA"	3389	69.10
"GAGCTCGTTCACAGCGGTGA"	3386	69.15
"GAGCTCGGAAGCGGACGTAT"	3386	69.20
"GAGCTCGTATCCGGTAGGTT"	3385	69.26
"GAGCTCTTATGGCGGATGCG"	3384	69.31
"GAGCTCGTACACGGAATCAA"	3381	69.36
"GAGCTCGGCGAGACGGGTCC"	3361	69.42
"GAGCTCGATAAGACATTGAG"	3360	69.47
"GAGCTCCCTGATTTGATTAA"	3356	69.52
"GAGCTCCGTTCTAAAGGCGG"	3325	69.57
"GAGCTCTCTGTCCCAGCACA"	3322	69.62
"GAGCTCAGAGGTGGTAGGTG"	3322	69.68
"GAGCTCCGTTTCGGGCAAGG"	3321	69.73
"GAGCTCTACACATCGAGGAT"	3305	69.78
"GAGCTCGGTTGCATCTGCCG"	3283	69.83
"GAGCTCATGAGTATTCGGTC"	3283	69.88
"GAGCTCTTTGGTTGAATACA"	3268	69.93
"GAGCTCCTCGTGGTACGCGG"	3261	69.99
"GAGCTCCTGCAGGATGCACC"	3257	70.04
"GAGCTCCGAGAGGAATTGGG"	3235	70.09
"GAGCTCACAATAGTGGCTCT"	3230	70.14
"GAGCTCGCGTTGATGCTCAG"	3225	70.19
"GAGCTCGTACCTGTTCGTCT"	3219	70.24
"GAGCTCATCGTATTACATCG"	3217	70.29
"GAGCTCGATGTGACAGTGAT"	3214	70.34
"GAGCTCGTGCCATGGCTTGT"	3206	70.39
"GAGCTCGAACGGACCGAAAC"	3185	70.44
"GAGCTCGACTGCGATGGTTT"	3174	70.49
"GAGCTCTATCTTCTCGGCGC"	3173	70.54
"GAGCTCAGCAAAGGGTCCGA"	3165	70.59
"GAGCTCGCTCATAGTTCGAG"	3161	70.64
"GAGCTCAGGTTGTCTGGAAG"	3157	70.69
"GAGCTCAACGCAAGCGGCTA"	3152	70.73
"GAGCTCTCCAGGTTATTTGT"	3147	70.78
"GAGCTCTCGTCATGTGATGA"	3117	70.83
"GAGCTCGATGGTACTTGCAT"	3111	70.88
"GAGCTCACCGACTATAGTTC"	3111	70.93
"GAGCTCATAGCGCAGCGGGA"	3107	70.98
"GAGCTCATTTGCCTCGGTTT"	3105	71.03
"GAGCTCGCCCTGACTCTTTA"	3100	71.08
"GAGCTCGATAGTTGTAGGAT"	3100	71.12
"GAGCTCGGGGTTATACCAAT"	3088	71.17
"GAGCTCATGTGAGTGTCAAG"	3087	71.22
"GAGCTCAGTGGGTCGATATT"	3081	71.27
"GAGCTCGCATAGATAACTCT"	3060	71.32
"GAGCTCACGTGAACGATCCT"	3049	71.36
"GAGCTCAAACGGGGGAAATA"	3047	71.41
"GAGCTCAAAGATGGTTCCAG"	3043	71.46
"GAGCTCATCGTTGTACTGGA"	3041	71.51
"GAGCTCTCTGGGTTTGTTGA"	3023	71.55
"GAGCTCGTTTTTTGCGGAGC"	3022	71.60
"GAGCTCTGGCCGCGGGGGGT"	3019	71.65
"GAGCTCGCCCCCGATGGGGG"	3019	71.70
"GAGCTCGCTGCGTGCTGCCG"	3014	71.74
"GAGCTCTCGCTAGAATAGTC"	3012	71.79
"GAGCTCGCGACCCTTCAGTA"	3003	71.84
"GAGCTCGCACCTGCCTTTTG"	2994	71.88
"GAGCTCATCTGAACGCAGAC"	2992	71.93
"GAGCTCTTAGCTGAACTGTA"	2979	71.98
"GAGCTCATCCTGAAACATTA"	2977	72.02
"GAGCTCACCCTAATGCGTCT"	2965	72.07
"GAGCTCAGCGAGTACGTGCA"	2951	72.12
"GAGCTCCTTCGGATGGAGAA"	2946	72.16
"GAGCTCAACGGCGGAGTGGA"	2933	72.21
"GAGCTCAACAACGTGAGTGC"	2915	72.25
"GAGCTCAATTGGATATCGTA"	2914	72.30
"GAGCTCGATTAGTAATGCGA"	2910	72.34
"GAGCTCATCTGTATTGTTGA"	2904	72.39
"GAGCTCGCCTATTATTCTTA"	2902	72.44
"GAGCTCCTAGAGGGTCTGTG"	2901	72.48
"GAGCTCCTGGCAAATTAACG"	2900	72.53
"GAGCTCTTTACGTGTATGTG"	2891	72.57
"GAGCTCGGGAAAGATAACGG"	2890	72.62
"GAGCTCATGATGCCGTGTTA"	2889	72.66
"GAGCTCAATTCAATCTCATT"	2889	72.71
"GAGCTCGAGTGTATTGCTCT"	2885	72.75
"GAGCTCCTTTCGGCATGACC"	2882	72.80
"GAGCTCGGGTGTGAACTTTT"	2881	72.84
"GAGCTCATACGGCGTAGTTA"	2881	72.89
"GAGCTCAGCAGTGGTAAATT"	2866	72.93
"GAGCTCTCTGTTGGTGGTTG"	2857	72.98
"GAGCTCGAGTCGCGACGGGT"	2852	73.02
"GAGCTCCCAACCACACCTTC"	2847	73.07
"GAGCTCCACTGTTGGTACTT"	2844	73.11
"GAGCTCGACATATTCTGGTG"	2842	73.15
"GAGCTCTACTGTCAAACAGT"	2839	73.20
"GAGCTCACGAGGCAGATCAT"	2837	73.24
"GAGCTCACGGAAACTGTGCG"	2825	73.29
"GAGCTCGGAAGCGCGTAGAA"	2794	73.33
"GAGCTCCTAGTCGTGGTTGG"	2794	73.37
"GAGCTCGTTTTAGCGTGGAA"	2777	73.42
"GAGCTCAACATTTGGGTTAG"	2771	73.46
"GAGCTCAGGGATACGATAGA"	2764	73.50
"GAGCTCGTAGGAAGTCTTTA"	2758	73.55
"GAGCTCGGTTTGACCTAGTC"	2743	73.59
"GAGCTCAGGAAGAGCGGCGG"	2732	73.63
"GAGCTCTGTTTTCGGTGTCC"	2711	73.68
"GAGCTCCCTGGGCGCGAGAG"	2707	73.72
"GAGCTCAGGTGCAATAGCTA"	2707	73.76
"GAGCTCTTGAGGCAGTTTGT"	2706	73.80
"GAGCTCGTCAGGGAGTATTG"	2700	73.84
"GAGCTCGGCGCGGAGAACTC"	2700	73.89
"GAGCTCGTTAGCCAAGGTTG"	2699	73.93
"GAGCTCTGTAAACACACAGT"	2697	73.97
"GAGCTCTAGATCGGATGGAG"	2690	74.01
"GAGCTCAATTATGAATCTAT"	2690	74.06
"GAGCTCTACTGCTATTGCGT"	2688	74.10
"GAGCTCGTAGCGCCGGATTT"	2681	74.14
"GAGCTCATGAGTCCGCAAAC"	2680	74.18
"GAGCTCGTAATCCGGTGCGA"	2663	74.22
"GAGCTCGTTGTCTATCACAC"	2659	74.26
"GAGCTCGGTTGCATAAGGCG"	2649	74.31
"GAGCTCTCCACTAGGTTCAT"	2636	74.35
"GAGCTCCGCCTTCCAACCTC"	2635	74.39
"GAGCTCGTGTTATGGGTCAT"	2628	74.43
"GAGCTCACATTTCTGAGCCG"	2618	74.47
"GAGCTCACTGTGGTGTCCGA"	2603	74.51
"GAGCTCATGATAACGCCCGA"	2601	74.55
"GAGCTCTTCATGCACCCTCG"	2600	74.59
"GAGCTCACCCCGGTTTTACG"	2600	74.63
"GAGCTCGGGCACGACCAGAA"	2599	74.67
"GAGCTCTGCCGGTGGCCGAG"	2597	74.71
"GAGCTCAACCGTGAGTGAAG"	2597	74.75
"GAGCTCCAGGGGAACCAACG"	2596	74.80
"GAGCTCACCAGAGTGAGAGC"	2593	74.84
"GAGCTCGGGAGATGGCTCGG"	2589	74.88
"GAGCTCAGAGTATATCCTGT"	2584	74.92
"GAGCTCGGTCCTGGTTAGGC"	2582	74.96
"GAGCTCACTTTGGAGGCGTT"	2582	75.00
"GAGCTCTGCCATTCGCTTGA"	2581	75.04
"GAGCTCAGATTCTTATTTGT"	2580	75.08
"GAGCTCGGTTCGGGGGGTAG"	2577	75.12
"GAGCTCGATAAGGATCGGAA"	2572	75.16
"GAGCTCCCTTTCGGGTAGGG"	2557	75.20
"GAGCTCCGTCGTCACGTTCA"	2556	75.24
"GAGCTCAGCATTCCTTCGGT"	2550	75.28
"GAGCTCTGTGTGCCTCAGGT"	2549	75.32
"GAGCTCGGGCCTCCTTCCTA"	2547	75.36
"GAGCTCGAACCCGCGGGATT"	2542	75.40
"GAGCTCGATATGGTTCTTAT"	2536	75.44
"GAGCTCGTGCTGCAAATTAT"	2535	75.48
"GAGCTCAAGTGGGGTTGGCT"	2530	75.52
"GAGCTCTCAAGAAACTGTTT"	2529	75.56
"GAGCTCGGACCGGGGTCGCT"	2529	75.60
"GAGCTCGTTATCGGCTGTAC"	2527	75.63
"GAGCTCGATGCGTCTGTATC"	2523	75.67
"GAGCTCATGGGGATAACCCG"	2513	75.71
"GAGCTCTTGGTATGTTTGGC"	2508	75.75
"GAGCTCCGAGAATAAGGTAT"	2504	75.79
"GAGCTCACTAGCTTATCTCG"	2496	75.83
"GAGCTCGTCGCGCGCAGCGA"	2495	75.87
"GAGCTCTCGACGAGTTTGAT"	2486	75.91
"GAGCTCGTCGTTTTTCGACG"	2482	75.95
"GAGCTCAACTTGAGTCTGAG"	2480	75.99
"GAGCTCATGCAGAGGGCACT"	2479	76.03
"GAGCTCTTGTGTGAGAATGC"	2476	76.06
"GAGCTCTAGTCTCACGAAGA"	2465	76.10
"GAGCTCATGCCACCGTTTTA"	2456	76.14
"GAGCTCGCTTGGGGAGGTTA"	2450	76.18
"GAGCTCCTACATTTGGTAGA"	2438	76.22
"GAGCTCCGGTAGCTATATAC"	2437	76.26
"GAGCTCTTTCTTCTGCTATG"	2435	76.29
"GAGCTCGCTTCTATGTATAT"	2434	76.33
"GAGCTCGAGCAGTCTTAGAC"	2421	76.37
"GAGCTCTGCTTATTACGCCG"	2418	76.41
"GAGCTCGCAGTGGCTCCGAG"	2417	76.44
"GAGCTCTATGTGCTGTCGCA"	2415	76.48
"GAGCTCCCTTGTATGCTGGG"	2415	76.52
"GAGCTCTGAGTTCTGTCTCG"	2405	76.56
"GAGCTCTCTTCTGACCTCTC"	2400	76.60
"GAGCTCAGGGTGTGGTACGA"	2393	76.63
"GAGCTCGGGCTCTTGACTGG"	2383	76.67
"GAGCTCTACGAGGTAAGTTC"	2370	76.71
"GAGCTCCAACCGGTATTATT"	2349	76.74
"GAGCTCGGCTGCCATTCGTG"	2347	76.78
"GAGCTCCCCGCTCGCAAGTC"	2346	76.82
"GAGCTCAGTCGTTCAGCCCC"	2339	76.85
"GAGCTCAACTGATACAGATA"	2338	76.89
"GAGCTCCTGCTAGTTGCCCA"	2336	76.93
"GAGCTCGGAGGAGGGCCGCG"	2330	76.96
"GAGCTCAGGTCTAAGACAGG"	2328	77.00
"GAGCTCCAAGCTGACCTCAG"	2324	77.04
"GAGCTCGCGATCTGTTAATG"	2317	77.07
"GAGCTCATTATGCGTAAGTG"	2313	77.11
"GAGCTCCTAACCGGGGCGTC"	2308	77.14
"GAGCTCCGGCACAGCATGGG"	2306	77.18
"GAGCTCTTAGCTAGTCGGCG"	2299	77.22
"GAGCTCGGAATAATGGCGCG"	2279	77.25
"GAGCTCGCCGCCAAAACTAA"	2273	77.29
"GAGCTCCGGGTTATGTCTTA"	2271	77.32
"GAGCTCTTTCACGACCCCCG"	2261	77.36
"GAGCTCCGCTGTAGCCGCGC"	2260	77.39
"GAGCTCAACCTATTGGGCGG"	2257	77.43
"GAGCTCGTGGGTGCCCCGTG"	2251	77.46
"GAGCTCTGGAAACCGTACAC"	2248	77.50
"GAGCTCACATGCTGCTGGTT"	2243	77.53
"GAGCTCAATTCCCTGGGGAT"	2243	77.57
"GAGCTCAGATCGCTGTGGTG"	2242	77.60
"GAGCTCGGTAGATTGAGGGC"	2240	77.64
"GAGCTCTTACTTGAGCTAGT"	2221	77.67
"GAGCTCGTCATGTCGGTAGG"	2218	77.71
"GAGCTCAAGATTACGGCCGT"	2217	77.74
"GAGCTCGAGGGGATCCAGTG"	2208	77.78
"GAGCTCTTGTCTACAGTGTG"	2199	77.81
"GAGCTCGCACCACAAGCTTT"	2198	77.85
"GAGCTCATTCGGACTACTGG"	2198	77.88
"GAGCTCGGGGTTAGGCGAAG"	2195	77.92
"GAGCTCAGGGAGCCAGGGTA"	2191	77.95
"GAGCTCCGTTGGTGTGGGGC"	2184	77.98
"GAGCTCTCGGAGTGAGAAAG"	2166	78.02
"GAGCTCCCGATTATTCTACG"	2164	78.05
"GAGCTCTGGTCTTTCACGTG"	2161	78.09
"GAGCTCAGTCCCCGTGCGTA"	2154	78.12
"GAGCTCTCCCCCGTTTACAG"	2151	78.15
"GAGCTCACCCTATGAGGCAC"	2147	78.19
"GAGCTCAGCTTTAAGATTCT"	2144	78.22
"GAGCTCTTTGCTCAGATGGC"	2141	78.25
"GAGCTCTGAAGGCATCTGTT"	2141	78.29
"GAGCTCAAATGCTCGATAAT"	2141	78.32
"GAGCTCCGTTGGCTCTAAGG"	2138	78.35
"GAGCTCTGGCATATCGTCAT"	2131	78.39
"GAGCTCCCTCGTTTCATTGT"	2126	78.42
"GAGCTCGTGCGTCGCTCATG"	2124	78.45
"GAGCTCTGCGGATTGTTGGG"	2119	78.49
"GAGCTCGTGGGCATTACTCT"	2118	78.52
"GAGCTCGGCGTGTGGCGGAA"	2118	78.55
"GAGCTCGGTTGTTACAGCTC"	2113	78.59
"GAGCTCTTACAGAGAAGCGA"	2103	78.62
"GAGCTCCAGAGTAATGTGTC"	2100	78.65
"GAGCTCAAAACTGAGTTGCC"	2093	78.68
"GAGCTCTGCAGTGTAATGTC"	2088	78.72
"GAGCTCGACTCCCAAGCGGG"	2088	78.75
"GAGCTCGTCCACGGGCGCGT"	2086	78.78
"GAGCTCGGCGGTCGTCGATC"	2086	78.81
"GAGCTCATTACTAGTCTAGA"	2082	78.85
"GAGCTCCACTTTGCCTGTTG"	2080	78.88
"GAGCTCGTCATAATCGCGAA"	2077	78.91
"GAGCTCGCTTAATCCCTTTT"	2076	78.94
"GAGCTCGCGTTCGAAACAGC"	2072	78.98
"GAGCTCTAGCTCTGACGCTT"	2065	79.01
"GAGCTCAGGGCTTTAACCTG"	2064	79.04
"GAGCTCGGCTTGGAATCCCA"	2061	79.07
"GAGCTCCTAAATGCTGTGGA"	2059	79.11
"GAGCTCATAGCGCAACGTTT"	2058	79.14
"GAGCTCTGGATGCTTGCTAG"	2049	79.17
"GAGCTCGTTGTGGTGCAGAC"	2048	79.20
"GAGCTCGGTTATGCTCAGAA"	2046	79.23
"GAGCTCAAGCGTTACCGTCC"	2045	79.27
"GAGCTCGTCTAATCATTTGT"	2039	79.30
"GAGCTCACCGGTCGGATTTT"	2038	79.33
"GAGCTCGGCGTGCGAGCGGG"	2028	79.36
"GAGCTCTACGGTCAACCGCA"	2024	79.39
"GAGCTCGTGTAGATGATTAA"	2024	79.42
"GAGCTCCTGTCCGGTGGTAC"	2022	79.46
"GAGCTCGGCTGCCTTTATGT"	2019	79.49
"GAGCTCGGTAACTGTTTGCC"	2017	79.52
"GAGCTCAATGCGTAAGCGAG"	2004	79.55
"GAGCTCGTCGCCCGTGTGGG"	1997	79.58
"GAGCTCGCGGCCAGTGTTGG"	1992	79.61
"GAGCTCATTCGTTTAAAATG"	1988	79.64
"GAGCTCGGTGACAATTTGAG"	1986	79.68
"GAGCTCCCCGGCTTTTTAAT"	1977	79.71
"GAGCTCGTGGGTACCGAGCA"	1961	79.74
"GAGCTCTGTTCTACTGTTCA"	1960	79.77
"GAGCTCGACCATGCTGGTCC"	1960	79.80
"GAGCTCAATGGGTCAACGTG"	1957	79.83
"GAGCTCGATGTTTCTGCGTT"	1946	79.86
"GAGCTCAGGGCGTGATGTAT"	1943	79.89
"GAGCTCTGTCCCTCTGAGTG"	1938	79.92
"GAGCTCGCTGCTCCTTTATG"	1937	79.95
"GAGCTCCCTCATTTTGCACT"	1926	79.98
"GAGCTCGGAACTGGGTGTAG"	1925	80.01
"GAGCTCATAGTTCGCTATTT"	1923	80.04
"GAGCTCAGGCCCTCAATTGG"	1922	80.07
"GAGCTCGGTGGTAAAGTGGT"	1921	80.10
"GAGCTCACTGCAATAGGGCG"	1921	80.13
"GAGCTCGGTTTGGCCTTCTG"	1917	80.16
"GAGCTCATCTGGCAAGTTGG"	1917	80.19
"GAGCTCTCCTACCTGTCTAT"	1889	80.22
"GAGCTCTTTAGTAGCGCTTA"	1885	80.25
"GAGCTCGGGCGTTGCCACAG"	1883	80.28
"GAGCTCTTCGACTGCATTTC"	1881	80.31
"GAGCTCCGTGGCTACGGTTC"	1879	80.34
"GAGCTCTGGTTTGGGGGGGG"	1878	80.37
"GAGCTCCTTTTAATCTGGTC"	1878	80.40
"GAGCTCCATTATGAACCCTC"	1875	80.43
"GAGCTCGTGGTGAGCGTCTG"	1867	80.45
"GAGCTCTACAACCTTACGTA"	1865	80.48
"GAGCTCAGATCTCAGCTTAT"	1864	80.51
"GAGCTCCCGGTAGGGCGTGT"	1860	80.54
"GAGCTCAACCAGGGCTTTCT"	1854	80.57
"GAGCTCCTAGGCGTAGTTTA"	1853	80.60
"GAGCTCATTCAGTCAGACGG"	1851	80.63
"GAGCTCCCTCTGAGATGGGA"	1845	80.66
"GAGCTCATTGCGGGGACGCT"	1841	80.69
"GAGCTCGGGGCAGCTCAGGC"	1840	80.72
"GAGCTCTACGGGGATCTGGA"	1833	80.74
"GAGCTCCCGTTATGAGGGTT"	1831	80.77
"GAGCTCAGTCATAGATTTTG"	1829	80.80
"GAGCTCATTTAGTATGCCAT"	1828	80.83
"GAGCTCCGCTAGGTGGTCTC"	1827	80.86
"GAGCTCGAGAGGCTGCAAGT"	1825	80.89
"GAGCTCGCGGCTGGCTTGTC"	1822	80.92
"GAGCTCTGGACTAAGTCAAG"	1820	80.94
"GAGCTCCCACGCACTTAACG"	1814	80.97
"GAGCTCAGATAAGTGTGTCC"	1814	81.00
"GAGCTCGGGGTTGAGATTGC"	1813	81.03
"GAGCTCTCTACAAGTGAGGA"	1808	81.06
"GAGCTCGCGATGATTTGTAA"	1806	81.09
"GAGCTCAACGGGGTCGCCAC"	1803	81.11
"GAGCTCGATTGCTACTTGGT"	1795	81.14
"GAGCTCTTAAACGAGGTAAA"	1794	81.17
"GAGCTCGTTAAGTAGCTTTT"	1793	81.20
"GAGCTCGTGGGTAGTTAGCG"	1789	81.23
"GAGCTCGGTGGACTGACTAT"	1788	81.25
"GAGCTCGGTGTTAGACGATG"	1786	81.28
"GAGCTCGTTAAGTAAGCTTC"	1779	81.31
"GAGCTCCCATGAAATGGTGG"	1778	81.34
"GAGCTCTACGGAGTGTATGT"	1776	81.36
"GAGCTCATTCCTCAACCTAA"	1773	81.39
"GAGCTCAGAATATGTAGTTG"	1771	81.42
"GAGCTCGTGCATGGCCCTTG"	1764	81.45
"GAGCTCAGACTAATTTGTGA"	1758	81.48
"GAGCTCGGTTCGATTAGTAT"	1756	81.50
"GAGCTCGCAGTTTACTTGTC"	1750	81.53
"GAGCTCCGACAGCTTAAGGT"	1748	81.56
"GAGCTCCCAAGATGCTAAGT"	1744	81.58
"GAGCTCCAGGTGGAGGCTCT"	1742	81.61
"GAGCTCATCGCCTTGGCGAC"	1740	81.64
"GAGCTCACTTATCGTTTGGT"	1739	81.67
"GAGCTCATCAATATTTGCGG"	1738	81.69
"GAGCTCAGCGATGGCCGTGT"	1736	81.72
"GAGCTCTGTGTTAAGTCCGG"	1735	81.75
"GAGCTCTCGCAGTTTAAAAT"	1735	81.77
"GAGCTCGATGGGGCACCAAG"	1735	81.80
"GAGCTCTCATTTTAGACCTG"	1727	81.83
"GAGCTCTGTGTGAGGGGGCA"	1724	81.86
"GAGCTCACTGAGTGGCAAAA"	1720	81.88
"GAGCTCGGGATCGCGTGGTC"	1711	81.91
"GAGCTCTGGGTGTGCTGGTG"	1703	81.94
"GAGCTCAATCTCGTGCAGTA"	1703	81.96
"GAGCTCAGTCGCCAGTCACG"	1701	81.99
"GAGCTCCCATGGCAGGGTGG"	1698	82.02
"GAGCTCAGCACTTCAGACGG"	1698	82.04
"GAGCTCCCCTCTAGCAGTGT"	1695	82.07
"GAGCTCCCGGCGACAAGGTA"	1694	82.10
"GAGCTCTATCAGCAAGATAG"	1691	82.12
"GAGCTCACGATTGGGTCCAG"	1688	82.15
"GAGCTCTATTCCCGGCGTCG"	1686	82.17
"GAGCTCCAGGCCGCGGTGCG"	1686	82.20
"GAGCTCAATGTGTTAGCTTG"	1686	82.23
"GAGCTCTCCGCATCAGACTT"	1685	82.25
"GAGCTCCTCCCAGTTACGCT"	1683	82.28
"GAGCTCACTCGTTTTTGTAT"	1683	82.31
"GAGCTCAATAAAGAACGCTG"	1675	82.33
"GAGCTCGGTCGATAATCAAA"	1674	82.36
"GAGCTCGAAGGATTCATGAC"	1673	82.38
"GAGCTCGTGGATTCGTAGGG"	1671	82.41
"GAGCTCTAATGTGGATGAAT"	1670	82.44
"GAGCTCGTGTGGTGTTGATC"	1669	82.46
"GAGCTCGTCCATATGTGTAT"	1669	82.49
"GAGCTCGTGGACCGTCTAAG"	1667	82.52
"GAGCTCGACAGGTATAAGTA"	1664	82.54
"GAGCTCACTTCAACACATTA"	1663	82.57
"GAGCTCGACTCTTTGGCACT"	1662	82.59
"GAGCTCTCCTGGTGGTATTC"	1652	82.62
"GAGCTCACTCCATTCTCTAT"	1649	82.64
"GAGCTCTTCTCTATCTGCAG"	1644	82.67
"GAGCTCTGGTATGGTGAGAT"	1638	82.70
"GAGCTCATAATCGCGGTCAC"	1638	82.72
"GAGCTCTATCTGGTTTACCG"	1637	82.75
"GAGCTCCCTACTTTCCTCGA"	1637	82.77
"GAGCTCGCTGGTTCTCTAAG"	1635	82.80
"GAGCTCACTTAACTCAGCTT"	1630	82.82
"GAGCTCCCTTGAGAGCAGGT"	1625	82.85
"GAGCTCGTGGGATGGCGTGA"	1623	82.87
"GAGCTCCCGTTGACAATGTC"	1623	82.90
"GAGCTCATATCGTTAATTCT"	1620	82.93
"GAGCTCCTAAGTCGCACTGG"	1619	82.95
"GAGCTCATGTGCTACACATG"	1617	82.98
"GAGCTCGACCCTAGATAGTT"	1616	83.00
"GAGCTCCGTTTCTTGCTGTC"	1612	83.03
"GAGCTCGTTCGAGCGGGACC"	1610	83.05
"GAGCTCTCTGGCTTTATATG"	1609	83.08
"GAGCTCCTTCCAGCCTATGT"	1600	83.10
"GAGCTCGGAGCAGCTCGTAT"	1599	83.13
"GAGCTCCGCTTAGATCGAGG"	1595	83.15
"GAGCTCACGGCAGCGATGAC"	1594	83.18
"GAGCTCTGGCGATGTTACTT"	1593	83.20
"GAGCTCTGCGGTTGTGTTAC"	1583	83.23
"GAGCTCTGTTTACTATGGCT"	1578	83.25
"GAGCTCGGGTTAACTTCCGG"	1576	83.28
"GAGCTCCGAGCCTCCCATGG"	1574	83.30
"GAGCTCTTTTTATTGGCCGG"	1573	83.32
"GAGCTCTCCCCGCTTATATC"	1569	83.35
"GAGCTCGCTGGGTTATAGAT"	1559	83.37
"GAGCTCCACGGTGTCTTAGA"	1554	83.40
"GAGCTCCTACCATGTCCAGG"	1550	83.42
"GAGCTCATTCTGTGGGTGCC"	1547	83.45
"GAGCTCGCTATTATTTGAGG"	1546	83.47
"GAGCTCTTTAGAAAAACGTG"	1536	83.49
"GAGCTCAAAAATCGTCTCCT"	1529	83.52
"GAGCTCAGTTCGTTAAGGGT"	1528	83.54
"GAGCTCGTACCACACATGGC"	1526	83.57
"GAGCTCCGTTGAGGCACCGG"	1522	83.59
"GAGCTCGCTTCCCATGGCCG"	1520	83.61
"GAGCTCTGACGATGGCATCG"	1519	83.64
"GAGCTCGTAAAATAGTGAGG"	1516	83.66
"GAGCTCACACAGAATTGTTT"	1516	83.68
"GAGCTCTCGCCGGGCAGATT"	1515	83.71
"GAGCTCGTCTCATATCCTTT"	1514	83.73
"GAGCTCAGTACCCGTCGCCT"	1513	83.76
"GAGCTCCCGGTCATAAAGAA"	1510	83.78
"GAGCTCTTGCAATCTTGTAC"	1509	83.80
"GAGCTCGTTTCTGGGCATAC"	1509	83.83
"GAGCTCTTTGAAATCCTACG"	1508	83.85
"GAGCTCTATGTGGCTGCACT"	1507	83.87
"GAGCTCTAGTGTCTGCTCCT"	1498	83.90
"GAGCTCACGACACAGTTGTG"	1497	83.92
"GAGCTCCTGAATTGTTGACT"	1495	83.94
"GAGCTCAACGCCTGTTCGGT"	1494	83.97
"GAGCTCGTTTCGTTTATGTA"	1488	83.99
"GAGCTCCTTCGAGTCAGACA"	1488	84.01
"GAGCTCATCCAAGTAGGATT"	1488	84.04
"GAGCTCACTGTGCTACTGGT"	1488	84.06
"GAGCTCCACGTCACAACAGA"	1481	84.08
"GAGCTCATGCAAGTTCAGGG"	1480	84.11
"GAGCTCCATTGAGGGCATTG"	1477	84.13
"GAGCTCATAGCGCGGAAGAA"	1477	84.15
"GAGCTCCGTAGTCCGATAGT"	1475	84.18
"GAGCTCCGTCCGCGGGTCAG"	1467	84.20
"GAGCTCAGCTCACTAATCTG"	1466	84.22
"GAGCTCTTAATGGAGTGTCA"	1462	84.24
"GAGCTCCCAAGGGTTCTTAG"	1461	84.27
"GAGCTCGCTTTCCGATGCGC"	1460	84.29
"GAGCTCCATCCGGTTCACGT"	1459	84.31
"GAGCTCGTTGTAGTAAGTGC"	1450	84.34
"GAGCTCACCTGTCGTTTGAA"	1450	84.36
"GAGCTCGACCTCCGACTTCG"	1449	84.38
"GAGCTCGTTCCTGAGGGAAT"	1446	84.40
"GAGCTCGGCGCCGCCAGATT"	1446	84.43
"GAGCTCACTGCTAAGCGGTG"	1441	84.45
"GAGCTCGAGGTTGGAGCACA"	1440	84.47
"GAGCTCCTAGGACTGCTTTG"	1437	84.49
"GAGCTCGTTTGAGAGAAAGG"	1433	84.52
"GAGCTCCCACCCGGGCTTTA"	1429	84.54
"GAGCTCACCTGTGTGGGTTA"	1426	84.56
"GAGCTCTCTGTCTGGAGGTG"	1425	84.58
"GAGCTCAGTAGTGCGTCGCG"	1425	84.61
"GAGCTCGTTTACCTAACTCA"	1424	84.63
"GAGCTCAGTGTATTACATTG"	1418	84.65
"GAGCTCGACGGAACTGAGCA"	1415	84.67
"GAGCTCTACGAATACAAAAG"	1413	84.69
"GAGCTCATCATGGTGGCCTG"	1407	84.72
"GAGCTCGTGGTGTAAATCGC"	1405	84.74
"GAGCTCTGGTTTTATGTATA"	1404	84.76
"GAGCTCAGCTAAGTTAGTGG"	1404	84.78
"GAGCTCCTACAGCTACGCGA"	1402	84.80
"GAGCTCGTGGATAGTCAATC"	1401	84.83
"GAGCTCCCCGTTTATGGTTC"	1401	84.85
"GAGCTCCATGATGAGAGGAG"	1394	84.87
"GAGCTCTTCAATGTCTGATT"	1387	84.89
"GAGCTCTTGGGGGTTACCTC"	1386	84.91
"GAGCTCTAAGTGATCTGCCG"	1386	84.93
"GAGCTCTTTCGAATGCCATA"	1385	84.96
"GAGCTCTCCATCGGAAGAAG"	1382	84.98
"GAGCTCGACGGGCAGTGTCA"	1382	85.00
"GAGCTCTTGAGGTTTCTTTC"	1379	85.02
"GAGCTCTGGGGGGATTACTA"	1378	85.04
"GAGCTCTTGGCCAAGTTAGC"	1376	85.06
"GAGCTCGTTGCCTAGTTGAT"	1374	85.08
"GAGCTCAATTACTCTAGTCC"	1374	85.11
"GAGCTCGTTCTTGTAGTCCG"	1370	85.13
"GAGCTCAGTGTCATTTAGTT"	1368	85.15
"GAGCTCAGCTAGAGACGTCA"	1368	85.17
"GAGCTCCCACTCCCTATGGC"	1365	85.19
"GAGCTCCATGATCGTACAAG"	1365	85.21
"GAGCTCCCCCAGCCAATGGG"	1357	85.23
"GAGCTCGTTGCAATGGGCCT"	1355	85.26
"GAGCTCGTCTATGCTTTTGT"	1355	85.28
"GAGCTCGTGAGTTCATCGGT"	1354	85.30
"GAGCTCCTACGGATAAAACC"	1351	85.32
"GAGCTCTATATCTGCACAGT"	1349	85.34
"GAGCTCTAGCCATTGATTTG"	1348	85.36
"GAGCTCATATCGGTTACCAC"	1347	85.38
"GAGCTCATTCTCCGTTGTAT"	1345	85.40
"GAGCTCTTTGAATGCGTGTG"	1340	85.42
"GAGCTCATGAATCTGGTTAA"	1340	85.45
"GAGCTCGAGACTCAGCGTTT"	1339	85.47
"GAGCTCCCGGCTTTGGGCGT"	1336	85.49
"GAGCTCTCGGTCGTTGTCAT"	1335	85.51
"GAGCTCTCGCAACAAGCACG"	1331	85.53
"GAGCTCGAATTTTATATGTA"	1331	85.55
"GAGCTCGGGGACCTATGAAG"	1330	85.57
"GAGCTCGAGGTATTAGGTTA"	1330	85.59
"GAGCTCCACAGATTAAATTT"	1327	85.61
"GAGCTCGAGCGTGTATCGTC"	1325	85.63
"GAGCTCATTCACGAGGTATA"	1325	85.65
"GAGCTCATCCTTCACTATGT"	1322	85.67
"GAGCTCGGCGTAATAGTTTC"	1320	85.69
"GAGCTCATGGAAGGCGTGAT"	1320	85.72
"GAGCTCATACTGATCGCTCC"	1315	85.74
"GAGCTCTGAGTCCACTATGT"	1310	85.76
"GAGCTCAGCGAGTCATGATA"	1306	85.78
"GAGCTCGGATTTGTGATTTA"	1304	85.80
"GAGCTCGACGGTTCATTAAT"	1301	85.82
"GAGCTCGGATGGAGAAAGGA"	1297	85.84
"GAGCTCTGCACAATATGGAT"	1295	85.86
"GAGCTCACAGTAGCTACGTA"	1292	85.88
"GAGCTCTGCATAAATCTGGA"	1291	85.90
"GAGCTCACGGTTGAAGGGGT"	1290	85.92
"GAGCTCTCGCGGGTCACTTT"	1288	85.94
"GAGCTCAAAAGACTACCGGA"	1281	85.96
"GAGCTCGAGCTTTACGGTGA"	1278	85.98
"GAGCTCCGCATAATCATCGT"	1277	86.00
"GAGCTCTCTCACGTTAAGGA"	1276	86.02
"GAGCTCATGATTGGAGTAAC"	1274	86.04
"GAGCTCACTACCTATCGCGT"	1273	86.06
"GAGCTCTAGGGGTGCAACGT"	1272	86.08
"GAGCTCCGTGCATCGTGGGT"	1272	86.10
"GAGCTCCCTGTCGGAGGGTG"	1272	86.12
"GAGCTCGCATTCGGGGCATT"	1271	86.14
"GAGCTCATTTTTGTGCGATG"	1270	86.16
"GAGCTCCTGCAGTTTTAGGC"	1269	86.18
"GAGCTCTTAACGGCGCAAAC"	1266	86.20
"GAGCTCCTCGTGAACAGGGG"	1265	86.22
"GAGCTCGTAAGCTTGGTTAT"	1263	86.24
"GAGCTCGGGCGGGTTACGTG"	1262	86.26
"GAGCTCATGTGTAGATACCC"	1262	86.28
"GAGCTCGCGCAAAAGTTATC"	1259	86.30
"GAGCTCTAGTCGATGTTACC"	1254	86.32
"GAGCTCTAAAGCGCGCCTAT"	1253	86.34
"GAGCTCTGTGGCTGTCCACA"	1251	86.35
"GAGCTCGTATAGTCATCCTG"	1246	86.37
"GAGCTCTTAACCGCAGGATG"	1243	86.39
"GAGCTCTGGCGTGGTCCGTT"	1243	86.41
"GAGCTCTAGGATGAGGTAGC"	1241	86.43
"GAGCTCGGTATTAGTTTTAG"	1240	86.45
"GAGCTCTGTTACTGCATGCC"	1238	86.47
"GAGCTCAGTGCTTGGCGTGA"	1238	86.49
"GAGCTCGTTCGTTTCTCCTC"	1236	86.51
"GAGCTCGGGGTTAATAGTAT"	1234	86.53
"GAGCTCACTTACGTGTGTTG"	1233	86.55
"GAGCTCACCGTGACTCACGA"	1229	86.57
"GAGCTCTCAAGGGTGCACGA"	1226	86.59
"GAGCTCGTCAGCTTCCCTAG"	1225	86.61
"GAGCTCAAATGCGGGTCCAA"	1224	86.63
"GAGCTCGTCGCTACTTTGAA"	1223	86.64
"GAGCTCGAGTTTTGTAAAAG"	1221	86.66
"GAGCTCCGTCCGGCATTATC"	1221	86.68
"GAGCTCCACGGTCCAGTGAT"	1218	86.70
"GAGCTCTTGTTTGGATTCTC"	1217	86.72
"GAGCTCGACTACGCCTAGAT"	1217	86.74
"GAGCTCGCGTTGTGCTGAAT"	1211	86.76
"GAGCTCGCGGATCAGCTACT"	1209	86.78
"GAGCTCACACTGTAAGGTTC"	1205	86.80
"GAGCTCGACTTCACGATATG"	1204	86.81
"GAGCTCACACCGTGAAGTTT"	1204	86.83
"GAGCTCTAAGTGGGTTGTAA"	1201	86.85
"GAGCTCGAGGGTTGGGCATC"	1196	86.87
"GAGCTCCTGTTGTCTTATTT"	1195	86.89
"GAGCTCTTTTCGGGGTGAGT"	1193	86.91
"GAGCTCGACATCGCATTTTA"	1192	86.93
"GAGCTCTTAGTCGAATGACT"	1191	86.95
"GAGCTCTGGCAAGAGGTCAT"	1191	86.96
"GAGCTCGCCTGTACTGGGGA"	1191	86.98
"GAGCTCCGCATAGCATCAGG"	1191	87.00
"GAGCTCAGGGTCAGGGATAC"	1191	87.02
"GAGCTCGAGGATTGATGGTA"	1188	87.04
"GAGCTCGTGCTTGGTACCAT"	1187	87.06
"GAGCTCAGACTTTACGTAAC"	1182	87.08
"GAGCTCTCCCTATTTTTACT"	1179	87.09
"GAGCTCTCATTGTGCGTTTA"	1178	87.11
"GAGCTCTATTGGCATTTGAA"	1178	87.13
"GAGCTCGTGATATTGACCTA"	1174	87.15
"GAGCTCGATCTCAGTATCTC"	1173	87.17
"GAGCTCCGGTTTATTACGGA"	1170	87.19
"GAGCTCAACGGGGGCCGTCG"	1168	87.20
"GAGCTCACTGGAGACTTAGA"	1165	87.22
"GAGCTCTATGACGGTCGGCA"	1162	87.24
"GAGCTCGTTTGTTGGGTGGT"	1162	87.26
"GAGCTCTACGCAGTAAATGG"	1159	87.28
"GAGCTCGCTAGCTCAAGGTT"	1159	87.30
"GAGCTCTTCCTCTGATGGCA"	1157	87.31
"GAGCTCATAGCGCATTTGGG"	1156	87.33
"GAGCTCCTGCAAGAGGAAAG"	1154	87.35
"GAGCTCATTGCCATCCACAT"	1154	87.37
"GAGCTCGAACTTTATAAGGA"	1153	87.39
"GAGCTCACGCTGGGTCGACT"	1153	87.40
"GAGCTCGTTTATTGTTTTTT"	1152	87.42
"GAGCTCGCAGGAGTTTGATC"	1151	87.44
"GAGCTCAGCCCGAGCGCGCT"	1150	87.46
"GAGCTCGAGTTGTCCGGTCG"	1147	87.48
"GAGCTCCGTCGAGGACAAGC"	1145	87.49
"GAGCTCTCAGTCTATTGTAT"	1143	87.51
"GAGCTCTCCAGCAGTGCTGC"	1141	87.53
"GAGCTCATTATAGGTAATGG"	1141	87.55
"GAGCTCAGTTGTTCCGTCTT"	1141	87.56
"GAGCTCTTTGTGTGTGGCCG"	1138	87.58
"GAGCTCCGTCGCGGGCGCAG"	1133	87.60
"GAGCTCAGGCTCTGTATTCT"	1133	87.62
"GAGCTCTCCGGGTTGAGAGC"	1132	87.64
"GAGCTCGGACTCTATTTCAG"	1132	87.65
"GAGCTCGCGCGGTCCATAGC"	1130	87.67
"GAGCTCGGAGTTCAGGTCTA"	1129	87.69
"GAGCTCAGCGTGTTGGGGCT"	1129	87.71
"GAGCTCGGTCCTTACAAGAA"	1125	87.72
"GAGCTCCGGCAGGACGTTAA"	1125	87.74
"GAGCTCTTTACCTAGCTCAG"	1121	87.76
"GAGCTCCTACATGCGGTAAA"	1121	87.78
"GAGCTCGGCGTCGACACTGG"	1120	87.79
"GAGCTCGGTTTGATGCACTG"	1117	87.81
"GAGCTCGGCTGGCCGCGTGT"	1117	87.83
"GAGCTCGGCACTCCATATGT"	1116	87.85
"GAGCTCGATTACTCGCCGGT"	1116	87.86
"GAGCTCCAAGCCTTTAGTCG"	1115	87.88
"GAGCTCCAGGGGTCTTTTTG"	1109	87.90
"GAGCTCTGCTCGTATCAAGT"	1107	87.92
"GAGCTCGAGACGTATGCCTT"	1105	87.93
"GAGCTCTCCCCACCACTATT"	1104	87.95
"GAGCTCTAAACGCGTGGTAC"	1104	87.97
"GAGCTCTCGCGGGGTGGGTG"	1103	87.98
"GAGCTCGGTTACTCCTATTG"	1100	88.00
"GAGCTCGCAGATTCTATTTG"	1099	88.02
"GAGCTCCTTTGCCGGTAGTG"	1099	88.04
"GAGCTCCCTGCCCGCCAATG"	1097	88.05
"GAGCTCTGATTTTACAGCGA"	1096	88.07
"GAGCTCGGTTGGGAGTGATT"	1093	88.09
"GAGCTCCGATGGGCCGTACG"	1093	88.10
"GAGCTCCCCTGTATAGAAGC"	1085	88.12
"GAGCTCAATCTCGCAGCGAT"	1084	88.14
"GAGCTCGCGATACGCTCGAT"	1083	88.16
"GAGCTCATCTGTGTGAGATC"	1081	88.17
"GAGCTCCGAATGTTTGCCGA"	1080	88.19
"GAGCTCTGGCGCCCCGGAGA"	1079	88.21
"GAGCTCGTGAACAAGTCGGT"	1079	88.22
"GAGCTCGGTTTTTTGTAGCT"	1078	88.24
"GAGCTCATTTACCTATGTGT"	1076	88.26
"GAGCTCTCAGCAAGGGGGAA"	1074	88.27
"GAGCTCGTATTCATCAGCTC"	1073	88.29
"GAGCTCGCCATTGTAAATGG"	1072	88.31
"GAGCTCCGGGGGTTGATGCT"	1071	88.32
"GAGCTCACTGGTGACCGACC"	1069	88.34
"GAGCTCTGTCAGTACGTGGT"	1068	88.36
"GAGCTCGGCAGCCGCAATTC"	1067	88.37
"GAGCTCGCTTGAAGTTGGTT"	1067	88.39
"GAGCTCATTCGATCTGAGTC"	1066	88.41
"GAGCTCGTTCTCCTTGTAGT"	1065	88.42
"GAGCTCGGGACATGCGTCGC"	1064	88.44
"GAGCTCAGGGACCTTTTCTC"	1064	88.46
"GAGCTCAGTATGTTCATGAC"	1062	88.47
"GAGCTCGGGCGAGCCGCGCG"	1061	88.49
"GAGCTCCTTACCTTTTGCAT"	1058	88.51
"GAGCTCTGTCATATGTTATA"	1057	88.52
"GAGCTCTTGTTTGAATTAAC"	1054	88.54
"GAGCTCTGAACGAGATGTGT"	1054	88.56
"GAGCTCGTGGTGTCGGTTAT"	1054	88.57
"GAGCTCAGCGGCCGTGCGTC"	1052	88.59
"GAGCTCAGCGAAGGGGGGTG"	1052	88.61
"GAGCTCACCGGGTGAACCCC"	1052	88.62
"GAGCTCCTGCATGTACGATG"	1051	88.64
"GAGCTCGAACTAAAGGTGTA"	1050	88.65
"GAGCTCAGCCTGCCCAGTGA"	1050	88.67
"GAGCTCTTCTTCACGCTCAA"	1048	88.69
"GAGCTCCTATAGTTGGGCTC"	1048	88.70
"GAGCTCGGACCTGTCCAAAG"	1047	88.72
"GAGCTCGAACGGTTGTGGAT"	1047	88.74
"GAGCTCGGTGGTGGTCTTTC"	1045	88.75
"GAGCTCAGGTAATGGGTTTT"	1045	88.77
"GAGCTCCGCTTTAGGTTACC"	1041	88.79
"GAGCTCGCATTTTGTTCGGG"	1040	88.80
"GAGCTCCGACATAAAGGGAT"	1037	88.82
"GAGCTCTGTAGCTCACATAA"	1036	88.83
"GAGCTCTACGCCGGAGCTGT"	1036	88.85
"GAGCTCGTCCTTCCGCGTTG"	1033	88.87
"GAGCTCGCGTGCCCCAGTCG"	1031	88.88
"GAGCTCTCCGCTTCGTTTCC"	1030	88.90
"GAGCTCTGACTTGGATCTCT"	1028	88.92
"GAGCTCGGGCTGCGTTCTCC"	1027	88.93
"GAGCTCCGTGGGTAGATTTA"	1026	88.95
"GAGCTCTATGTGGGTCTATT"	1025	88.96
"GAGCTCCAGATAGGTAGGTT"	1025	88.98
"GAGCTCTGTATGGGACCTGC"	1016	89.00
"GAGCTCCGTACGATCTCGAA"	1015	89.01
"GAGCTCGCGATTATTTTTCC"	1014	89.03
"GAGCTCCTAGGGTCTGTGTA"	1014	89.04
"GAGCTCCGGGAGGACTCGTG"	1014	89.06
"GAGCTCATCACATCTACGTG"	1014	89.07
"GAGCTCTTACTAGTGTATCT"	1012	89.09
"GAGCTCCTGGCAGTACTGCA"	1012	89.11
"GAGCTCTTTATAGGTTGTCT"	1011	89.12
"GAGCTCTCACGTTTGTTCTG"	1009	89.14
"GAGCTCGTCAGTTGTGTTTT"	1009	89.15
"GAGCTCATACATTCGTATTA"	1007	89.17
"GAGCTCAGTCACGCGTACGG"	1007	89.18
"GAGCTCTGGTTAACTGGTTG"	1006	89.20
"GAGCTCTAAGTGGGGCCTTG"	1006	89.22
"GAGCTCCTACTCGGGAACGA"	1006	89.23
"GAGCTCAAAGTAGATCGGCC"	1006	89.25
"GAGCTCTGTGGTGGACTTTA"	1005	89.26
"GAGCTCGTGTATTGAAACCG"	1005	89.28
"GAGCTCTGTGGGATTCAGGT"	1004	89.29
"GAGCTCAATGCTCGTGACGC"	1004	89.31
"GAGCTCTAAGACTTTAAGTG"	1000	89.33
"GAGCTCGGTAATCTATATCC"	998	89.34
"GAGCTCCTTCGTTGTTTTTG"	998	89.36
"GAGCTCTGCAGTACGAGTAG"	996	89.37
"GAGCTCTGTGGTCTCAGTAT"	992	89.39
"GAGCTCTCTACGCACGCGTT"	991	89.40
"GAGCTCCCGACTAAGGTCTG"	990	89.42
"GAGCTCTAGGGCATTTATGT"	988	89.43
"GAGCTCGTTCAAGGAACGGC"	988	89.45
"GAGCTCGTGCGCGTTGCGTG"	987	89.47
"GAGCTCCGTAGTTGCCACTT"	987	89.48
"GAGCTCATGAGGCATTGCCC"	986	89.50
"GAGCTCAGCTTGGTTTCACT"	986	89.51
"GAGCTCGTGCAATGGGATCA"	985	89.53
"GAGCTCTGTGCGAGCATGTT"	983	89.54
"GAGCTCGATAGCGAAGTTCA"	982	89.56
"GAGCTCGAATCGCGACTGAA"	982	89.57
"GAGCTCGTACAGCGGTGGCC"	980	89.59
"GAGCTCATGCCGGACGTGGT"	978	89.60
"GAGCTCAATTGTGATTCCAT"	976	89.62
"GAGCTCGATAGCCCGGGTGT"	970	89.63
"GAGCTCTTATTCTAAGTATG"	969	89.65
"GAGCTCTCATTGATGTATTT"	967	89.66
"GAGCTCTCGTGTGTTGTTTC"	963	89.68
"GAGCTCTACCATACATGGTA"	962	89.69
"GAGCTCGGGGGGGGCGTGGT"	962	89.71
"GAGCTCGGTCGAATTATCGG"	961	89.72
"GAGCTCGCATGTTGTCGATG"	961	89.74
"GAGCTCCCGGTTGTTGGGGG"	961	89.75
"GAGCTCTTCATAATTTCACA"	960	89.77
"GAGCTCTTTATCTATGGAAT"	959	89.78
"GAGCTCTCTGAGGTGGTATG"	959	89.80
"GAGCTCGCACGAATAAATGG"	958	89.81
"GAGCTCGGCCCGGGCGGTTT"	956	89.83
"GAGCTCAGAGGACTCGTGCG"	950	89.84
"GAGCTCCCGGCAATAGAGCA"	948	89.86
"GAGCTCAGACACGACCGCTG"	943	89.87
"GAGCTCATTGATGGTTGAAT"	940	89.89
"GAGCTCAGGCGTAACTACCG"	939	89.90
"GAGCTCTTAACTTCGCGTGT"	937	89.92
"GAGCTCGGGGTCTTTGCGAC"	937	89.93
"GAGCTCAATAATTAATTTAC"	936	89.95
"GAGCTCAACGTCGCCATAAG"	936	89.96
"GAGCTCACACCCCGCCGTTA"	935	89.98
"GAGCTCCGGCGTCGGATACG"	931	89.99
"GAGCTCATCGTCAGCATGCC"	931	90.01
"GAGCTCACGTCGATTCAGTT"	926	90.02
"GAGCTCTGGATGCCTCGCGA"	925	90.03
"GAGCTCTGGGTGGCAACAAT"	924	90.05
"GAGCTCGGCAGTGGGTCCTT"	923	90.06
"GAGCTCGCATCGAGATCTTG"	923	90.08
"GAGCTCCTGTCTTGCCCAGT"	923	90.09
"GAGCTCCTGAGGTAGACCAC"	922	90.11
"GAGCTCTGTCTCATGGGTGA"	920	90.12
"GAGCTCAAATAATTGTATCT"	920	90.14
"GAGCTCGGGTCCTAAGCTGA"	919	90.15
"GAGCTCGCCAGTGAGGATGC"	915	90.16
"GAGCTCCGGAATAAAGAGTG"	915	90.18
"GAGCTCCACGTTCACTATAA"	914	90.19
"GAGCTCTCAGGCTACTCGTT"	913	90.21
"GAGCTCCTCGCCCCATTGTG"	912	90.22
"GAGCTCCGTAACTTCTTTCA"	908	90.24
"GAGCTCAATCCCCCTTATGT"	907	90.25
"GAGCTCCGTTCCGCGGCTGG"	906	90.26
"GAGCTCTGACTTTGATGCGG"	904	90.28
"GAGCTCGGCACCTGGTGGTC"	903	90.29
"GAGCTCCGGGATCGCACATC"	903	90.31
"GAGCTCTCCAGTACGTTTAT"	900	90.32
"GAGCTCTTTTAAGTATGGGT"	898	90.33
"GAGCTCTAAGATTTTTCATG"	898	90.35
"GAGCTCCACGGACGAACCAT"	898	90.36
"GAGCTCGGGTGACGTATGTG"	896	90.38
"GAGCTCTCCTGGTTGATACC"	895	90.39
"GAGCTCGGATGCCCGGTCTG"	895	90.40
"GAGCTCGACTGGCCATCAGC"	895	90.42
"GAGCTCATGTTACGGGAGAC"	893	90.43
"GAGCTCTGACACTTTCTCAT"	891	90.45
"GAGCTCGGTGAGAAACTCCA"	891	90.46
"GAGCTCCTCGCCAGTCTTAG"	888	90.47
"GAGCTCACCCGAGAAGGTCG"	887	90.49
"GAGCTCGATCTTGTCCAGTC"	886	90.50
"GAGCTCTGCTGCATCGGTGC"	885	90.52
"GAGCTCTGTACAAGGAGTTC"	883	90.53
"GAGCTCGAGATCGGTCCAGT"	882	90.54
"GAGCTCCCGCACTTTAAGCC"	882	90.56
"GAGCTCAGATGCCGACGGAA"	882	90.57
"GAGCTCGTTTCTTTAGCACT"	881	90.58
"GAGCTCTTAATAATTAATTG"	880	90.60
"GAGCTCTCTATTGAGAGCGG"	878	90.61
"GAGCTCTGGAGGCGATACAA"	877	90.63
"GAGCTCCGTTTCGTGTAGTA"	873	90.64
"GAGCTCATCCCTGTCTCATG"	873	90.65
"GAGCTCACGATTACGAGATC"	873	90.67
"GAGCTCTAATCTCTCCGCCA"	871	90.68
"GAGCTCCTGCCTCATTGTTT"	871	90.69
"GAGCTCCTCCGGGGTATTGG"	871	90.71
"GAGCTCGCGAGATAATGTTA"	866	90.72
"GAGCTCTGTAATATTCGTGG"	865	90.73
"GAGCTCTGGTGTTTTGAAGG"	865	90.75
"GAGCTCATTTTGGGGCGGTG"	865	90.76
"GAGCTCTTGTGCTTAGTAAT"	863	90.78
"GAGCTCCGAGTGGACGACTT"	863	90.79
"GAGCTCTCAGTGGGATATGG"	862	90.80
"GAGCTCTAGGTCAGCCAATG"	862	90.82
"GAGCTCTGCCAACGAATAAA"	861	90.83
"GAGCTCCGAACTGAGACTCG"	860	90.84
"GAGCTCAATGCGGAATATTA"	860	90.86
"GAGCTCGTCACCGCGAATTT"	859	90.87
"GAGCTCGGCTCAGGTCCGGC"	859	90.88
"GAGCTCGATCAATTGATTGA"	859	90.90
"GAGCTCCTATGAGGAATCCC"	859	90.91
"GAGCTCATATTGTCAGAGCG"	859	90.92
"GAGCTCGGTTAAATCGTGTG"	858	90.94
"GAGCTCGCACACCGAACTTG"	858	90.95
"GAGCTCCGGTCTTTTAGATA"	857	90.96
"GAGCTCAAAGCACATGCTTG"	857	90.98
"GAGCTCTATCAAACCTCATG"	856	90.99
"GAGCTCACTTGCGGAATTCA"	854	91.00
"GAGCTCGTATTCTAGTAAGG"	852	91.02
"GAGCTCAGCCACCCGTTCGT"	852	91.03
"GAGCTCATGTATGTCTATTA"	850	91.04
"GAGCTCTCGTCAATTTTATT"	848	91.06
"GAGCTCGGGCATGCTATTCG"	848	91.07
"GAGCTCATAGAGGCCGTCTT"	848	91.08
"GAGCTCTCTAAGTTTTTTCG"	846	91.10
"GAGCTCTACGTCTCCTCCTA"	846	91.11
"GAGCTCGTCTGGGCGGTGTC"	846	91.12
"GAGCTCAATTCTTCATACGG"	846	91.14
"GAGCTCTTTGTAGTCACGAT"	844	91.15
"GAGCTCTTGCTCCAAAGCAA"	844	91.16
"GAGCTCGTGGAGTGCCGGTG"	844	91.18
"GAGCTCCAGGCTCGAAGGGG"	844	91.19
"GAGCTCTGCCTCGAAAAGTA"	843	91.20
"GAGCTCGCTGGCTGCACCTC"	843	91.22
"GAGCTCGATTTTGAGTTACT"	841	91.23
"GAGCTCCTTGCACCGATATA"	841	91.24
"GAGCTCCAATTTCTCACCAT"	840	91.25
"GAGCTCAGCAGAATATGATA"	840	91.27
"GAGCTCTGTTTGTCTTGTTT"	839	91.28
"GAGCTCATAACTTCGGCCGA"	839	91.29
"GAGCTCTACTTCACGTGCTG"	836	91.31
"GAGCTCGCATGACAGATGTT"	836	91.32
"GAGCTCAGTCTAAGTCTTGA"	832	91.33
"GAGCTCACATAGTACCATTA"	831	91.35
"GAGCTCAACGATTCGGTTTT"	831	91.36
"GAGCTCTGCAGTCGTACGGG"	830	91.37
"GAGCTCACGTAAAGGTTCAA"	830	91.39
"GAGCTCTGCATAGACCGTAT"	829	91.40
"GAGCTCATATGAGCTACTTT"	829	91.41
"GAGCTCAGGGTAACACTACA"	829	91.42
"GAGCTCAAGTTAGTACCGCC"	828	91.44
"GAGCTCGCGCTGGGAGTGTC"	827	91.45
"GAGCTCATGTTGAATACAGT"	826	91.46
"GAGCTCAGTTCTGAGGGCCT"	826	91.48
"GAGCTCAGGTCGATTAAGAG"	825	91.49
"GAGCTCATGGAGATGGATAG"	822	91.50
"GAGCTCCGTCGCGCGGTATA"	821	91.51
"GAGCTCGGTTGGGGGATTCG"	820	91.53
"GAGCTCTGTGTACGGGCTTC"	819	91.54
"GAGCTCGCTGGGGAAGCCGG"	817	91.55
"GAGCTCATAAATCAGAGTTA"	817	91.57
"GAGCTCGGTCGTGTGCGTGG"	816	91.58
"GAGCTCCGTTAATCACGACG"	815	91.59
"GAGCTCGTTGCACCAAAAGT"	813	91.60
"GAGCTCACCCGGAGGAGTTG"	812	91.62
"GAGCTCTTTTGGTTATGCCA"	811	91.63
"GAGCTCGGAAAAACTAGTTG"	810	91.64
"GAGCTCGCAACGTGAAGTGA"	810	91.65
"GAGCTCGCCCGGACGTAACT"	808	91.67
"GAGCTCGGGAGTGCCCTTAC"	807	91.68
"GAGCTCCGTTCCAGTTATAC"	806	91.69
"GAGCTCAGCCGCGCGAATCC"	803	91.70
"GAGCTCGATCCATTGTTTGT"	799	91.72
"GAGCTCGTGGCAATTTTGGT"	798	91.73
"GAGCTCCGTTGTGCTAAGGC"	797	91.74
"GAGCTCTCGTGATGCGGGCG"	794	91.75
"GAGCTCGGGTGCTGGTGGCT"	794	91.77
"GAGCTCTTTACTTGCAAGAT"	792	91.78
"GAGCTCTCTGTCTGGGTCGG"	792	91.79
"GAGCTCGGTTAGGGTGGTGC"	792	91.80
"GAGCTCGCTGCCAGCACAGC"	792	91.82
"GAGCTCAGGGTCGAGCGTTG"	791	91.83
"GAGCTCTGAGCTCATCGGTT"	790	91.84
"GAGCTCGGACCACTAGCGGC"	790	91.85
"GAGCTCCATGCTCTAGCTGT"	790	91.87
"GAGCTCGACGATTTTTGTTA"	789	91.88
"GAGCTCACAAGTGGCTTGGA"	789	91.89
"GAGCTCCATCCACTCTCATT"	788	91.90
"GAGCTCGTGCATCTGCTGCA"	787	91.92
"GAGCTCGGGCACTCGGGGGA"	787	91.93
"GAGCTCGATCAGCGGTCTGA"	787	91.94
"GAGCTCGCTCTGTACATCTG"	785	91.95
"GAGCTCGCGAGACATTGCAA"	785	91.96
"GAGCTCCCCTATGTGCACAA"	785	91.98
"GAGCTCCAACACTTTGTCGC"	785	91.99
"GAGCTCTGAGGAAATGCGTG"	784	92.00
"GAGCTCTAAGGTAGTGTGGT"	784	92.01
"GAGCTCTGCTGATTCTCGAT"	783	92.03
"GAGCTCTGGTGAGCTGGTTT"	781	92.04
"GAGCTCTCCGCCATATCCTC"	780	92.05
"GAGCTCTAGGACCTTTCGTT"	780	92.06
"GAGCTCTTGGGATAGGGAAA"	779	92.07
"GAGCTCCATCTGCATTATGT"	779	92.09
"GAGCTCTCTTGCTCGTTATG"	777	92.10
"GAGCTCGTTGGTTTCTTTGT"	776	92.11
"GAGCTCAAGATTATTATACT"	776	92.12
"GAGCTCAACAGAAAACGTTA"	776	92.13
"GAGCTCGAGATATTTTCTGG"	775	92.15
"GAGCTCGCCCCTTCGTCTCG"	774	92.16
"GAGCTCGCCTCGTCGGGTGT"	773	92.17
"GAGCTCGTATTCAATGTGGC"	772	92.18
"GAGCTCGCTTCATTCAATTG"	771	92.20
"GAGCTCGATCCGAGGACAGA"	771	92.21
"GAGCTCTCAAGAATTTCTAC"	766	92.22
"GAGCTCCGTGGAAAGTTGAC"	761	92.23
"GAGCTCAGAGCCCAGTCGAA"	760	92.24
"GAGCTCGAAGTGGCTGGTGG"	758	92.26
"GAGCTCAGATTGGGACGGGT"	758	92.27
"GAGCTCTGTCTTAATGCCAT"	757	92.28
"GAGCTCGCAGAGTTCCTAAG"	757	92.29
"GAGCTCAGTGATCGTCTCCT"	757	92.30
"GAGCTCCCTGATTAATGGTA"	755	92.31
"GAGCTCTTTGGTAATTCTAG"	754	92.33
"GAGCTCAGAGTTCATAGGCT"	754	92.34
"GAGCTCGCGTAGTGATTAGT"	753	92.35
"GAGCTCAGACTGCATGCAGC"	753	92.36
"GAGCTCTGGCTCAATTTAGG"	752	92.37
"GAGCTCTCACATGAAACGTG"	752	92.38
"GAGCTCAATAGGGTGCTTCA"	751	92.40
"GAGCTCTACATGATGTTTAC"	750	92.41
"GAGCTCGTCACGTTTGGTAG"	749	92.42
"GAGCTCATGGGTCCATTACG"	748	92.43
"GAGCTCTGCATGCGAATACA"	747	92.44
"GAGCTCAGCCTTTGCTTATG"	747	92.46
"GAGCTCTTGCATTCTCCTTT"	746	92.47
"GAGCTCTAGTTTTCACAATG"	746	92.48
"GAGCTCGCATGCGGTCCGGA"	744	92.49
"GAGCTCTTGGAGACCGCTTG"	740	92.50
"GAGCTCATCTGGGTCTTCAT"	737	92.51
"GAGCTCTGTACACCACATTC"	736	92.52
"GAGCTCGTCTCGTCTTGGAT"	736	92.54
"GAGCTCCCTGCACAAGCTAT"	736	92.55
"GAGCTCATGCGCAGATGTCA"	736	92.56
"GAGCTCGCTGACTTTAGTTC"	735	92.57
"GAGCTCTGGTATTTTCAAGC"	730	92.58
"GAGCTCAAACCTCTCGAGTT"	730	92.59
"GAGCTCGATTCCTCAAACAT"	729	92.60
"GAGCTCCCGACAACTGCCTA"	727	92.62
"GAGCTCATGGCAATCGGCGT"	727	92.63
"GAGCTCAAGATAGTATCAGT"	727	92.64
"GAGCTCGGGCAGTCTCCGTA"	724	92.65
"GAGCTCTCTTGCGCACTTTC"	722	92.66
"GAGCTCTTTGTTCCATCTAT"	720	92.67
"GAGCTCTATTGTAAGCAGTG"	720	92.68
"GAGCTCGAATGGTGTGCATA"	720	92.70
"GAGCTCGGTTAACATTCGGG"	719	92.71
"GAGCTCGGAGATACTGAGAT"	719	92.72
"GAGCTCCGGGTTAGTTGGGC"	719	92.73
"GAGCTCGTGACACTATCACG"	714	92.74
"GAGCTCCTGGCTCGTTTATA"	710	92.75
"GAGCTCGCGGACCGATTATG"	709	92.76
"GAGCTCACGGCGTTTGTGTT"	709	92.77
"GAGCTCAGCCCAGGAATTCG"	708	92.78
"GAGCTCTCCATATAGTCGTG"	707	92.80
"GAGCTCATTACGGACATAAT"	707	92.81
"GAGCTCTAGCGAGCAATGAT"	706	92.82
"GAGCTCGGTATAATTGAGTT"	706	92.83
"GAGCTCAAGCCTGGACGATG"	706	92.84
"GAGCTCCGGCAGGGTGTGTG"	704	92.85
"GAGCTCTGGTTAAAGGTAGA"	703	92.86
"GAGCTCTGTGGGGCTTCTCG"	700	92.87
"GAGCTCCCGTAGTTGCTTAG"	700	92.88
"GAGCTCTTTTTTCTGTCGGC"	698	92.89
"GAGCTCTAGTATGAATCTAG"	698	92.91
"GAGCTCCGCGTATTTTGGTG"	697	92.92
"GAGCTCGGAGTCTTAACGTG"	694	92.93
"GAGCTCTCGGCAAATGGCAT"	693	92.94
"GAGCTCTCTTTTCAGTTCAT"	689	92.95
"GAGCTCGGGACGATGCCAAT"	689	92.96
"GAGCTCCAAAGTCCAGTCTG"	689	92.97
"GAGCTCGACATATTTTCATA"	685	92.98
"GAGCTCTACAACGATGGCTG"	684	92.99
"GAGCTCGGTTCATGGGTGCG"	684	93.00
"GAGCTCTTAATGGGGTGCAC"	680	93.01
"GAGCTCGTCAGCGTTTTCGG"	680	93.02
"GAGCTCGTAGAGCATTATTG"	680	93.03
"GAGCTCGGAGTGTTGATGCG"	680	93.04
"GAGCTCGGTGCACTATGGGT"	679	93.06
"GAGCTCGGCTATAGTTTACG"	679	93.07
"GAGCTCCAGTTTAAGCTAAA"	679	93.08
"GAGCTCATCCGACACCCCTT"	679	93.09
"GAGCTCTTTAGAAGACGCGG"	678	93.10
"GAGCTCTCTTCCCTCGTACT"	678	93.11
"GAGCTCCTAGTTCACAATGT"	678	93.12
"GAGCTCATCCTAACGTATAT"	677	93.13
"GAGCTCAGTTGAATGCGAAA"	677	93.14
"GAGCTCACCTCGGACAAGTC"	676	93.15
"GAGCTCGGAGTAACCTGGGT"	673	93.16
"GAGCTCTATGAGCGATAGAT"	670	93.17
"GAGCTCGTCCAAGGGTCATG"	668	93.18
"GAGCTCATCGCTGTGTTTCA"	668	93.19
"GAGCTCAAGGTATGGCGCGC"	667	93.20
"GAGCTCGAAGGGAATGGGGC"	665	93.21
"GAGCTCTTTCGCTTGACCAT"	664	93.22
"GAGCTCGAAGCGGAATGACG"	664	93.23
"GAGCTCATTAATAGGCTAAA"	663	93.24
"GAGCTCGATTTAATTAGCCG"	661	93.25
"GAGCTCGTGTTTGGCAGCAG"	659	93.27
"GAGCTCGTAACAGTGACAAA"	659	93.28
"GAGCTCGCATCGCAGAGGAC"	659	93.29
"GAGCTCCCCGGGTCAGCATA"	659	93.30
"GAGCTCAAGCACAAACCGTA"	659	93.31
"GAGCTCTGGATGGTTCTGTA"	658	93.32
"GAGCTCCGTTAGTTTTACGC"	658	93.33
"GAGCTCAATGTTGGTTCTTA"	658	93.34
"GAGCTCACTGTCCAGTCGTC"	657	93.35
"GAGCTCCCACTGATGTAGCC"	656	93.36
"GAGCTCGGCGGGAACTGGTT"	655	93.37
"GAGCTCCGAGTAGTGAGTTG"	655	93.38
"GAGCTCTTGTAAGGTTAAGA"	653	93.39
"GAGCTCTTCGCATATTCGCG"	653	93.40
"GAGCTCTAAGTGGGGCAGGT"	653	93.41
"GAGCTCTGGTCCTGCTGTAG"	652	93.42
"GAGCTCTCTTCTTGAAATGT"	651	93.43
"GAGCTCAGGACAGCTATGGG"	651	93.44
"GAGCTCTTCGAAAGCACGTT"	649	93.45
"GAGCTCGAGCCTAAGGTCCT"	649	93.46
"GAGCTCTCGAAGCCGAGCAG"	648	93.47
"GAGCTCGTTGCCAAAGCAAG"	648	93.48
"GAGCTCTCACACTTTCGGGT"	647	93.49
"GAGCTCCCGCGGTAACGTAT"	647	93.50
"GAGCTCTACGCCTATTGTAC"	644	93.51
"GAGCTCGTCACCAAGAGTGC"	644	93.52
"GAGCTCCATTTCGTATGTAC"	643	93.53
"GAGCTCCTCTAATCTAGGTG"	642	93.54
"GAGCTCAACTATTACCCGTG"	642	93.55
"GAGCTCTGTTTGCACCGGTC"	639	93.56
"GAGCTCGTATGGTAAGTTCG"	639	93.57
"GAGCTCGAGGCAATGCGAGG"	638	93.58
"GAGCTCGGGTGCAATTTCGG"	637	93.59
"GAGCTCGGGGCACCTCTTAG"	636	93.60
"GAGCTCAGGAGACGCGGCCT"	636	93.61
"GAGCTCTCTTGAGTAATCTA"	635	93.62
"GAGCTCGTACCGTGCTCGAC"	635	93.63
"GAGCTCGATATGAAGGTGTT"	635	93.64
"GAGCTCTCACCTGGGGTTCT"	634	93.65
"GAGCTCCTAGCCGGCTCGTA"	630	93.66
"GAGCTCGCCTCAGTTTACGC"	629	93.67
"GAGCTCGCTCGATTCTAAGA"	628	93.68
"GAGCTCACACTTGCCTCCTC"	628	93.69
"GAGCTCACCTGGTGAGATTG"	625	93.70
"GAGCTCGTTGAACATTGCTC"	623	93.71
"GAGCTCGTGATGAGAGGATG"	623	93.72
"GAGCTCAGAGTCACTCTTTG"	621	93.73
"GAGCTCGGATAGGGAGTATG"	619	93.74
"GAGCTCGCTAGATTTTAGCG"	617	93.75
"GAGCTCAGATGGAGGTTCTG"	617	93.76
"GAGCTCTCGTTTTGTACAAC"	616	93.77
"GAGCTCCCGTATATTTTTAT"	616	93.78
"GAGCTCAGCCTGTTTGGTCA"	616	93.79
"GAGCTCCATTATGAAAAGTA"	615	93.80
"GAGCTCGGGGGCGTTTCAAC"	614	93.81
"GAGCTCTGAGGTCTTCTTGT"	612	93.81
"GAGCTCCTTTGGTTGTCTAA"	610	93.82
"GAGCTCTGGGTGCCGGGCCC"	609	93.83
"GAGCTCGAGGCAAGGTTACT"	609	93.84
"GAGCTCCCCTATAGGCCGTC"	608	93.85
"GAGCTCACTAACCAACTACT"	606	93.86
"GAGCTCACGAACTCCCGGTG"	606	93.87
"GAGCTCTCCGTCATAGGTAC"	604	93.88
"GAGCTCCTATCCAGCTCCCC"	604	93.89
"GAGCTCAACCTTATATGGAC"	604	93.90
"GAGCTCTGGGTTTATCCTGA"	602	93.91
"GAGCTCGGTATGGTTGCGCT"	602	93.92
"GAGCTCACTTAATTCGGCGT"	602	93.93
"GAGCTCAATTTCAGATTCGA"	602	93.94
"GAGCTCGACTGTCGTGTTAA"	601	93.95
"GAGCTCGTCGCACGATTGGC"	600	93.96
"GAGCTCATATGGGATGTTGG"	600	93.97
"GAGCTCTCTGGGCTAGGCTT"	599	93.98
"GAGCTCGCGTGTATTCAGTT"	599	93.98
"GAGCTCCTGGTCTTTCTGTA"	599	93.99
"GAGCTCCCAAGACAGGGATC"	599	94.00
"GAGCTCTTCGGGCTCAATCA"	598	94.01
"GAGCTCAATGATTAAGACTT"	598	94.02
"GAGCTCTCTTGTTCTGCTGC"	596	94.03
"GAGCTCGATCCTGATCACGG"	596	94.04
"GAGCTCTATTCAATCCGGTG"	595	94.05
"GAGCTCGGACCCCATATGTG"	595	94.06
"GAGCTCGTTGCGTACATTAA"	593	94.07
"GAGCTCGTGGAAGCTTTTTT"	593	94.08
"GAGCTCGTAGTCTCTTCGAA"	592	94.09
"GAGCTCGAAGGTACCGGCAT"	592	94.10
"GAGCTCCGTCGGAAGTAAGC"	592	94.11
"GAGCTCGATGCTCGCTCACT"	590	94.11
"GAGCTCCTGCTTCAATCATA"	587	94.12
"GAGCTCTCTACGAGGGACCC"	586	94.13
"GAGCTCATCGTGATCTTTTG"	586	94.14
"GAGCTCAATGCGAAACTAGA"	585	94.15
"GAGCTCGACTTGCTTGGCCT"	584	94.16
"GAGCTCCGGCTATAGTATTC"	584	94.17
"GAGCTCGATAGCAGTTAAAT"	582	94.18
"GAGCTCATGTGGCTGTACGT"	582	94.19
"GAGCTCTGGGGAGTGACGTG"	578	94.20
"GAGCTCATCCTTAATTCCTG"	578	94.21
"GAGCTCCAAAGTGTAAGCTG"	577	94.22
"GAGCTCTGCTCAGTAGGGGA"	576	94.22
"GAGCTCTGTACTGTGGTTAG"	575	94.23
"GAGCTCGTGGGTTCTCAGAA"	575	94.24
"GAGCTCTTCCTGGGTCTAAT"	573	94.25
"GAGCTCGTTTCTACTTGTGA"	572	94.26
"GAGCTCGTCGTATCAAGGCA"	571	94.27
"GAGCTCGGATGATTAGCGTG"	571	94.28
"GAGCTCCGATGTCCGGAACG"	571	94.29
"GAGCTCGGTGGCTGAACTGT"	570	94.30
"GAGCTCTGCGTTATTTTAAT"	569	94.30
"GAGCTCGGGCAAGTTTCAGC"	569	94.31
"GAGCTCGAGGTTTCTTGTGG"	569	94.32
"GAGCTCCCATCGTTGGTCAC"	568	94.33
"GAGCTCTATTTCTTTTTCTT"	566	94.34
"GAGCTCGCAGATTGGGTCGT"	566	94.35
"GAGCTCAGGACGATCCAATC"	566	94.36
"GAGCTCTGACCGGCTCGTTC"	565	94.37
"GAGCTCGTAGACGTACGCGT"	564	94.38
"GAGCTCCATCCTGGCTACTG"	564	94.38
"GAGCTCAGGTTCGGTCATGG"	563	94.39
"GAGCTCTGCGGGTGTATGCT"	562	94.40
"GAGCTCATAGCGGCGACGGA"	562	94.41
"GAGCTCCCTCCATGCCTCCG"	561	94.42
"GAGCTCTATGACAGCTTGTC"	560	94.43
"GAGCTCGATTTACCCTGGTA"	560	94.44
"GAGCTCCCTCGTGCGCAGCA"	560	94.45
"GAGCTCTTTGTAGGTGAAAA"	559	94.45
"GAGCTCGGAGGACCAATTTT"	559	94.46
"GAGCTCCACCAGCTTGGGAG"	557	94.47
"GAGCTCAGTACTGTGGAGTC"	556	94.48
"GAGCTCTCAAGCTTAGTATG"	555	94.49
"GAGCTCGAGGGCTCAGGATC"	555	94.50
"GAGCTCGGCTTGTAGATATT"	554	94.51
"GAGCTCGGCTCACGTTGTTG"	554	94.52
"GAGCTCGAGGAGGTTGGCTT"	554	94.52
"GAGCTCATTGGTTAAGTGCG"	554	94.53
"GAGCTCTGTTCAGGGTCATT"	553	94.54
"GAGCTCATCGGCGTGTTGGA"	553	94.55
"GAGCTCGGTACGAAAATGCC"	552	94.56
"GAGCTCAAGCGGGGCTCTAA"	550	94.57
"GAGCTCAACGAGCTGATGTC"	550	94.58
"GAGCTCGACTCGCTTTGTTG"	549	94.58
"GAGCTCCCGAACTTATTGCT"	549	94.59
"GAGCTCTATCTCAACGTGTG"	548	94.60
"GAGCTCGTTGATACGGTTTA"	547	94.61
"GAGCTCGGTATCGGGTCAGT"	547	94.62
"GAGCTCTTGAAAGTACTGAC"	546	94.63
"GAGCTCGAATTAGTCTGTAG"	543	94.64
"GAGCTCAGGGTCACAGTCTC"	543	94.64
"GAGCTCGGGGCACATTTGTT"	542	94.65
"GAGCTCGATGACTACAAATT"	540	94.66
"GAGCTCCGTGCGTTATGGAG"	540	94.67
"GAGCTCGTCGTTAGACTCTC"	538	94.68
"GAGCTCTATCGATGCATCAC"	536	94.69
"GAGCTCGAGGAAATATATTA"	535	94.69
"GAGCTCACGGTCAAAACTGG"	535	94.70
"GAGCTCTGTAGCCTACATGT"	534	94.71
"GAGCTCCACATAGGGTAATC"	533	94.72
"GAGCTCAGTCTGCTCGTGTT"	533	94.73
"GAGCTCAGGAGTGATGATTG"	532	94.74
"GAGCTCTTAGGTAAACTTAG"	531	94.74
"GAGCTCTAGCAACCTCTCGG"	531	94.75
"GAGCTCGCATTGTTTGTCCG"	531	94.76
"GAGCTCGGTCATGCATCAAG"	530	94.77
"GAGCTCAACGCTCGGGGCAG"	530	94.78
"GAGCTCAACGATTGCAAACT"	530	94.79
"GAGCTCGGGAAGCGAGGTCT"	529	94.79
"GAGCTCGTTGTCCATCATGA"	528	94.80
"GAGCTCTGGGGGTCGAGCCG"	527	94.81
"GAGCTCACTCTGGCAACGCT"	527	94.82
"GAGCTCTATAATGTGCGCGA"	526	94.83
"GAGCTCCATAGGGTATTGCA"	526	94.84
"GAGCTCATGAGCGTGTTCTC"	526	94.84
"GAGCTCGTTTTATGCATACG"	525	94.85
"GAGCTCGCTCTCAGATGAGA"	524	94.86
"GAGCTCCCGCAGGCGTTAAG"	524	94.87
"GAGCTCGGGGCGTTAAATGG"	523	94.88
"GAGCTCAGAATTGCTTGATT"	523	94.88
"GAGCTCTTTATTAGCAACGA"	521	94.89
"GAGCTCAAACAGTGGGTTGA"	520	94.90
"GAGCTCTCGGTTTCAGCTAC"	519	94.91
"GAGCTCGGCTGGCTTGAAAC"	519	94.92
"GAGCTCTGTACCCCTCACAT"	518	94.93
"GAGCTCCAAGCATCTTGTGC"	518	94.93
"GAGCTCTGGGTGCTGGTCGC"	517	94.94
"GAGCTCGCTCCCAAACTGGG"	517	94.95
"GAGCTCCAGTCTCCATTGGT"	515	94.96
"GAGCTCTAATTAAAGTACAT"	514	94.97
"GAGCTCGACCGATCCTTATT"	513	94.97
"GAGCTCACGCAGAGATCCCA"	513	94.98
"GAGCTCTCCATGTTTTGGCG"	512	94.99
"GAGCTCCTAGCTAAAGGTTC"	512	95.00
"GAGCTCACAGTGACTGTGCA"	512	95.01
"GAGCTCGTCACGCTCATTGG"	510	95.01
"GAGCTCTTCTTATGGACATA"	509	95.02
"GAGCTCAGATCCTTGGTAGT"	509	95.03
"GAGCTCACGTGATCGCTGTA"	509	95.04
"GAGCTCTTGATACTTCTGTA"	508	95.05
"GAGCTCCGGACTCATGTACT"	508	95.05
"GAGCTCTCATTCAGCATATA"	506	95.06
"GAGCTCGAAGAGAGCTTCCC"	506	95.07
"GAGCTCCTAAAGACTGAATG"	506	95.08
"GAGCTCCGGCACTCATAACG"	505	95.08
"GAGCTCTCATGCGAACCTCT"	504	95.09
"GAGCTCAAACACATTGAGAG"	504	95.10
"GAGCTCTCAGTTTCAGGTGA"	503	95.11
"GAGCTCTAAGTATGGCACAA"	503	95.12
"GAGCTCGCCTCACCTTCCTT"	503	95.12
"GAGCTCACCTATGACACACT"	503	95.13
"GAGCTCAATTCGACGGCTTG"	502	95.14
"GAGCTCTGGATAAGGATTAC"	501	95.15
"GAGCTCATAGCGGCCGCTTG"	500	95.16
"GAGCTCACGTGTCGTATATG"	500	95.16
"GAGCTCTGATAATCAATTTG"	499	95.17
"GAGCTCTCGCAGTGTAGTCG"	499	95.18
"GAGCTCGTTCTTGATCGCGG"	498	95.19
"GAGCTCGCTAATCAGGAGGT"	498	95.19
"GAGCTCGAATGTTCACGAAT"	498	95.20
"GAGCTCACGTGGCTACATTC"	497	95.21
"GAGCTCGGTGCCCCTTTTTG"	496	95.22
"GAGCTCCTGGTGGTATTTGG"	495	95.23
"GAGCTCAGGCGTTATACATG"	495	95.23
"GAGCTCAGAAGGCTTTGGTG"	495	95.24
"GAGCTCTGCGGCGCCGCATA"	493	95.25
"GAGCTCGTTAATTAAGTTCA"	490	95.26
"GAGCTCATCAGTGCTTTAGC"	490	95.26
"GAGCTCACAACTAGGCTTGG"	490	95.27
"GAGCTCTCGGATTGCGTTTG"	489	95.28
"GAGCTCGCGCTGAGCGGCAA"	489	95.29
"GAGCTCTGCTGGGCGTACTT"	488	95.29
"GAGCTCTGCGGAAAGCCGCA"	488	95.30
"GAGCTCAATATCTAGGGCAA"	488	95.31
"GAGCTCTGTGGCCCTTTATT"	487	95.32
"GAGCTCACTGCAAGCGACGA"	487	95.33
"GAGCTCAAACATCGTGTATA"	487	95.33
"GAGCTCTCTGCCTTAGAGCT"	486	95.34
"GAGCTCGTATCCCAGTCTCG"	486	95.35
"GAGCTCCGGCAAAGGAGTCG"	486	95.36
"GAGCTCCCTCAACGGCTTGT"	485	95.36
"GAGCTCACCTTGGTGTCTTC"	485	95.37
"GAGCTCGCCCACCTCTTTGA"	484	95.38
"GAGCTCCCGTAGCGTAGCGG"	484	95.39
"GAGCTCCGGCGAATCGCTGC"	483	95.39
"GAGCTCTGCTCGCCACGCTG"	482	95.40
"GAGCTCCAGGTGAGGGTAAA"	482	95.41
"GAGCTCGTACGAAGACTCGA"	481	95.42
"GAGCTCCTAGCCTATTTTAA"	481	95.42
"GAGCTCGTTCAGCCGTAGAC"	480	95.43
"GAGCTCCATTCCGAAACTCC"	479	95.44
"GAGCTCAGGGTACATTTGTA"	479	95.45
"GAGCTCAGCGTGTTGTTCCG"	479	95.45
"GAGCTCAAGATCTATGTCAC"	478	95.46
"GAGCTCGTAACTAGGGAGCA"	477	95.47
"GAGCTCGCTTAGCTTTTATG"	477	95.48
"GAGCTCCTATGGTCAGTCGT"	477	95.48
"GAGCTCTTCCGGGAATGAGC"	475	95.49
"GAGCTCTACCTGTATAGTTT"	474	95.50
"GAGCTCGTAGCTCCGGTCGT"	474	95.51
"GAGCTCGCGGTCGCTGGATT"	474	95.51
"GAGCTCATTTCTCTATGCCC"	473	95.52
"GAGCTCAAACGAACTATGCC"	473	95.53
"GAGCTCACATGTTAAGTGAG"	472	95.54
"GAGCTCAGTTTTATCTCTCT"	471	95.54
"GAGCTCAGCATTTGTGATAA"	471	95.55
"GAGCTCTGTCGCAAAGTGCG"	470	95.56
"GAGCTCTGGCCTCGTGTTCG"	470	95.56
"GAGCTCTATTCAAACCTTCA"	470	95.57
"GAGCTCAGCTGACACATAAC"	470	95.58
"GAGCTCGTAGATTCCCGCCT"	469	95.59
"GAGCTCTTCCGAACGGCATA"	468	95.59
"GAGCTCTATGCTTACCGTTG"	468	95.60
"GAGCTCATCGCCGGTCTAAG"	467	95.61
"GAGCTCACAGGTAGTACTGT"	466	95.62
"GAGCTCAGGGATGCAATCGT"	465	95.62
"GAGCTCAGCGGATCTATCTC"	465	95.63
"GAGCTCGTTGGCATCCCATG"	464	95.64
"GAGCTCCGATAGGGGGATGC"	464	95.64
"GAGCTCAGATTGTTGCGCCG"	464	95.65
"GAGCTCTAATGTCCAAACAC"	463	95.66
"GAGCTCGGTGCTTTGGACAC"	463	95.67
"GAGCTCGAGTAGTGGATGAT"	463	95.67
"GAGCTCGATGCTGAGGCTAT"	462	95.68
"GAGCTCAGTGATTGATCTTC"	462	95.69
"GAGCTCTTAGTAGCGAGTTG"	460	95.70
"GAGCTCATCGACAGATCATG"	460	95.70
"GAGCTCAAGTCATAACGTTG"	460	95.71
"GAGCTCCAGTTATTTCGCGC"	458	95.72
"GAGCTCAGACAAAGGGTTTG"	458	95.72
"GAGCTCGTACATCATTCCGC"	457	95.73
"GAGCTCCGCATTGATTGGGT"	457	95.74
"GAGCTCCCGGATGCCGAGGA"	457	95.75
"GAGCTCCTGGTATGCGGAGC"	456	95.75
"GAGCTCATGTTTGGAGTGCT"	456	95.76
"GAGCTCCTGCATGTGCTGGA"	455	95.77
"GAGCTCGGTGACATTTCGGT"	454	95.77
"GAGCTCATCTGCCTGGATTC"	454	95.78
"GAGCTCACAAATAAGCAACG"	452	95.79
"GAGCTCGTTGCTGTCCGTCT"	451	95.80
"GAGCTCCAACCCCAATGAGC"	450	95.80
"GAGCTCTTTCCGGAATCCCA"	449	95.81
"GAGCTCGTATTCGCCTCTTG"	448	95.82
"GAGCTCCTGCGGTATGACAT"	448	95.82
"GAGCTCCGGGTCCCCTCTAG"	448	95.83
"GAGCTCAGGGCTTTCTAAAA"	448	95.84
"GAGCTCACTGCAGAAAGTGT"	448	95.84
"GAGCTCTGGGGAAGGCTTGG"	447	95.85
"GAGCTCCGGTATATTGTGTG"	447	95.86
"GAGCTCTGTTACCTAGGTTT"	446	95.87
"GAGCTCAGCAATCTAGGGTG"	446	95.87
"GAGCTCAGAGACCGTTCAGG"	446	95.88
"GAGCTCAGTCAAAGAATACT"	445	95.89
"GAGCTCAACTGCTTCGACTG"	445	95.89
"GAGCTCTGGTTCGCTCCCCA"	444	95.90
"GAGCTCGCAACGACAATGTA"	444	95.91
"GAGCTCCTGGGCTGCGAAAT"	444	95.91
"GAGCTCCGCCTTTATATAGG"	444	95.92
"GAGCTCACTAGTAGGTCCCC"	444	95.93
"GAGCTCTTGTTATCTCTTTC"	443	95.93
"GAGCTCAGTGGTTGATATCG"	443	95.94
"GAGCTCAGTCGTATAAGGAG"	443	95.95
"GAGCTCCGCGGGCGGAATGA"	442	95.96
"GAGCTCGGCTGGTGTATAAG"	441	95.96
"GAGCTCATTCTGGAGGGTGG"	441	95.97
"GAGCTCGCTCTAAGTGACCA"	440	95.98
"GAGCTCCGGATCGCGCAGCC"	440	95.98
"GAGCTCATTTATCCGATATC"	440	95.99
"GAGCTCTTATCTATTGCTAT"	438	96.00
"GAGCTCTTTTTGTTAGTGTA"	437	96.00
"GAGCTCCGGGTTATCAGTCT"	437	96.01
"GAGCTCTGTCGCTCCGCCGA"	436	96.02
"GAGCTCTATCCTCATGCAGT"	436	96.02
"GAGCTCGGTGTTTGGTAATT"	436	96.03
"GAGCTCGCATTAAGTGATGC"	435	96.04
"GAGCTCAAATAATTATGCCT"	435	96.04
"GAGCTCCGCTGGCCTTGTAA"	434	96.05
"GAGCTCCAGGTTGGATCGTT"	434	96.06
"GAGCTCAGTAAGAAGGTCCG"	434	96.06
"GAGCTCTCCGTGCAAAACGA"	433	96.07
"GAGCTCTGAAAAGTTGTTAT"	432	96.08
"GAGCTCCAGCCAGAGTCTGG"	432	96.09
"GAGCTCTTGCTTAGGCGGCT"	431	96.09
"GAGCTCAGGGCTTAGTTGCA"	431	96.10
"GAGCTCGTACCTACTTTAAA"	430	96.11
"GAGCTCGCAACGTATCAGTT"	430	96.11
"GAGCTCGAGTCTCGTTCGCG"	430	96.12
"GAGCTCCGGGTGTCTGTCCC"	429	96.13
"GAGCTCACTATACAGATTTG"	429	96.13
"GAGCTCTTGTGTGAATGTTC"	428	96.14
"GAGCTCTGCTGGGAGTCAAG"	427	96.15
"GAGCTCAGCGTTTATTACTT"	427	96.15
"GAGCTCAACGGAAATCGTTT"	427	96.16
"GAGCTCTTATCGTATCTCCT"	426	96.17
"GAGCTCTGCTGACTTCTTTG"	426	96.17
"GAGCTCCCAGTATTATTTCC"	426	96.18
"GAGCTCATTATAGTTTTGTT"	426	96.19
"GAGCTCATAGCGTTAAGTTG"	426	96.19
"GAGCTCTGAGGTGGTCCTGG"	425	96.20
"GAGCTCAGGACCCTGGTTAG"	425	96.21
"GAGCTCTCCGTGGCTGCGTC"	424	96.21
"GAGCTCTGCATGCCCCTCTT"	422	96.22
"GAGCTCTGACCTTGCTTATG"	422	96.23
"GAGCTCTGGAGAGTATATGA"	421	96.23
"GAGCTCCGCTGGTAGCGATA"	421	96.24
"GAGCTCATTATCACGGTGTT"	421	96.24
"GAGCTCATGTAAGAGCGACG"	420	96.25
"GAGCTCTGGGAGTAAGCCAC"	419	96.26
"GAGCTCTCAGGGGTTTTCGC"	419	96.26
"GAGCTCGGGAAGGTCCGGAA"	419	96.27
"GAGCTCCATTTATGCTTTTC"	419	96.28
"GAGCTCACATTCTCCAAGTA"	419	96.28
"GAGCTCTGAACCGGAGGTAG"	418	96.29
"GAGCTCATTGGGTCTAGTTT"	418	96.30
"GAGCTCCCTGGTCGAGATTC"	417	96.30
"GAGCTCGGTGTCCGCTAGAT"	416	96.31
"GAGCTCAGGGCGTCCACTTT"	416	96.32
"GAGCTCTTCCGGAGCTTAAG"	415	96.32
"GAGCTCTTAGTATCGAAGGA"	415	96.33
"GAGCTCTGCTCGATTGTTAT"	415	96.34
"GAGCTCAATTTTATGTGCAT"	415	96.34
"GAGCTCGCTATACGTCCACT"	413	96.35
"GAGCTCGTGGCCAGAGGGCC"	412	96.36
"GAGCTCGGTTCCTGACGCCA"	412	96.36
"GAGCTCCTGGAGGTCCGTAG"	412	96.37
"GAGCTCACACGCTTGTCATT"	412	96.38
"GAGCTCTCTGCGGTAACCGT"	411	96.38
"GAGCTCCCCACGCTGGTATG"	411	96.39
"GAGCTCATGGCCCAAGGAAG"	411	96.39
"GAGCTCTGAGTGGCGTTACA"	410	96.40
"GAGCTCGCAAACCTTAGGGC"	410	96.41
"GAGCTCTGGCATACGGATTG"	409	96.41
"GAGCTCAATTTTCTTCGGGA"	409	96.42
"GAGCTCGTGTATCAGCTTAG"	408	96.43
"GAGCTCGTGTAGAAGGTTAG"	408	96.43
"GAGCTCGCGCATTTTTGACT"	408	96.44
"GAGCTCCGTTAGTGGGCGCG"	408	96.45
"GAGCTCCCGTCGATAGGTAA"	408	96.45
"GAGCTCATAGTGGCGTTATA"	408	96.46
"GAGCTCATGGTATATATTGG"	407	96.46
"GAGCTCTTGGCCTAGGTGCC"	406	96.47
"GAGCTCTTGATGAGCTTGTT"	406	96.48
"GAGCTCGGACAGTTCCGGAA"	406	96.48
"GAGCTCGCGTCTTCCGCCAT"	406	96.49
"GAGCTCCGCTTGTAAAACCC"	405	96.50
"GAGCTCGTGATAGTTCGGGG"	404	96.50
"GAGCTCGACGCCGGTTGTTG"	403	96.51
"GAGCTCAGTGTGTCGGAATG"	403	96.52
"GAGCTCACTAATTCTGAACA"	402	96.52
"GAGCTCTGGTTCTCATAAGG"	401	96.53
"GAGCTCATGGTGAATTCATT"	401	96.53
"GAGCTCAGCTTCACACCCTA"	401	96.54
"GAGCTCTGCTGAGTCCTCGC"	400	96.55
"GAGCTCGGCGCAGCCGGTAA"	400	96.55
"GAGCTCCAGGATTAGGCTTC"	400	96.56
"GAGCTCTGTGTCTACAACGC"	399	96.57
"GAGCTCTGTGAGTGTGCTAA"	399	96.57
"GAGCTCCTCTGAAAGGGCCC"	399	96.58
"GAGCTCATTACATTCGTGGA"	399	96.58
"GAGCTCTACCATGCCTGAAT"	398	96.59
"GAGCTCTAAATTTGTACTAG"	398	96.60
"GAGCTCTCTCGGCGTGGCAG"	397	96.60
"GAGCTCGTCTCTTAACTGGG"	397	96.61
"GAGCTCAAGTGCTATGAGCC"	397	96.61
"GAGCTCTTTCCAAATGCGTT"	396	96.62
"GAGCTCTTGTCTAATCCTTC"	396	96.63
"GAGCTCGGAGAGAGAGGTTA"	396	96.63
"GAGCTCGCAAAAACTATCTC"	396	96.64
"GAGCTCCGTGACCACGTTCT"	395	96.65
"GAGCTCCGCCGAAGGACATG"	395	96.65
"GAGCTCCCCGGAGCAGACAC"	395	96.66
"GAGCTCGTCAGTTAGAATGA"	394	96.66
"GAGCTCCTGATTGACTCGGA"	394	96.67
"GAGCTCATATGTCACAAAGG"	394	96.68
"GAGCTCTCTACGGTACGTCT"	393	96.68
"GAGCTCGTCGTAATATACGT"	393	96.69
"GAGCTCGCTTGGGCGTAATT"	393	96.70
"GAGCTCCACAGGGTAATGGC"	393	96.70
"GAGCTCGGGAGTGATCAATA"	392	96.71
"GAGCTCCGTTGCGATGGCCC"	392	96.71
"GAGCTCAACCATATAGAGTA"	392	96.72
"GAGCTCTGTCGCAATGCAGC"	391	96.73
"GAGCTCTATGGCGGAACTGC"	391	96.73
"GAGCTCGAGTTGTTCGCTGT"	391	96.74
"GAGCTCCAAGGCGGTAGTGC"	391	96.74
"GAGCTCATGTGCTTATGCGG"	391	96.75
"GAGCTCATGAAATTACATCC"	391	96.76
"GAGCTCTATAGAACACCGAT"	390	96.76
"GAGCTCGTAAGTTTTTAGAA"	390	96.77
"GAGCTCGCAATGATTCCCAT"	390	96.77
"GAGCTCGTTGAGGGCAGTTA"	389	96.78
"GAGCTCCGATATGCGTGTGG"	389	96.79
"GAGCTCATTTGATCACGGTA"	389	96.79
"GAGCTCTGTAGTGCCGTGGG"	387	96.80
"GAGCTCGTCACATAGGGAAC"	387	96.80
"GAGCTCGATGAACCTCTTGG"	387	96.81
"GAGCTCGGCTTCGATGAGCG"	386	96.82
"GAGCTCTTTGTCCCCCGTGT"	385	96.82
"GAGCTCGGCTATTCTTATTT"	385	96.83
"GAGCTCCACGGGAGAATACT"	385	96.84
"GAGCTCTTGCTATATCCTCA"	384	96.84
"GAGCTCTTGCATAAAGTCTT"	383	96.85
"GAGCTCTGACATGACCCATG"	383	96.85
"GAGCTCGTCATTTTTGTACG"	383	96.86
"GAGCTCATAGACTCTCGGAC"	383	96.87
"GAGCTCTTCCCGGAGAAGGT"	382	96.87
"GAGCTCTGAACATGACTATA"	382	96.88
"GAGCTCTAGTAGGGTCATTT"	382	96.88
"GAGCTCGCGGTTTTTGAATC"	382	96.89
"GAGCTCTGCCTCAGCAATCG"	381	96.89
"GAGCTCAGTGTTATGACAGG"	381	96.90
"GAGCTCAATCTGTGCTGTAT"	381	96.91
"GAGCTCATGTCGATTCACTC"	380	96.91
"GAGCTCAATATCGCTATCCT"	380	96.92
"GAGCTCAACGAGTATTTTTG"	380	96.92
"GAGCTCTGGTTAGGGCGTAG"	379	96.93
"GAGCTCTAGGTCTACTCGTG"	379	96.94
"GAGCTCCCCTCATATTTTTC"	379	96.94
"GAGCTCAATGAGGTCCTCCG"	378	96.95
"GAGCTCTGGATGGGTGGAAC"	377	96.95
"GAGCTCTCCGCCTGACCATG"	377	96.96
"GAGCTCGGGCATTAATGCTA"	377	96.97
"GAGCTCAGGCTTTTTTGAGG"	376	96.97
"GAGCTCTGATGCTTATACGT"	375	96.98
"GAGCTCGAAGTATGGTTAGG"	375	96.98
"GAGCTCAGGTGGTTGATGAT"	375	96.99
"GAGCTCAAATGTCCATTAAG"	375	97.00
"GAGCTCTTGCGGATTTTTAA"	374	97.00
"GAGCTCTCTACAAGGGTAAA"	374	97.01
"GAGCTCGAGCTACGTAAAAA"	374	97.01
"GAGCTCGACTTTCCCCTTAT"	373	97.02
"GAGCTCCCTAGTTTGTGTTT"	372	97.02
"GAGCTCATAAACCTCACCAT"	371	97.03
"GAGCTCCCTACTTTGTGACG"	370	97.04
"GAGCTCCATAATATAGACTG"	369	97.04
"GAGCTCATGCGCCTAGGTTT"	368	97.05
"GAGCTCGGCCTCACTGGTAA"	367	97.05
"GAGCTCCACCTTCATGGAGC"	366	97.06
"GAGCTCATTTTGCAACGTCT"	365	97.06
"GAGCTCCAGACAAGTGCTCT"	364	97.07
"GAGCTCCACGCTCGTGCTAG"	364	97.08
"GAGCTCCGACTTCGAGGGCC"	363	97.08
"GAGCTCCATCGCTGCATATA"	363	97.09
"GAGCTCACCAAGGATAGAAA"	363	97.09
"GAGCTCGAGGAAGCGTGTAC"	362	97.10
"GAGCTCAGTCAGCTATGCTT"	361	97.10
"GAGCTCTGCGAGTGTGTTAT"	360	97.11
"GAGCTCTTCCAAAGCCTCAT"	359	97.12
"GAGCTCTCCGATATGTTTTA"	359	97.12
"GAGCTCACAATGAAGCACCT"	359	97.13
"GAGCTCGTTTTTCAGACTGG"	358	97.13
"GAGCTCCGTATTAACACTTT"	358	97.14
"GAGCTCCACAGTGGATACGG"	358	97.14
"GAGCTCGTTATCGGACTCCT"	356	97.15
"GAGCTCAGCCTAATGACTAT"	355	97.15
"GAGCTCAAAAAGAGTCTTCC"	355	97.16
"GAGCTCGATTCATCTTAGTC"	354	97.17
"GAGCTCCCGTATCATACCAC"	354	97.17
"GAGCTCTGTACGAGTTCGGT"	353	97.18
"GAGCTCATGGCCTTGTGGAG"	353	97.18
"GAGCTCATGCGTTCTTAAAC"	353	97.19
"GAGCTCAGGTAAGACAAGAT"	353	97.19
"GAGCTCTGTGGCATACGTTG"	352	97.20
"GAGCTCTGTTATACGACGCT"	351	97.20
"GAGCTCTGACCCATGTTATG"	351	97.21
"GAGCTCAGCGTTGGGAGTTA"	351	97.22
"GAGCTCGGGCTCTATTGGGA"	350	97.22
"GAGCTCACAGATCTTGTTAG"	350	97.23
"GAGCTCTTAACAATGCGCGT"	349	97.23
"GAGCTCGCGCCCTGGCGCTA"	349	97.24
"GAGCTCTTGATGCTAGGTGC"	348	97.24
"GAGCTCTACAGAGAATTGCG"	348	97.25
"GAGCTCCAACTACATGTATG"	348	97.25
"GAGCTCAGAGAGACAGTTGT"	348	97.26
"GAGCTCTATCCAGTGCCCGT"	347	97.26
"GAGCTCTAAGGATTAAATTG"	347	97.27
"GAGCTCGTAAGGGTAATGCT"	346	97.28
"GAGCTCGCGCTATCGTATTC"	346	97.28
"GAGCTCTGGGAGTTTTGCGG"	345	97.29
"GAGCTCTGCTGGCGGATTTT"	345	97.29
"GAGCTCTGAGTAATGGTCTA"	344	97.30
"GAGCTCGGTTGCATATGGTT"	344	97.30
"GAGCTCACGTGACCAGTACC"	343	97.31
"GAGCTCCCACGCCAGTACAA"	342	97.31
"GAGCTCCAGGTGTAAGCCCC"	342	97.32
"GAGCTCATGGGATTTTCGTG"	342	97.32
"GAGCTCAGAGGTTAATAGTA"	342	97.33
"GAGCTCCGAGTGCGTTTTTG"	340	97.33
"GAGCTCAGGTAATCTTGGTT"	340	97.34
"GAGCTCAGCGTTTAAGCGCG"	339	97.34
"GAGCTCTTATATACGCCAGG"	338	97.35
"GAGCTCGTCACAATTCGGCT"	338	97.36
"GAGCTCCGTGCTCGTGACAA"	338	97.36
"GAGCTCTTAACCCGTTGTTA"	336	97.37
"GAGCTCTCTGCTAATAACCA"	336	97.37
"GAGCTCATGACTGTTATGGT"	336	97.38
"GAGCTCAAGAGGAGAAATGC"	336	97.38
"GAGCTCGTACTTACAACTGA"	334	97.39
"GAGCTCGATCATCGTCCTTT"	334	97.39
"GAGCTCAGACAGATCCATAC"	334	97.40
"GAGCTCCGCAGTTTAGGATT"	333	97.40
"GAGCTCAGTTGTCTTTTTCA"	333	97.41
"GAGCTCTCGGTGAGGGGGGT"	332	97.41
"GAGCTCGCCCGTAATTTAGA"	332	97.42
"GAGCTCCGCTGTGTGGTCAG"	332	97.42
"GAGCTCACATTCGTGTTGTG"	332	97.43
"GAGCTCTTGCAAAAATATCG"	331	97.43
"GAGCTCTACAGAGACGTGAA"	331	97.44
"GAGCTCGATGGTAAATGCAA"	331	97.44
"GAGCTCCTGCCGAACAGGGG"	331	97.45
"GAGCTCATCGTATGAGTAGG"	331	97.45
"GAGCTCAGAGGCGTCAGAGG"	331	97.46
"GAGCTCTGAGAACTCCGAGG"	330	97.46
"GAGCTCTCGACAACATGCCG"	330	97.47
"GAGCTCGGGTCTCAGGGAAT"	330	97.48
"GAGCTCTCTGTTAAGGTGGT"	329	97.48
"GAGCTCTCACTGGATTGTTA"	329	97.49
"GAGCTCTATATTACGCTGGT"	329	97.49
"GAGCTCGGTTTCTGACTTGT"	329	97.50
"GAGCTCCGAATATCTTAAAC"	328	97.50
"GAGCTCAATTTCTATGATGT"	328	97.51
"GAGCTCAATATATGTATTGA"	328	97.51
"GAGCTCAAGCAGCAACGATT"	328	97.52
"GAGCTCTCCTGGGCCGTAGG"	327	97.52
"GAGCTCTAGTGCCCTTCCAA"	327	97.53
"GAGCTCATATCAAATTCAAC"	327	97.53
"GAGCTCTCAGTGCCGGTTGG"	326	97.54
"GAGCTCGTATGGTCTCCGTG"	326	97.54
"GAGCTCCACGTTCTAAACTA"	326	97.55
"GAGCTCAACGCGTTAAACAA"	326	97.55
"GAGCTCGTGACGCATAATGG"	325	97.56
"GAGCTCACATAACATTCTTA"	325	97.56
"GAGCTCAAGACCTTGCATGG"	325	97.57
"GAGCTCTGCGGATTCAGTCA"	324	97.57
"GAGCTCATACACTGCAGGGT"	324	97.58
"GAGCTCTGTGCATTGCTAGT"	323	97.58
"GAGCTCTCGAACAGGAGCTG"	323	97.59
"GAGCTCCTTGCTAATCGTAT"	323	97.59
"GAGCTCCTGAATAAAAAGTA"	323	97.60
"GAGCTCTGACGGTACCATAC"	320	97.60
"GAGCTCTATAGCGTTCGTCG"	320	97.61
"GAGCTCGGTCAAGAATGAGA"	320	97.61
"GAGCTCACTTGGGTTATTCA"	320	97.62
"GAGCTCACGCCTCTCGGTCT"	320	97.62
"GAGCTCTGTTGGTTTTGTTG"	319	97.63
"GAGCTCATTGCAAAGGAGTA"	318	97.63
"GAGCTCCGTTGGTGGTTGGT"	317	97.64
"GAGCTCTGCTCTTCTTTTTG"	316	97.64
"GAGCTCTCCAAGAGGAAATG"	316	97.65
"GAGCTCCGCGTCAGTGGCTT"	316	97.65
"GAGCTCATTGATGCACTAGC"	316	97.66
"GAGCTCGGTTTCCCTGTATT"	314	97.66
"GAGCTCATACCTTTATCCCA"	314	97.67
"GAGCTCTCCGGCTCGAATTT"	313	97.67
"GAGCTCGTATAGCCTCCGTC"	313	97.68
"GAGCTCATCTTCGCGTCGGT"	313	97.68
"GAGCTCATATTATGGAGCTA"	313	97.69
"GAGCTCAGGTAAAAATGTAT"	313	97.69
"GAGCTCAGCCCAGATATATT"	313	97.70
"GAGCTCGCCATGGTTTTTAT"	312	97.70
"GAGCTCCAGATTGTGATTCA"	312	97.71
"GAGCTCAGCAGAGAAACGTT"	312	97.71
"GAGCTCCCGTCGCACGTAGC"	311	97.72
"GAGCTCATAGTAGCGCCTCT"	311	97.72
"GAGCTCAGATGGAGGTAAGA"	311	97.73
"GAGCTCTTTAACCAATCGTG"	310	97.73
"GAGCTCTATCCCAGATGGGC"	310	97.74
"GAGCTCGGTAGCTCCTATGG"	310	97.74
"GAGCTCTTCTTAGCTTTCGG"	309	97.74
"GAGCTCGTGAGTTGAGAATA"	309	97.75
"GAGCTCGCTCTGTATTTGTA"	309	97.75
"GAGCTCATGCTCGATACATA"	307	97.76
"GAGCTCACGAGAGTTGGAGT"	307	97.76
"GAGCTCTGCTAGGGTCACTT"	306	97.77
"GAGCTCGAAGCTTACTGACC"	306	97.77
"GAGCTCCAGTTTGAGTTGTT"	306	97.78
"GAGCTCGGTCATCTCTGTTG"	304	97.78
"GAGCTCGGCTCTTTCGGAGA"	304	97.79
"GAGCTCCGTAGCTGCCAGTG"	304	97.79
"GAGCTCAGAATCTATATTAA"	304	97.80
"GAGCTCCGATGGATAGTCGT"	303	97.80
"GAGCTCTGTGGATAGTCTGA"	302	97.81
"GAGCTCGTATTGAACTCGGG"	302	97.81
"GAGCTCCTCGATGTGCTAGT"	302	97.82
"GAGCTCACCTCTGATTCAGG"	302	97.82
"GAGCTCTAAAGTGCAGGGTA"	301	97.83
"GAGCTCTTGGGAACTGTTTA"	299	97.83
"GAGCTCGGATTGCTGTTTCT"	299	97.84
"GAGCTCATTCTAATTCGTGG"	299	97.84
"GAGCTCATAATAATATATCG"	298	97.84
"GAGCTCATACTGTTCCTTTA"	297	97.85
"GAGCTCTCTCACCGCCCCGG"	296	97.85
"GAGCTCGGTATTGGCTAGAT"	296	97.86
"GAGCTCGCTTAGATAACCGG"	296	97.86
"GAGCTCAGGTTCATTAATTG"	296	97.87
"GAGCTCTTTCTGGTGCTGGA"	295	97.87
"GAGCTCTCACGATGAGAATG"	295	97.88
"GAGCTCCGTGTCACCTTGGT"	295	97.88
"GAGCTCAAATAACCTTACCC"	295	97.89
"GAGCTCTACATGATTGCTTT"	294	97.89
"GAGCTCGCTAATAGATTTGT"	294	97.90
"GAGCTCCACCATGCGTTACT"	294	97.90
"GAGCTCTTCAGGGCTCGCTC"	293	97.90
"GAGCTCTGTTGAATGGCCTC"	293	97.91
"GAGCTCTCTGTTATGGGATG"	293	97.91
"GAGCTCTAGACAGTGGCAAG"	293	97.92
"GAGCTCAGAACCGGCAACTG"	293	97.92
"GAGCTCCAGCGTTGCTACGG"	292	97.93
"GAGCTCTCTTGTCAAGTTAC"	291	97.93
"GAGCTCGGTGTGTTTTCTCT"	291	97.94
"GAGCTCTGTAAAATTGGATG"	289	97.94
"GAGCTCTCTTGATATACTTT"	289	97.95
"GAGCTCTCTTAGATTATGTA"	289	97.95
"GAGCTCCGGTAGCTATACCG"	289	97.95
"GAGCTCCAGAATAAAAGTGA"	289	97.96
"GAGCTCAGCTCAGCTAAAGG"	289	97.96
"GAGCTCACCTATTTAGGCGA"	289	97.97
"GAGCTCTGGGTAGGGGGACA"	287	97.97
"GAGCTCTGAATCTCCTATGT"	287	97.98
"GAGCTCTGAAGGTGAACTGC"	287	97.98
"GAGCTCTTCGACCCGTACTG"	286	97.99
"GAGCTCGATATATCCGACTA"	286	97.99
"GAGCTCCAGAGCTCATGTGT"	286	98.00
"GAGCTCTGTTCGTGTACTGT"	285	98.00
"GAGCTCTCATTGACCGCAGG"	285	98.00
"GAGCTCGTAAAGCGATGTTA"	285	98.01
"GAGCTCGCATTCTATCTTTC"	285	98.01
"GAGCTCAGTTTAGTAGAGTG"	285	98.02
"GAGCTCAATTGACTGATCCT"	285	98.02
"GAGCTCTGGCTGTTTATGAA"	284	98.03
"GAGCTCTCCTGCTACTTTTC"	283	98.03
"GAGCTCGGTCATCTGGGATT"	283	98.04
"GAGCTCCCATATTGGGGTCT"	283	98.04
"GAGCTCCAAGTGCTACCTGG"	283	98.04
"GAGCTCATGTTATCAATAGT"	283	98.05
"GAGCTCACAATCAGTAACTT"	283	98.05
"GAGCTCGTGAGGTACTCGGG"	282	98.06
"GAGCTCGGAGTTCAATTCTG"	282	98.06
"GAGCTCATAATAACTCGCAT"	282	98.07
"GAGCTCACACTCCTACTTCT"	281	98.07
"GAGCTCGGAATACTTCTGTG"	280	98.07
"GAGCTCCGCAGGGCCTACGC"	280	98.08
"GAGCTCAGGATATGTTAGCC"	280	98.08
"GAGCTCAAGATGAGTTACGT"	280	98.09
"GAGCTCATTCGGTTTTGGTT"	279	98.09
"GAGCTCATTGTAGTCTGCCG"	278	98.10
"GAGCTCTTGTCAGATCCTGG"	277	98.10
"GAGCTCGTTAAAGTCTTAGT"	277	98.11
"GAGCTCGGATCCCGGATTTT"	276	98.11
"GAGCTCTTGATTTACGGAAT"	275	98.11
"GAGCTCGTATTCCGAATGGT"	275	98.12
"GAGCTCCCGCACCCCACGGT"	275	98.12
"GAGCTCAACTGTTCTCGGCC"	275	98.13
"GAGCTCCAGTGGGCTGAGTA"	274	98.13
"GAGCTCATCTAGCGATTGTT"	274	98.14
"GAGCTCTTTCGCGACGCGCA"	273	98.14
"GAGCTCTGGGGGACAAGGGA"	273	98.14
"GAGCTCGCGAATGTTGTGCG"	273	98.15
"GAGCTCGAACGAATCCTTAT"	272	98.15
"GAGCTCCTGTCCATGATATT"	272	98.16
"GAGCTCCTAAGTTAGTAACC"	272	98.16
"GAGCTCTGTGTTCGCCTCTA"	271	98.17
"GAGCTCTCTCAAGTGGTTTT"	271	98.17
"GAGCTCCGGTCAATAATACG"	271	98.17
"GAGCTCAGAGATATGCGCGT"	271	98.18
"GAGCTCTCCGCTGTCATAGA"	270	98.18
"GAGCTCTAGATCATTCGTTC"	270	98.19
"GAGCTCACTCTAGGGGTCTT"	270	98.19
"GAGCTCAAAGTAATATCTTG"	270	98.19
"GAGCTCTACAATATGCCGTT"	269	98.20
"GAGCTCCCTAAGATCCGTTT"	269	98.20
"GAGCTCAAAGTGGTATCTGT"	269	98.21
"GAGCTCTGAGTTAGTTGTTC"	268	98.21
"GAGCTCCATCTAAACTTTAG"	268	98.22
"GAGCTCTCGTCGAGGCCAAT"	267	98.22
"GAGCTCGTGGAGGGACATTG"	267	98.22
"GAGCTCAACCTCAGTTTTCC"	267	98.23
"GAGCTCTTTGTGTTTACGGA"	266	98.23
"GAGCTCTTTACCCGGCTACA"	266	98.24
"GAGCTCTCTAAGTACCGTGA"	266	98.24
"GAGCTCGGTGCTCTTATACT"	266	98.24
"GAGCTCCGGCGGTCACAGAA"	266	98.25
"GAGCTCAGACTTCACACTCC"	266	98.25
"GAGCTCTCTTAGAGTCAGGC"	265	98.26
"GAGCTCGGTTGTGCCATTAG"	265	98.26
"GAGCTCCGAAAAAGATTAAG"	265	98.27
"GAGCTCATTCACTACTAAAG"	265	98.27
"GAGCTCTGCCATATCCTGAC"	264	98.27
"GAGCTCTCTCGTGCGTAGTG"	264	98.28
"GAGCTCGCGCTCCACGATAA"	264	98.28
"GAGCTCAAGAAGACTATCAT"	264	98.29
"GAGCTCTCTGGCCCAGTCAA"	263	98.29
"GAGCTCCGTTAAAGCCTGTA"	263	98.29
"GAGCTCCAAATTCAGCTTAA"	262	98.30
"GAGCTCAAATTATCAGAGTG"	262	98.30
"GAGCTCTTAAGCTAGGTGGC"	261	98.31
"GAGCTCTTAAGACGCGGCGA"	261	98.31
"GAGCTCTGTGTGTAGATGTC"	261	98.31
"GAGCTCTAGTCGGTTAGTTA"	261	98.32
"GAGCTCGATTAATAGGTATG"	261	98.32
"GAGCTCCGATGACCCCGGGC"	261	98.33
"GAGCTCTTGAGAGGGAGCCC"	260	98.33
"GAGCTCTACCTGCAAATGTC"	260	98.34
"GAGCTCGGTTATACTTCGTG"	260	98.34
"GAGCTCATTAAACTTTTGTC"	260	98.34
"GAGCTCACTAATAGCCATAG"	260	98.35
"GAGCTCTTACGAGTGAAGGG"	259	98.35
"GAGCTCATTGAACTGACCAA"	259	98.36
"GAGCTCAACTGAGCTTTCGT"	259	98.36
"GAGCTCTGGCGTCTCGGGCT"	258	98.36
"GAGCTCGGTTTTCCTGTAAG"	258	98.37
"GAGCTCCACATCGTCCAATG"	258	98.37
"GAGCTCTATACCCGTTGGTT"	257	98.38
"GAGCTCGGGTATAAATTACT"	257	98.38
"GAGCTCATATGGTTGGTGTT"	257	98.38
"GAGCTCTTGTGATTGCCGTG"	256	98.39
"GAGCTCTATGGTTGGTAGCG"	256	98.39
"GAGCTCTAACATCTCTACCA"	256	98.40
"GAGCTCTAAAAAGATCGATG"	256	98.40
"GAGCTCGTATAAGCACGTAT"	256	98.40
"GAGCTCGGATTTTTGCGGTT"	256	98.41
"GAGCTCCCAGCCTACGGGCT"	256	98.41
"GAGCTCCAACACATCCGGAC"	256	98.42
"GAGCTCAGTACCATAGAGTC"	256	98.42
"GAGCTCACACCCTTAATTAC"	256	98.42
"GAGCTCTCGTAGCCCTGAAA"	254	98.43
"GAGCTCTACCATATGGATAA"	254	98.43
"GAGCTCCGTGAGGCTGGCGT"	254	98.44
"GAGCTCCACTCTTTGTTACA"	254	98.44
"GAGCTCAATTTGGTCCCTCT"	254	98.44
"GAGCTCTTACGTTTTCGCAT"	253	98.45
"GAGCTCGGAAGTGCAGAAAA"	253	98.45
"GAGCTCCTCGAGCTAATAAT"	253	98.46
"GAGCTCTTACGGGTCTGTAG"	252	98.46
"GAGCTCCAATCACGCTAGCC"	252	98.46
"GAGCTCGATAAGTAACAGTC"	251	98.47
"GAGCTCCTCCTTTCTACAGG"	251	98.47
"GAGCTCCTCATCGGGGGTTG"	251	98.48
"GAGCTCCTCATACTCCGTGG"	251	98.48
"GAGCTCCATTAATCCATGGC"	251	98.48
"GAGCTCTCTTTAAATCACTC"	250	98.49
"GAGCTCATTTGTTATTAGTT"	250	98.49
"GAGCTCTTGATTAAGTTGAG"	248	98.49
"GAGCTCTGGGAAACCCAATT"	248	98.50
"GAGCTCCGCTCCTGGTTGGA"	248	98.50
"GAGCTCACAGTCATCTACGT"	248	98.51
"GAGCTCGTTGCCTGGATTTA"	247	98.51
"GAGCTCGGAGCTCAGATATA"	247	98.51
"GAGCTCCCAGTACGCGTTAG"	246	98.52
"GAGCTCAGTGGTTGAGGTGT"	246	98.52
"GAGCTCACCCCCTACTTTTT"	246	98.53
"GAGCTCTTTCTACGGCTTAT"	245	98.53
"GAGCTCTTCTTGCGTTTTTC"	244	98.53
"GAGCTCCCGAAGCCGACTTG"	244	98.54
"GAGCTCGTTTTACTGAGGTT"	243	98.54
"GAGCTCGCTGCAGTTTAAAG"	243	98.54
"GAGCTCGAAGTATTAGGCTC"	243	98.55
"GAGCTCCGTTGTAGCGTATA"	243	98.55
"GAGCTCCGGCTATATTATGT"	243	98.56
"GAGCTCTAGGCAGCGCTAAA"	242	98.56
"GAGCTCGGCGTGTCTCGGTT"	242	98.56
"GAGCTCCGTAAAGGCTATGC"	242	98.57
"GAGCTCTCTTCGCTAAATTA"	241	98.57
"GAGCTCGTCCAACTTTAAAA"	241	98.57
"GAGCTCTTACCTTTGCAAGC"	240	98.58
"GAGCTCGCAGTTACTATGTA"	240	98.58
"GAGCTCGAATTTTAGGTCCG"	240	98.59
"GAGCTCCAAGTGCTGCTTGT"	240	98.59
"GAGCTCATTGTTTCATACTA"	240	98.59
"GAGCTCTTTATACTTCGACA"	239	98.60
"GAGCTCTGTCACCTATGTCG"	239	98.60
"GAGCTCTCCAAGCATTTACA"	239	98.60
"GAGCTCCTGGCAGCGTTGAA"	238	98.61
"GAGCTCCACGAAGAGACTAG"	238	98.61
"GAGCTCTTAACGAGAAGATG"	237	98.62
"GAGCTCTGTAGATGAAATTG"	237	98.62
"GAGCTCTACCCTGATTGTGT"	237	98.62
"GAGCTCGTTACCTGTTGTAA"	236	98.63
"GAGCTCGGGATTACATCTAA"	236	98.63
"GAGCTCGCTCGTTCCGGGCA"	236	98.63
"GAGCTCACACGACATTACAT"	236	98.64
"GAGCTCTAGTATGTGCGTCA"	235	98.64
"GAGCTCGATTTCGTAAATGC"	235	98.65
"GAGCTCCTTTCATCCCGCTC"	235	98.65
"GAGCTCCTCCCTGGCGTAAG"	235	98.65
"GAGCTCACTTTGTGTGAGTT"	235	98.66
"GAGCTCGGTTTTAATACAGT"	234	98.66
"GAGCTCAAGAACGAATATGA"	234	98.66
"GAGCTCGGATGTTCTGGATA"	233	98.67
"GAGCTCCTTTGCGCGTGTTG"	233	98.67
"GAGCTCATTTGATACGAGTG"	233	98.67
"GAGCTCATTCAAGTTGGGAG"	233	98.68
"GAGCTCTGTTATTTCTCAGG"	232	98.68
"GAGCTCTGTAGATACGGTGG"	232	98.69
"GAGCTCTTTCGTATTGTCCT"	231	98.69
"GAGCTCTTCATCACCTAAAG"	231	98.69
"GAGCTCGATAAAACGGGATT"	231	98.70
"GAGCTCTTGGGCTTTATTCT"	230	98.70
"GAGCTCTCGTGCACTTGATC"	230	98.70
"GAGCTCAGTTAAAGATCACG"	230	98.71
"GAGCTCAAATATTTTTGATA"	230	98.71
"GAGCTCGCCCTTTAATATTG"	229	98.71
"GAGCTCGATAGTGTTGTGAG"	229	98.72
"GAGCTCGAGTTCTTTATAAC"	229	98.72
"GAGCTCCTGGGGTTGTTCCG"	229	98.73
"GAGCTCCTGGATTGAAAATC"	229	98.73
"GAGCTCTGTCGAGCTTTGGT"	228	98.73
"GAGCTCTGGTGTTCGGGAAT"	228	98.74
"GAGCTCCTAGCCCAGATTGT"	228	98.74
"GAGCTCTTGTATACAATATT"	227	98.74
"GAGCTCTCTATGTAGGATAT"	227	98.75
"GAGCTCCTATTGCCCCAATG"	227	98.75
"GAGCTCCCGGAAGCCTCTGT"	227	98.75
"GAGCTCCCACGAAGCCACAT"	227	98.76
"GAGCTCCTGAATGCCACACG"	226	98.76
"GAGCTCATCCACGGCTTTAG"	226	98.76
"GAGCTCACTTAAAATCTTAC"	226	98.77
"GAGCTCGTGATCGTTTTTTG"	225	98.77
"GAGCTCTTACAAACTGGGTG"	224	98.77
"GAGCTCTGATTATGCGATGC"	224	98.78
"GAGCTCCTTTCGTGTAGTTC"	224	98.78
"GAGCTCATTGGGATTTATAG"	224	98.79
"GAGCTCATCGTCTAGAATCG"	224	98.79
"GAGCTCAAATCCATTTTCTA"	224	98.79
"GAGCTCTTGAGCTGTGTATT"	222	98.80
"GAGCTCTCCAGGTATGCGGG"	222	98.80
"GAGCTCTATTCGGGAACTTA"	222	98.80
"GAGCTCTACGCGATCTATTT"	222	98.81
"GAGCTCGTTTGAAACGTTGC"	221	98.81
"GAGCTCCGTATTCTGATACT"	221	98.81
"GAGCTCCCCTAGACACGACG"	221	98.82
"GAGCTCATCATCTTGCTCAG"	221	98.82
"GAGCTCAGTTGTTGCTATGA"	221	98.82
"GAGCTCTACTGATCATGTCG"	220	98.83
"GAGCTCGTGATCTTGTATGT"	220	98.83
"GAGCTCATGAATTAGGTTCA"	219	98.83
"GAGCTCTTGTCGAACTTGAT"	218	98.84
"GAGCTCTCTGTTGTTCTTTG"	218	98.84
"GAGCTCGTGGTCTTTCAGGT"	218	98.84
"GAGCTCGCACTATAATTATA"	218	98.85
"GAGCTCCAGTAACGCTCAAC"	218	98.85
"GAGCTCGTTCATTCATCGCT"	217	98.85
"GAGCTCCTTTCTTGTATCAA"	217	98.86
"GAGCTCCGTTTAGGTCTAGA"	217	98.86
"GAGCTCAGATGAGTATCGTT"	217	98.86
"GAGCTCTCGATCGTCGACCA"	216	98.87
"GAGCTCGTTTCCTCCCGGGC"	216	98.87
"GAGCTCGTATATCTAAAGGG"	216	98.87
"GAGCTCTTCGTGCGTGTACT"	215	98.88
"GAGCTCTGTAGTACAAGAGT"	215	98.88
"GAGCTCTCTGCACAAGGACG"	215	98.88
"GAGCTCATGTAAGCTACTCT"	215	98.89
"GAGCTCTTTACACACTGATG"	214	98.89
"GAGCTCGTTTTTATGCTTTA"	214	98.89
"GAGCTCCGCGTACTAAGCGA"	214	98.90
"GAGCTCACAGATTATGTGCG"	214	98.90
"GAGCTCAAGGTGGGATTTCT"	214	98.90
"GAGCTCTTGGCGCACCTTTT"	213	98.91
"GAGCTCCTGTGTCAGGAATT"	213	98.91
"GAGCTCCTAGAGAATGCTTA"	213	98.91
"GAGCTCTTGTTTACTTGTGG"	212	98.92
"GAGCTCTGATTAGATGTCGC"	212	98.92
"GAGCTCGATTCTTTCAGAGC"	212	98.92
"GAGCTCCATGGGCTATGGTT"	212	98.93
"GAGCTCATAGTTATACCAAG"	212	98.93
"GAGCTCTGGTAAGCATTATG"	211	98.93
"GAGCTCTAAGGAATGCCAAA"	211	98.94
"GAGCTCGTCTTAAGGAGTCA"	211	98.94
"GAGCTCAAATCGTAATCTGG"	211	98.94
"GAGCTCTTTTTATGGTAATG"	210	98.95
"GAGCTCCTTGCTGAGGTACA"	210	98.95
"GAGCTCCCCTAGCATTACAA"	210	98.95
"GAGCTCCCACAAATTTATTT"	210	98.96
"GAGCTCTATCTCGGTCCGAT"	209	98.96
"GAGCTCTAAAGGGGACTGAC"	209	98.96
"GAGCTCGTACACAGAAACGA"	209	98.97
"GAGCTCGATTAAAGGTTTGT"	209	98.97
"GAGCTCTGAATGTACCTTGC"	208	98.97
"GAGCTCTGAATGCTATTCGG"	208	98.98
"GAGCTCTCTCCGCTACTGTG"	208	98.98
"GAGCTCTCTAGACACGCGGG"	208	98.98
"GAGCTCTCAAGCGTTCCATT"	208	98.99
"GAGCTCAAAATGTGTCATAG"	208	98.99
"GAGCTCTGATTGTCGTGATC"	207	98.99
"GAGCTCTAGGTCAGTTAGTC"	207	99.00
"GAGCTCTTCCCTCGATTACA"	206	99.00
"GAGCTCCTTTTGTGATTTAG"	206	99.00
"GAGCTCTATAAGGTAGGCTA"	205	99.01
"GAGCTCTAATATGTCTGACG"	205	99.01
"GAGCTCGATCTCTGGGTATT"	205	99.01
"GAGCTCTGCGTAGCATAGGG"	204	99.02
"GAGCTCTGATAAGGATGTGG"	204	99.02
"GAGCTCGTTAGGTTACCTAC"	204	99.02
"GAGCTCGAGCGTTCAGCTCG"	204	99.03
"GAGCTCCAGGTGATCGGGAG"	204	99.03
"GAGCTCATTCTTTTGGAGCA"	204	99.03
"GAGCTCATACGTGTATCGTG"	204	99.03
"GAGCTCTAGAACTCGGGTCC"	203	99.04
"GAGCTCCTCGTGTGTATGAC"	203	99.04
"GAGCTCATACGTTGTGTCAT"	203	99.04
"GAGCTCTAACGCTGTTGTTC"	202	99.05
"GAGCTCTGTGTTGTTTCTTC"	201	99.05
"GAGCTCTGGCGTTTCGGTGA"	201	99.05
"GAGCTCTTGCGGCTGGTTTT"	200	99.06
"GAGCTCTTAGAACTGATTCG"	200	99.06
"GAGCTCTGCTGATCGTTTAT"	200	99.06
"GAGCTCTGCGTTCGGTAATT"	200	99.07
"GAGCTCCTTTAAGTCGGCGA"	200	99.07
"GAGCTCCACTTCTTAGTTAT"	200	99.07
"GAGCTCAGCGTTCTAGTAAG"	200	99.08
"GAGCTCTTGCATACTTAGGC"	199	99.08
"GAGCTCCGATTTCGTTTAAC"	199	99.08
"GAGCTCCCTAATGCCGCGAA"	199	99.09
"GAGCTCACTGGTTCTCGTAA"	199	99.09
"GAGCTCAATAGTCTTGCGTA"	199	99.09
"GAGCTCTCGGTTGCGCGAAG"	198	99.09
"GAGCTCTACTAAGTAATTGG"	198	99.10
"GAGCTCTAATATGCGGACCT"	198	99.10
"GAGCTCCTAGTTATTGGATT"	198	99.10
"GAGCTCCGTGCTTAACAAGC"	198	99.11
"GAGCTCCCGTTTGCGACGGT"	198	99.11
"GAGCTCATGTCATTGATTAA"	198	99.11
"GAGCTCAAGATATGCTTTAT"	198	99.12
"GAGCTCTTTGACCCGTGCGC"	197	99.12
"GAGCTCTTACTATATTGTTT"	197	99.12
"GAGCTCTCGGGGCATACATT"	197	99.13
"GAGCTCTACACTCGTGTTTC"	197	99.13
"GAGCTCGGAATTAATTAGAT"	197	99.13
"GAGCTCATGTTAATAGCAGA"	197	99.13
"GAGCTCAGTCTAAAATTCAT"	197	99.14
"GAGCTCTTGTCTTAGAGTAG"	196	99.14
"GAGCTCTCATGCCCGAAGTA"	196	99.14
"GAGCTCCGTGAGTAAGGTTT"	196	99.15
"GAGCTCCGGACTTGTTAATC"	196	99.15
"GAGCTCACAAATTTGTCCGT"	196	99.15
"GAGCTCAAAGTCCAAGAGGT"	196	99.16
"GAGCTCTTCGCTGGGGTCGT"	195	99.16
"GAGCTCCTCCTGTTAGGTGC"	195	99.16
"GAGCTCAGAAGTCTGGGGTT"	195	99.17
"GAGCTCTGTCTGGGAATTTA"	194	99.17
"GAGCTCCGTTCTATAAATTG"	194	99.17
"GAGCTCCCATACTTACGTCT"	194	99.17
"GAGCTCTCTGTATGGTTTAT"	193	99.18
"GAGCTCTCAGCTACCGTGAG"	193	99.18
"GAGCTCGTACGATTTTCATG"	193	99.18
"GAGCTCCTGCGGAGCGAACT"	193	99.19
"GAGCTCTTCTTGCTTCGGGG"	192	99.19
"GAGCTCTGCTTTCCGAGTTA"	192	99.19
"GAGCTCTGAAAGGGTACTGG"	192	99.20
"GAGCTCCTTGCAGAGCAACA"	192	99.20
"GAGCTCCTCGTGTCAATGCG"	192	99.20
"GAGCTCTGGTAGAGTTTGGA"	191	99.20
"GAGCTCTCGTTCCTCGTAAC"	191	99.21
"GAGCTCGACATATTCAGCAT"	191	99.21
"GAGCTCCTACGTTTATTTGT"	191	99.21
"GAGCTCTCTGCTTGTGTCTG"	190	99.22
"GAGCTCTCCTATCAATTGTA"	190	99.22
"GAGCTCCTGGAGTGACTCTT"	190	99.22
"GAGCTCCCAAGGCTAATACA"	190	99.23
"GAGCTCCATGCGTAAAATTT"	190	99.23
"GAGCTCGTGTTTACCTAGAT"	189	99.23
"GAGCTCACTGTCCTTATCAT"	189	99.23
"GAGCTCTTTTAGCAATGTTG"	188	99.24
"GAGCTCTGATATGTAGCCTA"	188	99.24
"GAGCTCTCTATTTTCAATTG"	188	99.24
"GAGCTCCTAATAATGGACAG"	188	99.25
"GAGCTCACATTACTCAGTGG"	188	99.25
"GAGCTCCCTTTTTTGACCGG"	186	99.25
"GAGCTCTTGCTCAAGTTTGT"	185	99.25
"GAGCTCTTCAATCCATCTAA"	185	99.26
"GAGCTCTATTCCGTGTGATG"	185	99.26
"GAGCTCGTAAATATTGTGCG"	185	99.26
"GAGCTCCTGAGGGATGGGTT"	185	99.27
"GAGCTCAGTTGACCAAATTT"	185	99.27
"GAGCTCACCGTTTAGGTCAT"	185	99.27
"GAGCTCTGACTATTCACGAG"	184	99.27
"GAGCTCGCTATATTGTTTGC"	184	99.28
"GAGCTCCAATTTAGTTGATA"	184	99.28
"GAGCTCATTTTTAGTTTACA"	184	99.28
"GAGCTCTGCTCGTCATGGGA"	183	99.29
"GAGCTCTCCATGAGTTTGGC"	183	99.29
"GAGCTCGTATTGTAAGGGAT"	183	99.29
"GAGCTCTGTATAGAGCAGGG"	182	99.29
"GAGCTCGTTTACGGTTGTTT"	182	99.30
"GAGCTCATTCGGCCTTTCGG"	182	99.30
"GAGCTCAGCCATTCCCGCTT"	182	99.30
"GAGCTCTTACAGGTGATTGC"	181	99.31
"GAGCTCTGTAAGCGTTCGGG"	181	99.31
"GAGCTCTAGGCTAACTAAAG"	181	99.31
"GAGCTCGCCTTTTTCCCGGT"	181	99.31
"GAGCTCACGCTTGCTTTGTT"	180	99.32
"GAGCTCGTGATTATCAAGGT"	179	99.32
"GAGCTCCCGATGGATTTGCG"	179	99.32
"GAGCTCTGCAGGAAAATCCA"	178	99.33
"GAGCTCGTGGTTGTTATATA"	178	99.33
"GAGCTCCGTTAAAATTCACC"	177	99.33
"GAGCTCCATACTGTGTATAC"	177	99.33
"GAGCTCATTCTAGGTGTCAA"	177	99.34
"GAGCTCTTTGAAGATGGCCT"	176	99.34
"GAGCTCAGTTCCAGAAAATG"	176	99.34
"GAGCTCTGAAACTCGCTGGA"	175	99.35
"GAGCTCCGGTCCTTTTGTGG"	175	99.35
"GAGCTCCCAAATCAGGTGTA"	175	99.35
"GAGCTCACGCTTCTTGTGAG"	175	99.35
"GAGCTCAATAACGTCTGAAG"	175	99.36
"GAGCTCGTTGGTATATATGC"	174	99.36
"GAGCTCCTGGATATATGGTT"	173	99.36
"GAGCTCATCTCTTTTGTCCT"	173	99.36
"GAGCTCTTACGAGCGCACCG"	172	99.37
"GAGCTCTGTCTGGTAATTAT"	172	99.37
"GAGCTCTAAATGGGTCCGCG"	172	99.37
"GAGCTCGTAGTTCTCAAGCG"	172	99.38
"GAGCTCGTAATAAATTCAAT"	172	99.38
"GAGCTCCGCCGATGTAGAAT"	172	99.38
"GAGCTCAAGTAGCAGTTTAA"	172	99.38
"GAGCTCTGTTCACGGATAGT"	171	99.39
"GAGCTCTCACTTTAGTATTA"	171	99.39
"GAGCTCTCACTGGTATCAGG"	171	99.39
"GAGCTCGTATGTTTAACGTA"	171	99.39
"GAGCTCCGTGCCTATTTTGC"	171	99.40
"GAGCTCATTTTTTTATGCTA"	171	99.40
"GAGCTCTTCCAAGAGTTCTC"	170	99.40
"GAGCTCTGATGCTACCATTA"	170	99.40
"GAGCTCTCTTTCACCGGTAT"	170	99.41
"GAGCTCTATTGGCAGTGGAT"	170	99.41
"GAGCTCCTTATTGGCTTTTG"	170	99.41
"GAGCTCCGCCTACACGAGAC"	170	99.42
"GAGCTCTTTTCATGGGCCGC"	169	99.42
"GAGCTCTGGGTGAATTCAAT"	169	99.42
"GAGCTCTCTCGCACAACTTA"	169	99.42
"GAGCTCTATGTAGACAACTT"	169	99.43
"GAGCTCGTTCATATAAATAG"	169	99.43
"GAGCTCGTTCAGTTAACCTT"	169	99.43
"GAGCTCCTGACGATAAGGCA"	169	99.43
"GAGCTCATGTGTACACTCCG"	169	99.44
"GAGCTCTCTCGCCCGATTTA"	168	99.44
"GAGCTCTCTATTTTACGATT"	168	99.44
"GAGCTCTCCATGTTTGCAGA"	168	99.44
"GAGCTCGTTCTTGAGTCATA"	168	99.45
"GAGCTCCCTCATTGAAAATC"	168	99.45
"GAGCTCCCAATAGAGTGACC"	168	99.45
"GAGCTCCATGTAGGCAGAGA"	168	99.45
"GAGCTCATTATTTTTATCCC"	168	99.46
"GAGCTCTACGTCACTTCATG"	167	99.46
"GAGCTCTCAGTTGAATCCCA"	166	99.46
"GAGCTCTTTAGTAATTATAT"	165	99.46
"GAGCTCAAAAGGTTGGTAGT"	165	99.47
"GAGCTCTTATCGCGAATAGA"	164	99.47
"GAGCTCGATTGCTATCGCTT"	164	99.47
"GAGCTCCTGTCAACTGGTTG"	164	99.48
"GAGCTCCCGGTAGTGTTAGA"	164	99.48
"GAGCTCTCGTTGAATTTTGC"	163	99.48
"GAGCTCAGCCATTTTTCTCG"	163	99.48
"GAGCTCTTCTTATCCCCAAG"	162	99.49
"GAGCTCTCAAACAGTTTCGC"	162	99.49
"GAGCTCATACTAATGTCTGA"	162	99.49
"GAGCTCGCCTTATCTAAAGG"	161	99.49
"GAGCTCCTTGTCATTGTTGT"	161	99.50
"GAGCTCTGAAAACAGCTGGT"	160	99.50
"GAGCTCTAAGTGGCTGTGAA"	160	99.50
"GAGCTCGAACGAATTTTATA"	160	99.50
"GAGCTCATAGTAATCGGTCC"	160	99.51
"GAGCTCAGTTCCGAATCCTC"	160	99.51
"GAGCTCTTTTGAATATTTTA"	159	99.51
"GAGCTCTTTGTCAGGCCGGG"	159	99.51
"GAGCTCCCACAGGAGATAGA"	159	99.52
"GAGCTCTCTGGTCTTCGTTA"	158	99.52
"GAGCTCCTGGAATGTCCTTC"	157	99.52
"GAGCTCAATAAGTCAAGTTT"	157	99.52
"GAGCTCAACATAATGGATAA"	157	99.53
"GAGCTCTTGGTTGGAGGAGC"	156	99.53
"GAGCTCTCTGTGTAGTCTCG"	155	99.53
"GAGCTCTAATAGCACTATTT"	155	99.53
"GAGCTCCTCCTACCAATCAT"	155	99.54
"GAGCTCCCGTGAACGACCGA"	155	99.54
"GAGCTCTTTTGAACTCTTCA"	154	99.54
"GAGCTCTTGATGGTAAGCAC"	154	99.54
"GAGCTCTTAGACAAATTTAG"	154	99.54
"GAGCTCATATTGTTTCGCGG"	154	99.55
"GAGCTCTGAGAGCCTACTTA"	153	99.55
"GAGCTCTATCTTTAAAAGCG"	153	99.55
"GAGCTCTACTTCGTAAGGGC"	153	99.55
"GAGCTCGTTTCCTCAGCCCG"	153	99.56
"GAGCTCGCCTTCTAATAGTT"	153	99.56
"GAGCTCGAATCAATTAGAAC"	153	99.56
"GAGCTCTTTGTACTCGTAAC"	152	99.56
"GAGCTCGCGCAGACTCGTGA"	152	99.57
"GAGCTCAATGGTTATGATAG"	152	99.57
"GAGCTCATCTACTGTTAGGT"	151	99.57
"GAGCTCTCTTGTGGAGGGTT"	150	99.57
"GAGCTCTAGAACTAAGGCCA"	150	99.58
"GAGCTCTAACGACTCATGGG"	150	99.58
"GAGCTCGTTTAGATCTGCTA"	150	99.58
"GAGCTCCTATACAGTTACAT"	150	99.58
"GAGCTCCGTCAACCATTTAT"	150	99.59
"GAGCTCTTCAAGCGCATCGT"	149	99.59
"GAGCTCTAGTATACTTGTAC"	149	99.59
"GAGCTCCTCATGCGAATAGC"	149	99.59
"GAGCTCCTACAGAGGCAGGA"	149	99.59
"GAGCTCCAGGGATAAGAATT"	149	99.60
"GAGCTCATTGGAGTTGTTTA"	149	99.60
"GAGCTCTTTGTGTGCCATCG"	148	99.60
"GAGCTCTTAAATTTTTCCCT"	148	99.60
"GAGCTCGTCCCTTTATTGAT"	148	99.61
"GAGCTCCTCTCGAGGATGGA"	148	99.61
"GAGCTCCGTCTATGAAATCG"	148	99.61
"GAGCTCCCTCTCCGCACGTA"	148	99.61
"GAGCTCATCAATTAGCTCCC"	148	99.62
"GAGCTCATACTTATATCCCC"	148	99.62
"GAGCTCGTGTATTATTTAAT"	147	99.62
"GAGCTCCGCTTGTAGAGCTT"	146	99.62
"GAGCTCATTCTGTTGTTTCC"	146	99.62
"GAGCTCAGTATCCCTTAGTG"	146	99.63
"GAGCTCTGGTTCTGAAGACA"	145	99.63
"GAGCTCTAGTTGTAAATAAT"	145	99.63
"GAGCTCTCTTACGATATGAA"	144	99.63
"GAGCTCTAATACGTCAAGCT"	144	99.64
"GAGCTCTTCGTAATTTACCG"	143	99.64
"GAGCTCTCAGTCTGTGTTTA"	143	99.64
"GAGCTCCCATTATTCGGAAT"	143	99.64
"GAGCTCTTTCTTAAGTACGT"	142	99.64
"GAGCTCTTCGCTAATGCGCT"	142	99.65
"GAGCTCTTCAATCGGGGAGC"	142	99.65
"GAGCTCTCTAGCTTCGTAAC"	142	99.65
"GAGCTCATAATTATTTATGT"	142	99.65
"GAGCTCTTTCGACGCTCTGG"	141	99.66
"GAGCTCTTCAGCGGCTCAAT"	141	99.66
"GAGCTCTTATGGATATACTT"	140	99.66
"GAGCTCTCTATACTTACGAC"	140	99.66
"GAGCTCTCCCAATATATGCA"	140	99.66
"GAGCTCAACGATCAGAAAAG"	140	99.67
"GAGCTCTTCTACCGAACCGT"	139	99.67
"GAGCTCTTAGATAATCGCGC"	139	99.67
"GAGCTCTTACATAAGTATCT"	139	99.67
"GAGCTCTCTTCATCCCTTTC"	139	99.68
"GAGCTCTCCTATTTGACTTT"	139	99.68
"GAGCTCTACTTATAATTCTA"	139	99.68
"GAGCTCGGTTTTTCTGATGT"	139	99.68
"GAGCTCCTAGTCGATTTAAA"	139	99.68
"GAGCTCCGCTTGTAACGTTA"	139	99.69
"GAGCTCCGAGTGTGGAGGAT"	139	99.69
"GAGCTCTTACGGGGTTTCTC"	138	99.69
"GAGCTCCCGCGAATGGTAAA"	138	99.69
"GAGCTCCCCAGTCTTTACTA"	138	99.69
"GAGCTCAGCCTCTTCCATAT"	138	99.70
"GAGCTCTCCATCGGATCTCG"	137	99.70
"GAGCTCTACCTGAAGATTTA"	137	99.70
"GAGCTCTAAGAACGTGGTAT"	137	99.70
"GAGCTCTGGATAAGTTGTAT"	136	99.71
"GAGCTCCTTTGGGGGCAAGT"	136	99.71
"GAGCTCTAACCAATTGTCCA"	135	99.71
"GAGCTCCGATTGCAAAATTT"	135	99.71
"GAGCTCAAAGCTATCATTGT"	135	99.71
"GAGCTCTTTGTGGGAGGATG"	134	99.72
"GAGCTCTTTTGAAGGCATTT"	133	99.72
"GAGCTCTTGCAATGGGTTAA"	133	99.72
"GAGCTCTCATAGAGGGATAG"	133	99.72
"GAGCTCTATCTCCTGTGTGT"	133	99.72
"GAGCTCCTGGATATCAGAGT"	133	99.73
"GAGCTCCGGGTAAATGTTAT"	133	99.73
"GAGCTCCAAAGTGTTGAGTA"	133	99.73
"GAGCTCATCCAGGTTTTGAA"	133	99.73
"GAGCTCACAGTAAATATTGT"	133	99.73
"GAGCTCTTTGAATAAAAGTA"	132	99.74
"GAGCTCTCGTCAATACTAGG"	132	99.74
"GAGCTCTCATTGGTCTTGTC"	132	99.74
"GAGCTCAGTCATCTTTCTTT"	132	99.74
"GAGCTCAAATTATTAATATT"	132	99.75
"GAGCTCTTAACCTGTGCATT"	131	99.75
"GAGCTCCCGGAATACAGAAC"	131	99.75
"GAGCTCAATCGCATCTCATA"	131	99.75
"GAGCTCTCCTCAGGTAATAA"	130	99.75
"GAGCTCGTTTACTGCTATGA"	130	99.76
"GAGCTCAAGGTATCCTTCCT"	130	99.76
"GAGCTCTTTGCTCGGTCTAG"	129	99.76
"GAGCTCTGGCTTCTTCAGGC"	129	99.76
"GAGCTCTCGTTTCGGAGTGT"	129	99.76
"GAGCTCTAATGGCTAGGCTT"	129	99.77
"GAGCTCCATTAACGACTCTT"	129	99.77
"GAGCTCATATACTCTTGCAT"	129	99.77
"GAGCTCAACTCTAAGATCTA"	129	99.77
"GAGCTCTGCAAATGACATCT"	128	99.77
"GAGCTCGATACCCACGGCAT"	128	99.78
"GAGCTCCGGTTCCACTTTAT"	128	99.78
"GAGCTCTTATTATTGGTGGT"	127	99.78
"GAGCTCTTAAGAGTGACGCG"	127	99.78
"GAGCTCGTCTCCTATTAGTA"	127	99.78
"GAGCTCAACATTCTGGTATT"	127	99.79
"GAGCTCTTCGAAAACTGTTA"	126	99.79
"GAGCTCTATGTTTCGCCCGA"	126	99.79
"GAGCTCTAATAACTGGTCAG"	126	99.79
"GAGCTCCCAAGGCGGTTGTT"	126	99.79
"GAGCTCTTCATAACTCATAC"	125	99.80
"GAGCTCTGTTTTAGTGCGAG"	125	99.80
"GAGCTCCTATGTTCGGACCA"	125	99.80
"GAGCTCTTACCATTGCACGA"	124	99.80
"GAGCTCTGACTTCCTACAAG"	124	99.80
"GAGCTCTAGGGTGTTCTAGT"	124	99.80
"GAGCTCCTAGCTCTACGGAG"	124	99.81
"GAGCTCCGATTCCTGAAGTA"	124	99.81
"GAGCTCCCATCCATCCTTAT"	124	99.81
"GAGCTCTTTCCCATAAGTAT"	123	99.81
"GAGCTCTTCGGTTGTTTAAG"	123	99.81
"GAGCTCTCCTTTGTAAGTAT"	123	99.82
"GAGCTCCTTCACAGATGCGT"	123	99.82
"GAGCTCCGATTTTTTTATGT"	123	99.82
"GAGCTCCAAGATGCTTAATC"	123	99.82
"GAGCTCATATTAGCCTCAAG"	123	99.82
"GAGCTCAGTGTGTAGGGCTC"	123	99.83
"GAGCTCTCTAGGAGACTTCG"	122	99.83
"GAGCTCGTCCGTATATATAT"	122	99.83
"GAGCTCCACGTCATATATTG"	122	99.83
"GAGCTCTAGTGTTTAGTCGC"	121	99.83
"GAGCTCATTAGGCTCTCTAG"	121	99.84
"GAGCTCAATTGGCTAAGTTC"	121	99.84
"GAGCTCTCTTTCTGTTATCC"	120	99.84
"GAGCTCGATGTCCCTCAGAA"	120	99.84
"GAGCTCCCATCGTACATACG"	120	99.84
"GAGCTCTTCCCAGTTTAGTC"	119	99.85
"GAGCTCTCTAGTTAGGGGGC"	119	99.85
"GAGCTCTCATCACCTTGGGC"	119	99.85
"GAGCTCTAATTTGTACAGAT"	119	99.85
"GAGCTCCTTCGACAGTGTAT"	119	99.85
"GAGCTCTTTCTTGTTCGGGC"	118	99.85
"GAGCTCGAGGAAAATTTCAT"	118	99.86
"GAGCTCCAGGGTCCTGAATT"	118	99.86
"GAGCTCTTAGGTTGGTCCGT"	117	99.86
"GAGCTCTGTTATTCAAGAAT"	117	99.86
"GAGCTCCTCACATGAGTTCT"	117	99.86
"GAGCTCAAGAAGGTTTGATT"	117	99.87
"GAGCTCTTTTTCGACGGGCT"	116	99.87
"GAGCTCTTGTCTGTAGGGAA"	116	99.87
"GAGCTCTTCGTTCGCGAGTA"	116	99.87
"GAGCTCGTCAGTTTTATACC"	116	99.87
"GAGCTCCCTTAAAGCGATGG"	116	99.87
"GAGCTCAGATGAATTAAAAT"	116	99.88
"GAGCTCTTCCATGATGCACT"	115	99.88
"GAGCTCTTAGTTTTCTTACG"	115	99.88
"GAGCTCTTACGGAGGTTTAA"	115	99.88
"GAGCTCTCTTTTATGAATAA"	115	99.88
"GAGCTCTCTATGAATGTTTC"	115	99.89
"GAGCTCGTCTTCTATGACGA"	115	99.89
"GAGCTCCTCCTTTCGTGTGG"	115	99.89
"GAGCTCCTCCTGCCTGAATA"	115	99.89
"GAGCTCCAAACGCCTCTAAT"	115	99.89
"GAGCTCACATTTTCTAATCC"	115	99.89
"GAGCTCTTTCACGGAGCATA"	114	99.90
"GAGCTCTTTATTTTGACAGG"	114	99.90
"GAGCTCTATCTATTAACGAG"	114	99.90
"GAGCTCTATAGTGGAATCTG"	114	99.90
"GAGCTCCTTCCCGGAGCTCA"	114	99.90
"GAGCTCCGTAAAGTTCGTGT"	114	99.90
"GAGCTCCACTGTACAATAAT"	114	99.91
"GAGCTCACTGATTATTCTAG"	114	99.91
"GAGCTCTTAGATGGGTGGAA"	113	99.91
"GAGCTCTCTTAGCCCATATA"	113	99.91
"GAGCTCAGAAATTAGTATTT"	113	99.91
"GAGCTCACGAACTTTCATTT"	113	99.92
"GAGCTCTTTATGCATCGTGA"	112	99.92
"GAGCTCTTAGGACGTTGCAG"	112	99.92
"GAGCTCTTACATTAACACGA"	112	99.92
"GAGCTCTGTTTTAGCGGTTG"	112	99.92
"GAGCTCGTTTAGATCCTCGT"	112	99.92
"GAGCTCCCAGTTGTATACTT"	112	99.93
"GAGCTCATTAGAAAGGTCTT"	112	99.93
"GAGCTCTAGGGTATACAAGG"	111	99.93
"GAGCTCTACTATCTTTTGGT"	111	99.93
"GAGCTCGAAGGAAATATAGT"	111	99.93
"GAGCTCCTTACGCTAGATAG"	111	99.93
"GAGCTCCATAATGATTCGCG"	111	99.94
"GAGCTCTTTAACCCATACAA"	110	99.94
"GAGCTCTCCGTACTTCGTAA"	110	99.94
"GAGCTCGCGCCGAATCATTC"	110	99.94
"GAGCTCCTCGTGTTACTAGG"	110	99.94
"GAGCTCCCTATGTTTGCTGA"	110	99.95
"GAGCTCCAAAAGCTGGTGGC"	110	99.95
"GAGCTCAGTTTATTGTCGTG"	110	99.95
"GAGCTCGTAAGTCCATTTTT"	109	99.95
"GAGCTCTACAATCATCGCAC"	108	99.95
"GAGCTCTTTGGTTTCAAAGT"	107	99.95
"GAGCTCATTTAGGTGGTTTT"	107	99.96
"GAGCTCTTTATAGTGCAATA"	106	99.96
"GAGCTCACTTTGTTTGATTC"	106	99.96
"GAGCTCTTCTACGAGTGACT"	105	99.96
"GAGCTCTGGTTTACGATTCT"	105	99.96
"GAGCTCTGACTGGAGAAAGG"	105	99.96
"GAGCTCTCATTTAGTCGCTC"	105	99.97
"GAGCTCGACTTTTTTGTTGT"	105	99.97
"GAGCTCATCATGTTTTGAGT"	104	99.97
"GAGCTCATCAGTTTTTTTTT"	104	99.97
"GAGCTCTCATGCCGTTTTTA"	103	99.97
"GAGCTCCACACGTTTTTACT"	103	99.97
"GAGCTCAATTTAACATCTGT"	103	99.97
"GAGCTCGTTTTATTATTTTA"	102	99.98
"GAGCTCACTTTTCCGTAGAG"	102	99.98
"GAGCTCTTAGTCCCAGTACT"	101	99.98
"GAGCTCTCCACCTTCTCTAA"	101	99.98
"GAGCTCGGTAAGCTTTATTT"	101	99.98
"GAGCTCGGATGTGGGACGCA"	101	99.98
"GAGCTCCTGGCGTCTTTTCA"	101	99.99
"GAGCTCCAATTCCGAAGTTG"	101	99.99
"GAGCTCAGTCGAATTTCTTA"	101	99.99
"GAGCTCTTGGAAGAGAGATC"	100	99.99
"GAGCTCTTGCTCTGGAGGAT"	100	99.99
"GAGCTCTTCTTGAGTCCGTC"	100	99.99
"GAGCTCTCTAGGCCCTGGCC"	100	100.00
"GAGCTCTATTTTATCTATCA"	100	100.00
"GAGCTCGATATTTACGGGAT"	100	100.00
"GAGCTCGATAGTTAATTAAA"	100	100.00
