AG-8963_21_S21_L001_R1_001-Barcode	AG-8963_21_S21_L001_R1_001-Count	AG-8963_21_S21_L001_R1_001-SaturationPerc
"GAGCTCGTACCTGTTCGTCT"	1405293	37.95
"GAGCTCGCATGTACTTGCAG"	818143	60.05
"GAGCTCACTCGTTGGTATAC"	816316	82.09
"GAGCTCTTCCGAACGGCATA"	150795	86.17
"GAGCTCCACATAGGGTAATC"	148970	90.19
"GAGCTCTGCGGCGCCGCATA"	115458	93.31
"GAGCTCCCTCATTGAAAATC"	55686	94.81
"GAGCTCGATGTCCCTCAGAA"	46285	96.06
"GAGCTCAAGCACAAACCGTA"	25634	96.75
"GAGCTCGGCGCGTGGTGCAA"	20993	97.32
"GAGCTCCCAAATCAGGTGTA"	18901	97.83
"GAGCTCAAATCGTTTTTGTC"	16735	98.28
"GAGCTCCCAAGGCGGTTGTT"	15471	98.70
"GAGCTCATCTACTGTTAGGT"	5869	98.86
"GAGCTCGATTAATTGGAAAC"	5734	99.01
"GAGCTCCGATAACCTTCCTA"	3928	99.12
"GAGCTCTTCACGGGTTTGTC"	3162	99.21
"GAGCTCATAACACAAGGTAG"	3100	99.29
"GAGCTCATCGAGAGTTGTTG"	2503	99.36
"GAGCTCTTATGATGGCACTA"	2134	99.41
"GAGCTCGAACCTTTTAGTCA"	1612	99.46
"GAGCTCGAAACTAATAGAAT"	1462	99.50
"GAGCTCATGATGCCGTGTTA"	1348	99.53
"GAGCTCGCAAGTACTTGAAC"	1204	99.57
"GAGCTCCTTTGAATGTAAAG"	1102	99.60
"GAGCTCGAAACTGTTCGACT"	1006	99.62
"GAGCTCGTACATGTTAGTAT"	992	99.65
"GAGCTCACTAGTAGGTAAAC"	787	99.67
"GAGCTCGTACCTCAACGTCT"	722	99.69
"GAGCTCAATCGTTGGAATAA"	721	99.71
"GAGCTCGCATGTAATAGAAG"	720	99.73
"GAGCTCTTTCAGTTCCGATC"	674	99.75
"GAGCTCCTTTATCAATAGTT"	672	99.77
"GAGCTCGTACCTTTTCGTAA"	558	99.78
"GAGCTCGCGATCTGTTAATG"	541	99.80
"GAGCTCAAACGTAGGTATAC"	452	99.81
"GAGCTCGTAACTGATCGTAT"	422	99.82
"GAGCTCGTAACAGTACGTCT"	400	99.83
"GAGCTCGTACATGTTCGACA"	347	99.84
"GAGCTCGAATGTACATGAAG"	340	99.85
"GAGCTCAAACCTTTTAATAA"	298	99.86
"GAGCTCGAAAGTACTAGAAG"	281	99.86
"GAGCTCGGGGGGGTTCGTCT"	253	99.87
"GAGCTCTCCAGCAGTGCTGC"	213	99.88
"GAGCTCACTCGTTTTTATAA"	213	99.88
"GAGCTCGAACCAGTTCGTCA"	209	99.89
"GAGCTCGTACCTGTTCGGGG"	202	99.89
"GAGCTCGCATGGAGAAAGGA"	202	99.90
"GAGCTCGTACCTGATAGTCA"	195	99.90
"GAGCTCGAAACTGTTAGTAT"	190	99.91
"GAGCTCGTGGTGGTTACCCC"	178	99.91
"GAGCTCAGTAGTGCGTCGCG"	176	99.92
"GAGCTCGTACATGATCGTAA"	171	99.92
"GAGCTCGTACCAGATCGACT"	169	99.93
"GAGCTCACTCGTTGGGGGGG"	168	99.93
"GAGCTCGAACCTGTTCGTAG"	157	99.94
"GAGCTCCACAAAGGGAAATA"	156	99.94
"GAGCTCAAAACACAATGAAG"	156	99.95
"GAGCTCTCATGAACATGCAG"	150	99.95
"GAGCTCATAACACAACGTCT"	147	99.95
"GAGCTCGTACCTGTACGAAT"	141	99.96
"GAGCTCGTAACTGGTAGTCT"	141	99.96
"GAGCTCGCAAGAACTAGCAG"	141	99.97
"GAGCTCGAATCTAATTGAAG"	140	99.97
"GAGCTCACACGATGGTAAAC"	136	99.97
"GAGCTCGTACCAGAACGTAT"	134	99.98
"GAGCTCACTCGAAGGAATAC"	125	99.98
"GAGCTCGGGGGTACTTGCAG"	120	99.98
"GAGCTCACAAGTTGTTAAAC"	112	99.99
"GAGCTCTACAGAACGTCATA"	111	99.99
"GAGCTCTGCGGAGCAGCAAA"	108	99.99
"GAGCTCTTCCGAAATGCAAA"	105	99.99
"GAGCTCGAATACACTGTATC"	101	100.00
"GAGCTCACACGTTGTAATAA"	101	100.00
