AG-8963_27_S27_L001_R1_001-Barcode	AG-8963_27_S27_L001_R1_001-Count	AG-8963_27_S27_L001_R1_001-SaturationPerc
"GAGCTCACTCGTTGGTATAC"	1088899	35.29
"GAGCTCGCATGTACTTGCAG"	669532	56.99
"GAGCTCGTACCTGTTCGTCT"	311923	67.10
"GAGCTCCACATAGGGTAATC"	173246	72.71
"GAGCTCAAGCACAAACCGTA"	124073	76.73
"GAGCTCTGCGGCGCCGCATA"	84362	79.47
"GAGCTCTTCCGAACGGCATA"	46025	80.96
"GAGCTCCCAAATCAGGTGTA"	43035	82.35
"GAGCTCCCTCATTGAAAATC"	40650	83.67
"GAGCTCGATGTCCCTCAGAA"	34378	84.78
"GAGCTCATCTACTGTTAGGT"	32635	85.84
"GAGCTCGTTGCAGCACGGAG"	32357	86.89
"GAGCTCAGTGTTCGTGCTTA"	30288	87.87
"GAGCTCGCAACAAGCGGACA"	20286	88.53
"GAGCTCGGTTCTTCACCTGA"	19136	89.15
"GAGCTCAACTGTAAGATAGT"	15193	89.64
"GAGCTCCGCGCAATGTGGGA"	13633	90.08
"GAGCTCACTGTGTCTGAAAG"	10052	90.41
"GAGCTCGTGTACTAGTGCTA"	9771	90.73
"GAGCTCGGCGGGTTAAAGTA"	9158	91.02
"GAGCTCAGGGTGGCTTAGGC"	8622	91.30
"GAGCTCCCAAGGCGGTTGTT"	8438	91.58
"GAGCTCGGCGGCCTTTGGGC"	8421	91.85
"GAGCTCGGCTGATAAGAAGC"	8380	92.12
"GAGCTCAAATCGTTTTTGTC"	8323	92.39
"GAGCTCAACGGATTGAGTCT"	7831	92.64
"GAGCTCTGAAGGAACACTGG"	7051	92.87
"GAGCTCAGGCATATTTGGTG"	6878	93.10
"GAGCTCTGATACTAATGTGA"	6695	93.31
"GAGCTCACTCGTCGCGATGT"	6586	93.53
"GAGCTCAGTAGCTAGCCTGT"	6480	93.74
"GAGCTCTGGCGACCGTCACG"	6262	93.94
"GAGCTCGGGATAGTTTATTG"	6207	94.14
"GAGCTCAGCATATCGCTTTG"	6108	94.34
"GAGCTCCGGGGATGTCCGTA"	5936	94.53
"GAGCTCGTGCATCTTGGGTT"	5779	94.72
"GAGCTCGTCTGTGCTTATCA"	5712	94.90
"GAGCTCCTGGTACATCAAAA"	5604	95.08
"GAGCTCAGGGTAAGAAACAG"	5475	95.26
"GAGCTCGCAATCTGGTTTAT"	5460	95.44
"GAGCTCAGGGACTCAACAGG"	5384	95.61
"GAGCTCCTCCGGGTACGACT"	5150	95.78
"GAGCTCACAATCCATATGCT"	4832	95.94
"GAGCTCTACTGGCACGATGG"	4813	96.09
"GAGCTCGTTGGTATATGCTC"	4725	96.25
"GAGCTCGTCTAAGCTGGGGT"	4725	96.40
"GAGCTCCTTAACTAGTTTTG"	4682	96.55
"GAGCTCGGTAACCTATAGGA"	4517	96.70
"GAGCTCCGGTGATTGCACTA"	4207	96.83
"GAGCTCGGTGTTCCTTAATA"	3956	96.96
"GAGCTCGGGATTTTAAGCAA"	3766	97.08
"GAGCTCGTAAACTGAATTAT"	3710	97.20
"GAGCTCTCCTGTGTTTCCTC"	3687	97.32
"GAGCTCCAAGGGACATGTAC"	3462	97.44
"GAGCTCATGGTTATCTTACT"	3302	97.54
"GAGCTCATGTCATATGTAAA"	3260	97.65
"GAGCTCTCGTATACTGAGCA"	3222	97.75
"GAGCTCTAAGGCACCAGTAC"	3028	97.85
"GAGCTCCTTTGAATGTAAAG"	2920	97.95
"GAGCTCAAGATTAAATGGTG"	2911	98.04
"GAGCTCGGATCTCTTTTGAA"	2902	98.13
"GAGCTCTTATGATGGCACTA"	2822	98.23
"GAGCTCCCTCGGGGTTTCGG"	2803	98.32
"GAGCTCGTTAGGTTTGCTTT"	2799	98.41
"GAGCTCATAACACAAGGTAG"	2465	98.49
"GAGCTCATCGAGAGTTGTTG"	2198	98.56
"GAGCTCCGTATGTTTATACA"	2101	98.63
"GAGCTCACGCAGCTTTTACA"	1886	98.69
"GAGCTCATTTCTGCATTACT"	1822	98.75
"GAGCTCCATCAGTTTGGAGC"	1728	98.80
"GAGCTCCCAGTTTGCTCTAT"	1704	98.86
"GAGCTCTCCATCTACGAAGG"	1659	98.91
"GAGCTCTATCGTCAACTTGT"	1637	98.96
"GAGCTCTATTGGCTGAAATT"	1591	99.02
"GAGCTCCTAGTAACGAATCA"	1514	99.06
"GAGCTCTTGAGGGAATACCT"	1471	99.11
"GAGCTCTTGAGACTAACATA"	1443	99.16
"GAGCTCTAAAACGATTGTAT"	1351	99.20
"GAGCTCCCCTATTTTTCCTG"	1237	99.24
"GAGCTCTAAAAGTGGTAATT"	1189	99.28
"GAGCTCATGATGCCGTGTTA"	1117	99.32
"GAGCTCTTTGTCGTATGCTC"	1029	99.35
"GAGCTCGCAAGTACTTGAAC"	1019	99.38
"GAGCTCACTAGTAGGTAAAC"	1019	99.42
"GAGCTCTCGCTCATCTTTAG"	951	99.45
"GAGCTCATTTTCTGGTTATT"	946	99.48
"GAGCTCTTACAGTATTTGAC"	934	99.51
"GAGCTCTTAGATCCCCAACA"	927	99.54
"GAGCTCTCTCTGTTATACTC"	903	99.57
"GAGCTCTCTTACTGTTATAT"	807	99.59
"GAGCTCACTCGTTGTAATAA"	790	99.62
"GAGCTCTCAATTTTGCGGCG"	759	99.64
"GAGCTCGAAACTAATAGAAT"	665	99.67
"GAGCTCCTTCGAATGTTGTG"	653	99.69
"GAGCTCGCATGTAATAGAAG"	575	99.71
"GAGCTCTCTCAAACGCGAAA"	551	99.72
"GAGCTCAATCGAAGGTATAC"	507	99.74
"GAGCTCGAACCTTTTAATAA"	497	99.76
"GAGCTCCTTTTATGCTGGGT"	478	99.77
"GAGCTCTTTACTCATCTGGA"	473	99.79
"GAGCTCGCGATCTGTTAATG"	452	99.80
"GAGCTCTTTTAGCGTAACGG"	402	99.82
"GAGCTCTCTTTCATGGTACT"	336	99.83
"GAGCTCATATTTTTTCCTAA"	298	99.84
"GAGCTCTCTTTTCTTCCAAG"	277	99.84
"GAGCTCGAAACTGTTCGACT"	263	99.85
"GAGCTCGTACCTTTTAGTCA"	261	99.86
"GAGCTCAATCGTTTGTATAA"	242	99.87
"GAGCTCGAATGTACATGAAG"	224	99.88
"GAGCTCAAGCAAAAACCTAA"	223	99.88
"GAGCTCAGTGTTCATACTTC"	218	99.89
"GAGCTCACTCGTTGGGGGGG"	206	99.90
"GAGCTCAAACGTTGTTATAC"	205	99.90
"GAGCTCGAAAGTACTAGAAG"	193	99.91
"GAGCTCAAACGTTGGAATAA"	181	99.92
"GAGCTCACACGATGGTAAAC"	179	99.92
"GAGCTCGTACCAGAACGTCT"	172	99.93
"GAGCTCCACAAAGGGAAATA"	165	99.93
"GAGCTCTCCAGCAGTGCTGC"	164	99.94
"GAGCTCGTACATGTTAGTAT"	157	99.94
"GAGCTCAAAACAAAATGAAG"	153	99.95
"GAGCTCGGGGGGTGGTATAC"	147	99.95
"GAGCTCAGTAGTGCGTCGCG"	147	99.96
"GAGCTCGTGGTGGTTACCCC"	144	99.96
"GAGCTCGAACCTGTTCGTAA"	131	99.97
"GAGCTCTCATGAACATGCAG"	128	99.97
"GAGCTCGCATGGAGAAAGGA"	126	99.98
"GAGCTCACTCTTTGTTAAAC"	119	99.98
"GAGCTCACAAGTAGTTATAC"	116	99.98
"GAGCTCAATATTAGGTATAC"	112	99.99
"GAGCTCGTAACTGATCGTAT"	108	99.99
"GAGCTCAAAACAAAATATAC"	108	99.99
"GAGCTCACTAGTTCTTAAAC"	105	100.00
"GAGCTCGCAAGAACTAGCAG"	100	100.00
